PROVIDER;DESCRIPTION;ACCOUNTID;REGION;ASSESSMENTDATE;REQUIREMENTS_ID;REQUIREMENTS_NAME;REQUIREMENTS_DESCRIPTION;REQUIREMENTS_ATTRIBUTES_CATEGORY;REQUIREMENTS_ATTRIBUTES_OBJETIVE_ID;REQUIREMENTS_ATTRIBUTES_OBJETIVE_NAME;REQUIREMENTS_ATTRIBUTES_CHECK_SUMMARY;STATUS;STATUSEXTENDED;RESOURCEID;CHECKID;MUTED;RESOURCENAME;FRAMEWORK;NAME
aws;ISO (the International Organization for Standardization) and IEC (the International Electrotechnical Commission) form the specialized system for worldwide standardization. National bodies that are members of ISO or IEC participate in the development of International Standards through technical committees established by the respective organization to deal with particular fields of technical activity. ISO and IEC technical committees collaborate in fields of mutual interest. Other international organizations, governmental and non-governmental, in liaison with ISO and IEC, also take part in the work.;735291151388;ap-south-1;2026-07-13 17:35:21.078358;A.8.3;Information Access Restriction;Access to information and other associated assets should be restricted in accordance with the established topic-specific policy on access control.;A.8 Technological controls;A.8.3;Information Access Restriction;Access to information and other associated assets should be restricted in accordance with the established topic-specific policy on access control.;FAIL;IAM Access Analyzer in account 735291151388 is not enabled.;arn:aws:accessanalyzer:ap-south-1:735291151388:analyzer/unknown;accessanalyzer_enabled;False;analyzer/unknown;ISO27001;ISO/IEC 27001 Information Security Management Standard 2022
aws;ISO (the International Organization for Standardization) and IEC (the International Electrotechnical Commission) form the specialized system for worldwide standardization. National bodies that are members of ISO or IEC participate in the development of International Standards through technical committees established by the respective organization to deal with particular fields of technical activity. ISO and IEC technical committees collaborate in fields of mutual interest. Other international organizations, governmental and non-governmental, in liaison with ISO and IEC, also take part in the work.;735291151388;ap-south-1;2026-07-13 17:35:21.078358;A.5.5;Contact With Authorities;The organisation should establish and maintain contact with relevant authorities.;A.5 Organizational controls;A.5.5;Contact With Authorities;The organisation should establish and maintain contact with relevant authorities.;MANUAL;Login to the AWS Console. Choose your account name on the top right of the window -> My Account -> Contact Information.;arn:aws:iam::735291151388:root;account_maintain_current_contact_details;False;735291151388;ISO27001;ISO/IEC 27001 Information Security Management Standard 2022
aws;ISO (the International Organization for Standardization) and IEC (the International Electrotechnical Commission) form the specialized system for worldwide standardization. National bodies that are members of ISO or IEC participate in the development of International Standards through technical committees established by the respective organization to deal with particular fields of technical activity. ISO and IEC technical committees collaborate in fields of mutual interest. Other international organizations, governmental and non-governmental, in liaison with ISO and IEC, also take part in the work.;735291151388;ap-south-1;2026-07-13 17:35:21.078358;A.5.6;Contact With Special Interest Groups;The organisation should establish and maintain contact with special interest groups or other specialist security forums and professional associations.;A.5 Organizational controls;A.5.6;Contact With Special Interest Groups;The organisation should establish and maintain contact with special interest groups or other specialist security forums and professional associations.;FAIL;SECURITY, BILLING and OPERATIONS contacts not found or they are not different between each other and between ROOT contact.;arn:aws:iam::735291151388:root;account_maintain_different_contact_details_to_security_billing_and_operations;False;735291151388;ISO27001;ISO/IEC 27001 Information Security Management Standard 2022
aws;ISO (the International Organization for Standardization) and IEC (the International Electrotechnical Commission) form the specialized system for worldwide standardization. National bodies that are members of ISO or IEC participate in the development of International Standards through technical committees established by the respective organization to deal with particular fields of technical activity. ISO and IEC technical committees collaborate in fields of mutual interest. Other international organizations, governmental and non-governmental, in liaison with ISO and IEC, also take part in the work.;735291151388;ap-south-1;2026-07-13 17:35:21.078358;A.5.5;Contact With Authorities;The organisation should establish and maintain contact with relevant authorities.;A.5 Organizational controls;A.5.5;Contact With Authorities;The organisation should establish and maintain contact with relevant authorities.;MANUAL;Login to the AWS Console. Choose your account name on the top right of the window -> My Account -> Alternate Contacts -> Security Section.;arn:aws:iam::735291151388:root;account_security_contact_information_is_registered;False;735291151388;ISO27001;ISO/IEC 27001 Information Security Management Standard 2022
aws;ISO (the International Organization for Standardization) and IEC (the International Electrotechnical Commission) form the specialized system for worldwide standardization. National bodies that are members of ISO or IEC participate in the development of International Standards through technical committees established by the respective organization to deal with particular fields of technical activity. ISO and IEC technical committees collaborate in fields of mutual interest. Other international organizations, governmental and non-governmental, in liaison with ISO and IEC, also take part in the work.;735291151388;ap-south-1;2026-07-13 17:35:21.078358;A.8.20;Network Security;Networks and network devices should be secured, managed and controlled to protect information in systems and applications.;A.8 Technological controls;A.8.20;Network Security;Networks and network devices should be secured, managed and controlled to protect information in systems and applications.;FAIL;Lambda function cloudguardian-remediate-s3-public-access is not inside a VPC;arn:aws:lambda:ap-south-1:735291151388:function:cloudguardian-remediate-s3-public-access;awslambda_function_inside_vpc;False;cloudguardian-remediate-s3-public-access;ISO27001;ISO/IEC 27001 Information Security Management Standard 2022
aws;ISO (the International Organization for Standardization) and IEC (the International Electrotechnical Commission) form the specialized system for worldwide standardization. National bodies that are members of ISO or IEC participate in the development of International Standards through technical committees established by the respective organization to deal with particular fields of technical activity. ISO and IEC technical committees collaborate in fields of mutual interest. Other international organizations, governmental and non-governmental, in liaison with ISO and IEC, also take part in the work.;735291151388;ap-south-1;2026-07-13 17:35:21.078358;A.8.21;Security of Network Services;Security mechanisms, service levels and service requirements of network services should be identified, implemented and monitored.;A.8 Technological controls;A.8.21;Security of Network Services;Security mechanisms, service levels and service requirements of network services should be identified, implemented and monitored.;FAIL;Lambda function cloudguardian-remediate-s3-public-access is not inside a VPC;arn:aws:lambda:ap-south-1:735291151388:function:cloudguardian-remediate-s3-public-access;awslambda_function_inside_vpc;False;cloudguardian-remediate-s3-public-access;ISO27001;ISO/IEC 27001 Information Security Management Standard 2022
aws;ISO (the International Organization for Standardization) and IEC (the International Electrotechnical Commission) form the specialized system for worldwide standardization. National bodies that are members of ISO or IEC participate in the development of International Standards through technical committees established by the respective organization to deal with particular fields of technical activity. ISO and IEC technical committees collaborate in fields of mutual interest. Other international organizations, governmental and non-governmental, in liaison with ISO and IEC, also take part in the work.;735291151388;ap-south-1;2026-07-13 17:35:21.078358;A.8.22;Segregation of Networks;Security mechanisms, service levels and service requirements of network services should be identified, implemented and monitored.;A.8 Technological controls;A.8.22;Segregation of Networks;Security mechanisms, service levels and service requirements of network services should be identified, implemented and monitored.;FAIL;Lambda function cloudguardian-remediate-s3-public-access is not inside a VPC;arn:aws:lambda:ap-south-1:735291151388:function:cloudguardian-remediate-s3-public-access;awslambda_function_inside_vpc;False;cloudguardian-remediate-s3-public-access;ISO27001;ISO/IEC 27001 Information Security Management Standard 2022
aws;ISO (the International Organization for Standardization) and IEC (the International Electrotechnical Commission) form the specialized system for worldwide standardization. National bodies that are members of ISO or IEC participate in the development of International Standards through technical committees established by the respective organization to deal with particular fields of technical activity. ISO and IEC technical committees collaborate in fields of mutual interest. Other international organizations, governmental and non-governmental, in liaison with ISO and IEC, also take part in the work.;735291151388;ap-south-1;2026-07-13 17:35:21.078358;A.8.20;Network Security;Networks and network devices should be secured, managed and controlled to protect information in systems and applications.;A.8 Technological controls;A.8.20;Network Security;Networks and network devices should be secured, managed and controlled to protect information in systems and applications.;FAIL;Lambda function cloudguardian-remediate-encryption is not inside a VPC;arn:aws:lambda:ap-south-1:735291151388:function:cloudguardian-remediate-encryption;awslambda_function_inside_vpc;False;cloudguardian-remediate-encryption;ISO27001;ISO/IEC 27001 Information Security Management Standard 2022
aws;ISO (the International Organization for Standardization) and IEC (the International Electrotechnical Commission) form the specialized system for worldwide standardization. National bodies that are members of ISO or IEC participate in the development of International Standards through technical committees established by the respective organization to deal with particular fields of technical activity. ISO and IEC technical committees collaborate in fields of mutual interest. Other international organizations, governmental and non-governmental, in liaison with ISO and IEC, also take part in the work.;735291151388;ap-south-1;2026-07-13 17:35:21.078358;A.8.21;Security of Network Services;Security mechanisms, service levels and service requirements of network services should be identified, implemented and monitored.;A.8 Technological controls;A.8.21;Security of Network Services;Security mechanisms, service levels and service requirements of network services should be identified, implemented and monitored.;FAIL;Lambda function cloudguardian-remediate-encryption is not inside a VPC;arn:aws:lambda:ap-south-1:735291151388:function:cloudguardian-remediate-encryption;awslambda_function_inside_vpc;False;cloudguardian-remediate-encryption;ISO27001;ISO/IEC 27001 Information Security Management Standard 2022
aws;ISO (the International Organization for Standardization) and IEC (the International Electrotechnical Commission) form the specialized system for worldwide standardization. National bodies that are members of ISO or IEC participate in the development of International Standards through technical committees established by the respective organization to deal with particular fields of technical activity. ISO and IEC technical committees collaborate in fields of mutual interest. Other international organizations, governmental and non-governmental, in liaison with ISO and IEC, also take part in the work.;735291151388;ap-south-1;2026-07-13 17:35:21.078358;A.8.22;Segregation of Networks;Security mechanisms, service levels and service requirements of network services should be identified, implemented and monitored.;A.8 Technological controls;A.8.22;Segregation of Networks;Security mechanisms, service levels and service requirements of network services should be identified, implemented and monitored.;FAIL;Lambda function cloudguardian-remediate-encryption is not inside a VPC;arn:aws:lambda:ap-south-1:735291151388:function:cloudguardian-remediate-encryption;awslambda_function_inside_vpc;False;cloudguardian-remediate-encryption;ISO27001;ISO/IEC 27001 Information Security Management Standard 2022
aws;ISO (the International Organization for Standardization) and IEC (the International Electrotechnical Commission) form the specialized system for worldwide standardization. National bodies that are members of ISO or IEC participate in the development of International Standards through technical committees established by the respective organization to deal with particular fields of technical activity. ISO and IEC technical committees collaborate in fields of mutual interest. Other international organizations, governmental and non-governmental, in liaison with ISO and IEC, also take part in the work.;735291151388;ap-south-1;2026-07-13 17:35:21.078358;A.8.20;Network Security;Networks and network devices should be secured, managed and controlled to protect information in systems and applications.;A.8 Technological controls;A.8.20;Network Security;Networks and network devices should be secured, managed and controlled to protect information in systems and applications.;FAIL;Lambda function cloudguardian-remediate-iam-key is not inside a VPC;arn:aws:lambda:ap-south-1:735291151388:function:cloudguardian-remediate-iam-key;awslambda_function_inside_vpc;False;cloudguardian-remediate-iam-key;ISO27001;ISO/IEC 27001 Information Security Management Standard 2022
aws;ISO (the International Organization for Standardization) and IEC (the International Electrotechnical Commission) form the specialized system for worldwide standardization. National bodies that are members of ISO or IEC participate in the development of International Standards through technical committees established by the respective organization to deal with particular fields of technical activity. ISO and IEC technical committees collaborate in fields of mutual interest. Other international organizations, governmental and non-governmental, in liaison with ISO and IEC, also take part in the work.;735291151388;ap-south-1;2026-07-13 17:35:21.078358;A.8.21;Security of Network Services;Security mechanisms, service levels and service requirements of network services should be identified, implemented and monitored.;A.8 Technological controls;A.8.21;Security of Network Services;Security mechanisms, service levels and service requirements of network services should be identified, implemented and monitored.;FAIL;Lambda function cloudguardian-remediate-iam-key is not inside a VPC;arn:aws:lambda:ap-south-1:735291151388:function:cloudguardian-remediate-iam-key;awslambda_function_inside_vpc;False;cloudguardian-remediate-iam-key;ISO27001;ISO/IEC 27001 Information Security Management Standard 2022
aws;ISO (the International Organization for Standardization) and IEC (the International Electrotechnical Commission) form the specialized system for worldwide standardization. National bodies that are members of ISO or IEC participate in the development of International Standards through technical committees established by the respective organization to deal with particular fields of technical activity. ISO and IEC technical committees collaborate in fields of mutual interest. Other international organizations, governmental and non-governmental, in liaison with ISO and IEC, also take part in the work.;735291151388;ap-south-1;2026-07-13 17:35:21.078358;A.8.22;Segregation of Networks;Security mechanisms, service levels and service requirements of network services should be identified, implemented and monitored.;A.8 Technological controls;A.8.22;Segregation of Networks;Security mechanisms, service levels and service requirements of network services should be identified, implemented and monitored.;FAIL;Lambda function cloudguardian-remediate-iam-key is not inside a VPC;arn:aws:lambda:ap-south-1:735291151388:function:cloudguardian-remediate-iam-key;awslambda_function_inside_vpc;False;cloudguardian-remediate-iam-key;ISO27001;ISO/IEC 27001 Information Security Management Standard 2022
aws;ISO (the International Organization for Standardization) and IEC (the International Electrotechnical Commission) form the specialized system for worldwide standardization. National bodies that are members of ISO or IEC participate in the development of International Standards through technical committees established by the respective organization to deal with particular fields of technical activity. ISO and IEC technical committees collaborate in fields of mutual interest. Other international organizations, governmental and non-governmental, in liaison with ISO and IEC, also take part in the work.;735291151388;ap-south-1;2026-07-13 17:35:21.078358;A.8.15;Logging;Logs that record activities, exceptions, faults and other relevant events should be produced, stored, protected and analysed.;A.8 Technological controls;A.8.15;Logging;Logs that record activities, exceptions, faults and other relevant events should be produced, stored, protected and analysed.;FAIL;Lambda function cloudguardian-remediate-s3-public-access is not recorded by CloudTrail.;arn:aws:lambda:ap-south-1:735291151388:function:cloudguardian-remediate-s3-public-access;awslambda_function_invoke_api_operations_cloudtrail_logging_enabled;False;cloudguardian-remediate-s3-public-access;ISO27001;ISO/IEC 27001 Information Security Management Standard 2022
aws;ISO (the International Organization for Standardization) and IEC (the International Electrotechnical Commission) form the specialized system for worldwide standardization. National bodies that are members of ISO or IEC participate in the development of International Standards through technical committees established by the respective organization to deal with particular fields of technical activity. ISO and IEC technical committees collaborate in fields of mutual interest. Other international organizations, governmental and non-governmental, in liaison with ISO and IEC, also take part in the work.;735291151388;ap-south-1;2026-07-13 17:35:21.078358;A.8.15;Logging;Logs that record activities, exceptions, faults and other relevant events should be produced, stored, protected and analysed.;A.8 Technological controls;A.8.15;Logging;Logs that record activities, exceptions, faults and other relevant events should be produced, stored, protected and analysed.;FAIL;Lambda function cloudguardian-remediate-encryption is not recorded by CloudTrail.;arn:aws:lambda:ap-south-1:735291151388:function:cloudguardian-remediate-encryption;awslambda_function_invoke_api_operations_cloudtrail_logging_enabled;False;cloudguardian-remediate-encryption;ISO27001;ISO/IEC 27001 Information Security Management Standard 2022
aws;ISO (the International Organization for Standardization) and IEC (the International Electrotechnical Commission) form the specialized system for worldwide standardization. National bodies that are members of ISO or IEC participate in the development of International Standards through technical committees established by the respective organization to deal with particular fields of technical activity. ISO and IEC technical committees collaborate in fields of mutual interest. Other international organizations, governmental and non-governmental, in liaison with ISO and IEC, also take part in the work.;735291151388;ap-south-1;2026-07-13 17:35:21.078358;A.8.15;Logging;Logs that record activities, exceptions, faults and other relevant events should be produced, stored, protected and analysed.;A.8 Technological controls;A.8.15;Logging;Logs that record activities, exceptions, faults and other relevant events should be produced, stored, protected and analysed.;FAIL;Lambda function cloudguardian-remediate-iam-key is not recorded by CloudTrail.;arn:aws:lambda:ap-south-1:735291151388:function:cloudguardian-remediate-iam-key;awslambda_function_invoke_api_operations_cloudtrail_logging_enabled;False;cloudguardian-remediate-iam-key;ISO27001;ISO/IEC 27001 Information Security Management Standard 2022
aws;ISO (the International Organization for Standardization) and IEC (the International Electrotechnical Commission) form the specialized system for worldwide standardization. National bodies that are members of ISO or IEC participate in the development of International Standards through technical committees established by the respective organization to deal with particular fields of technical activity. ISO and IEC technical committees collaborate in fields of mutual interest. Other international organizations, governmental and non-governmental, in liaison with ISO and IEC, also take part in the work.;735291151388;ap-south-1;2026-07-13 17:35:21.078358;A.8.1;User Endpoint Devices;Information stored on, processed by or accessible via user endpoint devices should be protected.;A.8 Technological controls;A.8.1;User Endpoint Devices;Information stored on, processed by or accessible via user endpoint devices should be protected.;PASS;Lambda function cloudguardian-remediate-s3-public-access has a resource-based policy without public access.;arn:aws:lambda:ap-south-1:735291151388:function:cloudguardian-remediate-s3-public-access;awslambda_function_not_publicly_accessible;False;cloudguardian-remediate-s3-public-access;ISO27001;ISO/IEC 27001 Information Security Management Standard 2022
aws;ISO (the International Organization for Standardization) and IEC (the International Electrotechnical Commission) form the specialized system for worldwide standardization. National bodies that are members of ISO or IEC participate in the development of International Standards through technical committees established by the respective organization to deal with particular fields of technical activity. ISO and IEC technical committees collaborate in fields of mutual interest. Other international organizations, governmental and non-governmental, in liaison with ISO and IEC, also take part in the work.;735291151388;ap-south-1;2026-07-13 17:35:21.078358;A.8.1;User Endpoint Devices;Information stored on, processed by or accessible via user endpoint devices should be protected.;A.8 Technological controls;A.8.1;User Endpoint Devices;Information stored on, processed by or accessible via user endpoint devices should be protected.;PASS;Lambda function cloudguardian-remediate-encryption has a resource-based policy without public access.;arn:aws:lambda:ap-south-1:735291151388:function:cloudguardian-remediate-encryption;awslambda_function_not_publicly_accessible;False;cloudguardian-remediate-encryption;ISO27001;ISO/IEC 27001 Information Security Management Standard 2022
aws;ISO (the International Organization for Standardization) and IEC (the International Electrotechnical Commission) form the specialized system for worldwide standardization. National bodies that are members of ISO or IEC participate in the development of International Standards through technical committees established by the respective organization to deal with particular fields of technical activity. ISO and IEC technical committees collaborate in fields of mutual interest. Other international organizations, governmental and non-governmental, in liaison with ISO and IEC, also take part in the work.;735291151388;ap-south-1;2026-07-13 17:35:21.078358;A.8.1;User Endpoint Devices;Information stored on, processed by or accessible via user endpoint devices should be protected.;A.8 Technological controls;A.8.1;User Endpoint Devices;Information stored on, processed by or accessible via user endpoint devices should be protected.;PASS;Lambda function cloudguardian-remediate-iam-key has a resource-based policy without public access.;arn:aws:lambda:ap-south-1:735291151388:function:cloudguardian-remediate-iam-key;awslambda_function_not_publicly_accessible;False;cloudguardian-remediate-iam-key;ISO27001;ISO/IEC 27001 Information Security Management Standard 2022
aws;ISO (the International Organization for Standardization) and IEC (the International Electrotechnical Commission) form the specialized system for worldwide standardization. National bodies that are members of ISO or IEC participate in the development of International Standards through technical committees established by the respective organization to deal with particular fields of technical activity. ISO and IEC technical committees collaborate in fields of mutual interest. Other international organizations, governmental and non-governmental, in liaison with ISO and IEC, also take part in the work.;735291151388;ap-south-1;2026-07-13 17:35:21.078358;A.8.13;Information Backup;Backup copies of information, software and systems should be maintained and regularly tested in accordance with the agreed topic-specific policy on backup.;A.8 Technological controls;A.8.13;Information Backup;Backup copies of information, software and systems should be maintained and regularly tested in accordance with the agreed topic-specific policy on backup.;FAIL;No Backup Vault exist.;arn:aws:backup:ap-south-1:735291151388:backup-vault;backup_vaults_exist;False;735291151388;ISO27001;ISO/IEC 27001 Information Security Management Standard 2022
aws;ISO (the International Organization for Standardization) and IEC (the International Electrotechnical Commission) form the specialized system for worldwide standardization. National bodies that are members of ISO or IEC participate in the development of International Standards through technical committees established by the respective organization to deal with particular fields of technical activity. ISO and IEC technical committees collaborate in fields of mutual interest. Other international organizations, governmental and non-governmental, in liaison with ISO and IEC, also take part in the work.;735291151388;ap-south-1;2026-07-13 17:35:21.078358;A.8.15;Logging;Logs that record activities, exceptions, faults and other relevant events should be produced, stored, protected and analysed.;A.8 Technological controls;A.8.15;Logging;Logs that record activities, exceptions, faults and other relevant events should be produced, stored, protected and analysed.;FAIL;Bedrock Model Invocation Logging is disabled.;arn:aws:bedrock:ap-south-1:735291151388:model-invocation-logging;bedrock_model_invocation_logging_enabled;False;model-invocation-logging;ISO27001;ISO/IEC 27001 Information Security Management Standard 2022
aws;ISO (the International Organization for Standardization) and IEC (the International Electrotechnical Commission) form the specialized system for worldwide standardization. National bodies that are members of ISO or IEC participate in the development of International Standards through technical committees established by the respective organization to deal with particular fields of technical activity. ISO and IEC technical committees collaborate in fields of mutual interest. Other international organizations, governmental and non-governmental, in liaison with ISO and IEC, also take part in the work.;735291151388;ap-south-1;2026-07-13 17:35:21.078358;A.8.15;Logging;Logs that record activities, exceptions, faults and other relevant events should be produced, stored, protected and analysed.;A.8 Technological controls;A.8.15;Logging;Logs that record activities, exceptions, faults and other relevant events should be produced, stored, protected and analysed.;PASS;Trail cloudguardian-trail from home region ap-south-1 has management events enabled to log Amazon Bedrock control-plane API calls.;arn:aws:cloudtrail:ap-south-1:735291151388:trail/cloudguardian-trail;cloudtrail_bedrock_logging_enabled;False;cloudguardian-trail;ISO27001;ISO/IEC 27001 Information Security Management Standard 2022
aws;ISO (the International Organization for Standardization) and IEC (the International Electrotechnical Commission) form the specialized system for worldwide standardization. National bodies that are members of ISO or IEC participate in the development of International Standards through technical committees established by the respective organization to deal with particular fields of technical activity. ISO and IEC technical committees collaborate in fields of mutual interest. Other international organizations, governmental and non-governmental, in liaison with ISO and IEC, also take part in the work.;735291151388;ap-south-1;2026-07-13 17:35:21.078358;A.8.15;Logging;Logs that record activities, exceptions, faults and other relevant events should be produced, stored, protected and analysed.;A.8 Technological controls;A.8.15;Logging;Logs that record activities, exceptions, faults and other relevant events should be produced, stored, protected and analysed.;FAIL;Single region trail cloudguardian-trail has not been logging in the last 24h or is not configured to deliver logs.;arn:aws:cloudtrail:ap-south-1:735291151388:trail/cloudguardian-trail;cloudtrail_cloudwatch_logging_enabled;False;cloudguardian-trail;ISO27001;ISO/IEC 27001 Information Security Management Standard 2022
aws;ISO (the International Organization for Standardization) and IEC (the International Electrotechnical Commission) form the specialized system for worldwide standardization. National bodies that are members of ISO or IEC participate in the development of International Standards through technical committees established by the respective organization to deal with particular fields of technical activity. ISO and IEC technical committees collaborate in fields of mutual interest. Other international organizations, governmental and non-governmental, in liaison with ISO and IEC, also take part in the work.;735291151388;ap-south-1;2026-07-13 17:35:21.078358;A.8.16;Monitoring Activities;Networks, systems and applications should be monitored for anomalous behaviour and appropriate actions taken to evaluate potential information security incidents.;A.8 Technological controls;A.8.16;Monitoring Activities;Networks, systems and applications should be monitored for anomalous behaviour and appropriate actions taken to evaluate potential information security incidents.;FAIL;Single region trail cloudguardian-trail has not been logging in the last 24h or is not configured to deliver logs.;arn:aws:cloudtrail:ap-south-1:735291151388:trail/cloudguardian-trail;cloudtrail_cloudwatch_logging_enabled;False;cloudguardian-trail;ISO27001;ISO/IEC 27001 Information Security Management Standard 2022
aws;ISO (the International Organization for Standardization) and IEC (the International Electrotechnical Commission) form the specialized system for worldwide standardization. National bodies that are members of ISO or IEC participate in the development of International Standards through technical committees established by the respective organization to deal with particular fields of technical activity. ISO and IEC technical committees collaborate in fields of mutual interest. Other international organizations, governmental and non-governmental, in liaison with ISO and IEC, also take part in the work.;735291151388;ap-south-1;2026-07-13 17:35:21.078358;A.8.11;Data Masking;Data masking should be used in accordance with the organisation’s topic-specific policy on access control and other related topic-specific policies, and business requirements, taking applicable legislation into consideration.;A.8 Technological controls;A.8.11;Data Masking;Data masking should be used in accordance with the organisation’s topic-specific policy on access control and other related topic-specific policies, and business requirements, taking applicable legislation into consideration.;FAIL;Single region trail cloudguardian-trail has encryption disabled.;arn:aws:cloudtrail:ap-south-1:735291151388:trail/cloudguardian-trail;cloudtrail_kms_encryption_enabled;False;cloudguardian-trail;ISO27001;ISO/IEC 27001 Information Security Management Standard 2022
aws;ISO (the International Organization for Standardization) and IEC (the International Electrotechnical Commission) form the specialized system for worldwide standardization. National bodies that are members of ISO or IEC participate in the development of International Standards through technical committees established by the respective organization to deal with particular fields of technical activity. ISO and IEC technical committees collaborate in fields of mutual interest. Other international organizations, governmental and non-governmental, in liaison with ISO and IEC, also take part in the work.;735291151388;ap-south-1;2026-07-13 17:35:21.078358;A.8.15;Logging;Logs that record activities, exceptions, faults and other relevant events should be produced, stored, protected and analysed.;A.8 Technological controls;A.8.15;Logging;Logs that record activities, exceptions, faults and other relevant events should be produced, stored, protected and analysed.;FAIL;Single region trail cloudguardian-trail has encryption disabled.;arn:aws:cloudtrail:ap-south-1:735291151388:trail/cloudguardian-trail;cloudtrail_kms_encryption_enabled;False;cloudguardian-trail;ISO27001;ISO/IEC 27001 Information Security Management Standard 2022
aws;ISO (the International Organization for Standardization) and IEC (the International Electrotechnical Commission) form the specialized system for worldwide standardization. National bodies that are members of ISO or IEC participate in the development of International Standards through technical committees established by the respective organization to deal with particular fields of technical activity. ISO and IEC technical committees collaborate in fields of mutual interest. Other international organizations, governmental and non-governmental, in liaison with ISO and IEC, also take part in the work.;735291151388;ap-south-1;2026-07-13 17:35:21.078358;A.8.16;Monitoring Activities;Networks, systems and applications should be monitored for anomalous behaviour and appropriate actions taken to evaluate potential information security incidents.;A.8 Technological controls;A.8.16;Monitoring Activities;Networks, systems and applications should be monitored for anomalous behaviour and appropriate actions taken to evaluate potential information security incidents.;FAIL;Single region trail cloudguardian-trail has encryption disabled.;arn:aws:cloudtrail:ap-south-1:735291151388:trail/cloudguardian-trail;cloudtrail_kms_encryption_enabled;False;cloudguardian-trail;ISO27001;ISO/IEC 27001 Information Security Management Standard 2022
aws;ISO (the International Organization for Standardization) and IEC (the International Electrotechnical Commission) form the specialized system for worldwide standardization. National bodies that are members of ISO or IEC participate in the development of International Standards through technical committees established by the respective organization to deal with particular fields of technical activity. ISO and IEC technical committees collaborate in fields of mutual interest. Other international organizations, governmental and non-governmental, in liaison with ISO and IEC, also take part in the work.;735291151388;ap-south-1;2026-07-13 17:35:21.078358;A.8.24;Use of Cryptography;Rules for the effective use of cryptography, including cryptographic key management, should be defined and implemented.;A.8 Technological controls;A.8.24;Use of Cryptography;Rules for the effective use of cryptography, including cryptographic key management, should be defined and implemented.;FAIL;Single region trail cloudguardian-trail has encryption disabled.;arn:aws:cloudtrail:ap-south-1:735291151388:trail/cloudguardian-trail;cloudtrail_kms_encryption_enabled;False;cloudguardian-trail;ISO27001;ISO/IEC 27001 Information Security Management Standard 2022
aws;ISO (the International Organization for Standardization) and IEC (the International Electrotechnical Commission) form the specialized system for worldwide standardization. National bodies that are members of ISO or IEC participate in the development of International Standards through technical committees established by the respective organization to deal with particular fields of technical activity. ISO and IEC technical committees collaborate in fields of mutual interest. Other international organizations, governmental and non-governmental, in liaison with ISO and IEC, also take part in the work.;735291151388;ap-south-1;2026-07-13 17:35:21.078358;A.8.15;Logging;Logs that record activities, exceptions, faults and other relevant events should be produced, stored, protected and analysed.;A.8 Technological controls;A.8.15;Logging;Logs that record activities, exceptions, faults and other relevant events should be produced, stored, protected and analysed.;FAIL;Single region trail cloudguardian-trail has log file validation disabled.;arn:aws:cloudtrail:ap-south-1:735291151388:trail/cloudguardian-trail;cloudtrail_log_file_validation_enabled;False;cloudguardian-trail;ISO27001;ISO/IEC 27001 Information Security Management Standard 2022
aws;ISO (the International Organization for Standardization) and IEC (the International Electrotechnical Commission) form the specialized system for worldwide standardization. National bodies that are members of ISO or IEC participate in the development of International Standards through technical committees established by the respective organization to deal with particular fields of technical activity. ISO and IEC technical committees collaborate in fields of mutual interest. Other international organizations, governmental and non-governmental, in liaison with ISO and IEC, also take part in the work.;735291151388;ap-south-1;2026-07-13 17:35:21.078358;A.8.16;Monitoring Activities;Networks, systems and applications should be monitored for anomalous behaviour and appropriate actions taken to evaluate potential information security incidents.;A.8 Technological controls;A.8.16;Monitoring Activities;Networks, systems and applications should be monitored for anomalous behaviour and appropriate actions taken to evaluate potential information security incidents.;FAIL;Single region trail cloudguardian-trail has log file validation disabled.;arn:aws:cloudtrail:ap-south-1:735291151388:trail/cloudguardian-trail;cloudtrail_log_file_validation_enabled;False;cloudguardian-trail;ISO27001;ISO/IEC 27001 Information Security Management Standard 2022
aws;ISO (the International Organization for Standardization) and IEC (the International Electrotechnical Commission) form the specialized system for worldwide standardization. National bodies that are members of ISO or IEC participate in the development of International Standards through technical committees established by the respective organization to deal with particular fields of technical activity. ISO and IEC technical committees collaborate in fields of mutual interest. Other international organizations, governmental and non-governmental, in liaison with ISO and IEC, also take part in the work.;735291151388;ap-south-1;2026-07-13 17:35:21.078358;A.8.15;Logging;Logs that record activities, exceptions, faults and other relevant events should be produced, stored, protected and analysed.;A.8 Technological controls;A.8.15;Logging;Logs that record activities, exceptions, faults and other relevant events should be produced, stored, protected and analysed.;FAIL;Single region Trail cloudguardian-trail S3 bucket access logging is not enabled for bucket cloudguardian-data-dd2b6927.;arn:aws:cloudtrail:ap-south-1:735291151388:trail/cloudguardian-trail;cloudtrail_logs_s3_bucket_access_logging_enabled;False;cloudguardian-trail;ISO27001;ISO/IEC 27001 Information Security Management Standard 2022
aws;ISO (the International Organization for Standardization) and IEC (the International Electrotechnical Commission) form the specialized system for worldwide standardization. National bodies that are members of ISO or IEC participate in the development of International Standards through technical committees established by the respective organization to deal with particular fields of technical activity. ISO and IEC technical committees collaborate in fields of mutual interest. Other international organizations, governmental and non-governmental, in liaison with ISO and IEC, also take part in the work.;735291151388;ap-south-1;2026-07-13 17:35:21.078358;A.8.16;Monitoring Activities;Networks, systems and applications should be monitored for anomalous behaviour and appropriate actions taken to evaluate potential information security incidents.;A.8 Technological controls;A.8.16;Monitoring Activities;Networks, systems and applications should be monitored for anomalous behaviour and appropriate actions taken to evaluate potential information security incidents.;FAIL;Single region Trail cloudguardian-trail S3 bucket access logging is not enabled for bucket cloudguardian-data-dd2b6927.;arn:aws:cloudtrail:ap-south-1:735291151388:trail/cloudguardian-trail;cloudtrail_logs_s3_bucket_access_logging_enabled;False;cloudguardian-trail;ISO27001;ISO/IEC 27001 Information Security Management Standard 2022
aws;ISO (the International Organization for Standardization) and IEC (the International Electrotechnical Commission) form the specialized system for worldwide standardization. National bodies that are members of ISO or IEC participate in the development of International Standards through technical committees established by the respective organization to deal with particular fields of technical activity. ISO and IEC technical committees collaborate in fields of mutual interest. Other international organizations, governmental and non-governmental, in liaison with ISO and IEC, also take part in the work.;735291151388;ap-south-1;2026-07-13 17:35:21.078358;A.8.1;User Endpoint Devices;Information stored on, processed by or accessible via user endpoint devices should be protected.;A.8 Technological controls;A.8.1;User Endpoint Devices;Information stored on, processed by or accessible via user endpoint devices should be protected.;PASS;S3 Bucket cloudguardian-data-dd2b6927 from single region trail cloudguardian-trail is not publicly accessible.;arn:aws:cloudtrail:ap-south-1:735291151388:trail/cloudguardian-trail;cloudtrail_logs_s3_bucket_is_not_publicly_accessible;False;cloudguardian-trail;ISO27001;ISO/IEC 27001 Information Security Management Standard 2022
aws;ISO (the International Organization for Standardization) and IEC (the International Electrotechnical Commission) form the specialized system for worldwide standardization. National bodies that are members of ISO or IEC participate in the development of International Standards through technical committees established by the respective organization to deal with particular fields of technical activity. ISO and IEC technical committees collaborate in fields of mutual interest. Other international organizations, governmental and non-governmental, in liaison with ISO and IEC, also take part in the work.;735291151388;ap-south-1;2026-07-13 17:35:21.078358;A.8.15;Logging;Logs that record activities, exceptions, faults and other relevant events should be produced, stored, protected and analysed.;A.8 Technological controls;A.8.15;Logging;Logs that record activities, exceptions, faults and other relevant events should be produced, stored, protected and analysed.;PASS;S3 Bucket cloudguardian-data-dd2b6927 from single region trail cloudguardian-trail is not publicly accessible.;arn:aws:cloudtrail:ap-south-1:735291151388:trail/cloudguardian-trail;cloudtrail_logs_s3_bucket_is_not_publicly_accessible;False;cloudguardian-trail;ISO27001;ISO/IEC 27001 Information Security Management Standard 2022
aws;ISO (the International Organization for Standardization) and IEC (the International Electrotechnical Commission) form the specialized system for worldwide standardization. National bodies that are members of ISO or IEC participate in the development of International Standards through technical committees established by the respective organization to deal with particular fields of technical activity. ISO and IEC technical committees collaborate in fields of mutual interest. Other international organizations, governmental and non-governmental, in liaison with ISO and IEC, also take part in the work.;735291151388;ap-south-1;2026-07-13 17:35:21.078358;A.8.16;Monitoring Activities;Networks, systems and applications should be monitored for anomalous behaviour and appropriate actions taken to evaluate potential information security incidents.;A.8 Technological controls;A.8.16;Monitoring Activities;Networks, systems and applications should be monitored for anomalous behaviour and appropriate actions taken to evaluate potential information security incidents.;PASS;S3 Bucket cloudguardian-data-dd2b6927 from single region trail cloudguardian-trail is not publicly accessible.;arn:aws:cloudtrail:ap-south-1:735291151388:trail/cloudguardian-trail;cloudtrail_logs_s3_bucket_is_not_publicly_accessible;False;cloudguardian-trail;ISO27001;ISO/IEC 27001 Information Security Management Standard 2022
aws;ISO (the International Organization for Standardization) and IEC (the International Electrotechnical Commission) form the specialized system for worldwide standardization. National bodies that are members of ISO or IEC participate in the development of International Standards through technical committees established by the respective organization to deal with particular fields of technical activity. ISO and IEC technical committees collaborate in fields of mutual interest. Other international organizations, governmental and non-governmental, in liaison with ISO and IEC, also take part in the work.;735291151388;ap-south-1;2026-07-13 17:35:21.078358;A.8.15;Logging;Logs that record activities, exceptions, faults and other relevant events should be produced, stored, protected and analysed.;A.8 Technological controls;A.8.15;Logging;Logs that record activities, exceptions, faults and other relevant events should be produced, stored, protected and analysed.;PASS;Trail cloudguardian-trail in region ap-south-1 is logging and have management events enabled.;arn:aws:cloudtrail:ap-south-1:735291151388:trail/cloudguardian-trail;cloudtrail_multi_region_enabled_logging_management_events;False;cloudguardian-trail;ISO27001;ISO/IEC 27001 Information Security Management Standard 2022
aws;ISO (the International Organization for Standardization) and IEC (the International Electrotechnical Commission) form the specialized system for worldwide standardization. National bodies that are members of ISO or IEC participate in the development of International Standards through technical committees established by the respective organization to deal with particular fields of technical activity. ISO and IEC technical committees collaborate in fields of mutual interest. Other international organizations, governmental and non-governmental, in liaison with ISO and IEC, also take part in the work.;735291151388;ap-south-1;2026-07-13 17:35:21.078358;A.8.16;Monitoring Activities;Networks, systems and applications should be monitored for anomalous behaviour and appropriate actions taken to evaluate potential information security incidents.;A.8 Technological controls;A.8.16;Monitoring Activities;Networks, systems and applications should be monitored for anomalous behaviour and appropriate actions taken to evaluate potential information security incidents.;PASS;Trail cloudguardian-trail in region ap-south-1 is logging and have management events enabled.;arn:aws:cloudtrail:ap-south-1:735291151388:trail/cloudguardian-trail;cloudtrail_multi_region_enabled_logging_management_events;False;cloudguardian-trail;ISO27001;ISO/IEC 27001 Information Security Management Standard 2022
aws;ISO (the International Organization for Standardization) and IEC (the International Electrotechnical Commission) form the specialized system for worldwide standardization. National bodies that are members of ISO or IEC participate in the development of International Standards through technical committees established by the respective organization to deal with particular fields of technical activity. ISO and IEC technical committees collaborate in fields of mutual interest. Other international organizations, governmental and non-governmental, in liaison with ISO and IEC, also take part in the work.;735291151388;ap-south-1;2026-07-13 17:35:21.078358;A.8.15;Logging;Logs that record activities, exceptions, faults and other relevant events should be produced, stored, protected and analysed.;A.8 Technological controls;A.8.15;Logging;Logs that record activities, exceptions, faults and other relevant events should be produced, stored, protected and analysed.;FAIL;No CloudTrail trails have a data event to record all S3 object-level API operations.;arn:aws:cloudtrail:ap-south-1:735291151388:trail;cloudtrail_s3_dataevents_read_enabled;False;735291151388;ISO27001;ISO/IEC 27001 Information Security Management Standard 2022
aws;ISO (the International Organization for Standardization) and IEC (the International Electrotechnical Commission) form the specialized system for worldwide standardization. National bodies that are members of ISO or IEC participate in the development of International Standards through technical committees established by the respective organization to deal with particular fields of technical activity. ISO and IEC technical committees collaborate in fields of mutual interest. Other international organizations, governmental and non-governmental, in liaison with ISO and IEC, also take part in the work.;735291151388;ap-south-1;2026-07-13 17:35:21.078358;A.8.16;Monitoring Activities;Networks, systems and applications should be monitored for anomalous behaviour and appropriate actions taken to evaluate potential information security incidents.;A.8 Technological controls;A.8.16;Monitoring Activities;Networks, systems and applications should be monitored for anomalous behaviour and appropriate actions taken to evaluate potential information security incidents.;FAIL;No CloudTrail trails have a data event to record all S3 object-level API operations.;arn:aws:cloudtrail:ap-south-1:735291151388:trail;cloudtrail_s3_dataevents_read_enabled;False;735291151388;ISO27001;ISO/IEC 27001 Information Security Management Standard 2022
aws;ISO (the International Organization for Standardization) and IEC (the International Electrotechnical Commission) form the specialized system for worldwide standardization. National bodies that are members of ISO or IEC participate in the development of International Standards through technical committees established by the respective organization to deal with particular fields of technical activity. ISO and IEC technical committees collaborate in fields of mutual interest. Other international organizations, governmental and non-governmental, in liaison with ISO and IEC, also take part in the work.;735291151388;ap-south-1;2026-07-13 17:35:21.078358;A.8.15;Logging;Logs that record activities, exceptions, faults and other relevant events should be produced, stored, protected and analysed.;A.8 Technological controls;A.8.15;Logging;Logs that record activities, exceptions, faults and other relevant events should be produced, stored, protected and analysed.;FAIL;No CloudTrail trails have a data event to record all S3 object-level API operations.;arn:aws:cloudtrail:ap-south-1:735291151388:trail;cloudtrail_s3_dataevents_write_enabled;False;735291151388;ISO27001;ISO/IEC 27001 Information Security Management Standard 2022
aws;ISO (the International Organization for Standardization) and IEC (the International Electrotechnical Commission) form the specialized system for worldwide standardization. National bodies that are members of ISO or IEC participate in the development of International Standards through technical committees established by the respective organization to deal with particular fields of technical activity. ISO and IEC technical committees collaborate in fields of mutual interest. Other international organizations, governmental and non-governmental, in liaison with ISO and IEC, also take part in the work.;735291151388;ap-south-1;2026-07-13 17:35:21.078358;A.8.16;Monitoring Activities;Networks, systems and applications should be monitored for anomalous behaviour and appropriate actions taken to evaluate potential information security incidents.;A.8 Technological controls;A.8.16;Monitoring Activities;Networks, systems and applications should be monitored for anomalous behaviour and appropriate actions taken to evaluate potential information security incidents.;FAIL;No CloudTrail trails have a data event to record all S3 object-level API operations.;arn:aws:cloudtrail:ap-south-1:735291151388:trail;cloudtrail_s3_dataevents_write_enabled;False;735291151388;ISO27001;ISO/IEC 27001 Information Security Management Standard 2022
aws;ISO (the International Organization for Standardization) and IEC (the International Electrotechnical Commission) form the specialized system for worldwide standardization. National bodies that are members of ISO or IEC participate in the development of International Standards through technical committees established by the respective organization to deal with particular fields of technical activity. ISO and IEC technical committees collaborate in fields of mutual interest. Other international organizations, governmental and non-governmental, in liaison with ISO and IEC, also take part in the work.;735291151388;ap-south-1;2026-07-13 17:35:21.078358;A.8.15;Logging;Logs that record activities, exceptions, faults and other relevant events should be produced, stored, protected and analysed.;A.8 Technological controls;A.8.15;Logging;Logs that record activities, exceptions, faults and other relevant events should be produced, stored, protected and analysed.;FAIL;No CloudWatch log groups found with metric filters or alarms associated.;arn:aws:logs:ap-south-1:735291151388:log-group;cloudwatch_changes_to_network_acls_alarm_configured;False;735291151388;ISO27001;ISO/IEC 27001 Information Security Management Standard 2022
aws;ISO (the International Organization for Standardization) and IEC (the International Electrotechnical Commission) form the specialized system for worldwide standardization. National bodies that are members of ISO or IEC participate in the development of International Standards through technical committees established by the respective organization to deal with particular fields of technical activity. ISO and IEC technical committees collaborate in fields of mutual interest. Other international organizations, governmental and non-governmental, in liaison with ISO and IEC, also take part in the work.;735291151388;ap-south-1;2026-07-13 17:35:21.078358;A.8.16;Monitoring Activities;Networks, systems and applications should be monitored for anomalous behaviour and appropriate actions taken to evaluate potential information security incidents.;A.8 Technological controls;A.8.16;Monitoring Activities;Networks, systems and applications should be monitored for anomalous behaviour and appropriate actions taken to evaluate potential information security incidents.;FAIL;No CloudWatch log groups found with metric filters or alarms associated.;arn:aws:logs:ap-south-1:735291151388:log-group;cloudwatch_changes_to_network_acls_alarm_configured;False;735291151388;ISO27001;ISO/IEC 27001 Information Security Management Standard 2022
aws;ISO (the International Organization for Standardization) and IEC (the International Electrotechnical Commission) form the specialized system for worldwide standardization. National bodies that are members of ISO or IEC participate in the development of International Standards through technical committees established by the respective organization to deal with particular fields of technical activity. ISO and IEC technical committees collaborate in fields of mutual interest. Other international organizations, governmental and non-governmental, in liaison with ISO and IEC, also take part in the work.;735291151388;ap-south-1;2026-07-13 17:35:21.078358;A.8.15;Logging;Logs that record activities, exceptions, faults and other relevant events should be produced, stored, protected and analysed.;A.8 Technological controls;A.8.15;Logging;Logs that record activities, exceptions, faults and other relevant events should be produced, stored, protected and analysed.;FAIL;No CloudWatch log groups found with metric filters or alarms associated.;arn:aws:logs:ap-south-1:735291151388:log-group;cloudwatch_changes_to_network_gateways_alarm_configured;False;735291151388;ISO27001;ISO/IEC 27001 Information Security Management Standard 2022
aws;ISO (the International Organization for Standardization) and IEC (the International Electrotechnical Commission) form the specialized system for worldwide standardization. National bodies that are members of ISO or IEC participate in the development of International Standards through technical committees established by the respective organization to deal with particular fields of technical activity. ISO and IEC technical committees collaborate in fields of mutual interest. Other international organizations, governmental and non-governmental, in liaison with ISO and IEC, also take part in the work.;735291151388;ap-south-1;2026-07-13 17:35:21.078358;A.8.16;Monitoring Activities;Networks, systems and applications should be monitored for anomalous behaviour and appropriate actions taken to evaluate potential information security incidents.;A.8 Technological controls;A.8.16;Monitoring Activities;Networks, systems and applications should be monitored for anomalous behaviour and appropriate actions taken to evaluate potential information security incidents.;FAIL;No CloudWatch log groups found with metric filters or alarms associated.;arn:aws:logs:ap-south-1:735291151388:log-group;cloudwatch_changes_to_network_gateways_alarm_configured;False;735291151388;ISO27001;ISO/IEC 27001 Information Security Management Standard 2022
aws;ISO (the International Organization for Standardization) and IEC (the International Electrotechnical Commission) form the specialized system for worldwide standardization. National bodies that are members of ISO or IEC participate in the development of International Standards through technical committees established by the respective organization to deal with particular fields of technical activity. ISO and IEC technical committees collaborate in fields of mutual interest. Other international organizations, governmental and non-governmental, in liaison with ISO and IEC, also take part in the work.;735291151388;ap-south-1;2026-07-13 17:35:21.078358;A.8.15;Logging;Logs that record activities, exceptions, faults and other relevant events should be produced, stored, protected and analysed.;A.8 Technological controls;A.8.15;Logging;Logs that record activities, exceptions, faults and other relevant events should be produced, stored, protected and analysed.;FAIL;No CloudWatch log groups found with metric filters or alarms associated.;arn:aws:logs:ap-south-1:735291151388:log-group;cloudwatch_changes_to_vpcs_alarm_configured;False;735291151388;ISO27001;ISO/IEC 27001 Information Security Management Standard 2022
aws;ISO (the International Organization for Standardization) and IEC (the International Electrotechnical Commission) form the specialized system for worldwide standardization. National bodies that are members of ISO or IEC participate in the development of International Standards through technical committees established by the respective organization to deal with particular fields of technical activity. ISO and IEC technical committees collaborate in fields of mutual interest. Other international organizations, governmental and non-governmental, in liaison with ISO and IEC, also take part in the work.;735291151388;ap-south-1;2026-07-13 17:35:21.078358;A.8.16;Monitoring Activities;Networks, systems and applications should be monitored for anomalous behaviour and appropriate actions taken to evaluate potential information security incidents.;A.8 Technological controls;A.8.16;Monitoring Activities;Networks, systems and applications should be monitored for anomalous behaviour and appropriate actions taken to evaluate potential information security incidents.;FAIL;No CloudWatch log groups found with metric filters or alarms associated.;arn:aws:logs:ap-south-1:735291151388:log-group;cloudwatch_changes_to_vpcs_alarm_configured;False;735291151388;ISO27001;ISO/IEC 27001 Information Security Management Standard 2022
aws;ISO (the International Organization for Standardization) and IEC (the International Electrotechnical Commission) form the specialized system for worldwide standardization. National bodies that are members of ISO or IEC participate in the development of International Standards through technical committees established by the respective organization to deal with particular fields of technical activity. ISO and IEC technical committees collaborate in fields of mutual interest. Other international organizations, governmental and non-governmental, in liaison with ISO and IEC, also take part in the work.;735291151388;ap-south-1;2026-07-13 17:35:21.078358;A.8.20;Network Security;Networks and network devices should be secured, managed and controlled to protect information in systems and applications.;A.8 Technological controls;A.8.20;Network Security;Networks and network devices should be secured, managed and controlled to protect information in systems and applications.;FAIL;No CloudWatch log groups found with metric filters or alarms associated.;arn:aws:logs:ap-south-1:735291151388:log-group;cloudwatch_changes_to_vpcs_alarm_configured;False;735291151388;ISO27001;ISO/IEC 27001 Information Security Management Standard 2022
aws;ISO (the International Organization for Standardization) and IEC (the International Electrotechnical Commission) form the specialized system for worldwide standardization. National bodies that are members of ISO or IEC participate in the development of International Standards through technical committees established by the respective organization to deal with particular fields of technical activity. ISO and IEC technical committees collaborate in fields of mutual interest. Other international organizations, governmental and non-governmental, in liaison with ISO and IEC, also take part in the work.;735291151388;ap-south-1;2026-07-13 17:35:21.078358;A.8.21;Security of Network Services;Security mechanisms, service levels and service requirements of network services should be identified, implemented and monitored.;A.8 Technological controls;A.8.21;Security of Network Services;Security mechanisms, service levels and service requirements of network services should be identified, implemented and monitored.;FAIL;No CloudWatch log groups found with metric filters or alarms associated.;arn:aws:logs:ap-south-1:735291151388:log-group;cloudwatch_changes_to_vpcs_alarm_configured;False;735291151388;ISO27001;ISO/IEC 27001 Information Security Management Standard 2022
aws;ISO (the International Organization for Standardization) and IEC (the International Electrotechnical Commission) form the specialized system for worldwide standardization. National bodies that are members of ISO or IEC participate in the development of International Standards through technical committees established by the respective organization to deal with particular fields of technical activity. ISO and IEC technical committees collaborate in fields of mutual interest. Other international organizations, governmental and non-governmental, in liaison with ISO and IEC, also take part in the work.;735291151388;ap-south-1;2026-07-13 17:35:21.078358;A.8.22;Segregation of Networks;Security mechanisms, service levels and service requirements of network services should be identified, implemented and monitored.;A.8 Technological controls;A.8.22;Segregation of Networks;Security mechanisms, service levels and service requirements of network services should be identified, implemented and monitored.;FAIL;No CloudWatch log groups found with metric filters or alarms associated.;arn:aws:logs:ap-south-1:735291151388:log-group;cloudwatch_changes_to_vpcs_alarm_configured;False;735291151388;ISO27001;ISO/IEC 27001 Information Security Management Standard 2022
aws;ISO (the International Organization for Standardization) and IEC (the International Electrotechnical Commission) form the specialized system for worldwide standardization. National bodies that are members of ISO or IEC participate in the development of International Standards through technical committees established by the respective organization to deal with particular fields of technical activity. ISO and IEC technical committees collaborate in fields of mutual interest. Other international organizations, governmental and non-governmental, in liaison with ISO and IEC, also take part in the work.;735291151388;ap-south-1;2026-07-13 17:35:21.078358;A.8.11;Data Masking;Data masking should be used in accordance with the organisation’s topic-specific policy on access control and other related topic-specific policies, and business requirements, taking applicable legislation into consideration.;A.8 Technological controls;A.8.11;Data Masking;Data masking should be used in accordance with the organisation’s topic-specific policy on access control and other related topic-specific policies, and business requirements, taking applicable legislation into consideration.;FAIL;Log Group /aws/lambda/cloudguardian-remediate-iam-key does not have AWS KMS keys associated.;arn:aws:logs:ap-south-1:735291151388:log-group:/aws/lambda/cloudguardian-remediate-iam-key:*;cloudwatch_log_group_kms_encryption_enabled;False;/aws/lambda/cloudguardian-remediate-iam-key;ISO27001;ISO/IEC 27001 Information Security Management Standard 2022
aws;ISO (the International Organization for Standardization) and IEC (the International Electrotechnical Commission) form the specialized system for worldwide standardization. National bodies that are members of ISO or IEC participate in the development of International Standards through technical committees established by the respective organization to deal with particular fields of technical activity. ISO and IEC technical committees collaborate in fields of mutual interest. Other international organizations, governmental and non-governmental, in liaison with ISO and IEC, also take part in the work.;735291151388;ap-south-1;2026-07-13 17:35:21.078358;A.8.15;Logging;Logs that record activities, exceptions, faults and other relevant events should be produced, stored, protected and analysed.;A.8 Technological controls;A.8.15;Logging;Logs that record activities, exceptions, faults and other relevant events should be produced, stored, protected and analysed.;FAIL;Log Group /aws/lambda/cloudguardian-remediate-iam-key does not have AWS KMS keys associated.;arn:aws:logs:ap-south-1:735291151388:log-group:/aws/lambda/cloudguardian-remediate-iam-key:*;cloudwatch_log_group_kms_encryption_enabled;False;/aws/lambda/cloudguardian-remediate-iam-key;ISO27001;ISO/IEC 27001 Information Security Management Standard 2022
aws;ISO (the International Organization for Standardization) and IEC (the International Electrotechnical Commission) form the specialized system for worldwide standardization. National bodies that are members of ISO or IEC participate in the development of International Standards through technical committees established by the respective organization to deal with particular fields of technical activity. ISO and IEC technical committees collaborate in fields of mutual interest. Other international organizations, governmental and non-governmental, in liaison with ISO and IEC, also take part in the work.;735291151388;ap-south-1;2026-07-13 17:35:21.078358;A.8.16;Monitoring Activities;Networks, systems and applications should be monitored for anomalous behaviour and appropriate actions taken to evaluate potential information security incidents.;A.8 Technological controls;A.8.16;Monitoring Activities;Networks, systems and applications should be monitored for anomalous behaviour and appropriate actions taken to evaluate potential information security incidents.;FAIL;Log Group /aws/lambda/cloudguardian-remediate-iam-key does not have AWS KMS keys associated.;arn:aws:logs:ap-south-1:735291151388:log-group:/aws/lambda/cloudguardian-remediate-iam-key:*;cloudwatch_log_group_kms_encryption_enabled;False;/aws/lambda/cloudguardian-remediate-iam-key;ISO27001;ISO/IEC 27001 Information Security Management Standard 2022
aws;ISO (the International Organization for Standardization) and IEC (the International Electrotechnical Commission) form the specialized system for worldwide standardization. National bodies that are members of ISO or IEC participate in the development of International Standards through technical committees established by the respective organization to deal with particular fields of technical activity. ISO and IEC technical committees collaborate in fields of mutual interest. Other international organizations, governmental and non-governmental, in liaison with ISO and IEC, also take part in the work.;735291151388;ap-south-1;2026-07-13 17:35:21.078358;A.8.24;Use of Cryptography;Rules for the effective use of cryptography, including cryptographic key management, should be defined and implemented.;A.8 Technological controls;A.8.24;Use of Cryptography;Rules for the effective use of cryptography, including cryptographic key management, should be defined and implemented.;FAIL;Log Group /aws/lambda/cloudguardian-remediate-iam-key does not have AWS KMS keys associated.;arn:aws:logs:ap-south-1:735291151388:log-group:/aws/lambda/cloudguardian-remediate-iam-key:*;cloudwatch_log_group_kms_encryption_enabled;False;/aws/lambda/cloudguardian-remediate-iam-key;ISO27001;ISO/IEC 27001 Information Security Management Standard 2022
aws;ISO (the International Organization for Standardization) and IEC (the International Electrotechnical Commission) form the specialized system for worldwide standardization. National bodies that are members of ISO or IEC participate in the development of International Standards through technical committees established by the respective organization to deal with particular fields of technical activity. ISO and IEC technical committees collaborate in fields of mutual interest. Other international organizations, governmental and non-governmental, in liaison with ISO and IEC, also take part in the work.;735291151388;ap-south-1;2026-07-13 17:35:21.078358;A.8.11;Data Masking;Data masking should be used in accordance with the organisation’s topic-specific policy on access control and other related topic-specific policies, and business requirements, taking applicable legislation into consideration.;A.8 Technological controls;A.8.11;Data Masking;Data masking should be used in accordance with the organisation’s topic-specific policy on access control and other related topic-specific policies, and business requirements, taking applicable legislation into consideration.;FAIL;Log Group /aws/lambda/cloudguardian-remediate-encryption does not have AWS KMS keys associated.;arn:aws:logs:ap-south-1:735291151388:log-group:/aws/lambda/cloudguardian-remediate-encryption:*;cloudwatch_log_group_kms_encryption_enabled;False;/aws/lambda/cloudguardian-remediate-encryption;ISO27001;ISO/IEC 27001 Information Security Management Standard 2022
aws;ISO (the International Organization for Standardization) and IEC (the International Electrotechnical Commission) form the specialized system for worldwide standardization. National bodies that are members of ISO or IEC participate in the development of International Standards through technical committees established by the respective organization to deal with particular fields of technical activity. ISO and IEC technical committees collaborate in fields of mutual interest. Other international organizations, governmental and non-governmental, in liaison with ISO and IEC, also take part in the work.;735291151388;ap-south-1;2026-07-13 17:35:21.078358;A.8.15;Logging;Logs that record activities, exceptions, faults and other relevant events should be produced, stored, protected and analysed.;A.8 Technological controls;A.8.15;Logging;Logs that record activities, exceptions, faults and other relevant events should be produced, stored, protected and analysed.;FAIL;Log Group /aws/lambda/cloudguardian-remediate-encryption does not have AWS KMS keys associated.;arn:aws:logs:ap-south-1:735291151388:log-group:/aws/lambda/cloudguardian-remediate-encryption:*;cloudwatch_log_group_kms_encryption_enabled;False;/aws/lambda/cloudguardian-remediate-encryption;ISO27001;ISO/IEC 27001 Information Security Management Standard 2022
aws;ISO (the International Organization for Standardization) and IEC (the International Electrotechnical Commission) form the specialized system for worldwide standardization. National bodies that are members of ISO or IEC participate in the development of International Standards through technical committees established by the respective organization to deal with particular fields of technical activity. ISO and IEC technical committees collaborate in fields of mutual interest. Other international organizations, governmental and non-governmental, in liaison with ISO and IEC, also take part in the work.;735291151388;ap-south-1;2026-07-13 17:35:21.078358;A.8.16;Monitoring Activities;Networks, systems and applications should be monitored for anomalous behaviour and appropriate actions taken to evaluate potential information security incidents.;A.8 Technological controls;A.8.16;Monitoring Activities;Networks, systems and applications should be monitored for anomalous behaviour and appropriate actions taken to evaluate potential information security incidents.;FAIL;Log Group /aws/lambda/cloudguardian-remediate-encryption does not have AWS KMS keys associated.;arn:aws:logs:ap-south-1:735291151388:log-group:/aws/lambda/cloudguardian-remediate-encryption:*;cloudwatch_log_group_kms_encryption_enabled;False;/aws/lambda/cloudguardian-remediate-encryption;ISO27001;ISO/IEC 27001 Information Security Management Standard 2022
aws;ISO (the International Organization for Standardization) and IEC (the International Electrotechnical Commission) form the specialized system for worldwide standardization. National bodies that are members of ISO or IEC participate in the development of International Standards through technical committees established by the respective organization to deal with particular fields of technical activity. ISO and IEC technical committees collaborate in fields of mutual interest. Other international organizations, governmental and non-governmental, in liaison with ISO and IEC, also take part in the work.;735291151388;ap-south-1;2026-07-13 17:35:21.078358;A.8.24;Use of Cryptography;Rules for the effective use of cryptography, including cryptographic key management, should be defined and implemented.;A.8 Technological controls;A.8.24;Use of Cryptography;Rules for the effective use of cryptography, including cryptographic key management, should be defined and implemented.;FAIL;Log Group /aws/lambda/cloudguardian-remediate-encryption does not have AWS KMS keys associated.;arn:aws:logs:ap-south-1:735291151388:log-group:/aws/lambda/cloudguardian-remediate-encryption:*;cloudwatch_log_group_kms_encryption_enabled;False;/aws/lambda/cloudguardian-remediate-encryption;ISO27001;ISO/IEC 27001 Information Security Management Standard 2022
aws;ISO (the International Organization for Standardization) and IEC (the International Electrotechnical Commission) form the specialized system for worldwide standardization. National bodies that are members of ISO or IEC participate in the development of International Standards through technical committees established by the respective organization to deal with particular fields of technical activity. ISO and IEC technical committees collaborate in fields of mutual interest. Other international organizations, governmental and non-governmental, in liaison with ISO and IEC, also take part in the work.;735291151388;ap-south-1;2026-07-13 17:35:21.078358;A.8.11;Data Masking;Data masking should be used in accordance with the organisation’s topic-specific policy on access control and other related topic-specific policies, and business requirements, taking applicable legislation into consideration.;A.8 Technological controls;A.8.11;Data Masking;Data masking should be used in accordance with the organisation’s topic-specific policy on access control and other related topic-specific policies, and business requirements, taking applicable legislation into consideration.;FAIL;Log Group /aws/lambda/cloudguardian-remediate-s3-public-access does not have AWS KMS keys associated.;arn:aws:logs:ap-south-1:735291151388:log-group:/aws/lambda/cloudguardian-remediate-s3-public-access:*;cloudwatch_log_group_kms_encryption_enabled;False;/aws/lambda/cloudguardian-remediate-s3-public-access;ISO27001;ISO/IEC 27001 Information Security Management Standard 2022
aws;ISO (the International Organization for Standardization) and IEC (the International Electrotechnical Commission) form the specialized system for worldwide standardization. National bodies that are members of ISO or IEC participate in the development of International Standards through technical committees established by the respective organization to deal with particular fields of technical activity. ISO and IEC technical committees collaborate in fields of mutual interest. Other international organizations, governmental and non-governmental, in liaison with ISO and IEC, also take part in the work.;735291151388;ap-south-1;2026-07-13 17:35:21.078358;A.8.15;Logging;Logs that record activities, exceptions, faults and other relevant events should be produced, stored, protected and analysed.;A.8 Technological controls;A.8.15;Logging;Logs that record activities, exceptions, faults and other relevant events should be produced, stored, protected and analysed.;FAIL;Log Group /aws/lambda/cloudguardian-remediate-s3-public-access does not have AWS KMS keys associated.;arn:aws:logs:ap-south-1:735291151388:log-group:/aws/lambda/cloudguardian-remediate-s3-public-access:*;cloudwatch_log_group_kms_encryption_enabled;False;/aws/lambda/cloudguardian-remediate-s3-public-access;ISO27001;ISO/IEC 27001 Information Security Management Standard 2022
aws;ISO (the International Organization for Standardization) and IEC (the International Electrotechnical Commission) form the specialized system for worldwide standardization. National bodies that are members of ISO or IEC participate in the development of International Standards through technical committees established by the respective organization to deal with particular fields of technical activity. ISO and IEC technical committees collaborate in fields of mutual interest. Other international organizations, governmental and non-governmental, in liaison with ISO and IEC, also take part in the work.;735291151388;ap-south-1;2026-07-13 17:35:21.078358;A.8.16;Monitoring Activities;Networks, systems and applications should be monitored for anomalous behaviour and appropriate actions taken to evaluate potential information security incidents.;A.8 Technological controls;A.8.16;Monitoring Activities;Networks, systems and applications should be monitored for anomalous behaviour and appropriate actions taken to evaluate potential information security incidents.;FAIL;Log Group /aws/lambda/cloudguardian-remediate-s3-public-access does not have AWS KMS keys associated.;arn:aws:logs:ap-south-1:735291151388:log-group:/aws/lambda/cloudguardian-remediate-s3-public-access:*;cloudwatch_log_group_kms_encryption_enabled;False;/aws/lambda/cloudguardian-remediate-s3-public-access;ISO27001;ISO/IEC 27001 Information Security Management Standard 2022
aws;ISO (the International Organization for Standardization) and IEC (the International Electrotechnical Commission) form the specialized system for worldwide standardization. National bodies that are members of ISO or IEC participate in the development of International Standards through technical committees established by the respective organization to deal with particular fields of technical activity. ISO and IEC technical committees collaborate in fields of mutual interest. Other international organizations, governmental and non-governmental, in liaison with ISO and IEC, also take part in the work.;735291151388;ap-south-1;2026-07-13 17:35:21.078358;A.8.24;Use of Cryptography;Rules for the effective use of cryptography, including cryptographic key management, should be defined and implemented.;A.8 Technological controls;A.8.24;Use of Cryptography;Rules for the effective use of cryptography, including cryptographic key management, should be defined and implemented.;FAIL;Log Group /aws/lambda/cloudguardian-remediate-s3-public-access does not have AWS KMS keys associated.;arn:aws:logs:ap-south-1:735291151388:log-group:/aws/lambda/cloudguardian-remediate-s3-public-access:*;cloudwatch_log_group_kms_encryption_enabled;False;/aws/lambda/cloudguardian-remediate-s3-public-access;ISO27001;ISO/IEC 27001 Information Security Management Standard 2022
aws;ISO (the International Organization for Standardization) and IEC (the International Electrotechnical Commission) form the specialized system for worldwide standardization. National bodies that are members of ISO or IEC participate in the development of International Standards through technical committees established by the respective organization to deal with particular fields of technical activity. ISO and IEC technical committees collaborate in fields of mutual interest. Other international organizations, governmental and non-governmental, in liaison with ISO and IEC, also take part in the work.;735291151388;ap-south-1;2026-07-13 17:35:21.078358;A.8.15;Logging;Logs that record activities, exceptions, faults and other relevant events should be produced, stored, protected and analysed.;A.8 Technological controls;A.8.15;Logging;Logs that record activities, exceptions, faults and other relevant events should be produced, stored, protected and analysed.;PASS;No secrets found in /aws/lambda/cloudguardian-remediate-iam-key log group.;arn:aws:logs:ap-south-1:735291151388:log-group:/aws/lambda/cloudguardian-remediate-iam-key:*;cloudwatch_log_group_no_secrets_in_logs;False;/aws/lambda/cloudguardian-remediate-iam-key;ISO27001;ISO/IEC 27001 Information Security Management Standard 2022
aws;ISO (the International Organization for Standardization) and IEC (the International Electrotechnical Commission) form the specialized system for worldwide standardization. National bodies that are members of ISO or IEC participate in the development of International Standards through technical committees established by the respective organization to deal with particular fields of technical activity. ISO and IEC technical committees collaborate in fields of mutual interest. Other international organizations, governmental and non-governmental, in liaison with ISO and IEC, also take part in the work.;735291151388;ap-south-1;2026-07-13 17:35:21.078358;A.8.16;Monitoring Activities;Networks, systems and applications should be monitored for anomalous behaviour and appropriate actions taken to evaluate potential information security incidents.;A.8 Technological controls;A.8.16;Monitoring Activities;Networks, systems and applications should be monitored for anomalous behaviour and appropriate actions taken to evaluate potential information security incidents.;PASS;No secrets found in /aws/lambda/cloudguardian-remediate-iam-key log group.;arn:aws:logs:ap-south-1:735291151388:log-group:/aws/lambda/cloudguardian-remediate-iam-key:*;cloudwatch_log_group_no_secrets_in_logs;False;/aws/lambda/cloudguardian-remediate-iam-key;ISO27001;ISO/IEC 27001 Information Security Management Standard 2022
aws;ISO (the International Organization for Standardization) and IEC (the International Electrotechnical Commission) form the specialized system for worldwide standardization. National bodies that are members of ISO or IEC participate in the development of International Standards through technical committees established by the respective organization to deal with particular fields of technical activity. ISO and IEC technical committees collaborate in fields of mutual interest. Other international organizations, governmental and non-governmental, in liaison with ISO and IEC, also take part in the work.;735291151388;ap-south-1;2026-07-13 17:35:21.078358;A.8.15;Logging;Logs that record activities, exceptions, faults and other relevant events should be produced, stored, protected and analysed.;A.8 Technological controls;A.8.15;Logging;Logs that record activities, exceptions, faults and other relevant events should be produced, stored, protected and analysed.;PASS;No secrets found in /aws/lambda/cloudguardian-remediate-encryption log group.;arn:aws:logs:ap-south-1:735291151388:log-group:/aws/lambda/cloudguardian-remediate-encryption:*;cloudwatch_log_group_no_secrets_in_logs;False;/aws/lambda/cloudguardian-remediate-encryption;ISO27001;ISO/IEC 27001 Information Security Management Standard 2022
aws;ISO (the International Organization for Standardization) and IEC (the International Electrotechnical Commission) form the specialized system for worldwide standardization. National bodies that are members of ISO or IEC participate in the development of International Standards through technical committees established by the respective organization to deal with particular fields of technical activity. ISO and IEC technical committees collaborate in fields of mutual interest. Other international organizations, governmental and non-governmental, in liaison with ISO and IEC, also take part in the work.;735291151388;ap-south-1;2026-07-13 17:35:21.078358;A.8.16;Monitoring Activities;Networks, systems and applications should be monitored for anomalous behaviour and appropriate actions taken to evaluate potential information security incidents.;A.8 Technological controls;A.8.16;Monitoring Activities;Networks, systems and applications should be monitored for anomalous behaviour and appropriate actions taken to evaluate potential information security incidents.;PASS;No secrets found in /aws/lambda/cloudguardian-remediate-encryption log group.;arn:aws:logs:ap-south-1:735291151388:log-group:/aws/lambda/cloudguardian-remediate-encryption:*;cloudwatch_log_group_no_secrets_in_logs;False;/aws/lambda/cloudguardian-remediate-encryption;ISO27001;ISO/IEC 27001 Information Security Management Standard 2022
aws;ISO (the International Organization for Standardization) and IEC (the International Electrotechnical Commission) form the specialized system for worldwide standardization. National bodies that are members of ISO or IEC participate in the development of International Standards through technical committees established by the respective organization to deal with particular fields of technical activity. ISO and IEC technical committees collaborate in fields of mutual interest. Other international organizations, governmental and non-governmental, in liaison with ISO and IEC, also take part in the work.;735291151388;ap-south-1;2026-07-13 17:35:21.078358;A.8.15;Logging;Logs that record activities, exceptions, faults and other relevant events should be produced, stored, protected and analysed.;A.8 Technological controls;A.8.15;Logging;Logs that record activities, exceptions, faults and other relevant events should be produced, stored, protected and analysed.;PASS;No secrets found in /aws/lambda/cloudguardian-remediate-s3-public-access log group.;arn:aws:logs:ap-south-1:735291151388:log-group:/aws/lambda/cloudguardian-remediate-s3-public-access:*;cloudwatch_log_group_no_secrets_in_logs;False;/aws/lambda/cloudguardian-remediate-s3-public-access;ISO27001;ISO/IEC 27001 Information Security Management Standard 2022
aws;ISO (the International Organization for Standardization) and IEC (the International Electrotechnical Commission) form the specialized system for worldwide standardization. National bodies that are members of ISO or IEC participate in the development of International Standards through technical committees established by the respective organization to deal with particular fields of technical activity. ISO and IEC technical committees collaborate in fields of mutual interest. Other international organizations, governmental and non-governmental, in liaison with ISO and IEC, also take part in the work.;735291151388;ap-south-1;2026-07-13 17:35:21.078358;A.8.16;Monitoring Activities;Networks, systems and applications should be monitored for anomalous behaviour and appropriate actions taken to evaluate potential information security incidents.;A.8 Technological controls;A.8.16;Monitoring Activities;Networks, systems and applications should be monitored for anomalous behaviour and appropriate actions taken to evaluate potential information security incidents.;PASS;No secrets found in /aws/lambda/cloudguardian-remediate-s3-public-access log group.;arn:aws:logs:ap-south-1:735291151388:log-group:/aws/lambda/cloudguardian-remediate-s3-public-access:*;cloudwatch_log_group_no_secrets_in_logs;False;/aws/lambda/cloudguardian-remediate-s3-public-access;ISO27001;ISO/IEC 27001 Information Security Management Standard 2022
aws;ISO (the International Organization for Standardization) and IEC (the International Electrotechnical Commission) form the specialized system for worldwide standardization. National bodies that are members of ISO or IEC participate in the development of International Standards through technical committees established by the respective organization to deal with particular fields of technical activity. ISO and IEC technical committees collaborate in fields of mutual interest. Other international organizations, governmental and non-governmental, in liaison with ISO and IEC, also take part in the work.;735291151388;ap-south-1;2026-07-13 17:35:21.078358;A.8.15;Logging;Logs that record activities, exceptions, faults and other relevant events should be produced, stored, protected and analysed.;A.8 Technological controls;A.8.15;Logging;Logs that record activities, exceptions, faults and other relevant events should be produced, stored, protected and analysed.;PASS;Log Group /aws/lambda/cloudguardian-remediate-iam-key is not publicly accessible.;arn:aws:logs:ap-south-1:735291151388:log-group:/aws/lambda/cloudguardian-remediate-iam-key:*;cloudwatch_log_group_not_publicly_accessible;False;/aws/lambda/cloudguardian-remediate-iam-key;ISO27001;ISO/IEC 27001 Information Security Management Standard 2022
aws;ISO (the International Organization for Standardization) and IEC (the International Electrotechnical Commission) form the specialized system for worldwide standardization. National bodies that are members of ISO or IEC participate in the development of International Standards through technical committees established by the respective organization to deal with particular fields of technical activity. ISO and IEC technical committees collaborate in fields of mutual interest. Other international organizations, governmental and non-governmental, in liaison with ISO and IEC, also take part in the work.;735291151388;ap-south-1;2026-07-13 17:35:21.078358;A.8.16;Monitoring Activities;Networks, systems and applications should be monitored for anomalous behaviour and appropriate actions taken to evaluate potential information security incidents.;A.8 Technological controls;A.8.16;Monitoring Activities;Networks, systems and applications should be monitored for anomalous behaviour and appropriate actions taken to evaluate potential information security incidents.;PASS;Log Group /aws/lambda/cloudguardian-remediate-iam-key is not publicly accessible.;arn:aws:logs:ap-south-1:735291151388:log-group:/aws/lambda/cloudguardian-remediate-iam-key:*;cloudwatch_log_group_not_publicly_accessible;False;/aws/lambda/cloudguardian-remediate-iam-key;ISO27001;ISO/IEC 27001 Information Security Management Standard 2022
aws;ISO (the International Organization for Standardization) and IEC (the International Electrotechnical Commission) form the specialized system for worldwide standardization. National bodies that are members of ISO or IEC participate in the development of International Standards through technical committees established by the respective organization to deal with particular fields of technical activity. ISO and IEC technical committees collaborate in fields of mutual interest. Other international organizations, governmental and non-governmental, in liaison with ISO and IEC, also take part in the work.;735291151388;ap-south-1;2026-07-13 17:35:21.078358;A.8.15;Logging;Logs that record activities, exceptions, faults and other relevant events should be produced, stored, protected and analysed.;A.8 Technological controls;A.8.15;Logging;Logs that record activities, exceptions, faults and other relevant events should be produced, stored, protected and analysed.;PASS;Log Group /aws/lambda/cloudguardian-remediate-encryption is not publicly accessible.;arn:aws:logs:ap-south-1:735291151388:log-group:/aws/lambda/cloudguardian-remediate-encryption:*;cloudwatch_log_group_not_publicly_accessible;False;/aws/lambda/cloudguardian-remediate-encryption;ISO27001;ISO/IEC 27001 Information Security Management Standard 2022
aws;ISO (the International Organization for Standardization) and IEC (the International Electrotechnical Commission) form the specialized system for worldwide standardization. National bodies that are members of ISO or IEC participate in the development of International Standards through technical committees established by the respective organization to deal with particular fields of technical activity. ISO and IEC technical committees collaborate in fields of mutual interest. Other international organizations, governmental and non-governmental, in liaison with ISO and IEC, also take part in the work.;735291151388;ap-south-1;2026-07-13 17:35:21.078358;A.8.16;Monitoring Activities;Networks, systems and applications should be monitored for anomalous behaviour and appropriate actions taken to evaluate potential information security incidents.;A.8 Technological controls;A.8.16;Monitoring Activities;Networks, systems and applications should be monitored for anomalous behaviour and appropriate actions taken to evaluate potential information security incidents.;PASS;Log Group /aws/lambda/cloudguardian-remediate-encryption is not publicly accessible.;arn:aws:logs:ap-south-1:735291151388:log-group:/aws/lambda/cloudguardian-remediate-encryption:*;cloudwatch_log_group_not_publicly_accessible;False;/aws/lambda/cloudguardian-remediate-encryption;ISO27001;ISO/IEC 27001 Information Security Management Standard 2022
aws;ISO (the International Organization for Standardization) and IEC (the International Electrotechnical Commission) form the specialized system for worldwide standardization. National bodies that are members of ISO or IEC participate in the development of International Standards through technical committees established by the respective organization to deal with particular fields of technical activity. ISO and IEC technical committees collaborate in fields of mutual interest. Other international organizations, governmental and non-governmental, in liaison with ISO and IEC, also take part in the work.;735291151388;ap-south-1;2026-07-13 17:35:21.078358;A.8.15;Logging;Logs that record activities, exceptions, faults and other relevant events should be produced, stored, protected and analysed.;A.8 Technological controls;A.8.15;Logging;Logs that record activities, exceptions, faults and other relevant events should be produced, stored, protected and analysed.;PASS;Log Group /aws/lambda/cloudguardian-remediate-s3-public-access is not publicly accessible.;arn:aws:logs:ap-south-1:735291151388:log-group:/aws/lambda/cloudguardian-remediate-s3-public-access:*;cloudwatch_log_group_not_publicly_accessible;False;/aws/lambda/cloudguardian-remediate-s3-public-access;ISO27001;ISO/IEC 27001 Information Security Management Standard 2022
aws;ISO (the International Organization for Standardization) and IEC (the International Electrotechnical Commission) form the specialized system for worldwide standardization. National bodies that are members of ISO or IEC participate in the development of International Standards through technical committees established by the respective organization to deal with particular fields of technical activity. ISO and IEC technical committees collaborate in fields of mutual interest. Other international organizations, governmental and non-governmental, in liaison with ISO and IEC, also take part in the work.;735291151388;ap-south-1;2026-07-13 17:35:21.078358;A.8.16;Monitoring Activities;Networks, systems and applications should be monitored for anomalous behaviour and appropriate actions taken to evaluate potential information security incidents.;A.8 Technological controls;A.8.16;Monitoring Activities;Networks, systems and applications should be monitored for anomalous behaviour and appropriate actions taken to evaluate potential information security incidents.;PASS;Log Group /aws/lambda/cloudguardian-remediate-s3-public-access is not publicly accessible.;arn:aws:logs:ap-south-1:735291151388:log-group:/aws/lambda/cloudguardian-remediate-s3-public-access:*;cloudwatch_log_group_not_publicly_accessible;False;/aws/lambda/cloudguardian-remediate-s3-public-access;ISO27001;ISO/IEC 27001 Information Security Management Standard 2022
aws;ISO (the International Organization for Standardization) and IEC (the International Electrotechnical Commission) form the specialized system for worldwide standardization. National bodies that are members of ISO or IEC participate in the development of International Standards through technical committees established by the respective organization to deal with particular fields of technical activity. ISO and IEC technical committees collaborate in fields of mutual interest. Other international organizations, governmental and non-governmental, in liaison with ISO and IEC, also take part in the work.;735291151388;ap-south-1;2026-07-13 17:35:21.078358;A.8.15;Logging;Logs that record activities, exceptions, faults and other relevant events should be produced, stored, protected and analysed.;A.8 Technological controls;A.8.15;Logging;Logs that record activities, exceptions, faults and other relevant events should be produced, stored, protected and analysed.;PASS;Log Group /aws/lambda/cloudguardian-remediate-iam-key comply with 365 days retention period since it never expires.;arn:aws:logs:ap-south-1:735291151388:log-group:/aws/lambda/cloudguardian-remediate-iam-key:*;cloudwatch_log_group_retention_policy_specific_days_enabled;False;/aws/lambda/cloudguardian-remediate-iam-key;ISO27001;ISO/IEC 27001 Information Security Management Standard 2022
aws;ISO (the International Organization for Standardization) and IEC (the International Electrotechnical Commission) form the specialized system for worldwide standardization. National bodies that are members of ISO or IEC participate in the development of International Standards through technical committees established by the respective organization to deal with particular fields of technical activity. ISO and IEC technical committees collaborate in fields of mutual interest. Other international organizations, governmental and non-governmental, in liaison with ISO and IEC, also take part in the work.;735291151388;ap-south-1;2026-07-13 17:35:21.078358;A.8.16;Monitoring Activities;Networks, systems and applications should be monitored for anomalous behaviour and appropriate actions taken to evaluate potential information security incidents.;A.8 Technological controls;A.8.16;Monitoring Activities;Networks, systems and applications should be monitored for anomalous behaviour and appropriate actions taken to evaluate potential information security incidents.;PASS;Log Group /aws/lambda/cloudguardian-remediate-iam-key comply with 365 days retention period since it never expires.;arn:aws:logs:ap-south-1:735291151388:log-group:/aws/lambda/cloudguardian-remediate-iam-key:*;cloudwatch_log_group_retention_policy_specific_days_enabled;False;/aws/lambda/cloudguardian-remediate-iam-key;ISO27001;ISO/IEC 27001 Information Security Management Standard 2022
aws;ISO (the International Organization for Standardization) and IEC (the International Electrotechnical Commission) form the specialized system for worldwide standardization. National bodies that are members of ISO or IEC participate in the development of International Standards through technical committees established by the respective organization to deal with particular fields of technical activity. ISO and IEC technical committees collaborate in fields of mutual interest. Other international organizations, governmental and non-governmental, in liaison with ISO and IEC, also take part in the work.;735291151388;ap-south-1;2026-07-13 17:35:21.078358;A.8.15;Logging;Logs that record activities, exceptions, faults and other relevant events should be produced, stored, protected and analysed.;A.8 Technological controls;A.8.15;Logging;Logs that record activities, exceptions, faults and other relevant events should be produced, stored, protected and analysed.;PASS;Log Group /aws/lambda/cloudguardian-remediate-encryption comply with 365 days retention period since it never expires.;arn:aws:logs:ap-south-1:735291151388:log-group:/aws/lambda/cloudguardian-remediate-encryption:*;cloudwatch_log_group_retention_policy_specific_days_enabled;False;/aws/lambda/cloudguardian-remediate-encryption;ISO27001;ISO/IEC 27001 Information Security Management Standard 2022
aws;ISO (the International Organization for Standardization) and IEC (the International Electrotechnical Commission) form the specialized system for worldwide standardization. National bodies that are members of ISO or IEC participate in the development of International Standards through technical committees established by the respective organization to deal with particular fields of technical activity. ISO and IEC technical committees collaborate in fields of mutual interest. Other international organizations, governmental and non-governmental, in liaison with ISO and IEC, also take part in the work.;735291151388;ap-south-1;2026-07-13 17:35:21.078358;A.8.16;Monitoring Activities;Networks, systems and applications should be monitored for anomalous behaviour and appropriate actions taken to evaluate potential information security incidents.;A.8 Technological controls;A.8.16;Monitoring Activities;Networks, systems and applications should be monitored for anomalous behaviour and appropriate actions taken to evaluate potential information security incidents.;PASS;Log Group /aws/lambda/cloudguardian-remediate-encryption comply with 365 days retention period since it never expires.;arn:aws:logs:ap-south-1:735291151388:log-group:/aws/lambda/cloudguardian-remediate-encryption:*;cloudwatch_log_group_retention_policy_specific_days_enabled;False;/aws/lambda/cloudguardian-remediate-encryption;ISO27001;ISO/IEC 27001 Information Security Management Standard 2022
aws;ISO (the International Organization for Standardization) and IEC (the International Electrotechnical Commission) form the specialized system for worldwide standardization. National bodies that are members of ISO or IEC participate in the development of International Standards through technical committees established by the respective organization to deal with particular fields of technical activity. ISO and IEC technical committees collaborate in fields of mutual interest. Other international organizations, governmental and non-governmental, in liaison with ISO and IEC, also take part in the work.;735291151388;ap-south-1;2026-07-13 17:35:21.078358;A.8.15;Logging;Logs that record activities, exceptions, faults and other relevant events should be produced, stored, protected and analysed.;A.8 Technological controls;A.8.15;Logging;Logs that record activities, exceptions, faults and other relevant events should be produced, stored, protected and analysed.;PASS;Log Group /aws/lambda/cloudguardian-remediate-s3-public-access comply with 365 days retention period since it never expires.;arn:aws:logs:ap-south-1:735291151388:log-group:/aws/lambda/cloudguardian-remediate-s3-public-access:*;cloudwatch_log_group_retention_policy_specific_days_enabled;False;/aws/lambda/cloudguardian-remediate-s3-public-access;ISO27001;ISO/IEC 27001 Information Security Management Standard 2022
aws;ISO (the International Organization for Standardization) and IEC (the International Electrotechnical Commission) form the specialized system for worldwide standardization. National bodies that are members of ISO or IEC participate in the development of International Standards through technical committees established by the respective organization to deal with particular fields of technical activity. ISO and IEC technical committees collaborate in fields of mutual interest. Other international organizations, governmental and non-governmental, in liaison with ISO and IEC, also take part in the work.;735291151388;ap-south-1;2026-07-13 17:35:21.078358;A.8.16;Monitoring Activities;Networks, systems and applications should be monitored for anomalous behaviour and appropriate actions taken to evaluate potential information security incidents.;A.8 Technological controls;A.8.16;Monitoring Activities;Networks, systems and applications should be monitored for anomalous behaviour and appropriate actions taken to evaluate potential information security incidents.;PASS;Log Group /aws/lambda/cloudguardian-remediate-s3-public-access comply with 365 days retention period since it never expires.;arn:aws:logs:ap-south-1:735291151388:log-group:/aws/lambda/cloudguardian-remediate-s3-public-access:*;cloudwatch_log_group_retention_policy_specific_days_enabled;False;/aws/lambda/cloudguardian-remediate-s3-public-access;ISO27001;ISO/IEC 27001 Information Security Management Standard 2022
aws;ISO (the International Organization for Standardization) and IEC (the International Electrotechnical Commission) form the specialized system for worldwide standardization. National bodies that are members of ISO or IEC participate in the development of International Standards through technical committees established by the respective organization to deal with particular fields of technical activity. ISO and IEC technical committees collaborate in fields of mutual interest. Other international organizations, governmental and non-governmental, in liaison with ISO and IEC, also take part in the work.;735291151388;ap-south-1;2026-07-13 17:35:21.078358;A.8.15;Logging;Logs that record activities, exceptions, faults and other relevant events should be produced, stored, protected and analysed.;A.8 Technological controls;A.8.15;Logging;Logs that record activities, exceptions, faults and other relevant events should be produced, stored, protected and analysed.;FAIL;No CloudWatch log groups found with metric filters or alarms associated.;arn:aws:logs:ap-south-1:735291151388:log-group;cloudwatch_log_metric_filter_and_alarm_for_aws_config_configuration_changes_enabled;False;735291151388;ISO27001;ISO/IEC 27001 Information Security Management Standard 2022
aws;ISO (the International Organization for Standardization) and IEC (the International Electrotechnical Commission) form the specialized system for worldwide standardization. National bodies that are members of ISO or IEC participate in the development of International Standards through technical committees established by the respective organization to deal with particular fields of technical activity. ISO and IEC technical committees collaborate in fields of mutual interest. Other international organizations, governmental and non-governmental, in liaison with ISO and IEC, also take part in the work.;735291151388;ap-south-1;2026-07-13 17:35:21.078358;A.8.16;Monitoring Activities;Networks, systems and applications should be monitored for anomalous behaviour and appropriate actions taken to evaluate potential information security incidents.;A.8 Technological controls;A.8.16;Monitoring Activities;Networks, systems and applications should be monitored for anomalous behaviour and appropriate actions taken to evaluate potential information security incidents.;FAIL;No CloudWatch log groups found with metric filters or alarms associated.;arn:aws:logs:ap-south-1:735291151388:log-group;cloudwatch_log_metric_filter_and_alarm_for_aws_config_configuration_changes_enabled;False;735291151388;ISO27001;ISO/IEC 27001 Information Security Management Standard 2022
aws;ISO (the International Organization for Standardization) and IEC (the International Electrotechnical Commission) form the specialized system for worldwide standardization. National bodies that are members of ISO or IEC participate in the development of International Standards through technical committees established by the respective organization to deal with particular fields of technical activity. ISO and IEC technical committees collaborate in fields of mutual interest. Other international organizations, governmental and non-governmental, in liaison with ISO and IEC, also take part in the work.;735291151388;ap-south-1;2026-07-13 17:35:21.078358;A.8.15;Logging;Logs that record activities, exceptions, faults and other relevant events should be produced, stored, protected and analysed.;A.8 Technological controls;A.8.15;Logging;Logs that record activities, exceptions, faults and other relevant events should be produced, stored, protected and analysed.;FAIL;No CloudWatch log groups found with metric filters or alarms associated.;arn:aws:logs:ap-south-1:735291151388:log-group;cloudwatch_log_metric_filter_and_alarm_for_cloudtrail_configuration_changes_enabled;False;735291151388;ISO27001;ISO/IEC 27001 Information Security Management Standard 2022
aws;ISO (the International Organization for Standardization) and IEC (the International Electrotechnical Commission) form the specialized system for worldwide standardization. National bodies that are members of ISO or IEC participate in the development of International Standards through technical committees established by the respective organization to deal with particular fields of technical activity. ISO and IEC technical committees collaborate in fields of mutual interest. Other international organizations, governmental and non-governmental, in liaison with ISO and IEC, also take part in the work.;735291151388;ap-south-1;2026-07-13 17:35:21.078358;A.8.16;Monitoring Activities;Networks, systems and applications should be monitored for anomalous behaviour and appropriate actions taken to evaluate potential information security incidents.;A.8 Technological controls;A.8.16;Monitoring Activities;Networks, systems and applications should be monitored for anomalous behaviour and appropriate actions taken to evaluate potential information security incidents.;FAIL;No CloudWatch log groups found with metric filters or alarms associated.;arn:aws:logs:ap-south-1:735291151388:log-group;cloudwatch_log_metric_filter_and_alarm_for_cloudtrail_configuration_changes_enabled;False;735291151388;ISO27001;ISO/IEC 27001 Information Security Management Standard 2022
aws;ISO (the International Organization for Standardization) and IEC (the International Electrotechnical Commission) form the specialized system for worldwide standardization. National bodies that are members of ISO or IEC participate in the development of International Standards through technical committees established by the respective organization to deal with particular fields of technical activity. ISO and IEC technical committees collaborate in fields of mutual interest. Other international organizations, governmental and non-governmental, in liaison with ISO and IEC, also take part in the work.;735291151388;ap-south-1;2026-07-13 17:35:21.078358;A.8.15;Logging;Logs that record activities, exceptions, faults and other relevant events should be produced, stored, protected and analysed.;A.8 Technological controls;A.8.15;Logging;Logs that record activities, exceptions, faults and other relevant events should be produced, stored, protected and analysed.;FAIL;No CloudWatch log groups found with metric filters or alarms associated.;arn:aws:logs:ap-south-1:735291151388:log-group;cloudwatch_log_metric_filter_authentication_failures;False;735291151388;ISO27001;ISO/IEC 27001 Information Security Management Standard 2022
aws;ISO (the International Organization for Standardization) and IEC (the International Electrotechnical Commission) form the specialized system for worldwide standardization. National bodies that are members of ISO or IEC participate in the development of International Standards through technical committees established by the respective organization to deal with particular fields of technical activity. ISO and IEC technical committees collaborate in fields of mutual interest. Other international organizations, governmental and non-governmental, in liaison with ISO and IEC, also take part in the work.;735291151388;ap-south-1;2026-07-13 17:35:21.078358;A.8.16;Monitoring Activities;Networks, systems and applications should be monitored for anomalous behaviour and appropriate actions taken to evaluate potential information security incidents.;A.8 Technological controls;A.8.16;Monitoring Activities;Networks, systems and applications should be monitored for anomalous behaviour and appropriate actions taken to evaluate potential information security incidents.;FAIL;No CloudWatch log groups found with metric filters or alarms associated.;arn:aws:logs:ap-south-1:735291151388:log-group;cloudwatch_log_metric_filter_authentication_failures;False;735291151388;ISO27001;ISO/IEC 27001 Information Security Management Standard 2022
aws;ISO (the International Organization for Standardization) and IEC (the International Electrotechnical Commission) form the specialized system for worldwide standardization. National bodies that are members of ISO or IEC participate in the development of International Standards through technical committees established by the respective organization to deal with particular fields of technical activity. ISO and IEC technical committees collaborate in fields of mutual interest. Other international organizations, governmental and non-governmental, in liaison with ISO and IEC, also take part in the work.;735291151388;ap-south-1;2026-07-13 17:35:21.078358;A.8.15;Logging;Logs that record activities, exceptions, faults and other relevant events should be produced, stored, protected and analysed.;A.8 Technological controls;A.8.15;Logging;Logs that record activities, exceptions, faults and other relevant events should be produced, stored, protected and analysed.;FAIL;No CloudWatch log groups found with metric filters or alarms associated.;arn:aws:logs:ap-south-1:735291151388:log-group;cloudwatch_log_metric_filter_aws_organizations_changes;False;735291151388;ISO27001;ISO/IEC 27001 Information Security Management Standard 2022
aws;ISO (the International Organization for Standardization) and IEC (the International Electrotechnical Commission) form the specialized system for worldwide standardization. National bodies that are members of ISO or IEC participate in the development of International Standards through technical committees established by the respective organization to deal with particular fields of technical activity. ISO and IEC technical committees collaborate in fields of mutual interest. Other international organizations, governmental and non-governmental, in liaison with ISO and IEC, also take part in the work.;735291151388;ap-south-1;2026-07-13 17:35:21.078358;A.8.16;Monitoring Activities;Networks, systems and applications should be monitored for anomalous behaviour and appropriate actions taken to evaluate potential information security incidents.;A.8 Technological controls;A.8.16;Monitoring Activities;Networks, systems and applications should be monitored for anomalous behaviour and appropriate actions taken to evaluate potential information security incidents.;FAIL;No CloudWatch log groups found with metric filters or alarms associated.;arn:aws:logs:ap-south-1:735291151388:log-group;cloudwatch_log_metric_filter_aws_organizations_changes;False;735291151388;ISO27001;ISO/IEC 27001 Information Security Management Standard 2022
aws;ISO (the International Organization for Standardization) and IEC (the International Electrotechnical Commission) form the specialized system for worldwide standardization. National bodies that are members of ISO or IEC participate in the development of International Standards through technical committees established by the respective organization to deal with particular fields of technical activity. ISO and IEC technical committees collaborate in fields of mutual interest. Other international organizations, governmental and non-governmental, in liaison with ISO and IEC, also take part in the work.;735291151388;ap-south-1;2026-07-13 17:35:21.078358;A.8.15;Logging;Logs that record activities, exceptions, faults and other relevant events should be produced, stored, protected and analysed.;A.8 Technological controls;A.8.15;Logging;Logs that record activities, exceptions, faults and other relevant events should be produced, stored, protected and analysed.;FAIL;No CloudWatch log groups found with metric filters or alarms associated.;arn:aws:logs:ap-south-1:735291151388:log-group;cloudwatch_log_metric_filter_disable_or_scheduled_deletion_of_kms_cmk;False;735291151388;ISO27001;ISO/IEC 27001 Information Security Management Standard 2022
aws;ISO (the International Organization for Standardization) and IEC (the International Electrotechnical Commission) form the specialized system for worldwide standardization. National bodies that are members of ISO or IEC participate in the development of International Standards through technical committees established by the respective organization to deal with particular fields of technical activity. ISO and IEC technical committees collaborate in fields of mutual interest. Other international organizations, governmental and non-governmental, in liaison with ISO and IEC, also take part in the work.;735291151388;ap-south-1;2026-07-13 17:35:21.078358;A.8.16;Monitoring Activities;Networks, systems and applications should be monitored for anomalous behaviour and appropriate actions taken to evaluate potential information security incidents.;A.8 Technological controls;A.8.16;Monitoring Activities;Networks, systems and applications should be monitored for anomalous behaviour and appropriate actions taken to evaluate potential information security incidents.;FAIL;No CloudWatch log groups found with metric filters or alarms associated.;arn:aws:logs:ap-south-1:735291151388:log-group;cloudwatch_log_metric_filter_disable_or_scheduled_deletion_of_kms_cmk;False;735291151388;ISO27001;ISO/IEC 27001 Information Security Management Standard 2022
aws;ISO (the International Organization for Standardization) and IEC (the International Electrotechnical Commission) form the specialized system for worldwide standardization. National bodies that are members of ISO or IEC participate in the development of International Standards through technical committees established by the respective organization to deal with particular fields of technical activity. ISO and IEC technical committees collaborate in fields of mutual interest. Other international organizations, governmental and non-governmental, in liaison with ISO and IEC, also take part in the work.;735291151388;ap-south-1;2026-07-13 17:35:21.078358;A.8.15;Logging;Logs that record activities, exceptions, faults and other relevant events should be produced, stored, protected and analysed.;A.8 Technological controls;A.8.15;Logging;Logs that record activities, exceptions, faults and other relevant events should be produced, stored, protected and analysed.;FAIL;No CloudWatch log groups found with metric filters or alarms associated.;arn:aws:logs:ap-south-1:735291151388:log-group;cloudwatch_log_metric_filter_for_s3_bucket_policy_changes;False;735291151388;ISO27001;ISO/IEC 27001 Information Security Management Standard 2022
aws;ISO (the International Organization for Standardization) and IEC (the International Electrotechnical Commission) form the specialized system for worldwide standardization. National bodies that are members of ISO or IEC participate in the development of International Standards through technical committees established by the respective organization to deal with particular fields of technical activity. ISO and IEC technical committees collaborate in fields of mutual interest. Other international organizations, governmental and non-governmental, in liaison with ISO and IEC, also take part in the work.;735291151388;ap-south-1;2026-07-13 17:35:21.078358;A.8.16;Monitoring Activities;Networks, systems and applications should be monitored for anomalous behaviour and appropriate actions taken to evaluate potential information security incidents.;A.8 Technological controls;A.8.16;Monitoring Activities;Networks, systems and applications should be monitored for anomalous behaviour and appropriate actions taken to evaluate potential information security incidents.;FAIL;No CloudWatch log groups found with metric filters or alarms associated.;arn:aws:logs:ap-south-1:735291151388:log-group;cloudwatch_log_metric_filter_for_s3_bucket_policy_changes;False;735291151388;ISO27001;ISO/IEC 27001 Information Security Management Standard 2022
aws;ISO (the International Organization for Standardization) and IEC (the International Electrotechnical Commission) form the specialized system for worldwide standardization. National bodies that are members of ISO or IEC participate in the development of International Standards through technical committees established by the respective organization to deal with particular fields of technical activity. ISO and IEC technical committees collaborate in fields of mutual interest. Other international organizations, governmental and non-governmental, in liaison with ISO and IEC, also take part in the work.;735291151388;ap-south-1;2026-07-13 17:35:21.078358;A.8.15;Logging;Logs that record activities, exceptions, faults and other relevant events should be produced, stored, protected and analysed.;A.8 Technological controls;A.8.15;Logging;Logs that record activities, exceptions, faults and other relevant events should be produced, stored, protected and analysed.;FAIL;No CloudWatch log groups found with metric filters or alarms associated.;arn:aws:logs:ap-south-1:735291151388:log-group;cloudwatch_log_metric_filter_policy_changes;False;735291151388;ISO27001;ISO/IEC 27001 Information Security Management Standard 2022
aws;ISO (the International Organization for Standardization) and IEC (the International Electrotechnical Commission) form the specialized system for worldwide standardization. National bodies that are members of ISO or IEC participate in the development of International Standards through technical committees established by the respective organization to deal with particular fields of technical activity. ISO and IEC technical committees collaborate in fields of mutual interest. Other international organizations, governmental and non-governmental, in liaison with ISO and IEC, also take part in the work.;735291151388;ap-south-1;2026-07-13 17:35:21.078358;A.8.16;Monitoring Activities;Networks, systems and applications should be monitored for anomalous behaviour and appropriate actions taken to evaluate potential information security incidents.;A.8 Technological controls;A.8.16;Monitoring Activities;Networks, systems and applications should be monitored for anomalous behaviour and appropriate actions taken to evaluate potential information security incidents.;FAIL;No CloudWatch log groups found with metric filters or alarms associated.;arn:aws:logs:ap-south-1:735291151388:log-group;cloudwatch_log_metric_filter_policy_changes;False;735291151388;ISO27001;ISO/IEC 27001 Information Security Management Standard 2022
aws;ISO (the International Organization for Standardization) and IEC (the International Electrotechnical Commission) form the specialized system for worldwide standardization. National bodies that are members of ISO or IEC participate in the development of International Standards through technical committees established by the respective organization to deal with particular fields of technical activity. ISO and IEC technical committees collaborate in fields of mutual interest. Other international organizations, governmental and non-governmental, in liaison with ISO and IEC, also take part in the work.;735291151388;ap-south-1;2026-07-13 17:35:21.078358;A.8.15;Logging;Logs that record activities, exceptions, faults and other relevant events should be produced, stored, protected and analysed.;A.8 Technological controls;A.8.15;Logging;Logs that record activities, exceptions, faults and other relevant events should be produced, stored, protected and analysed.;FAIL;No CloudWatch log groups found with metric filters or alarms associated.;arn:aws:logs:ap-south-1:735291151388:log-group;cloudwatch_log_metric_filter_root_usage;False;735291151388;ISO27001;ISO/IEC 27001 Information Security Management Standard 2022
aws;ISO (the International Organization for Standardization) and IEC (the International Electrotechnical Commission) form the specialized system for worldwide standardization. National bodies that are members of ISO or IEC participate in the development of International Standards through technical committees established by the respective organization to deal with particular fields of technical activity. ISO and IEC technical committees collaborate in fields of mutual interest. Other international organizations, governmental and non-governmental, in liaison with ISO and IEC, also take part in the work.;735291151388;ap-south-1;2026-07-13 17:35:21.078358;A.8.16;Monitoring Activities;Networks, systems and applications should be monitored for anomalous behaviour and appropriate actions taken to evaluate potential information security incidents.;A.8 Technological controls;A.8.16;Monitoring Activities;Networks, systems and applications should be monitored for anomalous behaviour and appropriate actions taken to evaluate potential information security incidents.;FAIL;No CloudWatch log groups found with metric filters or alarms associated.;arn:aws:logs:ap-south-1:735291151388:log-group;cloudwatch_log_metric_filter_root_usage;False;735291151388;ISO27001;ISO/IEC 27001 Information Security Management Standard 2022
aws;ISO (the International Organization for Standardization) and IEC (the International Electrotechnical Commission) form the specialized system for worldwide standardization. National bodies that are members of ISO or IEC participate in the development of International Standards through technical committees established by the respective organization to deal with particular fields of technical activity. ISO and IEC technical committees collaborate in fields of mutual interest. Other international organizations, governmental and non-governmental, in liaison with ISO and IEC, also take part in the work.;735291151388;ap-south-1;2026-07-13 17:35:21.078358;A.8.15;Logging;Logs that record activities, exceptions, faults and other relevant events should be produced, stored, protected and analysed.;A.8 Technological controls;A.8.15;Logging;Logs that record activities, exceptions, faults and other relevant events should be produced, stored, protected and analysed.;FAIL;No CloudWatch log groups found with metric filters or alarms associated.;arn:aws:logs:ap-south-1:735291151388:log-group;cloudwatch_log_metric_filter_security_group_changes;False;735291151388;ISO27001;ISO/IEC 27001 Information Security Management Standard 2022
aws;ISO (the International Organization for Standardization) and IEC (the International Electrotechnical Commission) form the specialized system for worldwide standardization. National bodies that are members of ISO or IEC participate in the development of International Standards through technical committees established by the respective organization to deal with particular fields of technical activity. ISO and IEC technical committees collaborate in fields of mutual interest. Other international organizations, governmental and non-governmental, in liaison with ISO and IEC, also take part in the work.;735291151388;ap-south-1;2026-07-13 17:35:21.078358;A.8.16;Monitoring Activities;Networks, systems and applications should be monitored for anomalous behaviour and appropriate actions taken to evaluate potential information security incidents.;A.8 Technological controls;A.8.16;Monitoring Activities;Networks, systems and applications should be monitored for anomalous behaviour and appropriate actions taken to evaluate potential information security incidents.;FAIL;No CloudWatch log groups found with metric filters or alarms associated.;arn:aws:logs:ap-south-1:735291151388:log-group;cloudwatch_log_metric_filter_security_group_changes;False;735291151388;ISO27001;ISO/IEC 27001 Information Security Management Standard 2022
aws;ISO (the International Organization for Standardization) and IEC (the International Electrotechnical Commission) form the specialized system for worldwide standardization. National bodies that are members of ISO or IEC participate in the development of International Standards through technical committees established by the respective organization to deal with particular fields of technical activity. ISO and IEC technical committees collaborate in fields of mutual interest. Other international organizations, governmental and non-governmental, in liaison with ISO and IEC, also take part in the work.;735291151388;ap-south-1;2026-07-13 17:35:21.078358;A.8.15;Logging;Logs that record activities, exceptions, faults and other relevant events should be produced, stored, protected and analysed.;A.8 Technological controls;A.8.15;Logging;Logs that record activities, exceptions, faults and other relevant events should be produced, stored, protected and analysed.;FAIL;No CloudWatch log groups found with metric filters or alarms associated.;arn:aws:logs:ap-south-1:735291151388:log-group;cloudwatch_log_metric_filter_sign_in_without_mfa;False;735291151388;ISO27001;ISO/IEC 27001 Information Security Management Standard 2022
aws;ISO (the International Organization for Standardization) and IEC (the International Electrotechnical Commission) form the specialized system for worldwide standardization. National bodies that are members of ISO or IEC participate in the development of International Standards through technical committees established by the respective organization to deal with particular fields of technical activity. ISO and IEC technical committees collaborate in fields of mutual interest. Other international organizations, governmental and non-governmental, in liaison with ISO and IEC, also take part in the work.;735291151388;ap-south-1;2026-07-13 17:35:21.078358;A.8.16;Monitoring Activities;Networks, systems and applications should be monitored for anomalous behaviour and appropriate actions taken to evaluate potential information security incidents.;A.8 Technological controls;A.8.16;Monitoring Activities;Networks, systems and applications should be monitored for anomalous behaviour and appropriate actions taken to evaluate potential information security incidents.;FAIL;No CloudWatch log groups found with metric filters or alarms associated.;arn:aws:logs:ap-south-1:735291151388:log-group;cloudwatch_log_metric_filter_sign_in_without_mfa;False;735291151388;ISO27001;ISO/IEC 27001 Information Security Management Standard 2022
aws;ISO (the International Organization for Standardization) and IEC (the International Electrotechnical Commission) form the specialized system for worldwide standardization. National bodies that are members of ISO or IEC participate in the development of International Standards through technical committees established by the respective organization to deal with particular fields of technical activity. ISO and IEC technical committees collaborate in fields of mutual interest. Other international organizations, governmental and non-governmental, in liaison with ISO and IEC, also take part in the work.;735291151388;ap-south-1;2026-07-13 17:35:21.078358;A.8.15;Logging;Logs that record activities, exceptions, faults and other relevant events should be produced, stored, protected and analysed.;A.8 Technological controls;A.8.15;Logging;Logs that record activities, exceptions, faults and other relevant events should be produced, stored, protected and analysed.;FAIL;No CloudWatch log groups found with metric filters or alarms associated.;arn:aws:logs:ap-south-1:735291151388:log-group;cloudwatch_log_metric_filter_unauthorized_api_calls;False;735291151388;ISO27001;ISO/IEC 27001 Information Security Management Standard 2022
aws;ISO (the International Organization for Standardization) and IEC (the International Electrotechnical Commission) form the specialized system for worldwide standardization. National bodies that are members of ISO or IEC participate in the development of International Standards through technical committees established by the respective organization to deal with particular fields of technical activity. ISO and IEC technical committees collaborate in fields of mutual interest. Other international organizations, governmental and non-governmental, in liaison with ISO and IEC, also take part in the work.;735291151388;ap-south-1;2026-07-13 17:35:21.078358;A.8.16;Monitoring Activities;Networks, systems and applications should be monitored for anomalous behaviour and appropriate actions taken to evaluate potential information security incidents.;A.8 Technological controls;A.8.16;Monitoring Activities;Networks, systems and applications should be monitored for anomalous behaviour and appropriate actions taken to evaluate potential information security incidents.;FAIL;No CloudWatch log groups found with metric filters or alarms associated.;arn:aws:logs:ap-south-1:735291151388:log-group;cloudwatch_log_metric_filter_unauthorized_api_calls;False;735291151388;ISO27001;ISO/IEC 27001 Information Security Management Standard 2022
aws;ISO (the International Organization for Standardization) and IEC (the International Electrotechnical Commission) form the specialized system for worldwide standardization. National bodies that are members of ISO or IEC participate in the development of International Standards through technical committees established by the respective organization to deal with particular fields of technical activity. ISO and IEC technical committees collaborate in fields of mutual interest. Other international organizations, governmental and non-governmental, in liaison with ISO and IEC, also take part in the work.;735291151388;ap-south-1;2026-07-13 17:35:21.078358;A.5.16;Identity Management;The full lifecycle of identities should be managed.;A.5 Organizational controls;A.5.16;Identity Management;The full lifecycle of identities should be managed.;FAIL;AWS Config recorder 735291151388 is disabled.;arn:aws:config:ap-south-1:735291151388:recorder;config_recorder_all_regions_enabled;False;735291151388;ISO27001;ISO/IEC 27001 Information Security Management Standard 2022
aws;ISO (the International Organization for Standardization) and IEC (the International Electrotechnical Commission) form the specialized system for worldwide standardization. National bodies that are members of ISO or IEC participate in the development of International Standards through technical committees established by the respective organization to deal with particular fields of technical activity. ISO and IEC technical committees collaborate in fields of mutual interest. Other international organizations, governmental and non-governmental, in liaison with ISO and IEC, also take part in the work.;735291151388;ap-south-1;2026-07-13 17:35:21.078358;A.5.22;Monitor, Review And Change Management Of Supplier Services;The organisation should regularly monitor, review, evaluate and manage change in supplier information security practices and service delivery.;A.5 Organizational controls;A.5.22;Monitor, Review And Change Management Of Supplier Services;The organisation should regularly monitor, review, evaluate and manage change in supplier information security practices and service delivery.;FAIL;AWS Config recorder 735291151388 is disabled.;arn:aws:config:ap-south-1:735291151388:recorder;config_recorder_all_regions_enabled;False;735291151388;ISO27001;ISO/IEC 27001 Information Security Management Standard 2022
aws;ISO (the International Organization for Standardization) and IEC (the International Electrotechnical Commission) form the specialized system for worldwide standardization. National bodies that are members of ISO or IEC participate in the development of International Standards through technical committees established by the respective organization to deal with particular fields of technical activity. ISO and IEC technical committees collaborate in fields of mutual interest. Other international organizations, governmental and non-governmental, in liaison with ISO and IEC, also take part in the work.;735291151388;ap-south-1;2026-07-13 17:35:21.078358;A.8.11;Data Masking;Data masking should be used in accordance with the organisation’s topic-specific policy on access control and other related topic-specific policies, and business requirements, taking applicable legislation into consideration.;A.8 Technological controls;A.8.11;Data Masking;Data masking should be used in accordance with the organisation’s topic-specific policy on access control and other related topic-specific policies, and business requirements, taking applicable legislation into consideration.;FAIL;EBS Default Encryption is not activated.;arn:aws:ec2:ap-south-1:735291151388:volume;ec2_ebs_default_encryption;False;735291151388;ISO27001;ISO/IEC 27001 Information Security Management Standard 2022
aws;ISO (the International Organization for Standardization) and IEC (the International Electrotechnical Commission) form the specialized system for worldwide standardization. National bodies that are members of ISO or IEC participate in the development of International Standards through technical committees established by the respective organization to deal with particular fields of technical activity. ISO and IEC technical committees collaborate in fields of mutual interest. Other international organizations, governmental and non-governmental, in liaison with ISO and IEC, also take part in the work.;735291151388;ap-south-1;2026-07-13 17:35:21.078358;A.8.24;Use of Cryptography;Rules for the effective use of cryptography, including cryptographic key management, should be defined and implemented.;A.8 Technological controls;A.8.24;Use of Cryptography;Rules for the effective use of cryptography, including cryptographic key management, should be defined and implemented.;FAIL;EBS Default Encryption is not activated.;arn:aws:ec2:ap-south-1:735291151388:volume;ec2_ebs_default_encryption;False;735291151388;ISO27001;ISO/IEC 27001 Information Security Management Standard 2022
aws;ISO (the International Organization for Standardization) and IEC (the International Electrotechnical Commission) form the specialized system for worldwide standardization. National bodies that are members of ISO or IEC participate in the development of International Standards through technical committees established by the respective organization to deal with particular fields of technical activity. ISO and IEC technical committees collaborate in fields of mutual interest. Other international organizations, governmental and non-governmental, in liaison with ISO and IEC, also take part in the work.;735291151388;ap-south-1;2026-07-13 17:35:21.078358;A.8.11;Data Masking;Data masking should be used in accordance with the organisation’s topic-specific policy on access control and other related topic-specific policies, and business requirements, taking applicable legislation into consideration.;A.8 Technological controls;A.8.11;Data Masking;Data masking should be used in accordance with the organisation’s topic-specific policy on access control and other related topic-specific policies, and business requirements, taking applicable legislation into consideration.;FAIL;EBS Snapshot vol-0a1c0089c4da8ce0d is unencrypted.;arn:aws:ec2:ap-south-1:735291151388:volume/vol-0a1c0089c4da8ce0d;ec2_ebs_volume_encryption;False;vol-0a1c0089c4da8ce0d;ISO27001;ISO/IEC 27001 Information Security Management Standard 2022
aws;ISO (the International Organization for Standardization) and IEC (the International Electrotechnical Commission) form the specialized system for worldwide standardization. National bodies that are members of ISO or IEC participate in the development of International Standards through technical committees established by the respective organization to deal with particular fields of technical activity. ISO and IEC technical committees collaborate in fields of mutual interest. Other international organizations, governmental and non-governmental, in liaison with ISO and IEC, also take part in the work.;735291151388;ap-south-1;2026-07-13 17:35:21.078358;A.8.24;Use of Cryptography;Rules for the effective use of cryptography, including cryptographic key management, should be defined and implemented.;A.8 Technological controls;A.8.24;Use of Cryptography;Rules for the effective use of cryptography, including cryptographic key management, should be defined and implemented.;FAIL;EBS Snapshot vol-0a1c0089c4da8ce0d is unencrypted.;arn:aws:ec2:ap-south-1:735291151388:volume/vol-0a1c0089c4da8ce0d;ec2_ebs_volume_encryption;False;vol-0a1c0089c4da8ce0d;ISO27001;ISO/IEC 27001 Information Security Management Standard 2022
aws;ISO (the International Organization for Standardization) and IEC (the International Electrotechnical Commission) form the specialized system for worldwide standardization. National bodies that are members of ISO or IEC participate in the development of International Standards through technical committees established by the respective organization to deal with particular fields of technical activity. ISO and IEC technical committees collaborate in fields of mutual interest. Other international organizations, governmental and non-governmental, in liaison with ISO and IEC, also take part in the work.;735291151388;ap-south-1;2026-07-13 17:35:21.078358;A.8.14;Redundancy of information processing facilities;Information processing facilities should be implemented with redundancy sufficient to meet availability;A.8 Technological controls;A.8.14;Redundancy of information processing facilities;Information processing facilities should be implemented with redundancy sufficient to meet availability;FAIL;EBS Volume vol-0a1c0089c4da8ce0d is not protected by a backup plan.;arn:aws:ec2:ap-south-1:735291151388:volume/vol-0a1c0089c4da8ce0d;ec2_ebs_volume_protected_by_backup_plan;False;vol-0a1c0089c4da8ce0d;ISO27001;ISO/IEC 27001 Information Security Management Standard 2022
aws;ISO (the International Organization for Standardization) and IEC (the International Electrotechnical Commission) form the specialized system for worldwide standardization. National bodies that are members of ISO or IEC participate in the development of International Standards through technical committees established by the respective organization to deal with particular fields of technical activity. ISO and IEC technical committees collaborate in fields of mutual interest. Other international organizations, governmental and non-governmental, in liaison with ISO and IEC, also take part in the work.;735291151388;ap-south-1;2026-07-13 17:35:21.078358;A.8.20;Network Security;Networks and network devices should be secured, managed and controlled to protect information in systems and applications.;A.8 Technological controls;A.8.20;Network Security;Networks and network devices should be secured, managed and controlled to protect information in systems and applications.;PASS;Elastic IP 13.232.29.23 is associated with an instance or network interface.;arn:aws:ec2:ap-south-1:735291151388:eip-allocation/eipalloc-089f0ac347c20adda;ec2_elastic_ip_unassigned;False;13.232.29.23;ISO27001;ISO/IEC 27001 Information Security Management Standard 2022
aws;ISO (the International Organization for Standardization) and IEC (the International Electrotechnical Commission) form the specialized system for worldwide standardization. National bodies that are members of ISO or IEC participate in the development of International Standards through technical committees established by the respective organization to deal with particular fields of technical activity. ISO and IEC technical committees collaborate in fields of mutual interest. Other international organizations, governmental and non-governmental, in liaison with ISO and IEC, also take part in the work.;735291151388;ap-south-1;2026-07-13 17:35:21.078358;A.8.21;Security of Network Services;Security mechanisms, service levels and service requirements of network services should be identified, implemented and monitored.;A.8 Technological controls;A.8.21;Security of Network Services;Security mechanisms, service levels and service requirements of network services should be identified, implemented and monitored.;PASS;Elastic IP 13.232.29.23 is associated with an instance or network interface.;arn:aws:ec2:ap-south-1:735291151388:eip-allocation/eipalloc-089f0ac347c20adda;ec2_elastic_ip_unassigned;False;13.232.29.23;ISO27001;ISO/IEC 27001 Information Security Management Standard 2022
aws;ISO (the International Organization for Standardization) and IEC (the International Electrotechnical Commission) form the specialized system for worldwide standardization. National bodies that are members of ISO or IEC participate in the development of International Standards through technical committees established by the respective organization to deal with particular fields of technical activity. ISO and IEC technical committees collaborate in fields of mutual interest. Other international organizations, governmental and non-governmental, in liaison with ISO and IEC, also take part in the work.;735291151388;ap-south-1;2026-07-13 17:35:21.078358;A.8.22;Segregation of Networks;Security mechanisms, service levels and service requirements of network services should be identified, implemented and monitored.;A.8 Technological controls;A.8.22;Segregation of Networks;Security mechanisms, service levels and service requirements of network services should be identified, implemented and monitored.;PASS;Elastic IP 13.232.29.23 is associated with an instance or network interface.;arn:aws:ec2:ap-south-1:735291151388:eip-allocation/eipalloc-089f0ac347c20adda;ec2_elastic_ip_unassigned;False;13.232.29.23;ISO27001;ISO/IEC 27001 Information Security Management Standard 2022
aws;ISO (the International Organization for Standardization) and IEC (the International Electrotechnical Commission) form the specialized system for worldwide standardization. National bodies that are members of ISO or IEC participate in the development of International Standards through technical committees established by the respective organization to deal with particular fields of technical activity. ISO and IEC technical committees collaborate in fields of mutual interest. Other international organizations, governmental and non-governmental, in liaison with ISO and IEC, also take part in the work.;735291151388;ap-south-1;2026-07-13 17:35:21.078358;A.8.20;Network Security;Networks and network devices should be secured, managed and controlled to protect information in systems and applications.;A.8 Technological controls;A.8.20;Network Security;Networks and network devices should be secured, managed and controlled to protect information in systems and applications.;FAIL;IMDSv2 is not enabled by default for EC2 instances.;arn:aws:ec2:ap-south-1:735291151388:account;ec2_instance_account_imdsv2_enabled;False;735291151388;ISO27001;ISO/IEC 27001 Information Security Management Standard 2022
aws;ISO (the International Organization for Standardization) and IEC (the International Electrotechnical Commission) form the specialized system for worldwide standardization. National bodies that are members of ISO or IEC participate in the development of International Standards through technical committees established by the respective organization to deal with particular fields of technical activity. ISO and IEC technical committees collaborate in fields of mutual interest. Other international organizations, governmental and non-governmental, in liaison with ISO and IEC, also take part in the work.;735291151388;ap-south-1;2026-07-13 17:35:21.078358;A.8.21;Security of Network Services;Security mechanisms, service levels and service requirements of network services should be identified, implemented and monitored.;A.8 Technological controls;A.8.21;Security of Network Services;Security mechanisms, service levels and service requirements of network services should be identified, implemented and monitored.;FAIL;IMDSv2 is not enabled by default for EC2 instances.;arn:aws:ec2:ap-south-1:735291151388:account;ec2_instance_account_imdsv2_enabled;False;735291151388;ISO27001;ISO/IEC 27001 Information Security Management Standard 2022
aws;ISO (the International Organization for Standardization) and IEC (the International Electrotechnical Commission) form the specialized system for worldwide standardization. National bodies that are members of ISO or IEC participate in the development of International Standards through technical committees established by the respective organization to deal with particular fields of technical activity. ISO and IEC technical committees collaborate in fields of mutual interest. Other international organizations, governmental and non-governmental, in liaison with ISO and IEC, also take part in the work.;735291151388;ap-south-1;2026-07-13 17:35:21.078358;A.8.22;Segregation of Networks;Security mechanisms, service levels and service requirements of network services should be identified, implemented and monitored.;A.8 Technological controls;A.8.22;Segregation of Networks;Security mechanisms, service levels and service requirements of network services should be identified, implemented and monitored.;FAIL;IMDSv2 is not enabled by default for EC2 instances.;arn:aws:ec2:ap-south-1:735291151388:account;ec2_instance_account_imdsv2_enabled;False;735291151388;ISO27001;ISO/IEC 27001 Information Security Management Standard 2022
aws;ISO (the International Organization for Standardization) and IEC (the International Electrotechnical Commission) form the specialized system for worldwide standardization. National bodies that are members of ISO or IEC participate in the development of International Standards through technical committees established by the respective organization to deal with particular fields of technical activity. ISO and IEC technical committees collaborate in fields of mutual interest. Other international organizations, governmental and non-governmental, in liaison with ISO and IEC, also take part in the work.;735291151388;ap-south-1;2026-07-13 17:35:21.078358;A.8.20;Network Security;Networks and network devices should be secured, managed and controlled to protect information in systems and applications.;A.8 Technological controls;A.8.20;Network Security;Networks and network devices should be secured, managed and controlled to protect information in systems and applications.;FAIL;EC2 Instance i-034e7ac45ac7000f4 has IMDSv2 disabled or not required.;arn:aws:ec2:ap-south-1:735291151388:instance/i-034e7ac45ac7000f4;ec2_instance_imdsv2_enabled;False;i-034e7ac45ac7000f4;ISO27001;ISO/IEC 27001 Information Security Management Standard 2022
aws;ISO (the International Organization for Standardization) and IEC (the International Electrotechnical Commission) form the specialized system for worldwide standardization. National bodies that are members of ISO or IEC participate in the development of International Standards through technical committees established by the respective organization to deal with particular fields of technical activity. ISO and IEC technical committees collaborate in fields of mutual interest. Other international organizations, governmental and non-governmental, in liaison with ISO and IEC, also take part in the work.;735291151388;ap-south-1;2026-07-13 17:35:21.078358;A.8.21;Security of Network Services;Security mechanisms, service levels and service requirements of network services should be identified, implemented and monitored.;A.8 Technological controls;A.8.21;Security of Network Services;Security mechanisms, service levels and service requirements of network services should be identified, implemented and monitored.;FAIL;EC2 Instance i-034e7ac45ac7000f4 has IMDSv2 disabled or not required.;arn:aws:ec2:ap-south-1:735291151388:instance/i-034e7ac45ac7000f4;ec2_instance_imdsv2_enabled;False;i-034e7ac45ac7000f4;ISO27001;ISO/IEC 27001 Information Security Management Standard 2022
aws;ISO (the International Organization for Standardization) and IEC (the International Electrotechnical Commission) form the specialized system for worldwide standardization. National bodies that are members of ISO or IEC participate in the development of International Standards through technical committees established by the respective organization to deal with particular fields of technical activity. ISO and IEC technical committees collaborate in fields of mutual interest. Other international organizations, governmental and non-governmental, in liaison with ISO and IEC, also take part in the work.;735291151388;ap-south-1;2026-07-13 17:35:21.078358;A.8.22;Segregation of Networks;Security mechanisms, service levels and service requirements of network services should be identified, implemented and monitored.;A.8 Technological controls;A.8.22;Segregation of Networks;Security mechanisms, service levels and service requirements of network services should be identified, implemented and monitored.;FAIL;EC2 Instance i-034e7ac45ac7000f4 has IMDSv2 disabled or not required.;arn:aws:ec2:ap-south-1:735291151388:instance/i-034e7ac45ac7000f4;ec2_instance_imdsv2_enabled;False;i-034e7ac45ac7000f4;ISO27001;ISO/IEC 27001 Information Security Management Standard 2022
aws;ISO (the International Organization for Standardization) and IEC (the International Electrotechnical Commission) form the specialized system for worldwide standardization. National bodies that are members of ISO or IEC participate in the development of International Standards through technical committees established by the respective organization to deal with particular fields of technical activity. ISO and IEC technical committees collaborate in fields of mutual interest. Other international organizations, governmental and non-governmental, in liaison with ISO and IEC, also take part in the work.;735291151388;ap-south-1;2026-07-13 17:35:21.078358;A.8.20;Network Security;Networks and network devices should be secured, managed and controlled to protect information in systems and applications.;A.8 Technological controls;A.8.20;Network Security;Networks and network devices should be secured, managed and controlled to protect information in systems and applications.;FAIL;EC2 Instance i-034e7ac45ac7000f4 at IP 13.233.224.102 is internet-facing with Instance Profile arn:aws:iam::735291151388:instance-profile/cloudguardian-web-profile.;arn:aws:ec2:ap-south-1:735291151388:instance/i-034e7ac45ac7000f4;ec2_instance_internet_facing_with_instance_profile;False;i-034e7ac45ac7000f4;ISO27001;ISO/IEC 27001 Information Security Management Standard 2022
aws;ISO (the International Organization for Standardization) and IEC (the International Electrotechnical Commission) form the specialized system for worldwide standardization. National bodies that are members of ISO or IEC participate in the development of International Standards through technical committees established by the respective organization to deal with particular fields of technical activity. ISO and IEC technical committees collaborate in fields of mutual interest. Other international organizations, governmental and non-governmental, in liaison with ISO and IEC, also take part in the work.;735291151388;ap-south-1;2026-07-13 17:35:21.078358;A.8.21;Security of Network Services;Security mechanisms, service levels and service requirements of network services should be identified, implemented and monitored.;A.8 Technological controls;A.8.21;Security of Network Services;Security mechanisms, service levels and service requirements of network services should be identified, implemented and monitored.;FAIL;EC2 Instance i-034e7ac45ac7000f4 at IP 13.233.224.102 is internet-facing with Instance Profile arn:aws:iam::735291151388:instance-profile/cloudguardian-web-profile.;arn:aws:ec2:ap-south-1:735291151388:instance/i-034e7ac45ac7000f4;ec2_instance_internet_facing_with_instance_profile;False;i-034e7ac45ac7000f4;ISO27001;ISO/IEC 27001 Information Security Management Standard 2022
aws;ISO (the International Organization for Standardization) and IEC (the International Electrotechnical Commission) form the specialized system for worldwide standardization. National bodies that are members of ISO or IEC participate in the development of International Standards through technical committees established by the respective organization to deal with particular fields of technical activity. ISO and IEC technical committees collaborate in fields of mutual interest. Other international organizations, governmental and non-governmental, in liaison with ISO and IEC, also take part in the work.;735291151388;ap-south-1;2026-07-13 17:35:21.078358;A.8.22;Segregation of Networks;Security mechanisms, service levels and service requirements of network services should be identified, implemented and monitored.;A.8 Technological controls;A.8.22;Segregation of Networks;Security mechanisms, service levels and service requirements of network services should be identified, implemented and monitored.;FAIL;EC2 Instance i-034e7ac45ac7000f4 at IP 13.233.224.102 is internet-facing with Instance Profile arn:aws:iam::735291151388:instance-profile/cloudguardian-web-profile.;arn:aws:ec2:ap-south-1:735291151388:instance/i-034e7ac45ac7000f4;ec2_instance_internet_facing_with_instance_profile;False;i-034e7ac45ac7000f4;ISO27001;ISO/IEC 27001 Information Security Management Standard 2022
aws;ISO (the International Organization for Standardization) and IEC (the International Electrotechnical Commission) form the specialized system for worldwide standardization. National bodies that are members of ISO or IEC participate in the development of International Standards through technical committees established by the respective organization to deal with particular fields of technical activity. ISO and IEC technical committees collaborate in fields of mutual interest. Other international organizations, governmental and non-governmental, in liaison with ISO and IEC, also take part in the work.;735291151388;ap-south-1;2026-07-13 17:35:21.078358;A.5.26;Response To Information Security Incidents;Information security incidents should be responded to in accordance with the documented procedures.;A.5 Organizational controls;A.5.26;Response To Information Security Incidents;Information security incidents should be responded to in accordance with the documented procedures.;PASS;EC2 Instance i-034e7ac45ac7000f4 is managed by Systems Manager.;arn:aws:ec2:ap-south-1:735291151388:instance/i-034e7ac45ac7000f4;ec2_instance_managed_by_ssm;False;i-034e7ac45ac7000f4;ISO27001;ISO/IEC 27001 Information Security Management Standard 2022
aws;ISO (the International Organization for Standardization) and IEC (the International Electrotechnical Commission) form the specialized system for worldwide standardization. National bodies that are members of ISO or IEC participate in the development of International Standards through technical committees established by the respective organization to deal with particular fields of technical activity. ISO and IEC technical committees collaborate in fields of mutual interest. Other international organizations, governmental and non-governmental, in liaison with ISO and IEC, also take part in the work.;735291151388;ap-south-1;2026-07-13 17:35:21.078358;A.8.10;Information Deletion;Information stored in information systems, devices or in any other storage media should be deleted when no longer required.;A.8 Technological controls;A.8.10;Information Deletion;Information stored in information systems, devices or in any other storage media should be deleted when no longer required.;PASS;EC2 Instance i-034e7ac45ac7000f4 is not older than 180 days (0 days).;arn:aws:ec2:ap-south-1:735291151388:instance/i-034e7ac45ac7000f4;ec2_instance_older_than_specific_days;False;i-034e7ac45ac7000f4;ISO27001;ISO/IEC 27001 Information Security Management Standard 2022
aws;ISO (the International Organization for Standardization) and IEC (the International Electrotechnical Commission) form the specialized system for worldwide standardization. National bodies that are members of ISO or IEC participate in the development of International Standards through technical committees established by the respective organization to deal with particular fields of technical activity. ISO and IEC technical committees collaborate in fields of mutual interest. Other international organizations, governmental and non-governmental, in liaison with ISO and IEC, also take part in the work.;735291151388;ap-south-1;2026-07-13 17:35:21.078358;A.8.20;Network Security;Networks and network devices should be secured, managed and controlled to protect information in systems and applications.;A.8 Technological controls;A.8.20;Network Security;Networks and network devices should be secured, managed and controlled to protect information in systems and applications.;PASS;EC2 Instance i-034e7ac45ac7000f4 virtualization type is set to HVM.;arn:aws:ec2:ap-south-1:735291151388:instance/i-034e7ac45ac7000f4;ec2_instance_paravirtual_type;False;i-034e7ac45ac7000f4;ISO27001;ISO/IEC 27001 Information Security Management Standard 2022
aws;ISO (the International Organization for Standardization) and IEC (the International Electrotechnical Commission) form the specialized system for worldwide standardization. National bodies that are members of ISO or IEC participate in the development of International Standards through technical committees established by the respective organization to deal with particular fields of technical activity. ISO and IEC technical committees collaborate in fields of mutual interest. Other international organizations, governmental and non-governmental, in liaison with ISO and IEC, also take part in the work.;735291151388;ap-south-1;2026-07-13 17:35:21.078358;A.8.21;Security of Network Services;Security mechanisms, service levels and service requirements of network services should be identified, implemented and monitored.;A.8 Technological controls;A.8.21;Security of Network Services;Security mechanisms, service levels and service requirements of network services should be identified, implemented and monitored.;PASS;EC2 Instance i-034e7ac45ac7000f4 virtualization type is set to HVM.;arn:aws:ec2:ap-south-1:735291151388:instance/i-034e7ac45ac7000f4;ec2_instance_paravirtual_type;False;i-034e7ac45ac7000f4;ISO27001;ISO/IEC 27001 Information Security Management Standard 2022
aws;ISO (the International Organization for Standardization) and IEC (the International Electrotechnical Commission) form the specialized system for worldwide standardization. National bodies that are members of ISO or IEC participate in the development of International Standards through technical committees established by the respective organization to deal with particular fields of technical activity. ISO and IEC technical committees collaborate in fields of mutual interest. Other international organizations, governmental and non-governmental, in liaison with ISO and IEC, also take part in the work.;735291151388;ap-south-1;2026-07-13 17:35:21.078358;A.8.22;Segregation of Networks;Security mechanisms, service levels and service requirements of network services should be identified, implemented and monitored.;A.8 Technological controls;A.8.22;Segregation of Networks;Security mechanisms, service levels and service requirements of network services should be identified, implemented and monitored.;PASS;EC2 Instance i-034e7ac45ac7000f4 virtualization type is set to HVM.;arn:aws:ec2:ap-south-1:735291151388:instance/i-034e7ac45ac7000f4;ec2_instance_paravirtual_type;False;i-034e7ac45ac7000f4;ISO27001;ISO/IEC 27001 Information Security Management Standard 2022
aws;ISO (the International Organization for Standardization) and IEC (the International Electrotechnical Commission) form the specialized system for worldwide standardization. National bodies that are members of ISO or IEC participate in the development of International Standards through technical committees established by the respective organization to deal with particular fields of technical activity. ISO and IEC technical committees collaborate in fields of mutual interest. Other international organizations, governmental and non-governmental, in liaison with ISO and IEC, also take part in the work.;735291151388;ap-south-1;2026-07-13 17:35:21.078358;A.8.20;Network Security;Networks and network devices should be secured, managed and controlled to protect information in systems and applications.;A.8 Technological controls;A.8.20;Network Security;Networks and network devices should be secured, managed and controlled to protect information in systems and applications.;PASS;Instance i-034e7ac45ac7000f4 does not have Cassandra ports open to the Internet.;arn:aws:ec2:ap-south-1:735291151388:instance/i-034e7ac45ac7000f4;ec2_instance_port_cassandra_exposed_to_internet;False;i-034e7ac45ac7000f4;ISO27001;ISO/IEC 27001 Information Security Management Standard 2022
aws;ISO (the International Organization for Standardization) and IEC (the International Electrotechnical Commission) form the specialized system for worldwide standardization. National bodies that are members of ISO or IEC participate in the development of International Standards through technical committees established by the respective organization to deal with particular fields of technical activity. ISO and IEC technical committees collaborate in fields of mutual interest. Other international organizations, governmental and non-governmental, in liaison with ISO and IEC, also take part in the work.;735291151388;ap-south-1;2026-07-13 17:35:21.078358;A.8.21;Security of Network Services;Security mechanisms, service levels and service requirements of network services should be identified, implemented and monitored.;A.8 Technological controls;A.8.21;Security of Network Services;Security mechanisms, service levels and service requirements of network services should be identified, implemented and monitored.;PASS;Instance i-034e7ac45ac7000f4 does not have Cassandra ports open to the Internet.;arn:aws:ec2:ap-south-1:735291151388:instance/i-034e7ac45ac7000f4;ec2_instance_port_cassandra_exposed_to_internet;False;i-034e7ac45ac7000f4;ISO27001;ISO/IEC 27001 Information Security Management Standard 2022
aws;ISO (the International Organization for Standardization) and IEC (the International Electrotechnical Commission) form the specialized system for worldwide standardization. National bodies that are members of ISO or IEC participate in the development of International Standards through technical committees established by the respective organization to deal with particular fields of technical activity. ISO and IEC technical committees collaborate in fields of mutual interest. Other international organizations, governmental and non-governmental, in liaison with ISO and IEC, also take part in the work.;735291151388;ap-south-1;2026-07-13 17:35:21.078358;A.8.22;Segregation of Networks;Security mechanisms, service levels and service requirements of network services should be identified, implemented and monitored.;A.8 Technological controls;A.8.22;Segregation of Networks;Security mechanisms, service levels and service requirements of network services should be identified, implemented and monitored.;PASS;Instance i-034e7ac45ac7000f4 does not have Cassandra ports open to the Internet.;arn:aws:ec2:ap-south-1:735291151388:instance/i-034e7ac45ac7000f4;ec2_instance_port_cassandra_exposed_to_internet;False;i-034e7ac45ac7000f4;ISO27001;ISO/IEC 27001 Information Security Management Standard 2022
aws;ISO (the International Organization for Standardization) and IEC (the International Electrotechnical Commission) form the specialized system for worldwide standardization. National bodies that are members of ISO or IEC participate in the development of International Standards through technical committees established by the respective organization to deal with particular fields of technical activity. ISO and IEC technical committees collaborate in fields of mutual interest. Other international organizations, governmental and non-governmental, in liaison with ISO and IEC, also take part in the work.;735291151388;ap-south-1;2026-07-13 17:35:21.078358;A.8.20;Network Security;Networks and network devices should be secured, managed and controlled to protect information in systems and applications.;A.8 Technological controls;A.8.20;Network Security;Networks and network devices should be secured, managed and controlled to protect information in systems and applications.;PASS;Instance i-034e7ac45ac7000f4 does not have CIFS ports open to the Internet.;arn:aws:ec2:ap-south-1:735291151388:instance/i-034e7ac45ac7000f4;ec2_instance_port_cifs_exposed_to_internet;False;i-034e7ac45ac7000f4;ISO27001;ISO/IEC 27001 Information Security Management Standard 2022
aws;ISO (the International Organization for Standardization) and IEC (the International Electrotechnical Commission) form the specialized system for worldwide standardization. National bodies that are members of ISO or IEC participate in the development of International Standards through technical committees established by the respective organization to deal with particular fields of technical activity. ISO and IEC technical committees collaborate in fields of mutual interest. Other international organizations, governmental and non-governmental, in liaison with ISO and IEC, also take part in the work.;735291151388;ap-south-1;2026-07-13 17:35:21.078358;A.8.21;Security of Network Services;Security mechanisms, service levels and service requirements of network services should be identified, implemented and monitored.;A.8 Technological controls;A.8.21;Security of Network Services;Security mechanisms, service levels and service requirements of network services should be identified, implemented and monitored.;PASS;Instance i-034e7ac45ac7000f4 does not have CIFS ports open to the Internet.;arn:aws:ec2:ap-south-1:735291151388:instance/i-034e7ac45ac7000f4;ec2_instance_port_cifs_exposed_to_internet;False;i-034e7ac45ac7000f4;ISO27001;ISO/IEC 27001 Information Security Management Standard 2022
aws;ISO (the International Organization for Standardization) and IEC (the International Electrotechnical Commission) form the specialized system for worldwide standardization. National bodies that are members of ISO or IEC participate in the development of International Standards through technical committees established by the respective organization to deal with particular fields of technical activity. ISO and IEC technical committees collaborate in fields of mutual interest. Other international organizations, governmental and non-governmental, in liaison with ISO and IEC, also take part in the work.;735291151388;ap-south-1;2026-07-13 17:35:21.078358;A.8.22;Segregation of Networks;Security mechanisms, service levels and service requirements of network services should be identified, implemented and monitored.;A.8 Technological controls;A.8.22;Segregation of Networks;Security mechanisms, service levels and service requirements of network services should be identified, implemented and monitored.;PASS;Instance i-034e7ac45ac7000f4 does not have CIFS ports open to the Internet.;arn:aws:ec2:ap-south-1:735291151388:instance/i-034e7ac45ac7000f4;ec2_instance_port_cifs_exposed_to_internet;False;i-034e7ac45ac7000f4;ISO27001;ISO/IEC 27001 Information Security Management Standard 2022
aws;ISO (the International Organization for Standardization) and IEC (the International Electrotechnical Commission) form the specialized system for worldwide standardization. National bodies that are members of ISO or IEC participate in the development of International Standards through technical committees established by the respective organization to deal with particular fields of technical activity. ISO and IEC technical committees collaborate in fields of mutual interest. Other international organizations, governmental and non-governmental, in liaison with ISO and IEC, also take part in the work.;735291151388;ap-south-1;2026-07-13 17:35:21.078358;A.8.20;Network Security;Networks and network devices should be secured, managed and controlled to protect information in systems and applications.;A.8 Technological controls;A.8.20;Network Security;Networks and network devices should be secured, managed and controlled to protect information in systems and applications.;PASS;Instance i-034e7ac45ac7000f4 does not have Elasticsearch/Kibana ports open to the Internet.;arn:aws:ec2:ap-south-1:735291151388:instance/i-034e7ac45ac7000f4;ec2_instance_port_elasticsearch_kibana_exposed_to_internet;False;i-034e7ac45ac7000f4;ISO27001;ISO/IEC 27001 Information Security Management Standard 2022
aws;ISO (the International Organization for Standardization) and IEC (the International Electrotechnical Commission) form the specialized system for worldwide standardization. National bodies that are members of ISO or IEC participate in the development of International Standards through technical committees established by the respective organization to deal with particular fields of technical activity. ISO and IEC technical committees collaborate in fields of mutual interest. Other international organizations, governmental and non-governmental, in liaison with ISO and IEC, also take part in the work.;735291151388;ap-south-1;2026-07-13 17:35:21.078358;A.8.21;Security of Network Services;Security mechanisms, service levels and service requirements of network services should be identified, implemented and monitored.;A.8 Technological controls;A.8.21;Security of Network Services;Security mechanisms, service levels and service requirements of network services should be identified, implemented and monitored.;PASS;Instance i-034e7ac45ac7000f4 does not have Elasticsearch/Kibana ports open to the Internet.;arn:aws:ec2:ap-south-1:735291151388:instance/i-034e7ac45ac7000f4;ec2_instance_port_elasticsearch_kibana_exposed_to_internet;False;i-034e7ac45ac7000f4;ISO27001;ISO/IEC 27001 Information Security Management Standard 2022
aws;ISO (the International Organization for Standardization) and IEC (the International Electrotechnical Commission) form the specialized system for worldwide standardization. National bodies that are members of ISO or IEC participate in the development of International Standards through technical committees established by the respective organization to deal with particular fields of technical activity. ISO and IEC technical committees collaborate in fields of mutual interest. Other international organizations, governmental and non-governmental, in liaison with ISO and IEC, also take part in the work.;735291151388;ap-south-1;2026-07-13 17:35:21.078358;A.8.22;Segregation of Networks;Security mechanisms, service levels and service requirements of network services should be identified, implemented and monitored.;A.8 Technological controls;A.8.22;Segregation of Networks;Security mechanisms, service levels and service requirements of network services should be identified, implemented and monitored.;PASS;Instance i-034e7ac45ac7000f4 does not have Elasticsearch/Kibana ports open to the Internet.;arn:aws:ec2:ap-south-1:735291151388:instance/i-034e7ac45ac7000f4;ec2_instance_port_elasticsearch_kibana_exposed_to_internet;False;i-034e7ac45ac7000f4;ISO27001;ISO/IEC 27001 Information Security Management Standard 2022
aws;ISO (the International Organization for Standardization) and IEC (the International Electrotechnical Commission) form the specialized system for worldwide standardization. National bodies that are members of ISO or IEC participate in the development of International Standards through technical committees established by the respective organization to deal with particular fields of technical activity. ISO and IEC technical committees collaborate in fields of mutual interest. Other international organizations, governmental and non-governmental, in liaison with ISO and IEC, also take part in the work.;735291151388;ap-south-1;2026-07-13 17:35:21.078358;A.8.20;Network Security;Networks and network devices should be secured, managed and controlled to protect information in systems and applications.;A.8 Technological controls;A.8.20;Network Security;Networks and network devices should be secured, managed and controlled to protect information in systems and applications.;PASS;Instance i-034e7ac45ac7000f4 does not have FTP ports open to the Internet.;arn:aws:ec2:ap-south-1:735291151388:instance/i-034e7ac45ac7000f4;ec2_instance_port_ftp_exposed_to_internet;False;i-034e7ac45ac7000f4;ISO27001;ISO/IEC 27001 Information Security Management Standard 2022
aws;ISO (the International Organization for Standardization) and IEC (the International Electrotechnical Commission) form the specialized system for worldwide standardization. National bodies that are members of ISO or IEC participate in the development of International Standards through technical committees established by the respective organization to deal with particular fields of technical activity. ISO and IEC technical committees collaborate in fields of mutual interest. Other international organizations, governmental and non-governmental, in liaison with ISO and IEC, also take part in the work.;735291151388;ap-south-1;2026-07-13 17:35:21.078358;A.8.21;Security of Network Services;Security mechanisms, service levels and service requirements of network services should be identified, implemented and monitored.;A.8 Technological controls;A.8.21;Security of Network Services;Security mechanisms, service levels and service requirements of network services should be identified, implemented and monitored.;PASS;Instance i-034e7ac45ac7000f4 does not have FTP ports open to the Internet.;arn:aws:ec2:ap-south-1:735291151388:instance/i-034e7ac45ac7000f4;ec2_instance_port_ftp_exposed_to_internet;False;i-034e7ac45ac7000f4;ISO27001;ISO/IEC 27001 Information Security Management Standard 2022
aws;ISO (the International Organization for Standardization) and IEC (the International Electrotechnical Commission) form the specialized system for worldwide standardization. National bodies that are members of ISO or IEC participate in the development of International Standards through technical committees established by the respective organization to deal with particular fields of technical activity. ISO and IEC technical committees collaborate in fields of mutual interest. Other international organizations, governmental and non-governmental, in liaison with ISO and IEC, also take part in the work.;735291151388;ap-south-1;2026-07-13 17:35:21.078358;A.8.22;Segregation of Networks;Security mechanisms, service levels and service requirements of network services should be identified, implemented and monitored.;A.8 Technological controls;A.8.22;Segregation of Networks;Security mechanisms, service levels and service requirements of network services should be identified, implemented and monitored.;PASS;Instance i-034e7ac45ac7000f4 does not have FTP ports open to the Internet.;arn:aws:ec2:ap-south-1:735291151388:instance/i-034e7ac45ac7000f4;ec2_instance_port_ftp_exposed_to_internet;False;i-034e7ac45ac7000f4;ISO27001;ISO/IEC 27001 Information Security Management Standard 2022
aws;ISO (the International Organization for Standardization) and IEC (the International Electrotechnical Commission) form the specialized system for worldwide standardization. National bodies that are members of ISO or IEC participate in the development of International Standards through technical committees established by the respective organization to deal with particular fields of technical activity. ISO and IEC technical committees collaborate in fields of mutual interest. Other international organizations, governmental and non-governmental, in liaison with ISO and IEC, also take part in the work.;735291151388;ap-south-1;2026-07-13 17:35:21.078358;A.8.20;Network Security;Networks and network devices should be secured, managed and controlled to protect information in systems and applications.;A.8 Technological controls;A.8.20;Network Security;Networks and network devices should be secured, managed and controlled to protect information in systems and applications.;PASS;Instance i-034e7ac45ac7000f4 does not have Kafka port 9092 open to the Internet.;arn:aws:ec2:ap-south-1:735291151388:instance/i-034e7ac45ac7000f4;ec2_instance_port_kafka_exposed_to_internet;False;i-034e7ac45ac7000f4;ISO27001;ISO/IEC 27001 Information Security Management Standard 2022
aws;ISO (the International Organization for Standardization) and IEC (the International Electrotechnical Commission) form the specialized system for worldwide standardization. National bodies that are members of ISO or IEC participate in the development of International Standards through technical committees established by the respective organization to deal with particular fields of technical activity. ISO and IEC technical committees collaborate in fields of mutual interest. Other international organizations, governmental and non-governmental, in liaison with ISO and IEC, also take part in the work.;735291151388;ap-south-1;2026-07-13 17:35:21.078358;A.8.21;Security of Network Services;Security mechanisms, service levels and service requirements of network services should be identified, implemented and monitored.;A.8 Technological controls;A.8.21;Security of Network Services;Security mechanisms, service levels and service requirements of network services should be identified, implemented and monitored.;PASS;Instance i-034e7ac45ac7000f4 does not have Kafka port 9092 open to the Internet.;arn:aws:ec2:ap-south-1:735291151388:instance/i-034e7ac45ac7000f4;ec2_instance_port_kafka_exposed_to_internet;False;i-034e7ac45ac7000f4;ISO27001;ISO/IEC 27001 Information Security Management Standard 2022
aws;ISO (the International Organization for Standardization) and IEC (the International Electrotechnical Commission) form the specialized system for worldwide standardization. National bodies that are members of ISO or IEC participate in the development of International Standards through technical committees established by the respective organization to deal with particular fields of technical activity. ISO and IEC technical committees collaborate in fields of mutual interest. Other international organizations, governmental and non-governmental, in liaison with ISO and IEC, also take part in the work.;735291151388;ap-south-1;2026-07-13 17:35:21.078358;A.8.22;Segregation of Networks;Security mechanisms, service levels and service requirements of network services should be identified, implemented and monitored.;A.8 Technological controls;A.8.22;Segregation of Networks;Security mechanisms, service levels and service requirements of network services should be identified, implemented and monitored.;PASS;Instance i-034e7ac45ac7000f4 does not have Kafka port 9092 open to the Internet.;arn:aws:ec2:ap-south-1:735291151388:instance/i-034e7ac45ac7000f4;ec2_instance_port_kafka_exposed_to_internet;False;i-034e7ac45ac7000f4;ISO27001;ISO/IEC 27001 Information Security Management Standard 2022
aws;ISO (the International Organization for Standardization) and IEC (the International Electrotechnical Commission) form the specialized system for worldwide standardization. National bodies that are members of ISO or IEC participate in the development of International Standards through technical committees established by the respective organization to deal with particular fields of technical activity. ISO and IEC technical committees collaborate in fields of mutual interest. Other international organizations, governmental and non-governmental, in liaison with ISO and IEC, also take part in the work.;735291151388;ap-south-1;2026-07-13 17:35:21.078358;A.8.20;Network Security;Networks and network devices should be secured, managed and controlled to protect information in systems and applications.;A.8 Technological controls;A.8.20;Network Security;Networks and network devices should be secured, managed and controlled to protect information in systems and applications.;PASS;Instance i-034e7ac45ac7000f4 does not have Kerberos ports open to the Internet.;arn:aws:ec2:ap-south-1:735291151388:instance/i-034e7ac45ac7000f4;ec2_instance_port_kerberos_exposed_to_internet;False;i-034e7ac45ac7000f4;ISO27001;ISO/IEC 27001 Information Security Management Standard 2022
aws;ISO (the International Organization for Standardization) and IEC (the International Electrotechnical Commission) form the specialized system for worldwide standardization. National bodies that are members of ISO or IEC participate in the development of International Standards through technical committees established by the respective organization to deal with particular fields of technical activity. ISO and IEC technical committees collaborate in fields of mutual interest. Other international organizations, governmental and non-governmental, in liaison with ISO and IEC, also take part in the work.;735291151388;ap-south-1;2026-07-13 17:35:21.078358;A.8.21;Security of Network Services;Security mechanisms, service levels and service requirements of network services should be identified, implemented and monitored.;A.8 Technological controls;A.8.21;Security of Network Services;Security mechanisms, service levels and service requirements of network services should be identified, implemented and monitored.;PASS;Instance i-034e7ac45ac7000f4 does not have Kerberos ports open to the Internet.;arn:aws:ec2:ap-south-1:735291151388:instance/i-034e7ac45ac7000f4;ec2_instance_port_kerberos_exposed_to_internet;False;i-034e7ac45ac7000f4;ISO27001;ISO/IEC 27001 Information Security Management Standard 2022
aws;ISO (the International Organization for Standardization) and IEC (the International Electrotechnical Commission) form the specialized system for worldwide standardization. National bodies that are members of ISO or IEC participate in the development of International Standards through technical committees established by the respective organization to deal with particular fields of technical activity. ISO and IEC technical committees collaborate in fields of mutual interest. Other international organizations, governmental and non-governmental, in liaison with ISO and IEC, also take part in the work.;735291151388;ap-south-1;2026-07-13 17:35:21.078358;A.8.22;Segregation of Networks;Security mechanisms, service levels and service requirements of network services should be identified, implemented and monitored.;A.8 Technological controls;A.8.22;Segregation of Networks;Security mechanisms, service levels and service requirements of network services should be identified, implemented and monitored.;PASS;Instance i-034e7ac45ac7000f4 does not have Kerberos ports open to the Internet.;arn:aws:ec2:ap-south-1:735291151388:instance/i-034e7ac45ac7000f4;ec2_instance_port_kerberos_exposed_to_internet;False;i-034e7ac45ac7000f4;ISO27001;ISO/IEC 27001 Information Security Management Standard 2022
aws;ISO (the International Organization for Standardization) and IEC (the International Electrotechnical Commission) form the specialized system for worldwide standardization. National bodies that are members of ISO or IEC participate in the development of International Standards through technical committees established by the respective organization to deal with particular fields of technical activity. ISO and IEC technical committees collaborate in fields of mutual interest. Other international organizations, governmental and non-governmental, in liaison with ISO and IEC, also take part in the work.;735291151388;ap-south-1;2026-07-13 17:35:21.078358;A.8.20;Network Security;Networks and network devices should be secured, managed and controlled to protect information in systems and applications.;A.8 Technological controls;A.8.20;Network Security;Networks and network devices should be secured, managed and controlled to protect information in systems and applications.;PASS;Instance i-034e7ac45ac7000f4 does not have LDAP ports open to the Internet.;arn:aws:ec2:ap-south-1:735291151388:instance/i-034e7ac45ac7000f4;ec2_instance_port_ldap_exposed_to_internet;False;i-034e7ac45ac7000f4;ISO27001;ISO/IEC 27001 Information Security Management Standard 2022
aws;ISO (the International Organization for Standardization) and IEC (the International Electrotechnical Commission) form the specialized system for worldwide standardization. National bodies that are members of ISO or IEC participate in the development of International Standards through technical committees established by the respective organization to deal with particular fields of technical activity. ISO and IEC technical committees collaborate in fields of mutual interest. Other international organizations, governmental and non-governmental, in liaison with ISO and IEC, also take part in the work.;735291151388;ap-south-1;2026-07-13 17:35:21.078358;A.8.21;Security of Network Services;Security mechanisms, service levels and service requirements of network services should be identified, implemented and monitored.;A.8 Technological controls;A.8.21;Security of Network Services;Security mechanisms, service levels and service requirements of network services should be identified, implemented and monitored.;PASS;Instance i-034e7ac45ac7000f4 does not have LDAP ports open to the Internet.;arn:aws:ec2:ap-south-1:735291151388:instance/i-034e7ac45ac7000f4;ec2_instance_port_ldap_exposed_to_internet;False;i-034e7ac45ac7000f4;ISO27001;ISO/IEC 27001 Information Security Management Standard 2022
aws;ISO (the International Organization for Standardization) and IEC (the International Electrotechnical Commission) form the specialized system for worldwide standardization. National bodies that are members of ISO or IEC participate in the development of International Standards through technical committees established by the respective organization to deal with particular fields of technical activity. ISO and IEC technical committees collaborate in fields of mutual interest. Other international organizations, governmental and non-governmental, in liaison with ISO and IEC, also take part in the work.;735291151388;ap-south-1;2026-07-13 17:35:21.078358;A.8.22;Segregation of Networks;Security mechanisms, service levels and service requirements of network services should be identified, implemented and monitored.;A.8 Technological controls;A.8.22;Segregation of Networks;Security mechanisms, service levels and service requirements of network services should be identified, implemented and monitored.;PASS;Instance i-034e7ac45ac7000f4 does not have LDAP ports open to the Internet.;arn:aws:ec2:ap-south-1:735291151388:instance/i-034e7ac45ac7000f4;ec2_instance_port_ldap_exposed_to_internet;False;i-034e7ac45ac7000f4;ISO27001;ISO/IEC 27001 Information Security Management Standard 2022
aws;ISO (the International Organization for Standardization) and IEC (the International Electrotechnical Commission) form the specialized system for worldwide standardization. National bodies that are members of ISO or IEC participate in the development of International Standards through technical committees established by the respective organization to deal with particular fields of technical activity. ISO and IEC technical committees collaborate in fields of mutual interest. Other international organizations, governmental and non-governmental, in liaison with ISO and IEC, also take part in the work.;735291151388;ap-south-1;2026-07-13 17:35:21.078358;A.8.20;Network Security;Networks and network devices should be secured, managed and controlled to protect information in systems and applications.;A.8 Technological controls;A.8.20;Network Security;Networks and network devices should be secured, managed and controlled to protect information in systems and applications.;PASS;Instance i-034e7ac45ac7000f4 does not have Memcached port 11211 open to the Internet.;arn:aws:ec2:ap-south-1:735291151388:instance/i-034e7ac45ac7000f4;ec2_instance_port_memcached_exposed_to_internet;False;i-034e7ac45ac7000f4;ISO27001;ISO/IEC 27001 Information Security Management Standard 2022
aws;ISO (the International Organization for Standardization) and IEC (the International Electrotechnical Commission) form the specialized system for worldwide standardization. National bodies that are members of ISO or IEC participate in the development of International Standards through technical committees established by the respective organization to deal with particular fields of technical activity. ISO and IEC technical committees collaborate in fields of mutual interest. Other international organizations, governmental and non-governmental, in liaison with ISO and IEC, also take part in the work.;735291151388;ap-south-1;2026-07-13 17:35:21.078358;A.8.21;Security of Network Services;Security mechanisms, service levels and service requirements of network services should be identified, implemented and monitored.;A.8 Technological controls;A.8.21;Security of Network Services;Security mechanisms, service levels and service requirements of network services should be identified, implemented and monitored.;PASS;Instance i-034e7ac45ac7000f4 does not have Memcached port 11211 open to the Internet.;arn:aws:ec2:ap-south-1:735291151388:instance/i-034e7ac45ac7000f4;ec2_instance_port_memcached_exposed_to_internet;False;i-034e7ac45ac7000f4;ISO27001;ISO/IEC 27001 Information Security Management Standard 2022
aws;ISO (the International Organization for Standardization) and IEC (the International Electrotechnical Commission) form the specialized system for worldwide standardization. National bodies that are members of ISO or IEC participate in the development of International Standards through technical committees established by the respective organization to deal with particular fields of technical activity. ISO and IEC technical committees collaborate in fields of mutual interest. Other international organizations, governmental and non-governmental, in liaison with ISO and IEC, also take part in the work.;735291151388;ap-south-1;2026-07-13 17:35:21.078358;A.8.22;Segregation of Networks;Security mechanisms, service levels and service requirements of network services should be identified, implemented and monitored.;A.8 Technological controls;A.8.22;Segregation of Networks;Security mechanisms, service levels and service requirements of network services should be identified, implemented and monitored.;PASS;Instance i-034e7ac45ac7000f4 does not have Memcached port 11211 open to the Internet.;arn:aws:ec2:ap-south-1:735291151388:instance/i-034e7ac45ac7000f4;ec2_instance_port_memcached_exposed_to_internet;False;i-034e7ac45ac7000f4;ISO27001;ISO/IEC 27001 Information Security Management Standard 2022
aws;ISO (the International Organization for Standardization) and IEC (the International Electrotechnical Commission) form the specialized system for worldwide standardization. National bodies that are members of ISO or IEC participate in the development of International Standards through technical committees established by the respective organization to deal with particular fields of technical activity. ISO and IEC technical committees collaborate in fields of mutual interest. Other international organizations, governmental and non-governmental, in liaison with ISO and IEC, also take part in the work.;735291151388;ap-south-1;2026-07-13 17:35:21.078358;A.8.20;Network Security;Networks and network devices should be secured, managed and controlled to protect information in systems and applications.;A.8 Technological controls;A.8.20;Network Security;Networks and network devices should be secured, managed and controlled to protect information in systems and applications.;PASS;Instance i-034e7ac45ac7000f4 does not have MongoDB ports open to the Internet.;arn:aws:ec2:ap-south-1:735291151388:instance/i-034e7ac45ac7000f4;ec2_instance_port_mongodb_exposed_to_internet;False;i-034e7ac45ac7000f4;ISO27001;ISO/IEC 27001 Information Security Management Standard 2022
aws;ISO (the International Organization for Standardization) and IEC (the International Electrotechnical Commission) form the specialized system for worldwide standardization. National bodies that are members of ISO or IEC participate in the development of International Standards through technical committees established by the respective organization to deal with particular fields of technical activity. ISO and IEC technical committees collaborate in fields of mutual interest. Other international organizations, governmental and non-governmental, in liaison with ISO and IEC, also take part in the work.;735291151388;ap-south-1;2026-07-13 17:35:21.078358;A.8.21;Security of Network Services;Security mechanisms, service levels and service requirements of network services should be identified, implemented and monitored.;A.8 Technological controls;A.8.21;Security of Network Services;Security mechanisms, service levels and service requirements of network services should be identified, implemented and monitored.;PASS;Instance i-034e7ac45ac7000f4 does not have MongoDB ports open to the Internet.;arn:aws:ec2:ap-south-1:735291151388:instance/i-034e7ac45ac7000f4;ec2_instance_port_mongodb_exposed_to_internet;False;i-034e7ac45ac7000f4;ISO27001;ISO/IEC 27001 Information Security Management Standard 2022
aws;ISO (the International Organization for Standardization) and IEC (the International Electrotechnical Commission) form the specialized system for worldwide standardization. National bodies that are members of ISO or IEC participate in the development of International Standards through technical committees established by the respective organization to deal with particular fields of technical activity. ISO and IEC technical committees collaborate in fields of mutual interest. Other international organizations, governmental and non-governmental, in liaison with ISO and IEC, also take part in the work.;735291151388;ap-south-1;2026-07-13 17:35:21.078358;A.8.22;Segregation of Networks;Security mechanisms, service levels and service requirements of network services should be identified, implemented and monitored.;A.8 Technological controls;A.8.22;Segregation of Networks;Security mechanisms, service levels and service requirements of network services should be identified, implemented and monitored.;PASS;Instance i-034e7ac45ac7000f4 does not have MongoDB ports open to the Internet.;arn:aws:ec2:ap-south-1:735291151388:instance/i-034e7ac45ac7000f4;ec2_instance_port_mongodb_exposed_to_internet;False;i-034e7ac45ac7000f4;ISO27001;ISO/IEC 27001 Information Security Management Standard 2022
aws;ISO (the International Organization for Standardization) and IEC (the International Electrotechnical Commission) form the specialized system for worldwide standardization. National bodies that are members of ISO or IEC participate in the development of International Standards through technical committees established by the respective organization to deal with particular fields of technical activity. ISO and IEC technical committees collaborate in fields of mutual interest. Other international organizations, governmental and non-governmental, in liaison with ISO and IEC, also take part in the work.;735291151388;ap-south-1;2026-07-13 17:35:21.078358;A.8.20;Network Security;Networks and network devices should be secured, managed and controlled to protect information in systems and applications.;A.8 Technological controls;A.8.20;Network Security;Networks and network devices should be secured, managed and controlled to protect information in systems and applications.;PASS;Instance i-034e7ac45ac7000f4 does not have MySQL port 3306 open to the Internet.;arn:aws:ec2:ap-south-1:735291151388:instance/i-034e7ac45ac7000f4;ec2_instance_port_mysql_exposed_to_internet;False;i-034e7ac45ac7000f4;ISO27001;ISO/IEC 27001 Information Security Management Standard 2022
aws;ISO (the International Organization for Standardization) and IEC (the International Electrotechnical Commission) form the specialized system for worldwide standardization. National bodies that are members of ISO or IEC participate in the development of International Standards through technical committees established by the respective organization to deal with particular fields of technical activity. ISO and IEC technical committees collaborate in fields of mutual interest. Other international organizations, governmental and non-governmental, in liaison with ISO and IEC, also take part in the work.;735291151388;ap-south-1;2026-07-13 17:35:21.078358;A.8.21;Security of Network Services;Security mechanisms, service levels and service requirements of network services should be identified, implemented and monitored.;A.8 Technological controls;A.8.21;Security of Network Services;Security mechanisms, service levels and service requirements of network services should be identified, implemented and monitored.;PASS;Instance i-034e7ac45ac7000f4 does not have MySQL port 3306 open to the Internet.;arn:aws:ec2:ap-south-1:735291151388:instance/i-034e7ac45ac7000f4;ec2_instance_port_mysql_exposed_to_internet;False;i-034e7ac45ac7000f4;ISO27001;ISO/IEC 27001 Information Security Management Standard 2022
aws;ISO (the International Organization for Standardization) and IEC (the International Electrotechnical Commission) form the specialized system for worldwide standardization. National bodies that are members of ISO or IEC participate in the development of International Standards through technical committees established by the respective organization to deal with particular fields of technical activity. ISO and IEC technical committees collaborate in fields of mutual interest. Other international organizations, governmental and non-governmental, in liaison with ISO and IEC, also take part in the work.;735291151388;ap-south-1;2026-07-13 17:35:21.078358;A.8.22;Segregation of Networks;Security mechanisms, service levels and service requirements of network services should be identified, implemented and monitored.;A.8 Technological controls;A.8.22;Segregation of Networks;Security mechanisms, service levels and service requirements of network services should be identified, implemented and monitored.;PASS;Instance i-034e7ac45ac7000f4 does not have MySQL port 3306 open to the Internet.;arn:aws:ec2:ap-south-1:735291151388:instance/i-034e7ac45ac7000f4;ec2_instance_port_mysql_exposed_to_internet;False;i-034e7ac45ac7000f4;ISO27001;ISO/IEC 27001 Information Security Management Standard 2022
aws;ISO (the International Organization for Standardization) and IEC (the International Electrotechnical Commission) form the specialized system for worldwide standardization. National bodies that are members of ISO or IEC participate in the development of International Standards through technical committees established by the respective organization to deal with particular fields of technical activity. ISO and IEC technical committees collaborate in fields of mutual interest. Other international organizations, governmental and non-governmental, in liaison with ISO and IEC, also take part in the work.;735291151388;ap-south-1;2026-07-13 17:35:21.078358;A.8.20;Network Security;Networks and network devices should be secured, managed and controlled to protect information in systems and applications.;A.8 Technological controls;A.8.20;Network Security;Networks and network devices should be secured, managed and controlled to protect information in systems and applications.;PASS;Instance i-034e7ac45ac7000f4 does not have Oracle ports open to the Internet.;arn:aws:ec2:ap-south-1:735291151388:instance/i-034e7ac45ac7000f4;ec2_instance_port_oracle_exposed_to_internet;False;i-034e7ac45ac7000f4;ISO27001;ISO/IEC 27001 Information Security Management Standard 2022
aws;ISO (the International Organization for Standardization) and IEC (the International Electrotechnical Commission) form the specialized system for worldwide standardization. National bodies that are members of ISO or IEC participate in the development of International Standards through technical committees established by the respective organization to deal with particular fields of technical activity. ISO and IEC technical committees collaborate in fields of mutual interest. Other international organizations, governmental and non-governmental, in liaison with ISO and IEC, also take part in the work.;735291151388;ap-south-1;2026-07-13 17:35:21.078358;A.8.21;Security of Network Services;Security mechanisms, service levels and service requirements of network services should be identified, implemented and monitored.;A.8 Technological controls;A.8.21;Security of Network Services;Security mechanisms, service levels and service requirements of network services should be identified, implemented and monitored.;PASS;Instance i-034e7ac45ac7000f4 does not have Oracle ports open to the Internet.;arn:aws:ec2:ap-south-1:735291151388:instance/i-034e7ac45ac7000f4;ec2_instance_port_oracle_exposed_to_internet;False;i-034e7ac45ac7000f4;ISO27001;ISO/IEC 27001 Information Security Management Standard 2022
aws;ISO (the International Organization for Standardization) and IEC (the International Electrotechnical Commission) form the specialized system for worldwide standardization. National bodies that are members of ISO or IEC participate in the development of International Standards through technical committees established by the respective organization to deal with particular fields of technical activity. ISO and IEC technical committees collaborate in fields of mutual interest. Other international organizations, governmental and non-governmental, in liaison with ISO and IEC, also take part in the work.;735291151388;ap-south-1;2026-07-13 17:35:21.078358;A.8.22;Segregation of Networks;Security mechanisms, service levels and service requirements of network services should be identified, implemented and monitored.;A.8 Technological controls;A.8.22;Segregation of Networks;Security mechanisms, service levels and service requirements of network services should be identified, implemented and monitored.;PASS;Instance i-034e7ac45ac7000f4 does not have Oracle ports open to the Internet.;arn:aws:ec2:ap-south-1:735291151388:instance/i-034e7ac45ac7000f4;ec2_instance_port_oracle_exposed_to_internet;False;i-034e7ac45ac7000f4;ISO27001;ISO/IEC 27001 Information Security Management Standard 2022
aws;ISO (the International Organization for Standardization) and IEC (the International Electrotechnical Commission) form the specialized system for worldwide standardization. National bodies that are members of ISO or IEC participate in the development of International Standards through technical committees established by the respective organization to deal with particular fields of technical activity. ISO and IEC technical committees collaborate in fields of mutual interest. Other international organizations, governmental and non-governmental, in liaison with ISO and IEC, also take part in the work.;735291151388;ap-south-1;2026-07-13 17:35:21.078358;A.8.20;Network Security;Networks and network devices should be secured, managed and controlled to protect information in systems and applications.;A.8 Technological controls;A.8.20;Network Security;Networks and network devices should be secured, managed and controlled to protect information in systems and applications.;PASS;Instance i-034e7ac45ac7000f4 does not have PostgreSQL port 5432 open to the Internet.;arn:aws:ec2:ap-south-1:735291151388:instance/i-034e7ac45ac7000f4;ec2_instance_port_postgresql_exposed_to_internet;False;i-034e7ac45ac7000f4;ISO27001;ISO/IEC 27001 Information Security Management Standard 2022
aws;ISO (the International Organization for Standardization) and IEC (the International Electrotechnical Commission) form the specialized system for worldwide standardization. National bodies that are members of ISO or IEC participate in the development of International Standards through technical committees established by the respective organization to deal with particular fields of technical activity. ISO and IEC technical committees collaborate in fields of mutual interest. Other international organizations, governmental and non-governmental, in liaison with ISO and IEC, also take part in the work.;735291151388;ap-south-1;2026-07-13 17:35:21.078358;A.8.21;Security of Network Services;Security mechanisms, service levels and service requirements of network services should be identified, implemented and monitored.;A.8 Technological controls;A.8.21;Security of Network Services;Security mechanisms, service levels and service requirements of network services should be identified, implemented and monitored.;PASS;Instance i-034e7ac45ac7000f4 does not have PostgreSQL port 5432 open to the Internet.;arn:aws:ec2:ap-south-1:735291151388:instance/i-034e7ac45ac7000f4;ec2_instance_port_postgresql_exposed_to_internet;False;i-034e7ac45ac7000f4;ISO27001;ISO/IEC 27001 Information Security Management Standard 2022
aws;ISO (the International Organization for Standardization) and IEC (the International Electrotechnical Commission) form the specialized system for worldwide standardization. National bodies that are members of ISO or IEC participate in the development of International Standards through technical committees established by the respective organization to deal with particular fields of technical activity. ISO and IEC technical committees collaborate in fields of mutual interest. Other international organizations, governmental and non-governmental, in liaison with ISO and IEC, also take part in the work.;735291151388;ap-south-1;2026-07-13 17:35:21.078358;A.8.22;Segregation of Networks;Security mechanisms, service levels and service requirements of network services should be identified, implemented and monitored.;A.8 Technological controls;A.8.22;Segregation of Networks;Security mechanisms, service levels and service requirements of network services should be identified, implemented and monitored.;PASS;Instance i-034e7ac45ac7000f4 does not have PostgreSQL port 5432 open to the Internet.;arn:aws:ec2:ap-south-1:735291151388:instance/i-034e7ac45ac7000f4;ec2_instance_port_postgresql_exposed_to_internet;False;i-034e7ac45ac7000f4;ISO27001;ISO/IEC 27001 Information Security Management Standard 2022
aws;ISO (the International Organization for Standardization) and IEC (the International Electrotechnical Commission) form the specialized system for worldwide standardization. National bodies that are members of ISO or IEC participate in the development of International Standards through technical committees established by the respective organization to deal with particular fields of technical activity. ISO and IEC technical committees collaborate in fields of mutual interest. Other international organizations, governmental and non-governmental, in liaison with ISO and IEC, also take part in the work.;735291151388;ap-south-1;2026-07-13 17:35:21.078358;A.8.20;Network Security;Networks and network devices should be secured, managed and controlled to protect information in systems and applications.;A.8 Technological controls;A.8.20;Network Security;Networks and network devices should be secured, managed and controlled to protect information in systems and applications.;PASS;Instance i-034e7ac45ac7000f4 does not have RDP port 3389 open to the Internet.;arn:aws:ec2:ap-south-1:735291151388:instance/i-034e7ac45ac7000f4;ec2_instance_port_rdp_exposed_to_internet;False;i-034e7ac45ac7000f4;ISO27001;ISO/IEC 27001 Information Security Management Standard 2022
aws;ISO (the International Organization for Standardization) and IEC (the International Electrotechnical Commission) form the specialized system for worldwide standardization. National bodies that are members of ISO or IEC participate in the development of International Standards through technical committees established by the respective organization to deal with particular fields of technical activity. ISO and IEC technical committees collaborate in fields of mutual interest. Other international organizations, governmental and non-governmental, in liaison with ISO and IEC, also take part in the work.;735291151388;ap-south-1;2026-07-13 17:35:21.078358;A.8.21;Security of Network Services;Security mechanisms, service levels and service requirements of network services should be identified, implemented and monitored.;A.8 Technological controls;A.8.21;Security of Network Services;Security mechanisms, service levels and service requirements of network services should be identified, implemented and monitored.;PASS;Instance i-034e7ac45ac7000f4 does not have RDP port 3389 open to the Internet.;arn:aws:ec2:ap-south-1:735291151388:instance/i-034e7ac45ac7000f4;ec2_instance_port_rdp_exposed_to_internet;False;i-034e7ac45ac7000f4;ISO27001;ISO/IEC 27001 Information Security Management Standard 2022
aws;ISO (the International Organization for Standardization) and IEC (the International Electrotechnical Commission) form the specialized system for worldwide standardization. National bodies that are members of ISO or IEC participate in the development of International Standards through technical committees established by the respective organization to deal with particular fields of technical activity. ISO and IEC technical committees collaborate in fields of mutual interest. Other international organizations, governmental and non-governmental, in liaison with ISO and IEC, also take part in the work.;735291151388;ap-south-1;2026-07-13 17:35:21.078358;A.8.22;Segregation of Networks;Security mechanisms, service levels and service requirements of network services should be identified, implemented and monitored.;A.8 Technological controls;A.8.22;Segregation of Networks;Security mechanisms, service levels and service requirements of network services should be identified, implemented and monitored.;PASS;Instance i-034e7ac45ac7000f4 does not have RDP port 3389 open to the Internet.;arn:aws:ec2:ap-south-1:735291151388:instance/i-034e7ac45ac7000f4;ec2_instance_port_rdp_exposed_to_internet;False;i-034e7ac45ac7000f4;ISO27001;ISO/IEC 27001 Information Security Management Standard 2022
aws;ISO (the International Organization for Standardization) and IEC (the International Electrotechnical Commission) form the specialized system for worldwide standardization. National bodies that are members of ISO or IEC participate in the development of International Standards through technical committees established by the respective organization to deal with particular fields of technical activity. ISO and IEC technical committees collaborate in fields of mutual interest. Other international organizations, governmental and non-governmental, in liaison with ISO and IEC, also take part in the work.;735291151388;ap-south-1;2026-07-13 17:35:21.078358;A.8.20;Network Security;Networks and network devices should be secured, managed and controlled to protect information in systems and applications.;A.8 Technological controls;A.8.20;Network Security;Networks and network devices should be secured, managed and controlled to protect information in systems and applications.;PASS;Instance i-034e7ac45ac7000f4 does not have Redis port 6379 open to the Internet.;arn:aws:ec2:ap-south-1:735291151388:instance/i-034e7ac45ac7000f4;ec2_instance_port_redis_exposed_to_internet;False;i-034e7ac45ac7000f4;ISO27001;ISO/IEC 27001 Information Security Management Standard 2022
aws;ISO (the International Organization for Standardization) and IEC (the International Electrotechnical Commission) form the specialized system for worldwide standardization. National bodies that are members of ISO or IEC participate in the development of International Standards through technical committees established by the respective organization to deal with particular fields of technical activity. ISO and IEC technical committees collaborate in fields of mutual interest. Other international organizations, governmental and non-governmental, in liaison with ISO and IEC, also take part in the work.;735291151388;ap-south-1;2026-07-13 17:35:21.078358;A.8.21;Security of Network Services;Security mechanisms, service levels and service requirements of network services should be identified, implemented and monitored.;A.8 Technological controls;A.8.21;Security of Network Services;Security mechanisms, service levels and service requirements of network services should be identified, implemented and monitored.;PASS;Instance i-034e7ac45ac7000f4 does not have Redis port 6379 open to the Internet.;arn:aws:ec2:ap-south-1:735291151388:instance/i-034e7ac45ac7000f4;ec2_instance_port_redis_exposed_to_internet;False;i-034e7ac45ac7000f4;ISO27001;ISO/IEC 27001 Information Security Management Standard 2022
aws;ISO (the International Organization for Standardization) and IEC (the International Electrotechnical Commission) form the specialized system for worldwide standardization. National bodies that are members of ISO or IEC participate in the development of International Standards through technical committees established by the respective organization to deal with particular fields of technical activity. ISO and IEC technical committees collaborate in fields of mutual interest. Other international organizations, governmental and non-governmental, in liaison with ISO and IEC, also take part in the work.;735291151388;ap-south-1;2026-07-13 17:35:21.078358;A.8.22;Segregation of Networks;Security mechanisms, service levels and service requirements of network services should be identified, implemented and monitored.;A.8 Technological controls;A.8.22;Segregation of Networks;Security mechanisms, service levels and service requirements of network services should be identified, implemented and monitored.;PASS;Instance i-034e7ac45ac7000f4 does not have Redis port 6379 open to the Internet.;arn:aws:ec2:ap-south-1:735291151388:instance/i-034e7ac45ac7000f4;ec2_instance_port_redis_exposed_to_internet;False;i-034e7ac45ac7000f4;ISO27001;ISO/IEC 27001 Information Security Management Standard 2022
aws;ISO (the International Organization for Standardization) and IEC (the International Electrotechnical Commission) form the specialized system for worldwide standardization. National bodies that are members of ISO or IEC participate in the development of International Standards through technical committees established by the respective organization to deal with particular fields of technical activity. ISO and IEC technical committees collaborate in fields of mutual interest. Other international organizations, governmental and non-governmental, in liaison with ISO and IEC, also take part in the work.;735291151388;ap-south-1;2026-07-13 17:35:21.078358;A.8.20;Network Security;Networks and network devices should be secured, managed and controlled to protect information in systems and applications.;A.8 Technological controls;A.8.20;Network Security;Networks and network devices should be secured, managed and controlled to protect information in systems and applications.;PASS;Instance i-034e7ac45ac7000f4 does not have SQL Server ports open to the Internet.;arn:aws:ec2:ap-south-1:735291151388:instance/i-034e7ac45ac7000f4;ec2_instance_port_sqlserver_exposed_to_internet;False;i-034e7ac45ac7000f4;ISO27001;ISO/IEC 27001 Information Security Management Standard 2022
aws;ISO (the International Organization for Standardization) and IEC (the International Electrotechnical Commission) form the specialized system for worldwide standardization. National bodies that are members of ISO or IEC participate in the development of International Standards through technical committees established by the respective organization to deal with particular fields of technical activity. ISO and IEC technical committees collaborate in fields of mutual interest. Other international organizations, governmental and non-governmental, in liaison with ISO and IEC, also take part in the work.;735291151388;ap-south-1;2026-07-13 17:35:21.078358;A.8.21;Security of Network Services;Security mechanisms, service levels and service requirements of network services should be identified, implemented and monitored.;A.8 Technological controls;A.8.21;Security of Network Services;Security mechanisms, service levels and service requirements of network services should be identified, implemented and monitored.;PASS;Instance i-034e7ac45ac7000f4 does not have SQL Server ports open to the Internet.;arn:aws:ec2:ap-south-1:735291151388:instance/i-034e7ac45ac7000f4;ec2_instance_port_sqlserver_exposed_to_internet;False;i-034e7ac45ac7000f4;ISO27001;ISO/IEC 27001 Information Security Management Standard 2022
aws;ISO (the International Organization for Standardization) and IEC (the International Electrotechnical Commission) form the specialized system for worldwide standardization. National bodies that are members of ISO or IEC participate in the development of International Standards through technical committees established by the respective organization to deal with particular fields of technical activity. ISO and IEC technical committees collaborate in fields of mutual interest. Other international organizations, governmental and non-governmental, in liaison with ISO and IEC, also take part in the work.;735291151388;ap-south-1;2026-07-13 17:35:21.078358;A.8.22;Segregation of Networks;Security mechanisms, service levels and service requirements of network services should be identified, implemented and monitored.;A.8 Technological controls;A.8.22;Segregation of Networks;Security mechanisms, service levels and service requirements of network services should be identified, implemented and monitored.;PASS;Instance i-034e7ac45ac7000f4 does not have SQL Server ports open to the Internet.;arn:aws:ec2:ap-south-1:735291151388:instance/i-034e7ac45ac7000f4;ec2_instance_port_sqlserver_exposed_to_internet;False;i-034e7ac45ac7000f4;ISO27001;ISO/IEC 27001 Information Security Management Standard 2022
aws;ISO (the International Organization for Standardization) and IEC (the International Electrotechnical Commission) form the specialized system for worldwide standardization. National bodies that are members of ISO or IEC participate in the development of International Standards through technical committees established by the respective organization to deal with particular fields of technical activity. ISO and IEC technical committees collaborate in fields of mutual interest. Other international organizations, governmental and non-governmental, in liaison with ISO and IEC, also take part in the work.;735291151388;ap-south-1;2026-07-13 17:35:21.078358;A.8.20;Network Security;Networks and network devices should be secured, managed and controlled to protect information in systems and applications.;A.8 Technological controls;A.8.20;Network Security;Networks and network devices should be secured, managed and controlled to protect information in systems and applications.;FAIL;Instance i-034e7ac45ac7000f4 has SSH exposed to 0.0.0.0/0 on public IP address 13.233.224.102 in public subnet subnet-065b4c67cbd638d69.;arn:aws:ec2:ap-south-1:735291151388:instance/i-034e7ac45ac7000f4;ec2_instance_port_ssh_exposed_to_internet;False;i-034e7ac45ac7000f4;ISO27001;ISO/IEC 27001 Information Security Management Standard 2022
aws;ISO (the International Organization for Standardization) and IEC (the International Electrotechnical Commission) form the specialized system for worldwide standardization. National bodies that are members of ISO or IEC participate in the development of International Standards through technical committees established by the respective organization to deal with particular fields of technical activity. ISO and IEC technical committees collaborate in fields of mutual interest. Other international organizations, governmental and non-governmental, in liaison with ISO and IEC, also take part in the work.;735291151388;ap-south-1;2026-07-13 17:35:21.078358;A.8.21;Security of Network Services;Security mechanisms, service levels and service requirements of network services should be identified, implemented and monitored.;A.8 Technological controls;A.8.21;Security of Network Services;Security mechanisms, service levels and service requirements of network services should be identified, implemented and monitored.;FAIL;Instance i-034e7ac45ac7000f4 has SSH exposed to 0.0.0.0/0 on public IP address 13.233.224.102 in public subnet subnet-065b4c67cbd638d69.;arn:aws:ec2:ap-south-1:735291151388:instance/i-034e7ac45ac7000f4;ec2_instance_port_ssh_exposed_to_internet;False;i-034e7ac45ac7000f4;ISO27001;ISO/IEC 27001 Information Security Management Standard 2022
aws;ISO (the International Organization for Standardization) and IEC (the International Electrotechnical Commission) form the specialized system for worldwide standardization. National bodies that are members of ISO or IEC participate in the development of International Standards through technical committees established by the respective organization to deal with particular fields of technical activity. ISO and IEC technical committees collaborate in fields of mutual interest. Other international organizations, governmental and non-governmental, in liaison with ISO and IEC, also take part in the work.;735291151388;ap-south-1;2026-07-13 17:35:21.078358;A.8.22;Segregation of Networks;Security mechanisms, service levels and service requirements of network services should be identified, implemented and monitored.;A.8 Technological controls;A.8.22;Segregation of Networks;Security mechanisms, service levels and service requirements of network services should be identified, implemented and monitored.;FAIL;Instance i-034e7ac45ac7000f4 has SSH exposed to 0.0.0.0/0 on public IP address 13.233.224.102 in public subnet subnet-065b4c67cbd638d69.;arn:aws:ec2:ap-south-1:735291151388:instance/i-034e7ac45ac7000f4;ec2_instance_port_ssh_exposed_to_internet;False;i-034e7ac45ac7000f4;ISO27001;ISO/IEC 27001 Information Security Management Standard 2022
aws;ISO (the International Organization for Standardization) and IEC (the International Electrotechnical Commission) form the specialized system for worldwide standardization. National bodies that are members of ISO or IEC participate in the development of International Standards through technical committees established by the respective organization to deal with particular fields of technical activity. ISO and IEC technical committees collaborate in fields of mutual interest. Other international organizations, governmental and non-governmental, in liaison with ISO and IEC, also take part in the work.;735291151388;ap-south-1;2026-07-13 17:35:21.078358;A.8.20;Network Security;Networks and network devices should be secured, managed and controlled to protect information in systems and applications.;A.8 Technological controls;A.8.20;Network Security;Networks and network devices should be secured, managed and controlled to protect information in systems and applications.;PASS;Instance i-034e7ac45ac7000f4 does not have Telnet port 23 open to the Internet.;arn:aws:ec2:ap-south-1:735291151388:instance/i-034e7ac45ac7000f4;ec2_instance_port_telnet_exposed_to_internet;False;i-034e7ac45ac7000f4;ISO27001;ISO/IEC 27001 Information Security Management Standard 2022
aws;ISO (the International Organization for Standardization) and IEC (the International Electrotechnical Commission) form the specialized system for worldwide standardization. National bodies that are members of ISO or IEC participate in the development of International Standards through technical committees established by the respective organization to deal with particular fields of technical activity. ISO and IEC technical committees collaborate in fields of mutual interest. Other international organizations, governmental and non-governmental, in liaison with ISO and IEC, also take part in the work.;735291151388;ap-south-1;2026-07-13 17:35:21.078358;A.8.21;Security of Network Services;Security mechanisms, service levels and service requirements of network services should be identified, implemented and monitored.;A.8 Technological controls;A.8.21;Security of Network Services;Security mechanisms, service levels and service requirements of network services should be identified, implemented and monitored.;PASS;Instance i-034e7ac45ac7000f4 does not have Telnet port 23 open to the Internet.;arn:aws:ec2:ap-south-1:735291151388:instance/i-034e7ac45ac7000f4;ec2_instance_port_telnet_exposed_to_internet;False;i-034e7ac45ac7000f4;ISO27001;ISO/IEC 27001 Information Security Management Standard 2022
aws;ISO (the International Organization for Standardization) and IEC (the International Electrotechnical Commission) form the specialized system for worldwide standardization. National bodies that are members of ISO or IEC participate in the development of International Standards through technical committees established by the respective organization to deal with particular fields of technical activity. ISO and IEC technical committees collaborate in fields of mutual interest. Other international organizations, governmental and non-governmental, in liaison with ISO and IEC, also take part in the work.;735291151388;ap-south-1;2026-07-13 17:35:21.078358;A.8.22;Segregation of Networks;Security mechanisms, service levels and service requirements of network services should be identified, implemented and monitored.;A.8 Technological controls;A.8.22;Segregation of Networks;Security mechanisms, service levels and service requirements of network services should be identified, implemented and monitored.;PASS;Instance i-034e7ac45ac7000f4 does not have Telnet port 23 open to the Internet.;arn:aws:ec2:ap-south-1:735291151388:instance/i-034e7ac45ac7000f4;ec2_instance_port_telnet_exposed_to_internet;False;i-034e7ac45ac7000f4;ISO27001;ISO/IEC 27001 Information Security Management Standard 2022
aws;ISO (the International Organization for Standardization) and IEC (the International Electrotechnical Commission) form the specialized system for worldwide standardization. National bodies that are members of ISO or IEC participate in the development of International Standards through technical committees established by the respective organization to deal with particular fields of technical activity. ISO and IEC technical committees collaborate in fields of mutual interest. Other international organizations, governmental and non-governmental, in liaison with ISO and IEC, also take part in the work.;735291151388;ap-south-1;2026-07-13 17:35:21.078358;A.8.2;Privileged Access Rights;The allocation and use of privileged access rights should be restricted and managed.;A.8 Technological controls;A.8.2;Privileged Access Rights;The allocation and use of privileged access rights should be restricted and managed.;PASS;EC2 Instance i-034e7ac45ac7000f4 associated with Instance Profile Role arn:aws:iam::735291151388:instance-profile/cloudguardian-web-profile.;arn:aws:ec2:ap-south-1:735291151388:instance/i-034e7ac45ac7000f4;ec2_instance_profile_attached;False;i-034e7ac45ac7000f4;ISO27001;ISO/IEC 27001 Information Security Management Standard 2022
aws;ISO (the International Organization for Standardization) and IEC (the International Electrotechnical Commission) form the specialized system for worldwide standardization. National bodies that are members of ISO or IEC participate in the development of International Standards through technical committees established by the respective organization to deal with particular fields of technical activity. ISO and IEC technical committees collaborate in fields of mutual interest. Other international organizations, governmental and non-governmental, in liaison with ISO and IEC, also take part in the work.;735291151388;ap-south-1;2026-07-13 17:35:21.078358;A.8.20;Network Security;Networks and network devices should be secured, managed and controlled to protect information in systems and applications.;A.8 Technological controls;A.8.20;Network Security;Networks and network devices should be secured, managed and controlled to protect information in systems and applications.;PASS;EC2 Instance i-034e7ac45ac7000f4 associated with Instance Profile Role arn:aws:iam::735291151388:instance-profile/cloudguardian-web-profile.;arn:aws:ec2:ap-south-1:735291151388:instance/i-034e7ac45ac7000f4;ec2_instance_profile_attached;False;i-034e7ac45ac7000f4;ISO27001;ISO/IEC 27001 Information Security Management Standard 2022
aws;ISO (the International Organization for Standardization) and IEC (the International Electrotechnical Commission) form the specialized system for worldwide standardization. National bodies that are members of ISO or IEC participate in the development of International Standards through technical committees established by the respective organization to deal with particular fields of technical activity. ISO and IEC technical committees collaborate in fields of mutual interest. Other international organizations, governmental and non-governmental, in liaison with ISO and IEC, also take part in the work.;735291151388;ap-south-1;2026-07-13 17:35:21.078358;A.8.21;Security of Network Services;Security mechanisms, service levels and service requirements of network services should be identified, implemented and monitored.;A.8 Technological controls;A.8.21;Security of Network Services;Security mechanisms, service levels and service requirements of network services should be identified, implemented and monitored.;PASS;EC2 Instance i-034e7ac45ac7000f4 associated with Instance Profile Role arn:aws:iam::735291151388:instance-profile/cloudguardian-web-profile.;arn:aws:ec2:ap-south-1:735291151388:instance/i-034e7ac45ac7000f4;ec2_instance_profile_attached;False;i-034e7ac45ac7000f4;ISO27001;ISO/IEC 27001 Information Security Management Standard 2022
aws;ISO (the International Organization for Standardization) and IEC (the International Electrotechnical Commission) form the specialized system for worldwide standardization. National bodies that are members of ISO or IEC participate in the development of International Standards through technical committees established by the respective organization to deal with particular fields of technical activity. ISO and IEC technical committees collaborate in fields of mutual interest. Other international organizations, governmental and non-governmental, in liaison with ISO and IEC, also take part in the work.;735291151388;ap-south-1;2026-07-13 17:35:21.078358;A.8.22;Segregation of Networks;Security mechanisms, service levels and service requirements of network services should be identified, implemented and monitored.;A.8 Technological controls;A.8.22;Segregation of Networks;Security mechanisms, service levels and service requirements of network services should be identified, implemented and monitored.;PASS;EC2 Instance i-034e7ac45ac7000f4 associated with Instance Profile Role arn:aws:iam::735291151388:instance-profile/cloudguardian-web-profile.;arn:aws:ec2:ap-south-1:735291151388:instance/i-034e7ac45ac7000f4;ec2_instance_profile_attached;False;i-034e7ac45ac7000f4;ISO27001;ISO/IEC 27001 Information Security Management Standard 2022
aws;ISO (the International Organization for Standardization) and IEC (the International Electrotechnical Commission) form the specialized system for worldwide standardization. National bodies that are members of ISO or IEC participate in the development of International Standards through technical committees established by the respective organization to deal with particular fields of technical activity. ISO and IEC technical committees collaborate in fields of mutual interest. Other international organizations, governmental and non-governmental, in liaison with ISO and IEC, also take part in the work.;735291151388;ap-south-1;2026-07-13 17:35:21.078358;A.8.1;User Endpoint Devices;Information stored on, processed by or accessible via user endpoint devices should be protected.;A.8 Technological controls;A.8.1;User Endpoint Devices;Information stored on, processed by or accessible via user endpoint devices should be protected.;FAIL;EC2 Instance i-034e7ac45ac7000f4 has a Public IP: 13.233.224.102 (ec2-13-233-224-102.ap-south-1.compute.amazonaws.com).;arn:aws:ec2:ap-south-1:735291151388:instance/i-034e7ac45ac7000f4;ec2_instance_public_ip;False;i-034e7ac45ac7000f4;ISO27001;ISO/IEC 27001 Information Security Management Standard 2022
aws;ISO (the International Organization for Standardization) and IEC (the International Electrotechnical Commission) form the specialized system for worldwide standardization. National bodies that are members of ISO or IEC participate in the development of International Standards through technical committees established by the respective organization to deal with particular fields of technical activity. ISO and IEC technical committees collaborate in fields of mutual interest. Other international organizations, governmental and non-governmental, in liaison with ISO and IEC, also take part in the work.;735291151388;ap-south-1;2026-07-13 17:35:21.078358;A.8.20;Network Security;Networks and network devices should be secured, managed and controlled to protect information in systems and applications.;A.8 Technological controls;A.8.20;Network Security;Networks and network devices should be secured, managed and controlled to protect information in systems and applications.;FAIL;EC2 Instance i-034e7ac45ac7000f4 has a Public IP: 13.233.224.102 (ec2-13-233-224-102.ap-south-1.compute.amazonaws.com).;arn:aws:ec2:ap-south-1:735291151388:instance/i-034e7ac45ac7000f4;ec2_instance_public_ip;False;i-034e7ac45ac7000f4;ISO27001;ISO/IEC 27001 Information Security Management Standard 2022
aws;ISO (the International Organization for Standardization) and IEC (the International Electrotechnical Commission) form the specialized system for worldwide standardization. National bodies that are members of ISO or IEC participate in the development of International Standards through technical committees established by the respective organization to deal with particular fields of technical activity. ISO and IEC technical committees collaborate in fields of mutual interest. Other international organizations, governmental and non-governmental, in liaison with ISO and IEC, also take part in the work.;735291151388;ap-south-1;2026-07-13 17:35:21.078358;A.8.21;Security of Network Services;Security mechanisms, service levels and service requirements of network services should be identified, implemented and monitored.;A.8 Technological controls;A.8.21;Security of Network Services;Security mechanisms, service levels and service requirements of network services should be identified, implemented and monitored.;FAIL;EC2 Instance i-034e7ac45ac7000f4 has a Public IP: 13.233.224.102 (ec2-13-233-224-102.ap-south-1.compute.amazonaws.com).;arn:aws:ec2:ap-south-1:735291151388:instance/i-034e7ac45ac7000f4;ec2_instance_public_ip;False;i-034e7ac45ac7000f4;ISO27001;ISO/IEC 27001 Information Security Management Standard 2022
aws;ISO (the International Organization for Standardization) and IEC (the International Electrotechnical Commission) form the specialized system for worldwide standardization. National bodies that are members of ISO or IEC participate in the development of International Standards through technical committees established by the respective organization to deal with particular fields of technical activity. ISO and IEC technical committees collaborate in fields of mutual interest. Other international organizations, governmental and non-governmental, in liaison with ISO and IEC, also take part in the work.;735291151388;ap-south-1;2026-07-13 17:35:21.078358;A.8.22;Segregation of Networks;Security mechanisms, service levels and service requirements of network services should be identified, implemented and monitored.;A.8 Technological controls;A.8.22;Segregation of Networks;Security mechanisms, service levels and service requirements of network services should be identified, implemented and monitored.;FAIL;EC2 Instance i-034e7ac45ac7000f4 has a Public IP: 13.233.224.102 (ec2-13-233-224-102.ap-south-1.compute.amazonaws.com).;arn:aws:ec2:ap-south-1:735291151388:instance/i-034e7ac45ac7000f4;ec2_instance_public_ip;False;i-034e7ac45ac7000f4;ISO27001;ISO/IEC 27001 Information Security Management Standard 2022
aws;ISO (the International Organization for Standardization) and IEC (the International Electrotechnical Commission) form the specialized system for worldwide standardization. National bodies that are members of ISO or IEC participate in the development of International Standards through technical committees established by the respective organization to deal with particular fields of technical activity. ISO and IEC technical committees collaborate in fields of mutual interest. Other international organizations, governmental and non-governmental, in liaison with ISO and IEC, also take part in the work.;735291151388;ap-south-1;2026-07-13 17:35:21.078358;A.8.20;Network Security;Networks and network devices should be secured, managed and controlled to protect information in systems and applications.;A.8 Technological controls;A.8.20;Network Security;Networks and network devices should be secured, managed and controlled to protect information in systems and applications.;PASS;No secrets found in EC2 instance i-034e7ac45ac7000f4 User Data.;arn:aws:ec2:ap-south-1:735291151388:instance/i-034e7ac45ac7000f4;ec2_instance_secrets_user_data;False;i-034e7ac45ac7000f4;ISO27001;ISO/IEC 27001 Information Security Management Standard 2022
aws;ISO (the International Organization for Standardization) and IEC (the International Electrotechnical Commission) form the specialized system for worldwide standardization. National bodies that are members of ISO or IEC participate in the development of International Standards through technical committees established by the respective organization to deal with particular fields of technical activity. ISO and IEC technical committees collaborate in fields of mutual interest. Other international organizations, governmental and non-governmental, in liaison with ISO and IEC, also take part in the work.;735291151388;ap-south-1;2026-07-13 17:35:21.078358;A.8.21;Security of Network Services;Security mechanisms, service levels and service requirements of network services should be identified, implemented and monitored.;A.8 Technological controls;A.8.21;Security of Network Services;Security mechanisms, service levels and service requirements of network services should be identified, implemented and monitored.;PASS;No secrets found in EC2 instance i-034e7ac45ac7000f4 User Data.;arn:aws:ec2:ap-south-1:735291151388:instance/i-034e7ac45ac7000f4;ec2_instance_secrets_user_data;False;i-034e7ac45ac7000f4;ISO27001;ISO/IEC 27001 Information Security Management Standard 2022
aws;ISO (the International Organization for Standardization) and IEC (the International Electrotechnical Commission) form the specialized system for worldwide standardization. National bodies that are members of ISO or IEC participate in the development of International Standards through technical committees established by the respective organization to deal with particular fields of technical activity. ISO and IEC technical committees collaborate in fields of mutual interest. Other international organizations, governmental and non-governmental, in liaison with ISO and IEC, also take part in the work.;735291151388;ap-south-1;2026-07-13 17:35:21.078358;A.8.22;Segregation of Networks;Security mechanisms, service levels and service requirements of network services should be identified, implemented and monitored.;A.8 Technological controls;A.8.22;Segregation of Networks;Security mechanisms, service levels and service requirements of network services should be identified, implemented and monitored.;PASS;No secrets found in EC2 instance i-034e7ac45ac7000f4 User Data.;arn:aws:ec2:ap-south-1:735291151388:instance/i-034e7ac45ac7000f4;ec2_instance_secrets_user_data;False;i-034e7ac45ac7000f4;ISO27001;ISO/IEC 27001 Information Security Management Standard 2022
aws;ISO (the International Organization for Standardization) and IEC (the International Electrotechnical Commission) form the specialized system for worldwide standardization. National bodies that are members of ISO or IEC participate in the development of International Standards through technical committees established by the respective organization to deal with particular fields of technical activity. ISO and IEC technical committees collaborate in fields of mutual interest. Other international organizations, governmental and non-governmental, in liaison with ISO and IEC, also take part in the work.;735291151388;ap-south-1;2026-07-13 17:35:21.078358;A.8.20;Network Security;Networks and network devices should be secured, managed and controlled to protect information in systems and applications.;A.8 Technological controls;A.8.20;Network Security;Networks and network devices should be secured, managed and controlled to protect information in systems and applications.;PASS;EC2 Instance i-034e7ac45ac7000f4 uses only one ENI: ( Interfaces: ['eni-0763b70c78d0a62ed'] ).;arn:aws:ec2:ap-south-1:735291151388:instance/i-034e7ac45ac7000f4;ec2_instance_uses_single_eni;False;i-034e7ac45ac7000f4;ISO27001;ISO/IEC 27001 Information Security Management Standard 2022
aws;ISO (the International Organization for Standardization) and IEC (the International Electrotechnical Commission) form the specialized system for worldwide standardization. National bodies that are members of ISO or IEC participate in the development of International Standards through technical committees established by the respective organization to deal with particular fields of technical activity. ISO and IEC technical committees collaborate in fields of mutual interest. Other international organizations, governmental and non-governmental, in liaison with ISO and IEC, also take part in the work.;735291151388;ap-south-1;2026-07-13 17:35:21.078358;A.8.21;Security of Network Services;Security mechanisms, service levels and service requirements of network services should be identified, implemented and monitored.;A.8 Technological controls;A.8.21;Security of Network Services;Security mechanisms, service levels and service requirements of network services should be identified, implemented and monitored.;PASS;EC2 Instance i-034e7ac45ac7000f4 uses only one ENI: ( Interfaces: ['eni-0763b70c78d0a62ed'] ).;arn:aws:ec2:ap-south-1:735291151388:instance/i-034e7ac45ac7000f4;ec2_instance_uses_single_eni;False;i-034e7ac45ac7000f4;ISO27001;ISO/IEC 27001 Information Security Management Standard 2022
aws;ISO (the International Organization for Standardization) and IEC (the International Electrotechnical Commission) form the specialized system for worldwide standardization. National bodies that are members of ISO or IEC participate in the development of International Standards through technical committees established by the respective organization to deal with particular fields of technical activity. ISO and IEC technical committees collaborate in fields of mutual interest. Other international organizations, governmental and non-governmental, in liaison with ISO and IEC, also take part in the work.;735291151388;ap-south-1;2026-07-13 17:35:21.078358;A.8.22;Segregation of Networks;Security mechanisms, service levels and service requirements of network services should be identified, implemented and monitored.;A.8 Technological controls;A.8.22;Segregation of Networks;Security mechanisms, service levels and service requirements of network services should be identified, implemented and monitored.;PASS;EC2 Instance i-034e7ac45ac7000f4 uses only one ENI: ( Interfaces: ['eni-0763b70c78d0a62ed'] ).;arn:aws:ec2:ap-south-1:735291151388:instance/i-034e7ac45ac7000f4;ec2_instance_uses_single_eni;False;i-034e7ac45ac7000f4;ISO27001;ISO/IEC 27001 Information Security Management Standard 2022
aws;ISO (the International Organization for Standardization) and IEC (the International Electrotechnical Commission) form the specialized system for worldwide standardization. National bodies that are members of ISO or IEC participate in the development of International Standards through technical committees established by the respective organization to deal with particular fields of technical activity. ISO and IEC technical committees collaborate in fields of mutual interest. Other international organizations, governmental and non-governmental, in liaison with ISO and IEC, also take part in the work.;735291151388;ap-south-1;2026-07-13 17:35:21.078358;A.8.20;Network Security;Networks and network devices should be secured, managed and controlled to protect information in systems and applications.;A.8 Technological controls;A.8.20;Network Security;Networks and network devices should be secured, managed and controlled to protect information in systems and applications.;FAIL;Network ACL acl-0db7c7715aa3918aa has every port open to the Internet.;arn:aws:ec2:ap-south-1:735291151388:network-acl/acl-0db7c7715aa3918aa;ec2_networkacl_allow_ingress_any_port;False;acl-0db7c7715aa3918aa;ISO27001;ISO/IEC 27001 Information Security Management Standard 2022
aws;ISO (the International Organization for Standardization) and IEC (the International Electrotechnical Commission) form the specialized system for worldwide standardization. National bodies that are members of ISO or IEC participate in the development of International Standards through technical committees established by the respective organization to deal with particular fields of technical activity. ISO and IEC technical committees collaborate in fields of mutual interest. Other international organizations, governmental and non-governmental, in liaison with ISO and IEC, also take part in the work.;735291151388;ap-south-1;2026-07-13 17:35:21.078358;A.8.21;Security of Network Services;Security mechanisms, service levels and service requirements of network services should be identified, implemented and monitored.;A.8 Technological controls;A.8.21;Security of Network Services;Security mechanisms, service levels and service requirements of network services should be identified, implemented and monitored.;FAIL;Network ACL acl-0db7c7715aa3918aa has every port open to the Internet.;arn:aws:ec2:ap-south-1:735291151388:network-acl/acl-0db7c7715aa3918aa;ec2_networkacl_allow_ingress_any_port;False;acl-0db7c7715aa3918aa;ISO27001;ISO/IEC 27001 Information Security Management Standard 2022
aws;ISO (the International Organization for Standardization) and IEC (the International Electrotechnical Commission) form the specialized system for worldwide standardization. National bodies that are members of ISO or IEC participate in the development of International Standards through technical committees established by the respective organization to deal with particular fields of technical activity. ISO and IEC technical committees collaborate in fields of mutual interest. Other international organizations, governmental and non-governmental, in liaison with ISO and IEC, also take part in the work.;735291151388;ap-south-1;2026-07-13 17:35:21.078358;A.8.22;Segregation of Networks;Security mechanisms, service levels and service requirements of network services should be identified, implemented and monitored.;A.8 Technological controls;A.8.22;Segregation of Networks;Security mechanisms, service levels and service requirements of network services should be identified, implemented and monitored.;FAIL;Network ACL acl-0db7c7715aa3918aa has every port open to the Internet.;arn:aws:ec2:ap-south-1:735291151388:network-acl/acl-0db7c7715aa3918aa;ec2_networkacl_allow_ingress_any_port;False;acl-0db7c7715aa3918aa;ISO27001;ISO/IEC 27001 Information Security Management Standard 2022
aws;ISO (the International Organization for Standardization) and IEC (the International Electrotechnical Commission) form the specialized system for worldwide standardization. National bodies that are members of ISO or IEC participate in the development of International Standards through technical committees established by the respective organization to deal with particular fields of technical activity. ISO and IEC technical committees collaborate in fields of mutual interest. Other international organizations, governmental and non-governmental, in liaison with ISO and IEC, also take part in the work.;735291151388;ap-south-1;2026-07-13 17:35:21.078358;A.8.20;Network Security;Networks and network devices should be secured, managed and controlled to protect information in systems and applications.;A.8 Technological controls;A.8.20;Network Security;Networks and network devices should be secured, managed and controlled to protect information in systems and applications.;FAIL;Network ACL acl-053951d48843ed838 has every port open to the Internet.;arn:aws:ec2:ap-south-1:735291151388:network-acl/acl-053951d48843ed838;ec2_networkacl_allow_ingress_any_port;False;acl-053951d48843ed838;ISO27001;ISO/IEC 27001 Information Security Management Standard 2022
aws;ISO (the International Organization for Standardization) and IEC (the International Electrotechnical Commission) form the specialized system for worldwide standardization. National bodies that are members of ISO or IEC participate in the development of International Standards through technical committees established by the respective organization to deal with particular fields of technical activity. ISO and IEC technical committees collaborate in fields of mutual interest. Other international organizations, governmental and non-governmental, in liaison with ISO and IEC, also take part in the work.;735291151388;ap-south-1;2026-07-13 17:35:21.078358;A.8.21;Security of Network Services;Security mechanisms, service levels and service requirements of network services should be identified, implemented and monitored.;A.8 Technological controls;A.8.21;Security of Network Services;Security mechanisms, service levels and service requirements of network services should be identified, implemented and monitored.;FAIL;Network ACL acl-053951d48843ed838 has every port open to the Internet.;arn:aws:ec2:ap-south-1:735291151388:network-acl/acl-053951d48843ed838;ec2_networkacl_allow_ingress_any_port;False;acl-053951d48843ed838;ISO27001;ISO/IEC 27001 Information Security Management Standard 2022
aws;ISO (the International Organization for Standardization) and IEC (the International Electrotechnical Commission) form the specialized system for worldwide standardization. National bodies that are members of ISO or IEC participate in the development of International Standards through technical committees established by the respective organization to deal with particular fields of technical activity. ISO and IEC technical committees collaborate in fields of mutual interest. Other international organizations, governmental and non-governmental, in liaison with ISO and IEC, also take part in the work.;735291151388;ap-south-1;2026-07-13 17:35:21.078358;A.8.22;Segregation of Networks;Security mechanisms, service levels and service requirements of network services should be identified, implemented and monitored.;A.8 Technological controls;A.8.22;Segregation of Networks;Security mechanisms, service levels and service requirements of network services should be identified, implemented and monitored.;FAIL;Network ACL acl-053951d48843ed838 has every port open to the Internet.;arn:aws:ec2:ap-south-1:735291151388:network-acl/acl-053951d48843ed838;ec2_networkacl_allow_ingress_any_port;False;acl-053951d48843ed838;ISO27001;ISO/IEC 27001 Information Security Management Standard 2022
aws;ISO (the International Organization for Standardization) and IEC (the International Electrotechnical Commission) form the specialized system for worldwide standardization. National bodies that are members of ISO or IEC participate in the development of International Standards through technical committees established by the respective organization to deal with particular fields of technical activity. ISO and IEC technical committees collaborate in fields of mutual interest. Other international organizations, governmental and non-governmental, in liaison with ISO and IEC, also take part in the work.;735291151388;ap-south-1;2026-07-13 17:35:21.078358;A.8.20;Network Security;Networks and network devices should be secured, managed and controlled to protect information in systems and applications.;A.8 Technological controls;A.8.20;Network Security;Networks and network devices should be secured, managed and controlled to protect information in systems and applications.;FAIL;Network ACL acl-0db7c7715aa3918aa has SSH port 22 open to the Internet.;arn:aws:ec2:ap-south-1:735291151388:network-acl/acl-0db7c7715aa3918aa;ec2_networkacl_allow_ingress_tcp_port_22;False;acl-0db7c7715aa3918aa;ISO27001;ISO/IEC 27001 Information Security Management Standard 2022
aws;ISO (the International Organization for Standardization) and IEC (the International Electrotechnical Commission) form the specialized system for worldwide standardization. National bodies that are members of ISO or IEC participate in the development of International Standards through technical committees established by the respective organization to deal with particular fields of technical activity. ISO and IEC technical committees collaborate in fields of mutual interest. Other international organizations, governmental and non-governmental, in liaison with ISO and IEC, also take part in the work.;735291151388;ap-south-1;2026-07-13 17:35:21.078358;A.8.21;Security of Network Services;Security mechanisms, service levels and service requirements of network services should be identified, implemented and monitored.;A.8 Technological controls;A.8.21;Security of Network Services;Security mechanisms, service levels and service requirements of network services should be identified, implemented and monitored.;FAIL;Network ACL acl-0db7c7715aa3918aa has SSH port 22 open to the Internet.;arn:aws:ec2:ap-south-1:735291151388:network-acl/acl-0db7c7715aa3918aa;ec2_networkacl_allow_ingress_tcp_port_22;False;acl-0db7c7715aa3918aa;ISO27001;ISO/IEC 27001 Information Security Management Standard 2022
aws;ISO (the International Organization for Standardization) and IEC (the International Electrotechnical Commission) form the specialized system for worldwide standardization. National bodies that are members of ISO or IEC participate in the development of International Standards through technical committees established by the respective organization to deal with particular fields of technical activity. ISO and IEC technical committees collaborate in fields of mutual interest. Other international organizations, governmental and non-governmental, in liaison with ISO and IEC, also take part in the work.;735291151388;ap-south-1;2026-07-13 17:35:21.078358;A.8.22;Segregation of Networks;Security mechanisms, service levels and service requirements of network services should be identified, implemented and monitored.;A.8 Technological controls;A.8.22;Segregation of Networks;Security mechanisms, service levels and service requirements of network services should be identified, implemented and monitored.;FAIL;Network ACL acl-0db7c7715aa3918aa has SSH port 22 open to the Internet.;arn:aws:ec2:ap-south-1:735291151388:network-acl/acl-0db7c7715aa3918aa;ec2_networkacl_allow_ingress_tcp_port_22;False;acl-0db7c7715aa3918aa;ISO27001;ISO/IEC 27001 Information Security Management Standard 2022
aws;ISO (the International Organization for Standardization) and IEC (the International Electrotechnical Commission) form the specialized system for worldwide standardization. National bodies that are members of ISO or IEC participate in the development of International Standards through technical committees established by the respective organization to deal with particular fields of technical activity. ISO and IEC technical committees collaborate in fields of mutual interest. Other international organizations, governmental and non-governmental, in liaison with ISO and IEC, also take part in the work.;735291151388;ap-south-1;2026-07-13 17:35:21.078358;A.8.20;Network Security;Networks and network devices should be secured, managed and controlled to protect information in systems and applications.;A.8 Technological controls;A.8.20;Network Security;Networks and network devices should be secured, managed and controlled to protect information in systems and applications.;FAIL;Network ACL acl-053951d48843ed838 has SSH port 22 open to the Internet.;arn:aws:ec2:ap-south-1:735291151388:network-acl/acl-053951d48843ed838;ec2_networkacl_allow_ingress_tcp_port_22;False;acl-053951d48843ed838;ISO27001;ISO/IEC 27001 Information Security Management Standard 2022
aws;ISO (the International Organization for Standardization) and IEC (the International Electrotechnical Commission) form the specialized system for worldwide standardization. National bodies that are members of ISO or IEC participate in the development of International Standards through technical committees established by the respective organization to deal with particular fields of technical activity. ISO and IEC technical committees collaborate in fields of mutual interest. Other international organizations, governmental and non-governmental, in liaison with ISO and IEC, also take part in the work.;735291151388;ap-south-1;2026-07-13 17:35:21.078358;A.8.21;Security of Network Services;Security mechanisms, service levels and service requirements of network services should be identified, implemented and monitored.;A.8 Technological controls;A.8.21;Security of Network Services;Security mechanisms, service levels and service requirements of network services should be identified, implemented and monitored.;FAIL;Network ACL acl-053951d48843ed838 has SSH port 22 open to the Internet.;arn:aws:ec2:ap-south-1:735291151388:network-acl/acl-053951d48843ed838;ec2_networkacl_allow_ingress_tcp_port_22;False;acl-053951d48843ed838;ISO27001;ISO/IEC 27001 Information Security Management Standard 2022
aws;ISO (the International Organization for Standardization) and IEC (the International Electrotechnical Commission) form the specialized system for worldwide standardization. National bodies that are members of ISO or IEC participate in the development of International Standards through technical committees established by the respective organization to deal with particular fields of technical activity. ISO and IEC technical committees collaborate in fields of mutual interest. Other international organizations, governmental and non-governmental, in liaison with ISO and IEC, also take part in the work.;735291151388;ap-south-1;2026-07-13 17:35:21.078358;A.8.22;Segregation of Networks;Security mechanisms, service levels and service requirements of network services should be identified, implemented and monitored.;A.8 Technological controls;A.8.22;Segregation of Networks;Security mechanisms, service levels and service requirements of network services should be identified, implemented and monitored.;FAIL;Network ACL acl-053951d48843ed838 has SSH port 22 open to the Internet.;arn:aws:ec2:ap-south-1:735291151388:network-acl/acl-053951d48843ed838;ec2_networkacl_allow_ingress_tcp_port_22;False;acl-053951d48843ed838;ISO27001;ISO/IEC 27001 Information Security Management Standard 2022
aws;ISO (the International Organization for Standardization) and IEC (the International Electrotechnical Commission) form the specialized system for worldwide standardization. National bodies that are members of ISO or IEC participate in the development of International Standards through technical committees established by the respective organization to deal with particular fields of technical activity. ISO and IEC technical committees collaborate in fields of mutual interest. Other international organizations, governmental and non-governmental, in liaison with ISO and IEC, also take part in the work.;735291151388;ap-south-1;2026-07-13 17:35:21.078358;A.8.20;Network Security;Networks and network devices should be secured, managed and controlled to protect information in systems and applications.;A.8 Technological controls;A.8.20;Network Security;Networks and network devices should be secured, managed and controlled to protect information in systems and applications.;FAIL;Network ACL acl-0db7c7715aa3918aa has Microsoft RDP port 3389 open to the Internet.;arn:aws:ec2:ap-south-1:735291151388:network-acl/acl-0db7c7715aa3918aa;ec2_networkacl_allow_ingress_tcp_port_3389;False;acl-0db7c7715aa3918aa;ISO27001;ISO/IEC 27001 Information Security Management Standard 2022
aws;ISO (the International Organization for Standardization) and IEC (the International Electrotechnical Commission) form the specialized system for worldwide standardization. National bodies that are members of ISO or IEC participate in the development of International Standards through technical committees established by the respective organization to deal with particular fields of technical activity. ISO and IEC technical committees collaborate in fields of mutual interest. Other international organizations, governmental and non-governmental, in liaison with ISO and IEC, also take part in the work.;735291151388;ap-south-1;2026-07-13 17:35:21.078358;A.8.21;Security of Network Services;Security mechanisms, service levels and service requirements of network services should be identified, implemented and monitored.;A.8 Technological controls;A.8.21;Security of Network Services;Security mechanisms, service levels and service requirements of network services should be identified, implemented and monitored.;FAIL;Network ACL acl-0db7c7715aa3918aa has Microsoft RDP port 3389 open to the Internet.;arn:aws:ec2:ap-south-1:735291151388:network-acl/acl-0db7c7715aa3918aa;ec2_networkacl_allow_ingress_tcp_port_3389;False;acl-0db7c7715aa3918aa;ISO27001;ISO/IEC 27001 Information Security Management Standard 2022
aws;ISO (the International Organization for Standardization) and IEC (the International Electrotechnical Commission) form the specialized system for worldwide standardization. National bodies that are members of ISO or IEC participate in the development of International Standards through technical committees established by the respective organization to deal with particular fields of technical activity. ISO and IEC technical committees collaborate in fields of mutual interest. Other international organizations, governmental and non-governmental, in liaison with ISO and IEC, also take part in the work.;735291151388;ap-south-1;2026-07-13 17:35:21.078358;A.8.22;Segregation of Networks;Security mechanisms, service levels and service requirements of network services should be identified, implemented and monitored.;A.8 Technological controls;A.8.22;Segregation of Networks;Security mechanisms, service levels and service requirements of network services should be identified, implemented and monitored.;FAIL;Network ACL acl-0db7c7715aa3918aa has Microsoft RDP port 3389 open to the Internet.;arn:aws:ec2:ap-south-1:735291151388:network-acl/acl-0db7c7715aa3918aa;ec2_networkacl_allow_ingress_tcp_port_3389;False;acl-0db7c7715aa3918aa;ISO27001;ISO/IEC 27001 Information Security Management Standard 2022
aws;ISO (the International Organization for Standardization) and IEC (the International Electrotechnical Commission) form the specialized system for worldwide standardization. National bodies that are members of ISO or IEC participate in the development of International Standards through technical committees established by the respective organization to deal with particular fields of technical activity. ISO and IEC technical committees collaborate in fields of mutual interest. Other international organizations, governmental and non-governmental, in liaison with ISO and IEC, also take part in the work.;735291151388;ap-south-1;2026-07-13 17:35:21.078358;A.8.20;Network Security;Networks and network devices should be secured, managed and controlled to protect information in systems and applications.;A.8 Technological controls;A.8.20;Network Security;Networks and network devices should be secured, managed and controlled to protect information in systems and applications.;FAIL;Network ACL acl-053951d48843ed838 has Microsoft RDP port 3389 open to the Internet.;arn:aws:ec2:ap-south-1:735291151388:network-acl/acl-053951d48843ed838;ec2_networkacl_allow_ingress_tcp_port_3389;False;acl-053951d48843ed838;ISO27001;ISO/IEC 27001 Information Security Management Standard 2022
aws;ISO (the International Organization for Standardization) and IEC (the International Electrotechnical Commission) form the specialized system for worldwide standardization. National bodies that are members of ISO or IEC participate in the development of International Standards through technical committees established by the respective organization to deal with particular fields of technical activity. ISO and IEC technical committees collaborate in fields of mutual interest. Other international organizations, governmental and non-governmental, in liaison with ISO and IEC, also take part in the work.;735291151388;ap-south-1;2026-07-13 17:35:21.078358;A.8.21;Security of Network Services;Security mechanisms, service levels and service requirements of network services should be identified, implemented and monitored.;A.8 Technological controls;A.8.21;Security of Network Services;Security mechanisms, service levels and service requirements of network services should be identified, implemented and monitored.;FAIL;Network ACL acl-053951d48843ed838 has Microsoft RDP port 3389 open to the Internet.;arn:aws:ec2:ap-south-1:735291151388:network-acl/acl-053951d48843ed838;ec2_networkacl_allow_ingress_tcp_port_3389;False;acl-053951d48843ed838;ISO27001;ISO/IEC 27001 Information Security Management Standard 2022
aws;ISO (the International Organization for Standardization) and IEC (the International Electrotechnical Commission) form the specialized system for worldwide standardization. National bodies that are members of ISO or IEC participate in the development of International Standards through technical committees established by the respective organization to deal with particular fields of technical activity. ISO and IEC technical committees collaborate in fields of mutual interest. Other international organizations, governmental and non-governmental, in liaison with ISO and IEC, also take part in the work.;735291151388;ap-south-1;2026-07-13 17:35:21.078358;A.8.22;Segregation of Networks;Security mechanisms, service levels and service requirements of network services should be identified, implemented and monitored.;A.8 Technological controls;A.8.22;Segregation of Networks;Security mechanisms, service levels and service requirements of network services should be identified, implemented and monitored.;FAIL;Network ACL acl-053951d48843ed838 has Microsoft RDP port 3389 open to the Internet.;arn:aws:ec2:ap-south-1:735291151388:network-acl/acl-053951d48843ed838;ec2_networkacl_allow_ingress_tcp_port_3389;False;acl-053951d48843ed838;ISO27001;ISO/IEC 27001 Information Security Management Standard 2022
aws;ISO (the International Organization for Standardization) and IEC (the International Electrotechnical Commission) form the specialized system for worldwide standardization. National bodies that are members of ISO or IEC participate in the development of International Standards through technical committees established by the respective organization to deal with particular fields of technical activity. ISO and IEC technical committees collaborate in fields of mutual interest. Other international organizations, governmental and non-governmental, in liaison with ISO and IEC, also take part in the work.;735291151388;ap-south-1;2026-07-13 17:35:21.078358;A.8.20;Network Security;Networks and network devices should be secured, managed and controlled to protect information in systems and applications.;A.8 Technological controls;A.8.20;Network Security;Networks and network devices should be secured, managed and controlled to protect information in systems and applications.;PASS;Security group cloudguardian-web-sg (sg-09310ccc8f2635d73) does not have all ports open to the Internet.;arn:aws:ec2:ap-south-1:735291151388:security-group/sg-09310ccc8f2635d73;ec2_securitygroup_allow_ingress_from_internet_to_all_ports;False;sg-09310ccc8f2635d73;ISO27001;ISO/IEC 27001 Information Security Management Standard 2022
aws;ISO (the International Organization for Standardization) and IEC (the International Electrotechnical Commission) form the specialized system for worldwide standardization. National bodies that are members of ISO or IEC participate in the development of International Standards through technical committees established by the respective organization to deal with particular fields of technical activity. ISO and IEC technical committees collaborate in fields of mutual interest. Other international organizations, governmental and non-governmental, in liaison with ISO and IEC, also take part in the work.;735291151388;ap-south-1;2026-07-13 17:35:21.078358;A.8.21;Security of Network Services;Security mechanisms, service levels and service requirements of network services should be identified, implemented and monitored.;A.8 Technological controls;A.8.21;Security of Network Services;Security mechanisms, service levels and service requirements of network services should be identified, implemented and monitored.;PASS;Security group cloudguardian-web-sg (sg-09310ccc8f2635d73) does not have all ports open to the Internet.;arn:aws:ec2:ap-south-1:735291151388:security-group/sg-09310ccc8f2635d73;ec2_securitygroup_allow_ingress_from_internet_to_all_ports;False;sg-09310ccc8f2635d73;ISO27001;ISO/IEC 27001 Information Security Management Standard 2022
aws;ISO (the International Organization for Standardization) and IEC (the International Electrotechnical Commission) form the specialized system for worldwide standardization. National bodies that are members of ISO or IEC participate in the development of International Standards through technical committees established by the respective organization to deal with particular fields of technical activity. ISO and IEC technical committees collaborate in fields of mutual interest. Other international organizations, governmental and non-governmental, in liaison with ISO and IEC, also take part in the work.;735291151388;ap-south-1;2026-07-13 17:35:21.078358;A.8.22;Segregation of Networks;Security mechanisms, service levels and service requirements of network services should be identified, implemented and monitored.;A.8 Technological controls;A.8.22;Segregation of Networks;Security mechanisms, service levels and service requirements of network services should be identified, implemented and monitored.;PASS;Security group cloudguardian-web-sg (sg-09310ccc8f2635d73) does not have all ports open to the Internet.;arn:aws:ec2:ap-south-1:735291151388:security-group/sg-09310ccc8f2635d73;ec2_securitygroup_allow_ingress_from_internet_to_all_ports;False;sg-09310ccc8f2635d73;ISO27001;ISO/IEC 27001 Information Security Management Standard 2022
aws;ISO (the International Organization for Standardization) and IEC (the International Electrotechnical Commission) form the specialized system for worldwide standardization. National bodies that are members of ISO or IEC participate in the development of International Standards through technical committees established by the respective organization to deal with particular fields of technical activity. ISO and IEC technical committees collaborate in fields of mutual interest. Other international organizations, governmental and non-governmental, in liaison with ISO and IEC, also take part in the work.;735291151388;ap-south-1;2026-07-13 17:35:21.078358;A.8.20;Network Security;Networks and network devices should be secured, managed and controlled to protect information in systems and applications.;A.8 Technological controls;A.8.20;Network Security;Networks and network devices should be secured, managed and controlled to protect information in systems and applications.;PASS;Security group cloudguardian-rds-sg (sg-0652e5b7e75b01aa9) does not have all ports open to the Internet.;arn:aws:ec2:ap-south-1:735291151388:security-group/sg-0652e5b7e75b01aa9;ec2_securitygroup_allow_ingress_from_internet_to_all_ports;False;sg-0652e5b7e75b01aa9;ISO27001;ISO/IEC 27001 Information Security Management Standard 2022
aws;ISO (the International Organization for Standardization) and IEC (the International Electrotechnical Commission) form the specialized system for worldwide standardization. National bodies that are members of ISO or IEC participate in the development of International Standards through technical committees established by the respective organization to deal with particular fields of technical activity. ISO and IEC technical committees collaborate in fields of mutual interest. Other international organizations, governmental and non-governmental, in liaison with ISO and IEC, also take part in the work.;735291151388;ap-south-1;2026-07-13 17:35:21.078358;A.8.21;Security of Network Services;Security mechanisms, service levels and service requirements of network services should be identified, implemented and monitored.;A.8 Technological controls;A.8.21;Security of Network Services;Security mechanisms, service levels and service requirements of network services should be identified, implemented and monitored.;PASS;Security group cloudguardian-rds-sg (sg-0652e5b7e75b01aa9) does not have all ports open to the Internet.;arn:aws:ec2:ap-south-1:735291151388:security-group/sg-0652e5b7e75b01aa9;ec2_securitygroup_allow_ingress_from_internet_to_all_ports;False;sg-0652e5b7e75b01aa9;ISO27001;ISO/IEC 27001 Information Security Management Standard 2022
aws;ISO (the International Organization for Standardization) and IEC (the International Electrotechnical Commission) form the specialized system for worldwide standardization. National bodies that are members of ISO or IEC participate in the development of International Standards through technical committees established by the respective organization to deal with particular fields of technical activity. ISO and IEC technical committees collaborate in fields of mutual interest. Other international organizations, governmental and non-governmental, in liaison with ISO and IEC, also take part in the work.;735291151388;ap-south-1;2026-07-13 17:35:21.078358;A.8.22;Segregation of Networks;Security mechanisms, service levels and service requirements of network services should be identified, implemented and monitored.;A.8 Technological controls;A.8.22;Segregation of Networks;Security mechanisms, service levels and service requirements of network services should be identified, implemented and monitored.;PASS;Security group cloudguardian-rds-sg (sg-0652e5b7e75b01aa9) does not have all ports open to the Internet.;arn:aws:ec2:ap-south-1:735291151388:security-group/sg-0652e5b7e75b01aa9;ec2_securitygroup_allow_ingress_from_internet_to_all_ports;False;sg-0652e5b7e75b01aa9;ISO27001;ISO/IEC 27001 Information Security Management Standard 2022
aws;ISO (the International Organization for Standardization) and IEC (the International Electrotechnical Commission) form the specialized system for worldwide standardization. National bodies that are members of ISO or IEC participate in the development of International Standards through technical committees established by the respective organization to deal with particular fields of technical activity. ISO and IEC technical committees collaborate in fields of mutual interest. Other international organizations, governmental and non-governmental, in liaison with ISO and IEC, also take part in the work.;735291151388;ap-south-1;2026-07-13 17:35:21.078358;A.8.20;Network Security;Networks and network devices should be secured, managed and controlled to protect information in systems and applications.;A.8 Technological controls;A.8.20;Network Security;Networks and network devices should be secured, managed and controlled to protect information in systems and applications.;FAIL;Security group cloudguardian-web-sg (sg-09310ccc8f2635d73) has at least one port open to the Internet but its network interface type (interface) is not allowed.;arn:aws:ec2:ap-south-1:735291151388:security-group/sg-09310ccc8f2635d73;ec2_securitygroup_allow_ingress_from_internet_to_any_port;False;sg-09310ccc8f2635d73;ISO27001;ISO/IEC 27001 Information Security Management Standard 2022
aws;ISO (the International Organization for Standardization) and IEC (the International Electrotechnical Commission) form the specialized system for worldwide standardization. National bodies that are members of ISO or IEC participate in the development of International Standards through technical committees established by the respective organization to deal with particular fields of technical activity. ISO and IEC technical committees collaborate in fields of mutual interest. Other international organizations, governmental and non-governmental, in liaison with ISO and IEC, also take part in the work.;735291151388;ap-south-1;2026-07-13 17:35:21.078358;A.8.21;Security of Network Services;Security mechanisms, service levels and service requirements of network services should be identified, implemented and monitored.;A.8 Technological controls;A.8.21;Security of Network Services;Security mechanisms, service levels and service requirements of network services should be identified, implemented and monitored.;FAIL;Security group cloudguardian-web-sg (sg-09310ccc8f2635d73) has at least one port open to the Internet but its network interface type (interface) is not allowed.;arn:aws:ec2:ap-south-1:735291151388:security-group/sg-09310ccc8f2635d73;ec2_securitygroup_allow_ingress_from_internet_to_any_port;False;sg-09310ccc8f2635d73;ISO27001;ISO/IEC 27001 Information Security Management Standard 2022
aws;ISO (the International Organization for Standardization) and IEC (the International Electrotechnical Commission) form the specialized system for worldwide standardization. National bodies that are members of ISO or IEC participate in the development of International Standards through technical committees established by the respective organization to deal with particular fields of technical activity. ISO and IEC technical committees collaborate in fields of mutual interest. Other international organizations, governmental and non-governmental, in liaison with ISO and IEC, also take part in the work.;735291151388;ap-south-1;2026-07-13 17:35:21.078358;A.8.22;Segregation of Networks;Security mechanisms, service levels and service requirements of network services should be identified, implemented and monitored.;A.8 Technological controls;A.8.22;Segregation of Networks;Security mechanisms, service levels and service requirements of network services should be identified, implemented and monitored.;FAIL;Security group cloudguardian-web-sg (sg-09310ccc8f2635d73) has at least one port open to the Internet but its network interface type (interface) is not allowed.;arn:aws:ec2:ap-south-1:735291151388:security-group/sg-09310ccc8f2635d73;ec2_securitygroup_allow_ingress_from_internet_to_any_port;False;sg-09310ccc8f2635d73;ISO27001;ISO/IEC 27001 Information Security Management Standard 2022
aws;ISO (the International Organization for Standardization) and IEC (the International Electrotechnical Commission) form the specialized system for worldwide standardization. National bodies that are members of ISO or IEC participate in the development of International Standards through technical committees established by the respective organization to deal with particular fields of technical activity. ISO and IEC technical committees collaborate in fields of mutual interest. Other international organizations, governmental and non-governmental, in liaison with ISO and IEC, also take part in the work.;735291151388;ap-south-1;2026-07-13 17:35:21.078358;A.8.20;Network Security;Networks and network devices should be secured, managed and controlled to protect information in systems and applications.;A.8 Technological controls;A.8.20;Network Security;Networks and network devices should be secured, managed and controlled to protect information in systems and applications.;FAIL;Security group cloudguardian-rds-sg (sg-0652e5b7e75b01aa9) has at least one port open to the Internet but its network interface type (interface) is not allowed.;arn:aws:ec2:ap-south-1:735291151388:security-group/sg-0652e5b7e75b01aa9;ec2_securitygroup_allow_ingress_from_internet_to_any_port;False;sg-0652e5b7e75b01aa9;ISO27001;ISO/IEC 27001 Information Security Management Standard 2022
aws;ISO (the International Organization for Standardization) and IEC (the International Electrotechnical Commission) form the specialized system for worldwide standardization. National bodies that are members of ISO or IEC participate in the development of International Standards through technical committees established by the respective organization to deal with particular fields of technical activity. ISO and IEC technical committees collaborate in fields of mutual interest. Other international organizations, governmental and non-governmental, in liaison with ISO and IEC, also take part in the work.;735291151388;ap-south-1;2026-07-13 17:35:21.078358;A.8.21;Security of Network Services;Security mechanisms, service levels and service requirements of network services should be identified, implemented and monitored.;A.8 Technological controls;A.8.21;Security of Network Services;Security mechanisms, service levels and service requirements of network services should be identified, implemented and monitored.;FAIL;Security group cloudguardian-rds-sg (sg-0652e5b7e75b01aa9) has at least one port open to the Internet but its network interface type (interface) is not allowed.;arn:aws:ec2:ap-south-1:735291151388:security-group/sg-0652e5b7e75b01aa9;ec2_securitygroup_allow_ingress_from_internet_to_any_port;False;sg-0652e5b7e75b01aa9;ISO27001;ISO/IEC 27001 Information Security Management Standard 2022
aws;ISO (the International Organization for Standardization) and IEC (the International Electrotechnical Commission) form the specialized system for worldwide standardization. National bodies that are members of ISO or IEC participate in the development of International Standards through technical committees established by the respective organization to deal with particular fields of technical activity. ISO and IEC technical committees collaborate in fields of mutual interest. Other international organizations, governmental and non-governmental, in liaison with ISO and IEC, also take part in the work.;735291151388;ap-south-1;2026-07-13 17:35:21.078358;A.8.22;Segregation of Networks;Security mechanisms, service levels and service requirements of network services should be identified, implemented and monitored.;A.8 Technological controls;A.8.22;Segregation of Networks;Security mechanisms, service levels and service requirements of network services should be identified, implemented and monitored.;FAIL;Security group cloudguardian-rds-sg (sg-0652e5b7e75b01aa9) has at least one port open to the Internet but its network interface type (interface) is not allowed.;arn:aws:ec2:ap-south-1:735291151388:security-group/sg-0652e5b7e75b01aa9;ec2_securitygroup_allow_ingress_from_internet_to_any_port;False;sg-0652e5b7e75b01aa9;ISO27001;ISO/IEC 27001 Information Security Management Standard 2022
aws;ISO (the International Organization for Standardization) and IEC (the International Electrotechnical Commission) form the specialized system for worldwide standardization. National bodies that are members of ISO or IEC participate in the development of International Standards through technical committees established by the respective organization to deal with particular fields of technical activity. ISO and IEC technical committees collaborate in fields of mutual interest. Other international organizations, governmental and non-governmental, in liaison with ISO and IEC, also take part in the work.;735291151388;ap-south-1;2026-07-13 17:35:21.078358;A.8.20;Network Security;Networks and network devices should be secured, managed and controlled to protect information in systems and applications.;A.8 Technological controls;A.8.20;Network Security;Networks and network devices should be secured, managed and controlled to protect information in systems and applications.;PASS;Security group cloudguardian-web-sg (sg-09310ccc8f2635d73) does not have any high-risk port open to the Internet.;arn:aws:ec2:ap-south-1:735291151388:security-group/sg-09310ccc8f2635d73;ec2_securitygroup_allow_ingress_from_internet_to_high_risk_tcp_ports;False;sg-09310ccc8f2635d73;ISO27001;ISO/IEC 27001 Information Security Management Standard 2022
aws;ISO (the International Organization for Standardization) and IEC (the International Electrotechnical Commission) form the specialized system for worldwide standardization. National bodies that are members of ISO or IEC participate in the development of International Standards through technical committees established by the respective organization to deal with particular fields of technical activity. ISO and IEC technical committees collaborate in fields of mutual interest. Other international organizations, governmental and non-governmental, in liaison with ISO and IEC, also take part in the work.;735291151388;ap-south-1;2026-07-13 17:35:21.078358;A.8.21;Security of Network Services;Security mechanisms, service levels and service requirements of network services should be identified, implemented and monitored.;A.8 Technological controls;A.8.21;Security of Network Services;Security mechanisms, service levels and service requirements of network services should be identified, implemented and monitored.;PASS;Security group cloudguardian-web-sg (sg-09310ccc8f2635d73) does not have any high-risk port open to the Internet.;arn:aws:ec2:ap-south-1:735291151388:security-group/sg-09310ccc8f2635d73;ec2_securitygroup_allow_ingress_from_internet_to_high_risk_tcp_ports;False;sg-09310ccc8f2635d73;ISO27001;ISO/IEC 27001 Information Security Management Standard 2022
aws;ISO (the International Organization for Standardization) and IEC (the International Electrotechnical Commission) form the specialized system for worldwide standardization. National bodies that are members of ISO or IEC participate in the development of International Standards through technical committees established by the respective organization to deal with particular fields of technical activity. ISO and IEC technical committees collaborate in fields of mutual interest. Other international organizations, governmental and non-governmental, in liaison with ISO and IEC, also take part in the work.;735291151388;ap-south-1;2026-07-13 17:35:21.078358;A.8.22;Segregation of Networks;Security mechanisms, service levels and service requirements of network services should be identified, implemented and monitored.;A.8 Technological controls;A.8.22;Segregation of Networks;Security mechanisms, service levels and service requirements of network services should be identified, implemented and monitored.;PASS;Security group cloudguardian-web-sg (sg-09310ccc8f2635d73) does not have any high-risk port open to the Internet.;arn:aws:ec2:ap-south-1:735291151388:security-group/sg-09310ccc8f2635d73;ec2_securitygroup_allow_ingress_from_internet_to_high_risk_tcp_ports;False;sg-09310ccc8f2635d73;ISO27001;ISO/IEC 27001 Information Security Management Standard 2022
aws;ISO (the International Organization for Standardization) and IEC (the International Electrotechnical Commission) form the specialized system for worldwide standardization. National bodies that are members of ISO or IEC participate in the development of International Standards through technical committees established by the respective organization to deal with particular fields of technical activity. ISO and IEC technical committees collaborate in fields of mutual interest. Other international organizations, governmental and non-governmental, in liaison with ISO and IEC, also take part in the work.;735291151388;ap-south-1;2026-07-13 17:35:21.078358;A.8.20;Network Security;Networks and network devices should be secured, managed and controlled to protect information in systems and applications.;A.8 Technological controls;A.8.20;Network Security;Networks and network devices should be secured, managed and controlled to protect information in systems and applications.;PASS;Security group cloudguardian-rds-sg (sg-0652e5b7e75b01aa9) does not have any high-risk port open to the Internet.;arn:aws:ec2:ap-south-1:735291151388:security-group/sg-0652e5b7e75b01aa9;ec2_securitygroup_allow_ingress_from_internet_to_high_risk_tcp_ports;False;sg-0652e5b7e75b01aa9;ISO27001;ISO/IEC 27001 Information Security Management Standard 2022
aws;ISO (the International Organization for Standardization) and IEC (the International Electrotechnical Commission) form the specialized system for worldwide standardization. National bodies that are members of ISO or IEC participate in the development of International Standards through technical committees established by the respective organization to deal with particular fields of technical activity. ISO and IEC technical committees collaborate in fields of mutual interest. Other international organizations, governmental and non-governmental, in liaison with ISO and IEC, also take part in the work.;735291151388;ap-south-1;2026-07-13 17:35:21.078358;A.8.21;Security of Network Services;Security mechanisms, service levels and service requirements of network services should be identified, implemented and monitored.;A.8 Technological controls;A.8.21;Security of Network Services;Security mechanisms, service levels and service requirements of network services should be identified, implemented and monitored.;PASS;Security group cloudguardian-rds-sg (sg-0652e5b7e75b01aa9) does not have any high-risk port open to the Internet.;arn:aws:ec2:ap-south-1:735291151388:security-group/sg-0652e5b7e75b01aa9;ec2_securitygroup_allow_ingress_from_internet_to_high_risk_tcp_ports;False;sg-0652e5b7e75b01aa9;ISO27001;ISO/IEC 27001 Information Security Management Standard 2022
aws;ISO (the International Organization for Standardization) and IEC (the International Electrotechnical Commission) form the specialized system for worldwide standardization. National bodies that are members of ISO or IEC participate in the development of International Standards through technical committees established by the respective organization to deal with particular fields of technical activity. ISO and IEC technical committees collaborate in fields of mutual interest. Other international organizations, governmental and non-governmental, in liaison with ISO and IEC, also take part in the work.;735291151388;ap-south-1;2026-07-13 17:35:21.078358;A.8.22;Segregation of Networks;Security mechanisms, service levels and service requirements of network services should be identified, implemented and monitored.;A.8 Technological controls;A.8.22;Segregation of Networks;Security mechanisms, service levels and service requirements of network services should be identified, implemented and monitored.;PASS;Security group cloudguardian-rds-sg (sg-0652e5b7e75b01aa9) does not have any high-risk port open to the Internet.;arn:aws:ec2:ap-south-1:735291151388:security-group/sg-0652e5b7e75b01aa9;ec2_securitygroup_allow_ingress_from_internet_to_high_risk_tcp_ports;False;sg-0652e5b7e75b01aa9;ISO27001;ISO/IEC 27001 Information Security Management Standard 2022
aws;ISO (the International Organization for Standardization) and IEC (the International Electrotechnical Commission) form the specialized system for worldwide standardization. National bodies that are members of ISO or IEC participate in the development of International Standards through technical committees established by the respective organization to deal with particular fields of technical activity. ISO and IEC technical committees collaborate in fields of mutual interest. Other international organizations, governmental and non-governmental, in liaison with ISO and IEC, also take part in the work.;735291151388;ap-south-1;2026-07-13 17:35:21.078358;A.8.20;Network Security;Networks and network devices should be secured, managed and controlled to protect information in systems and applications.;A.8 Technological controls;A.8.20;Network Security;Networks and network devices should be secured, managed and controlled to protect information in systems and applications.;FAIL;Security group cloudguardian-web-sg (sg-09310ccc8f2635d73) has SSH port 22 open to the Internet.;arn:aws:ec2:ap-south-1:735291151388:security-group/sg-09310ccc8f2635d73;ec2_securitygroup_allow_ingress_from_internet_to_tcp_port_22;False;sg-09310ccc8f2635d73;ISO27001;ISO/IEC 27001 Information Security Management Standard 2022
aws;ISO (the International Organization for Standardization) and IEC (the International Electrotechnical Commission) form the specialized system for worldwide standardization. National bodies that are members of ISO or IEC participate in the development of International Standards through technical committees established by the respective organization to deal with particular fields of technical activity. ISO and IEC technical committees collaborate in fields of mutual interest. Other international organizations, governmental and non-governmental, in liaison with ISO and IEC, also take part in the work.;735291151388;ap-south-1;2026-07-13 17:35:21.078358;A.8.21;Security of Network Services;Security mechanisms, service levels and service requirements of network services should be identified, implemented and monitored.;A.8 Technological controls;A.8.21;Security of Network Services;Security mechanisms, service levels and service requirements of network services should be identified, implemented and monitored.;FAIL;Security group cloudguardian-web-sg (sg-09310ccc8f2635d73) has SSH port 22 open to the Internet.;arn:aws:ec2:ap-south-1:735291151388:security-group/sg-09310ccc8f2635d73;ec2_securitygroup_allow_ingress_from_internet_to_tcp_port_22;False;sg-09310ccc8f2635d73;ISO27001;ISO/IEC 27001 Information Security Management Standard 2022
aws;ISO (the International Organization for Standardization) and IEC (the International Electrotechnical Commission) form the specialized system for worldwide standardization. National bodies that are members of ISO or IEC participate in the development of International Standards through technical committees established by the respective organization to deal with particular fields of technical activity. ISO and IEC technical committees collaborate in fields of mutual interest. Other international organizations, governmental and non-governmental, in liaison with ISO and IEC, also take part in the work.;735291151388;ap-south-1;2026-07-13 17:35:21.078358;A.8.22;Segregation of Networks;Security mechanisms, service levels and service requirements of network services should be identified, implemented and monitored.;A.8 Technological controls;A.8.22;Segregation of Networks;Security mechanisms, service levels and service requirements of network services should be identified, implemented and monitored.;FAIL;Security group cloudguardian-web-sg (sg-09310ccc8f2635d73) has SSH port 22 open to the Internet.;arn:aws:ec2:ap-south-1:735291151388:security-group/sg-09310ccc8f2635d73;ec2_securitygroup_allow_ingress_from_internet_to_tcp_port_22;False;sg-09310ccc8f2635d73;ISO27001;ISO/IEC 27001 Information Security Management Standard 2022
aws;ISO (the International Organization for Standardization) and IEC (the International Electrotechnical Commission) form the specialized system for worldwide standardization. National bodies that are members of ISO or IEC participate in the development of International Standards through technical committees established by the respective organization to deal with particular fields of technical activity. ISO and IEC technical committees collaborate in fields of mutual interest. Other international organizations, governmental and non-governmental, in liaison with ISO and IEC, also take part in the work.;735291151388;ap-south-1;2026-07-13 17:35:21.078358;A.8.20;Network Security;Networks and network devices should be secured, managed and controlled to protect information in systems and applications.;A.8 Technological controls;A.8.20;Network Security;Networks and network devices should be secured, managed and controlled to protect information in systems and applications.;PASS;Security group cloudguardian-rds-sg (sg-0652e5b7e75b01aa9) does not have SSH port 22 open to the Internet.;arn:aws:ec2:ap-south-1:735291151388:security-group/sg-0652e5b7e75b01aa9;ec2_securitygroup_allow_ingress_from_internet_to_tcp_port_22;False;sg-0652e5b7e75b01aa9;ISO27001;ISO/IEC 27001 Information Security Management Standard 2022
aws;ISO (the International Organization for Standardization) and IEC (the International Electrotechnical Commission) form the specialized system for worldwide standardization. National bodies that are members of ISO or IEC participate in the development of International Standards through technical committees established by the respective organization to deal with particular fields of technical activity. ISO and IEC technical committees collaborate in fields of mutual interest. Other international organizations, governmental and non-governmental, in liaison with ISO and IEC, also take part in the work.;735291151388;ap-south-1;2026-07-13 17:35:21.078358;A.8.21;Security of Network Services;Security mechanisms, service levels and service requirements of network services should be identified, implemented and monitored.;A.8 Technological controls;A.8.21;Security of Network Services;Security mechanisms, service levels and service requirements of network services should be identified, implemented and monitored.;PASS;Security group cloudguardian-rds-sg (sg-0652e5b7e75b01aa9) does not have SSH port 22 open to the Internet.;arn:aws:ec2:ap-south-1:735291151388:security-group/sg-0652e5b7e75b01aa9;ec2_securitygroup_allow_ingress_from_internet_to_tcp_port_22;False;sg-0652e5b7e75b01aa9;ISO27001;ISO/IEC 27001 Information Security Management Standard 2022
aws;ISO (the International Organization for Standardization) and IEC (the International Electrotechnical Commission) form the specialized system for worldwide standardization. National bodies that are members of ISO or IEC participate in the development of International Standards through technical committees established by the respective organization to deal with particular fields of technical activity. ISO and IEC technical committees collaborate in fields of mutual interest. Other international organizations, governmental and non-governmental, in liaison with ISO and IEC, also take part in the work.;735291151388;ap-south-1;2026-07-13 17:35:21.078358;A.8.22;Segregation of Networks;Security mechanisms, service levels and service requirements of network services should be identified, implemented and monitored.;A.8 Technological controls;A.8.22;Segregation of Networks;Security mechanisms, service levels and service requirements of network services should be identified, implemented and monitored.;PASS;Security group cloudguardian-rds-sg (sg-0652e5b7e75b01aa9) does not have SSH port 22 open to the Internet.;arn:aws:ec2:ap-south-1:735291151388:security-group/sg-0652e5b7e75b01aa9;ec2_securitygroup_allow_ingress_from_internet_to_tcp_port_22;False;sg-0652e5b7e75b01aa9;ISO27001;ISO/IEC 27001 Information Security Management Standard 2022
aws;ISO (the International Organization for Standardization) and IEC (the International Electrotechnical Commission) form the specialized system for worldwide standardization. National bodies that are members of ISO or IEC participate in the development of International Standards through technical committees established by the respective organization to deal with particular fields of technical activity. ISO and IEC technical committees collaborate in fields of mutual interest. Other international organizations, governmental and non-governmental, in liaison with ISO and IEC, also take part in the work.;735291151388;ap-south-1;2026-07-13 17:35:21.078358;A.8.20;Network Security;Networks and network devices should be secured, managed and controlled to protect information in systems and applications.;A.8 Technological controls;A.8.20;Network Security;Networks and network devices should be secured, managed and controlled to protect information in systems and applications.;PASS;Security group cloudguardian-web-sg (sg-09310ccc8f2635d73) does not have Microsoft RDP port 3389 open to the Internet.;arn:aws:ec2:ap-south-1:735291151388:security-group/sg-09310ccc8f2635d73;ec2_securitygroup_allow_ingress_from_internet_to_tcp_port_3389;False;sg-09310ccc8f2635d73;ISO27001;ISO/IEC 27001 Information Security Management Standard 2022
aws;ISO (the International Organization for Standardization) and IEC (the International Electrotechnical Commission) form the specialized system for worldwide standardization. National bodies that are members of ISO or IEC participate in the development of International Standards through technical committees established by the respective organization to deal with particular fields of technical activity. ISO and IEC technical committees collaborate in fields of mutual interest. Other international organizations, governmental and non-governmental, in liaison with ISO and IEC, also take part in the work.;735291151388;ap-south-1;2026-07-13 17:35:21.078358;A.8.21;Security of Network Services;Security mechanisms, service levels and service requirements of network services should be identified, implemented and monitored.;A.8 Technological controls;A.8.21;Security of Network Services;Security mechanisms, service levels and service requirements of network services should be identified, implemented and monitored.;PASS;Security group cloudguardian-web-sg (sg-09310ccc8f2635d73) does not have Microsoft RDP port 3389 open to the Internet.;arn:aws:ec2:ap-south-1:735291151388:security-group/sg-09310ccc8f2635d73;ec2_securitygroup_allow_ingress_from_internet_to_tcp_port_3389;False;sg-09310ccc8f2635d73;ISO27001;ISO/IEC 27001 Information Security Management Standard 2022
aws;ISO (the International Organization for Standardization) and IEC (the International Electrotechnical Commission) form the specialized system for worldwide standardization. National bodies that are members of ISO or IEC participate in the development of International Standards through technical committees established by the respective organization to deal with particular fields of technical activity. ISO and IEC technical committees collaborate in fields of mutual interest. Other international organizations, governmental and non-governmental, in liaison with ISO and IEC, also take part in the work.;735291151388;ap-south-1;2026-07-13 17:35:21.078358;A.8.22;Segregation of Networks;Security mechanisms, service levels and service requirements of network services should be identified, implemented and monitored.;A.8 Technological controls;A.8.22;Segregation of Networks;Security mechanisms, service levels and service requirements of network services should be identified, implemented and monitored.;PASS;Security group cloudguardian-web-sg (sg-09310ccc8f2635d73) does not have Microsoft RDP port 3389 open to the Internet.;arn:aws:ec2:ap-south-1:735291151388:security-group/sg-09310ccc8f2635d73;ec2_securitygroup_allow_ingress_from_internet_to_tcp_port_3389;False;sg-09310ccc8f2635d73;ISO27001;ISO/IEC 27001 Information Security Management Standard 2022
aws;ISO (the International Organization for Standardization) and IEC (the International Electrotechnical Commission) form the specialized system for worldwide standardization. National bodies that are members of ISO or IEC participate in the development of International Standards through technical committees established by the respective organization to deal with particular fields of technical activity. ISO and IEC technical committees collaborate in fields of mutual interest. Other international organizations, governmental and non-governmental, in liaison with ISO and IEC, also take part in the work.;735291151388;ap-south-1;2026-07-13 17:35:21.078358;A.8.20;Network Security;Networks and network devices should be secured, managed and controlled to protect information in systems and applications.;A.8 Technological controls;A.8.20;Network Security;Networks and network devices should be secured, managed and controlled to protect information in systems and applications.;PASS;Security group cloudguardian-rds-sg (sg-0652e5b7e75b01aa9) does not have Microsoft RDP port 3389 open to the Internet.;arn:aws:ec2:ap-south-1:735291151388:security-group/sg-0652e5b7e75b01aa9;ec2_securitygroup_allow_ingress_from_internet_to_tcp_port_3389;False;sg-0652e5b7e75b01aa9;ISO27001;ISO/IEC 27001 Information Security Management Standard 2022
aws;ISO (the International Organization for Standardization) and IEC (the International Electrotechnical Commission) form the specialized system for worldwide standardization. National bodies that are members of ISO or IEC participate in the development of International Standards through technical committees established by the respective organization to deal with particular fields of technical activity. ISO and IEC technical committees collaborate in fields of mutual interest. Other international organizations, governmental and non-governmental, in liaison with ISO and IEC, also take part in the work.;735291151388;ap-south-1;2026-07-13 17:35:21.078358;A.8.21;Security of Network Services;Security mechanisms, service levels and service requirements of network services should be identified, implemented and monitored.;A.8 Technological controls;A.8.21;Security of Network Services;Security mechanisms, service levels and service requirements of network services should be identified, implemented and monitored.;PASS;Security group cloudguardian-rds-sg (sg-0652e5b7e75b01aa9) does not have Microsoft RDP port 3389 open to the Internet.;arn:aws:ec2:ap-south-1:735291151388:security-group/sg-0652e5b7e75b01aa9;ec2_securitygroup_allow_ingress_from_internet_to_tcp_port_3389;False;sg-0652e5b7e75b01aa9;ISO27001;ISO/IEC 27001 Information Security Management Standard 2022
aws;ISO (the International Organization for Standardization) and IEC (the International Electrotechnical Commission) form the specialized system for worldwide standardization. National bodies that are members of ISO or IEC participate in the development of International Standards through technical committees established by the respective organization to deal with particular fields of technical activity. ISO and IEC technical committees collaborate in fields of mutual interest. Other international organizations, governmental and non-governmental, in liaison with ISO and IEC, also take part in the work.;735291151388;ap-south-1;2026-07-13 17:35:21.078358;A.8.22;Segregation of Networks;Security mechanisms, service levels and service requirements of network services should be identified, implemented and monitored.;A.8 Technological controls;A.8.22;Segregation of Networks;Security mechanisms, service levels and service requirements of network services should be identified, implemented and monitored.;PASS;Security group cloudguardian-rds-sg (sg-0652e5b7e75b01aa9) does not have Microsoft RDP port 3389 open to the Internet.;arn:aws:ec2:ap-south-1:735291151388:security-group/sg-0652e5b7e75b01aa9;ec2_securitygroup_allow_ingress_from_internet_to_tcp_port_3389;False;sg-0652e5b7e75b01aa9;ISO27001;ISO/IEC 27001 Information Security Management Standard 2022
aws;ISO (the International Organization for Standardization) and IEC (the International Electrotechnical Commission) form the specialized system for worldwide standardization. National bodies that are members of ISO or IEC participate in the development of International Standards through technical committees established by the respective organization to deal with particular fields of technical activity. ISO and IEC technical committees collaborate in fields of mutual interest. Other international organizations, governmental and non-governmental, in liaison with ISO and IEC, also take part in the work.;735291151388;ap-south-1;2026-07-13 17:35:21.078358;A.8.20;Network Security;Networks and network devices should be secured, managed and controlled to protect information in systems and applications.;A.8 Technological controls;A.8.20;Network Security;Networks and network devices should be secured, managed and controlled to protect information in systems and applications.;PASS;Security group cloudguardian-web-sg (sg-09310ccc8f2635d73) does not have Casandra ports 7199, 8888 and 9160 open to the Internet.;arn:aws:ec2:ap-south-1:735291151388:security-group/sg-09310ccc8f2635d73;ec2_securitygroup_allow_ingress_from_internet_to_tcp_port_cassandra_7199_9160_8888;False;sg-09310ccc8f2635d73;ISO27001;ISO/IEC 27001 Information Security Management Standard 2022
aws;ISO (the International Organization for Standardization) and IEC (the International Electrotechnical Commission) form the specialized system for worldwide standardization. National bodies that are members of ISO or IEC participate in the development of International Standards through technical committees established by the respective organization to deal with particular fields of technical activity. ISO and IEC technical committees collaborate in fields of mutual interest. Other international organizations, governmental and non-governmental, in liaison with ISO and IEC, also take part in the work.;735291151388;ap-south-1;2026-07-13 17:35:21.078358;A.8.21;Security of Network Services;Security mechanisms, service levels and service requirements of network services should be identified, implemented and monitored.;A.8 Technological controls;A.8.21;Security of Network Services;Security mechanisms, service levels and service requirements of network services should be identified, implemented and monitored.;PASS;Security group cloudguardian-web-sg (sg-09310ccc8f2635d73) does not have Casandra ports 7199, 8888 and 9160 open to the Internet.;arn:aws:ec2:ap-south-1:735291151388:security-group/sg-09310ccc8f2635d73;ec2_securitygroup_allow_ingress_from_internet_to_tcp_port_cassandra_7199_9160_8888;False;sg-09310ccc8f2635d73;ISO27001;ISO/IEC 27001 Information Security Management Standard 2022
aws;ISO (the International Organization for Standardization) and IEC (the International Electrotechnical Commission) form the specialized system for worldwide standardization. National bodies that are members of ISO or IEC participate in the development of International Standards through technical committees established by the respective organization to deal with particular fields of technical activity. ISO and IEC technical committees collaborate in fields of mutual interest. Other international organizations, governmental and non-governmental, in liaison with ISO and IEC, also take part in the work.;735291151388;ap-south-1;2026-07-13 17:35:21.078358;A.8.22;Segregation of Networks;Security mechanisms, service levels and service requirements of network services should be identified, implemented and monitored.;A.8 Technological controls;A.8.22;Segregation of Networks;Security mechanisms, service levels and service requirements of network services should be identified, implemented and monitored.;PASS;Security group cloudguardian-web-sg (sg-09310ccc8f2635d73) does not have Casandra ports 7199, 8888 and 9160 open to the Internet.;arn:aws:ec2:ap-south-1:735291151388:security-group/sg-09310ccc8f2635d73;ec2_securitygroup_allow_ingress_from_internet_to_tcp_port_cassandra_7199_9160_8888;False;sg-09310ccc8f2635d73;ISO27001;ISO/IEC 27001 Information Security Management Standard 2022
aws;ISO (the International Organization for Standardization) and IEC (the International Electrotechnical Commission) form the specialized system for worldwide standardization. National bodies that are members of ISO or IEC participate in the development of International Standards through technical committees established by the respective organization to deal with particular fields of technical activity. ISO and IEC technical committees collaborate in fields of mutual interest. Other international organizations, governmental and non-governmental, in liaison with ISO and IEC, also take part in the work.;735291151388;ap-south-1;2026-07-13 17:35:21.078358;A.8.20;Network Security;Networks and network devices should be secured, managed and controlled to protect information in systems and applications.;A.8 Technological controls;A.8.20;Network Security;Networks and network devices should be secured, managed and controlled to protect information in systems and applications.;PASS;Security group cloudguardian-rds-sg (sg-0652e5b7e75b01aa9) does not have Casandra ports 7199, 8888 and 9160 open to the Internet.;arn:aws:ec2:ap-south-1:735291151388:security-group/sg-0652e5b7e75b01aa9;ec2_securitygroup_allow_ingress_from_internet_to_tcp_port_cassandra_7199_9160_8888;False;sg-0652e5b7e75b01aa9;ISO27001;ISO/IEC 27001 Information Security Management Standard 2022
aws;ISO (the International Organization for Standardization) and IEC (the International Electrotechnical Commission) form the specialized system for worldwide standardization. National bodies that are members of ISO or IEC participate in the development of International Standards through technical committees established by the respective organization to deal with particular fields of technical activity. ISO and IEC technical committees collaborate in fields of mutual interest. Other international organizations, governmental and non-governmental, in liaison with ISO and IEC, also take part in the work.;735291151388;ap-south-1;2026-07-13 17:35:21.078358;A.8.21;Security of Network Services;Security mechanisms, service levels and service requirements of network services should be identified, implemented and monitored.;A.8 Technological controls;A.8.21;Security of Network Services;Security mechanisms, service levels and service requirements of network services should be identified, implemented and monitored.;PASS;Security group cloudguardian-rds-sg (sg-0652e5b7e75b01aa9) does not have Casandra ports 7199, 8888 and 9160 open to the Internet.;arn:aws:ec2:ap-south-1:735291151388:security-group/sg-0652e5b7e75b01aa9;ec2_securitygroup_allow_ingress_from_internet_to_tcp_port_cassandra_7199_9160_8888;False;sg-0652e5b7e75b01aa9;ISO27001;ISO/IEC 27001 Information Security Management Standard 2022
aws;ISO (the International Organization for Standardization) and IEC (the International Electrotechnical Commission) form the specialized system for worldwide standardization. National bodies that are members of ISO or IEC participate in the development of International Standards through technical committees established by the respective organization to deal with particular fields of technical activity. ISO and IEC technical committees collaborate in fields of mutual interest. Other international organizations, governmental and non-governmental, in liaison with ISO and IEC, also take part in the work.;735291151388;ap-south-1;2026-07-13 17:35:21.078358;A.8.22;Segregation of Networks;Security mechanisms, service levels and service requirements of network services should be identified, implemented and monitored.;A.8 Technological controls;A.8.22;Segregation of Networks;Security mechanisms, service levels and service requirements of network services should be identified, implemented and monitored.;PASS;Security group cloudguardian-rds-sg (sg-0652e5b7e75b01aa9) does not have Casandra ports 7199, 8888 and 9160 open to the Internet.;arn:aws:ec2:ap-south-1:735291151388:security-group/sg-0652e5b7e75b01aa9;ec2_securitygroup_allow_ingress_from_internet_to_tcp_port_cassandra_7199_9160_8888;False;sg-0652e5b7e75b01aa9;ISO27001;ISO/IEC 27001 Information Security Management Standard 2022
aws;ISO (the International Organization for Standardization) and IEC (the International Electrotechnical Commission) form the specialized system for worldwide standardization. National bodies that are members of ISO or IEC participate in the development of International Standards through technical committees established by the respective organization to deal with particular fields of technical activity. ISO and IEC technical committees collaborate in fields of mutual interest. Other international organizations, governmental and non-governmental, in liaison with ISO and IEC, also take part in the work.;735291151388;ap-south-1;2026-07-13 17:35:21.078358;A.8.20;Network Security;Networks and network devices should be secured, managed and controlled to protect information in systems and applications.;A.8 Technological controls;A.8.20;Network Security;Networks and network devices should be secured, managed and controlled to protect information in systems and applications.;PASS;Security group cloudguardian-web-sg (sg-09310ccc8f2635d73) does not have Elasticsearch/Kibana ports 9200, 9300 and 5601 open to the Internet.;arn:aws:ec2:ap-south-1:735291151388:security-group/sg-09310ccc8f2635d73;ec2_securitygroup_allow_ingress_from_internet_to_tcp_port_elasticsearch_kibana_9200_9300_5601;False;sg-09310ccc8f2635d73;ISO27001;ISO/IEC 27001 Information Security Management Standard 2022
aws;ISO (the International Organization for Standardization) and IEC (the International Electrotechnical Commission) form the specialized system for worldwide standardization. National bodies that are members of ISO or IEC participate in the development of International Standards through technical committees established by the respective organization to deal with particular fields of technical activity. ISO and IEC technical committees collaborate in fields of mutual interest. Other international organizations, governmental and non-governmental, in liaison with ISO and IEC, also take part in the work.;735291151388;ap-south-1;2026-07-13 17:35:21.078358;A.8.21;Security of Network Services;Security mechanisms, service levels and service requirements of network services should be identified, implemented and monitored.;A.8 Technological controls;A.8.21;Security of Network Services;Security mechanisms, service levels and service requirements of network services should be identified, implemented and monitored.;PASS;Security group cloudguardian-web-sg (sg-09310ccc8f2635d73) does not have Elasticsearch/Kibana ports 9200, 9300 and 5601 open to the Internet.;arn:aws:ec2:ap-south-1:735291151388:security-group/sg-09310ccc8f2635d73;ec2_securitygroup_allow_ingress_from_internet_to_tcp_port_elasticsearch_kibana_9200_9300_5601;False;sg-09310ccc8f2635d73;ISO27001;ISO/IEC 27001 Information Security Management Standard 2022
aws;ISO (the International Organization for Standardization) and IEC (the International Electrotechnical Commission) form the specialized system for worldwide standardization. National bodies that are members of ISO or IEC participate in the development of International Standards through technical committees established by the respective organization to deal with particular fields of technical activity. ISO and IEC technical committees collaborate in fields of mutual interest. Other international organizations, governmental and non-governmental, in liaison with ISO and IEC, also take part in the work.;735291151388;ap-south-1;2026-07-13 17:35:21.078358;A.8.22;Segregation of Networks;Security mechanisms, service levels and service requirements of network services should be identified, implemented and monitored.;A.8 Technological controls;A.8.22;Segregation of Networks;Security mechanisms, service levels and service requirements of network services should be identified, implemented and monitored.;PASS;Security group cloudguardian-web-sg (sg-09310ccc8f2635d73) does not have Elasticsearch/Kibana ports 9200, 9300 and 5601 open to the Internet.;arn:aws:ec2:ap-south-1:735291151388:security-group/sg-09310ccc8f2635d73;ec2_securitygroup_allow_ingress_from_internet_to_tcp_port_elasticsearch_kibana_9200_9300_5601;False;sg-09310ccc8f2635d73;ISO27001;ISO/IEC 27001 Information Security Management Standard 2022
aws;ISO (the International Organization for Standardization) and IEC (the International Electrotechnical Commission) form the specialized system for worldwide standardization. National bodies that are members of ISO or IEC participate in the development of International Standards through technical committees established by the respective organization to deal with particular fields of technical activity. ISO and IEC technical committees collaborate in fields of mutual interest. Other international organizations, governmental and non-governmental, in liaison with ISO and IEC, also take part in the work.;735291151388;ap-south-1;2026-07-13 17:35:21.078358;A.8.20;Network Security;Networks and network devices should be secured, managed and controlled to protect information in systems and applications.;A.8 Technological controls;A.8.20;Network Security;Networks and network devices should be secured, managed and controlled to protect information in systems and applications.;PASS;Security group cloudguardian-rds-sg (sg-0652e5b7e75b01aa9) does not have Elasticsearch/Kibana ports 9200, 9300 and 5601 open to the Internet.;arn:aws:ec2:ap-south-1:735291151388:security-group/sg-0652e5b7e75b01aa9;ec2_securitygroup_allow_ingress_from_internet_to_tcp_port_elasticsearch_kibana_9200_9300_5601;False;sg-0652e5b7e75b01aa9;ISO27001;ISO/IEC 27001 Information Security Management Standard 2022
aws;ISO (the International Organization for Standardization) and IEC (the International Electrotechnical Commission) form the specialized system for worldwide standardization. National bodies that are members of ISO or IEC participate in the development of International Standards through technical committees established by the respective organization to deal with particular fields of technical activity. ISO and IEC technical committees collaborate in fields of mutual interest. Other international organizations, governmental and non-governmental, in liaison with ISO and IEC, also take part in the work.;735291151388;ap-south-1;2026-07-13 17:35:21.078358;A.8.21;Security of Network Services;Security mechanisms, service levels and service requirements of network services should be identified, implemented and monitored.;A.8 Technological controls;A.8.21;Security of Network Services;Security mechanisms, service levels and service requirements of network services should be identified, implemented and monitored.;PASS;Security group cloudguardian-rds-sg (sg-0652e5b7e75b01aa9) does not have Elasticsearch/Kibana ports 9200, 9300 and 5601 open to the Internet.;arn:aws:ec2:ap-south-1:735291151388:security-group/sg-0652e5b7e75b01aa9;ec2_securitygroup_allow_ingress_from_internet_to_tcp_port_elasticsearch_kibana_9200_9300_5601;False;sg-0652e5b7e75b01aa9;ISO27001;ISO/IEC 27001 Information Security Management Standard 2022
aws;ISO (the International Organization for Standardization) and IEC (the International Electrotechnical Commission) form the specialized system for worldwide standardization. National bodies that are members of ISO or IEC participate in the development of International Standards through technical committees established by the respective organization to deal with particular fields of technical activity. ISO and IEC technical committees collaborate in fields of mutual interest. Other international organizations, governmental and non-governmental, in liaison with ISO and IEC, also take part in the work.;735291151388;ap-south-1;2026-07-13 17:35:21.078358;A.8.22;Segregation of Networks;Security mechanisms, service levels and service requirements of network services should be identified, implemented and monitored.;A.8 Technological controls;A.8.22;Segregation of Networks;Security mechanisms, service levels and service requirements of network services should be identified, implemented and monitored.;PASS;Security group cloudguardian-rds-sg (sg-0652e5b7e75b01aa9) does not have Elasticsearch/Kibana ports 9200, 9300 and 5601 open to the Internet.;arn:aws:ec2:ap-south-1:735291151388:security-group/sg-0652e5b7e75b01aa9;ec2_securitygroup_allow_ingress_from_internet_to_tcp_port_elasticsearch_kibana_9200_9300_5601;False;sg-0652e5b7e75b01aa9;ISO27001;ISO/IEC 27001 Information Security Management Standard 2022
aws;ISO (the International Organization for Standardization) and IEC (the International Electrotechnical Commission) form the specialized system for worldwide standardization. National bodies that are members of ISO or IEC participate in the development of International Standards through technical committees established by the respective organization to deal with particular fields of technical activity. ISO and IEC technical committees collaborate in fields of mutual interest. Other international organizations, governmental and non-governmental, in liaison with ISO and IEC, also take part in the work.;735291151388;ap-south-1;2026-07-13 17:35:21.078358;A.8.20;Network Security;Networks and network devices should be secured, managed and controlled to protect information in systems and applications.;A.8 Technological controls;A.8.20;Network Security;Networks and network devices should be secured, managed and controlled to protect information in systems and applications.;PASS;Security group cloudguardian-web-sg (sg-09310ccc8f2635d73) does not have FTP ports 20 and 21 open to the Internet.;arn:aws:ec2:ap-south-1:735291151388:security-group/sg-09310ccc8f2635d73;ec2_securitygroup_allow_ingress_from_internet_to_tcp_port_ftp_20_21;False;sg-09310ccc8f2635d73;ISO27001;ISO/IEC 27001 Information Security Management Standard 2022
aws;ISO (the International Organization for Standardization) and IEC (the International Electrotechnical Commission) form the specialized system for worldwide standardization. National bodies that are members of ISO or IEC participate in the development of International Standards through technical committees established by the respective organization to deal with particular fields of technical activity. ISO and IEC technical committees collaborate in fields of mutual interest. Other international organizations, governmental and non-governmental, in liaison with ISO and IEC, also take part in the work.;735291151388;ap-south-1;2026-07-13 17:35:21.078358;A.8.21;Security of Network Services;Security mechanisms, service levels and service requirements of network services should be identified, implemented and monitored.;A.8 Technological controls;A.8.21;Security of Network Services;Security mechanisms, service levels and service requirements of network services should be identified, implemented and monitored.;PASS;Security group cloudguardian-web-sg (sg-09310ccc8f2635d73) does not have FTP ports 20 and 21 open to the Internet.;arn:aws:ec2:ap-south-1:735291151388:security-group/sg-09310ccc8f2635d73;ec2_securitygroup_allow_ingress_from_internet_to_tcp_port_ftp_20_21;False;sg-09310ccc8f2635d73;ISO27001;ISO/IEC 27001 Information Security Management Standard 2022
aws;ISO (the International Organization for Standardization) and IEC (the International Electrotechnical Commission) form the specialized system for worldwide standardization. National bodies that are members of ISO or IEC participate in the development of International Standards through technical committees established by the respective organization to deal with particular fields of technical activity. ISO and IEC technical committees collaborate in fields of mutual interest. Other international organizations, governmental and non-governmental, in liaison with ISO and IEC, also take part in the work.;735291151388;ap-south-1;2026-07-13 17:35:21.078358;A.8.22;Segregation of Networks;Security mechanisms, service levels and service requirements of network services should be identified, implemented and monitored.;A.8 Technological controls;A.8.22;Segregation of Networks;Security mechanisms, service levels and service requirements of network services should be identified, implemented and monitored.;PASS;Security group cloudguardian-web-sg (sg-09310ccc8f2635d73) does not have FTP ports 20 and 21 open to the Internet.;arn:aws:ec2:ap-south-1:735291151388:security-group/sg-09310ccc8f2635d73;ec2_securitygroup_allow_ingress_from_internet_to_tcp_port_ftp_20_21;False;sg-09310ccc8f2635d73;ISO27001;ISO/IEC 27001 Information Security Management Standard 2022
aws;ISO (the International Organization for Standardization) and IEC (the International Electrotechnical Commission) form the specialized system for worldwide standardization. National bodies that are members of ISO or IEC participate in the development of International Standards through technical committees established by the respective organization to deal with particular fields of technical activity. ISO and IEC technical committees collaborate in fields of mutual interest. Other international organizations, governmental and non-governmental, in liaison with ISO and IEC, also take part in the work.;735291151388;ap-south-1;2026-07-13 17:35:21.078358;A.8.20;Network Security;Networks and network devices should be secured, managed and controlled to protect information in systems and applications.;A.8 Technological controls;A.8.20;Network Security;Networks and network devices should be secured, managed and controlled to protect information in systems and applications.;PASS;Security group cloudguardian-rds-sg (sg-0652e5b7e75b01aa9) does not have FTP ports 20 and 21 open to the Internet.;arn:aws:ec2:ap-south-1:735291151388:security-group/sg-0652e5b7e75b01aa9;ec2_securitygroup_allow_ingress_from_internet_to_tcp_port_ftp_20_21;False;sg-0652e5b7e75b01aa9;ISO27001;ISO/IEC 27001 Information Security Management Standard 2022
aws;ISO (the International Organization for Standardization) and IEC (the International Electrotechnical Commission) form the specialized system for worldwide standardization. National bodies that are members of ISO or IEC participate in the development of International Standards through technical committees established by the respective organization to deal with particular fields of technical activity. ISO and IEC technical committees collaborate in fields of mutual interest. Other international organizations, governmental and non-governmental, in liaison with ISO and IEC, also take part in the work.;735291151388;ap-south-1;2026-07-13 17:35:21.078358;A.8.21;Security of Network Services;Security mechanisms, service levels and service requirements of network services should be identified, implemented and monitored.;A.8 Technological controls;A.8.21;Security of Network Services;Security mechanisms, service levels and service requirements of network services should be identified, implemented and monitored.;PASS;Security group cloudguardian-rds-sg (sg-0652e5b7e75b01aa9) does not have FTP ports 20 and 21 open to the Internet.;arn:aws:ec2:ap-south-1:735291151388:security-group/sg-0652e5b7e75b01aa9;ec2_securitygroup_allow_ingress_from_internet_to_tcp_port_ftp_20_21;False;sg-0652e5b7e75b01aa9;ISO27001;ISO/IEC 27001 Information Security Management Standard 2022
aws;ISO (the International Organization for Standardization) and IEC (the International Electrotechnical Commission) form the specialized system for worldwide standardization. National bodies that are members of ISO or IEC participate in the development of International Standards through technical committees established by the respective organization to deal with particular fields of technical activity. ISO and IEC technical committees collaborate in fields of mutual interest. Other international organizations, governmental and non-governmental, in liaison with ISO and IEC, also take part in the work.;735291151388;ap-south-1;2026-07-13 17:35:21.078358;A.8.22;Segregation of Networks;Security mechanisms, service levels and service requirements of network services should be identified, implemented and monitored.;A.8 Technological controls;A.8.22;Segregation of Networks;Security mechanisms, service levels and service requirements of network services should be identified, implemented and monitored.;PASS;Security group cloudguardian-rds-sg (sg-0652e5b7e75b01aa9) does not have FTP ports 20 and 21 open to the Internet.;arn:aws:ec2:ap-south-1:735291151388:security-group/sg-0652e5b7e75b01aa9;ec2_securitygroup_allow_ingress_from_internet_to_tcp_port_ftp_20_21;False;sg-0652e5b7e75b01aa9;ISO27001;ISO/IEC 27001 Information Security Management Standard 2022
aws;ISO (the International Organization for Standardization) and IEC (the International Electrotechnical Commission) form the specialized system for worldwide standardization. National bodies that are members of ISO or IEC participate in the development of International Standards through technical committees established by the respective organization to deal with particular fields of technical activity. ISO and IEC technical committees collaborate in fields of mutual interest. Other international organizations, governmental and non-governmental, in liaison with ISO and IEC, also take part in the work.;735291151388;ap-south-1;2026-07-13 17:35:21.078358;A.8.20;Network Security;Networks and network devices should be secured, managed and controlled to protect information in systems and applications.;A.8 Technological controls;A.8.20;Network Security;Networks and network devices should be secured, managed and controlled to protect information in systems and applications.;PASS;Security group cloudguardian-web-sg (sg-09310ccc8f2635d73) does not have Kafka port 9092 open to the Internet.;arn:aws:ec2:ap-south-1:735291151388:security-group/sg-09310ccc8f2635d73;ec2_securitygroup_allow_ingress_from_internet_to_tcp_port_kafka_9092;False;sg-09310ccc8f2635d73;ISO27001;ISO/IEC 27001 Information Security Management Standard 2022
aws;ISO (the International Organization for Standardization) and IEC (the International Electrotechnical Commission) form the specialized system for worldwide standardization. National bodies that are members of ISO or IEC participate in the development of International Standards through technical committees established by the respective organization to deal with particular fields of technical activity. ISO and IEC technical committees collaborate in fields of mutual interest. Other international organizations, governmental and non-governmental, in liaison with ISO and IEC, also take part in the work.;735291151388;ap-south-1;2026-07-13 17:35:21.078358;A.8.21;Security of Network Services;Security mechanisms, service levels and service requirements of network services should be identified, implemented and monitored.;A.8 Technological controls;A.8.21;Security of Network Services;Security mechanisms, service levels and service requirements of network services should be identified, implemented and monitored.;PASS;Security group cloudguardian-web-sg (sg-09310ccc8f2635d73) does not have Kafka port 9092 open to the Internet.;arn:aws:ec2:ap-south-1:735291151388:security-group/sg-09310ccc8f2635d73;ec2_securitygroup_allow_ingress_from_internet_to_tcp_port_kafka_9092;False;sg-09310ccc8f2635d73;ISO27001;ISO/IEC 27001 Information Security Management Standard 2022
aws;ISO (the International Organization for Standardization) and IEC (the International Electrotechnical Commission) form the specialized system for worldwide standardization. National bodies that are members of ISO or IEC participate in the development of International Standards through technical committees established by the respective organization to deal with particular fields of technical activity. ISO and IEC technical committees collaborate in fields of mutual interest. Other international organizations, governmental and non-governmental, in liaison with ISO and IEC, also take part in the work.;735291151388;ap-south-1;2026-07-13 17:35:21.078358;A.8.22;Segregation of Networks;Security mechanisms, service levels and service requirements of network services should be identified, implemented and monitored.;A.8 Technological controls;A.8.22;Segregation of Networks;Security mechanisms, service levels and service requirements of network services should be identified, implemented and monitored.;PASS;Security group cloudguardian-web-sg (sg-09310ccc8f2635d73) does not have Kafka port 9092 open to the Internet.;arn:aws:ec2:ap-south-1:735291151388:security-group/sg-09310ccc8f2635d73;ec2_securitygroup_allow_ingress_from_internet_to_tcp_port_kafka_9092;False;sg-09310ccc8f2635d73;ISO27001;ISO/IEC 27001 Information Security Management Standard 2022
aws;ISO (the International Organization for Standardization) and IEC (the International Electrotechnical Commission) form the specialized system for worldwide standardization. National bodies that are members of ISO or IEC participate in the development of International Standards through technical committees established by the respective organization to deal with particular fields of technical activity. ISO and IEC technical committees collaborate in fields of mutual interest. Other international organizations, governmental and non-governmental, in liaison with ISO and IEC, also take part in the work.;735291151388;ap-south-1;2026-07-13 17:35:21.078358;A.8.20;Network Security;Networks and network devices should be secured, managed and controlled to protect information in systems and applications.;A.8 Technological controls;A.8.20;Network Security;Networks and network devices should be secured, managed and controlled to protect information in systems and applications.;PASS;Security group cloudguardian-rds-sg (sg-0652e5b7e75b01aa9) does not have Kafka port 9092 open to the Internet.;arn:aws:ec2:ap-south-1:735291151388:security-group/sg-0652e5b7e75b01aa9;ec2_securitygroup_allow_ingress_from_internet_to_tcp_port_kafka_9092;False;sg-0652e5b7e75b01aa9;ISO27001;ISO/IEC 27001 Information Security Management Standard 2022
aws;ISO (the International Organization for Standardization) and IEC (the International Electrotechnical Commission) form the specialized system for worldwide standardization. National bodies that are members of ISO or IEC participate in the development of International Standards through technical committees established by the respective organization to deal with particular fields of technical activity. ISO and IEC technical committees collaborate in fields of mutual interest. Other international organizations, governmental and non-governmental, in liaison with ISO and IEC, also take part in the work.;735291151388;ap-south-1;2026-07-13 17:35:21.078358;A.8.21;Security of Network Services;Security mechanisms, service levels and service requirements of network services should be identified, implemented and monitored.;A.8 Technological controls;A.8.21;Security of Network Services;Security mechanisms, service levels and service requirements of network services should be identified, implemented and monitored.;PASS;Security group cloudguardian-rds-sg (sg-0652e5b7e75b01aa9) does not have Kafka port 9092 open to the Internet.;arn:aws:ec2:ap-south-1:735291151388:security-group/sg-0652e5b7e75b01aa9;ec2_securitygroup_allow_ingress_from_internet_to_tcp_port_kafka_9092;False;sg-0652e5b7e75b01aa9;ISO27001;ISO/IEC 27001 Information Security Management Standard 2022
aws;ISO (the International Organization for Standardization) and IEC (the International Electrotechnical Commission) form the specialized system for worldwide standardization. National bodies that are members of ISO or IEC participate in the development of International Standards through technical committees established by the respective organization to deal with particular fields of technical activity. ISO and IEC technical committees collaborate in fields of mutual interest. Other international organizations, governmental and non-governmental, in liaison with ISO and IEC, also take part in the work.;735291151388;ap-south-1;2026-07-13 17:35:21.078358;A.8.22;Segregation of Networks;Security mechanisms, service levels and service requirements of network services should be identified, implemented and monitored.;A.8 Technological controls;A.8.22;Segregation of Networks;Security mechanisms, service levels and service requirements of network services should be identified, implemented and monitored.;PASS;Security group cloudguardian-rds-sg (sg-0652e5b7e75b01aa9) does not have Kafka port 9092 open to the Internet.;arn:aws:ec2:ap-south-1:735291151388:security-group/sg-0652e5b7e75b01aa9;ec2_securitygroup_allow_ingress_from_internet_to_tcp_port_kafka_9092;False;sg-0652e5b7e75b01aa9;ISO27001;ISO/IEC 27001 Information Security Management Standard 2022
aws;ISO (the International Organization for Standardization) and IEC (the International Electrotechnical Commission) form the specialized system for worldwide standardization. National bodies that are members of ISO or IEC participate in the development of International Standards through technical committees established by the respective organization to deal with particular fields of technical activity. ISO and IEC technical committees collaborate in fields of mutual interest. Other international organizations, governmental and non-governmental, in liaison with ISO and IEC, also take part in the work.;735291151388;ap-south-1;2026-07-13 17:35:21.078358;A.8.20;Network Security;Networks and network devices should be secured, managed and controlled to protect information in systems and applications.;A.8 Technological controls;A.8.20;Network Security;Networks and network devices should be secured, managed and controlled to protect information in systems and applications.;PASS;Security group cloudguardian-web-sg (sg-09310ccc8f2635d73) does not have Memcached port 11211 open to the Internet.;arn:aws:ec2:ap-south-1:735291151388:security-group/sg-09310ccc8f2635d73;ec2_securitygroup_allow_ingress_from_internet_to_tcp_port_memcached_11211;False;sg-09310ccc8f2635d73;ISO27001;ISO/IEC 27001 Information Security Management Standard 2022
aws;ISO (the International Organization for Standardization) and IEC (the International Electrotechnical Commission) form the specialized system for worldwide standardization. National bodies that are members of ISO or IEC participate in the development of International Standards through technical committees established by the respective organization to deal with particular fields of technical activity. ISO and IEC technical committees collaborate in fields of mutual interest. Other international organizations, governmental and non-governmental, in liaison with ISO and IEC, also take part in the work.;735291151388;ap-south-1;2026-07-13 17:35:21.078358;A.8.21;Security of Network Services;Security mechanisms, service levels and service requirements of network services should be identified, implemented and monitored.;A.8 Technological controls;A.8.21;Security of Network Services;Security mechanisms, service levels and service requirements of network services should be identified, implemented and monitored.;PASS;Security group cloudguardian-web-sg (sg-09310ccc8f2635d73) does not have Memcached port 11211 open to the Internet.;arn:aws:ec2:ap-south-1:735291151388:security-group/sg-09310ccc8f2635d73;ec2_securitygroup_allow_ingress_from_internet_to_tcp_port_memcached_11211;False;sg-09310ccc8f2635d73;ISO27001;ISO/IEC 27001 Information Security Management Standard 2022
aws;ISO (the International Organization for Standardization) and IEC (the International Electrotechnical Commission) form the specialized system for worldwide standardization. National bodies that are members of ISO or IEC participate in the development of International Standards through technical committees established by the respective organization to deal with particular fields of technical activity. ISO and IEC technical committees collaborate in fields of mutual interest. Other international organizations, governmental and non-governmental, in liaison with ISO and IEC, also take part in the work.;735291151388;ap-south-1;2026-07-13 17:35:21.078358;A.8.22;Segregation of Networks;Security mechanisms, service levels and service requirements of network services should be identified, implemented and monitored.;A.8 Technological controls;A.8.22;Segregation of Networks;Security mechanisms, service levels and service requirements of network services should be identified, implemented and monitored.;PASS;Security group cloudguardian-web-sg (sg-09310ccc8f2635d73) does not have Memcached port 11211 open to the Internet.;arn:aws:ec2:ap-south-1:735291151388:security-group/sg-09310ccc8f2635d73;ec2_securitygroup_allow_ingress_from_internet_to_tcp_port_memcached_11211;False;sg-09310ccc8f2635d73;ISO27001;ISO/IEC 27001 Information Security Management Standard 2022
aws;ISO (the International Organization for Standardization) and IEC (the International Electrotechnical Commission) form the specialized system for worldwide standardization. National bodies that are members of ISO or IEC participate in the development of International Standards through technical committees established by the respective organization to deal with particular fields of technical activity. ISO and IEC technical committees collaborate in fields of mutual interest. Other international organizations, governmental and non-governmental, in liaison with ISO and IEC, also take part in the work.;735291151388;ap-south-1;2026-07-13 17:35:21.078358;A.8.20;Network Security;Networks and network devices should be secured, managed and controlled to protect information in systems and applications.;A.8 Technological controls;A.8.20;Network Security;Networks and network devices should be secured, managed and controlled to protect information in systems and applications.;PASS;Security group cloudguardian-rds-sg (sg-0652e5b7e75b01aa9) does not have Memcached port 11211 open to the Internet.;arn:aws:ec2:ap-south-1:735291151388:security-group/sg-0652e5b7e75b01aa9;ec2_securitygroup_allow_ingress_from_internet_to_tcp_port_memcached_11211;False;sg-0652e5b7e75b01aa9;ISO27001;ISO/IEC 27001 Information Security Management Standard 2022
aws;ISO (the International Organization for Standardization) and IEC (the International Electrotechnical Commission) form the specialized system for worldwide standardization. National bodies that are members of ISO or IEC participate in the development of International Standards through technical committees established by the respective organization to deal with particular fields of technical activity. ISO and IEC technical committees collaborate in fields of mutual interest. Other international organizations, governmental and non-governmental, in liaison with ISO and IEC, also take part in the work.;735291151388;ap-south-1;2026-07-13 17:35:21.078358;A.8.21;Security of Network Services;Security mechanisms, service levels and service requirements of network services should be identified, implemented and monitored.;A.8 Technological controls;A.8.21;Security of Network Services;Security mechanisms, service levels and service requirements of network services should be identified, implemented and monitored.;PASS;Security group cloudguardian-rds-sg (sg-0652e5b7e75b01aa9) does not have Memcached port 11211 open to the Internet.;arn:aws:ec2:ap-south-1:735291151388:security-group/sg-0652e5b7e75b01aa9;ec2_securitygroup_allow_ingress_from_internet_to_tcp_port_memcached_11211;False;sg-0652e5b7e75b01aa9;ISO27001;ISO/IEC 27001 Information Security Management Standard 2022
aws;ISO (the International Organization for Standardization) and IEC (the International Electrotechnical Commission) form the specialized system for worldwide standardization. National bodies that are members of ISO or IEC participate in the development of International Standards through technical committees established by the respective organization to deal with particular fields of technical activity. ISO and IEC technical committees collaborate in fields of mutual interest. Other international organizations, governmental and non-governmental, in liaison with ISO and IEC, also take part in the work.;735291151388;ap-south-1;2026-07-13 17:35:21.078358;A.8.22;Segregation of Networks;Security mechanisms, service levels and service requirements of network services should be identified, implemented and monitored.;A.8 Technological controls;A.8.22;Segregation of Networks;Security mechanisms, service levels and service requirements of network services should be identified, implemented and monitored.;PASS;Security group cloudguardian-rds-sg (sg-0652e5b7e75b01aa9) does not have Memcached port 11211 open to the Internet.;arn:aws:ec2:ap-south-1:735291151388:security-group/sg-0652e5b7e75b01aa9;ec2_securitygroup_allow_ingress_from_internet_to_tcp_port_memcached_11211;False;sg-0652e5b7e75b01aa9;ISO27001;ISO/IEC 27001 Information Security Management Standard 2022
aws;ISO (the International Organization for Standardization) and IEC (the International Electrotechnical Commission) form the specialized system for worldwide standardization. National bodies that are members of ISO or IEC participate in the development of International Standards through technical committees established by the respective organization to deal with particular fields of technical activity. ISO and IEC technical committees collaborate in fields of mutual interest. Other international organizations, governmental and non-governmental, in liaison with ISO and IEC, also take part in the work.;735291151388;ap-south-1;2026-07-13 17:35:21.078358;A.8.20;Network Security;Networks and network devices should be secured, managed and controlled to protect information in systems and applications.;A.8 Technological controls;A.8.20;Network Security;Networks and network devices should be secured, managed and controlled to protect information in systems and applications.;PASS;Security group cloudguardian-web-sg (sg-09310ccc8f2635d73) does not have MongoDB ports 27017 and 27018 open to the Internet.;arn:aws:ec2:ap-south-1:735291151388:security-group/sg-09310ccc8f2635d73;ec2_securitygroup_allow_ingress_from_internet_to_tcp_port_mongodb_27017_27018;False;sg-09310ccc8f2635d73;ISO27001;ISO/IEC 27001 Information Security Management Standard 2022
aws;ISO (the International Organization for Standardization) and IEC (the International Electrotechnical Commission) form the specialized system for worldwide standardization. National bodies that are members of ISO or IEC participate in the development of International Standards through technical committees established by the respective organization to deal with particular fields of technical activity. ISO and IEC technical committees collaborate in fields of mutual interest. Other international organizations, governmental and non-governmental, in liaison with ISO and IEC, also take part in the work.;735291151388;ap-south-1;2026-07-13 17:35:21.078358;A.8.21;Security of Network Services;Security mechanisms, service levels and service requirements of network services should be identified, implemented and monitored.;A.8 Technological controls;A.8.21;Security of Network Services;Security mechanisms, service levels and service requirements of network services should be identified, implemented and monitored.;PASS;Security group cloudguardian-web-sg (sg-09310ccc8f2635d73) does not have MongoDB ports 27017 and 27018 open to the Internet.;arn:aws:ec2:ap-south-1:735291151388:security-group/sg-09310ccc8f2635d73;ec2_securitygroup_allow_ingress_from_internet_to_tcp_port_mongodb_27017_27018;False;sg-09310ccc8f2635d73;ISO27001;ISO/IEC 27001 Information Security Management Standard 2022
aws;ISO (the International Organization for Standardization) and IEC (the International Electrotechnical Commission) form the specialized system for worldwide standardization. National bodies that are members of ISO or IEC participate in the development of International Standards through technical committees established by the respective organization to deal with particular fields of technical activity. ISO and IEC technical committees collaborate in fields of mutual interest. Other international organizations, governmental and non-governmental, in liaison with ISO and IEC, also take part in the work.;735291151388;ap-south-1;2026-07-13 17:35:21.078358;A.8.22;Segregation of Networks;Security mechanisms, service levels and service requirements of network services should be identified, implemented and monitored.;A.8 Technological controls;A.8.22;Segregation of Networks;Security mechanisms, service levels and service requirements of network services should be identified, implemented and monitored.;PASS;Security group cloudguardian-web-sg (sg-09310ccc8f2635d73) does not have MongoDB ports 27017 and 27018 open to the Internet.;arn:aws:ec2:ap-south-1:735291151388:security-group/sg-09310ccc8f2635d73;ec2_securitygroup_allow_ingress_from_internet_to_tcp_port_mongodb_27017_27018;False;sg-09310ccc8f2635d73;ISO27001;ISO/IEC 27001 Information Security Management Standard 2022
aws;ISO (the International Organization for Standardization) and IEC (the International Electrotechnical Commission) form the specialized system for worldwide standardization. National bodies that are members of ISO or IEC participate in the development of International Standards through technical committees established by the respective organization to deal with particular fields of technical activity. ISO and IEC technical committees collaborate in fields of mutual interest. Other international organizations, governmental and non-governmental, in liaison with ISO and IEC, also take part in the work.;735291151388;ap-south-1;2026-07-13 17:35:21.078358;A.8.20;Network Security;Networks and network devices should be secured, managed and controlled to protect information in systems and applications.;A.8 Technological controls;A.8.20;Network Security;Networks and network devices should be secured, managed and controlled to protect information in systems and applications.;PASS;Security group cloudguardian-rds-sg (sg-0652e5b7e75b01aa9) does not have MongoDB ports 27017 and 27018 open to the Internet.;arn:aws:ec2:ap-south-1:735291151388:security-group/sg-0652e5b7e75b01aa9;ec2_securitygroup_allow_ingress_from_internet_to_tcp_port_mongodb_27017_27018;False;sg-0652e5b7e75b01aa9;ISO27001;ISO/IEC 27001 Information Security Management Standard 2022
aws;ISO (the International Organization for Standardization) and IEC (the International Electrotechnical Commission) form the specialized system for worldwide standardization. National bodies that are members of ISO or IEC participate in the development of International Standards through technical committees established by the respective organization to deal with particular fields of technical activity. ISO and IEC technical committees collaborate in fields of mutual interest. Other international organizations, governmental and non-governmental, in liaison with ISO and IEC, also take part in the work.;735291151388;ap-south-1;2026-07-13 17:35:21.078358;A.8.21;Security of Network Services;Security mechanisms, service levels and service requirements of network services should be identified, implemented and monitored.;A.8 Technological controls;A.8.21;Security of Network Services;Security mechanisms, service levels and service requirements of network services should be identified, implemented and monitored.;PASS;Security group cloudguardian-rds-sg (sg-0652e5b7e75b01aa9) does not have MongoDB ports 27017 and 27018 open to the Internet.;arn:aws:ec2:ap-south-1:735291151388:security-group/sg-0652e5b7e75b01aa9;ec2_securitygroup_allow_ingress_from_internet_to_tcp_port_mongodb_27017_27018;False;sg-0652e5b7e75b01aa9;ISO27001;ISO/IEC 27001 Information Security Management Standard 2022
aws;ISO (the International Organization for Standardization) and IEC (the International Electrotechnical Commission) form the specialized system for worldwide standardization. National bodies that are members of ISO or IEC participate in the development of International Standards through technical committees established by the respective organization to deal with particular fields of technical activity. ISO and IEC technical committees collaborate in fields of mutual interest. Other international organizations, governmental and non-governmental, in liaison with ISO and IEC, also take part in the work.;735291151388;ap-south-1;2026-07-13 17:35:21.078358;A.8.22;Segregation of Networks;Security mechanisms, service levels and service requirements of network services should be identified, implemented and monitored.;A.8 Technological controls;A.8.22;Segregation of Networks;Security mechanisms, service levels and service requirements of network services should be identified, implemented and monitored.;PASS;Security group cloudguardian-rds-sg (sg-0652e5b7e75b01aa9) does not have MongoDB ports 27017 and 27018 open to the Internet.;arn:aws:ec2:ap-south-1:735291151388:security-group/sg-0652e5b7e75b01aa9;ec2_securitygroup_allow_ingress_from_internet_to_tcp_port_mongodb_27017_27018;False;sg-0652e5b7e75b01aa9;ISO27001;ISO/IEC 27001 Information Security Management Standard 2022
aws;ISO (the International Organization for Standardization) and IEC (the International Electrotechnical Commission) form the specialized system for worldwide standardization. National bodies that are members of ISO or IEC participate in the development of International Standards through technical committees established by the respective organization to deal with particular fields of technical activity. ISO and IEC technical committees collaborate in fields of mutual interest. Other international organizations, governmental and non-governmental, in liaison with ISO and IEC, also take part in the work.;735291151388;ap-south-1;2026-07-13 17:35:21.078358;A.8.20;Network Security;Networks and network devices should be secured, managed and controlled to protect information in systems and applications.;A.8 Technological controls;A.8.20;Network Security;Networks and network devices should be secured, managed and controlled to protect information in systems and applications.;PASS;Security group cloudguardian-web-sg (sg-09310ccc8f2635d73) does not have MySQL port 3306 open to the Internet.;arn:aws:ec2:ap-south-1:735291151388:security-group/sg-09310ccc8f2635d73;ec2_securitygroup_allow_ingress_from_internet_to_tcp_port_mysql_3306;False;sg-09310ccc8f2635d73;ISO27001;ISO/IEC 27001 Information Security Management Standard 2022
aws;ISO (the International Organization for Standardization) and IEC (the International Electrotechnical Commission) form the specialized system for worldwide standardization. National bodies that are members of ISO or IEC participate in the development of International Standards through technical committees established by the respective organization to deal with particular fields of technical activity. ISO and IEC technical committees collaborate in fields of mutual interest. Other international organizations, governmental and non-governmental, in liaison with ISO and IEC, also take part in the work.;735291151388;ap-south-1;2026-07-13 17:35:21.078358;A.8.21;Security of Network Services;Security mechanisms, service levels and service requirements of network services should be identified, implemented and monitored.;A.8 Technological controls;A.8.21;Security of Network Services;Security mechanisms, service levels and service requirements of network services should be identified, implemented and monitored.;PASS;Security group cloudguardian-web-sg (sg-09310ccc8f2635d73) does not have MySQL port 3306 open to the Internet.;arn:aws:ec2:ap-south-1:735291151388:security-group/sg-09310ccc8f2635d73;ec2_securitygroup_allow_ingress_from_internet_to_tcp_port_mysql_3306;False;sg-09310ccc8f2635d73;ISO27001;ISO/IEC 27001 Information Security Management Standard 2022
aws;ISO (the International Organization for Standardization) and IEC (the International Electrotechnical Commission) form the specialized system for worldwide standardization. National bodies that are members of ISO or IEC participate in the development of International Standards through technical committees established by the respective organization to deal with particular fields of technical activity. ISO and IEC technical committees collaborate in fields of mutual interest. Other international organizations, governmental and non-governmental, in liaison with ISO and IEC, also take part in the work.;735291151388;ap-south-1;2026-07-13 17:35:21.078358;A.8.22;Segregation of Networks;Security mechanisms, service levels and service requirements of network services should be identified, implemented and monitored.;A.8 Technological controls;A.8.22;Segregation of Networks;Security mechanisms, service levels and service requirements of network services should be identified, implemented and monitored.;PASS;Security group cloudguardian-web-sg (sg-09310ccc8f2635d73) does not have MySQL port 3306 open to the Internet.;arn:aws:ec2:ap-south-1:735291151388:security-group/sg-09310ccc8f2635d73;ec2_securitygroup_allow_ingress_from_internet_to_tcp_port_mysql_3306;False;sg-09310ccc8f2635d73;ISO27001;ISO/IEC 27001 Information Security Management Standard 2022
aws;ISO (the International Organization for Standardization) and IEC (the International Electrotechnical Commission) form the specialized system for worldwide standardization. National bodies that are members of ISO or IEC participate in the development of International Standards through technical committees established by the respective organization to deal with particular fields of technical activity. ISO and IEC technical committees collaborate in fields of mutual interest. Other international organizations, governmental and non-governmental, in liaison with ISO and IEC, also take part in the work.;735291151388;ap-south-1;2026-07-13 17:35:21.078358;A.8.20;Network Security;Networks and network devices should be secured, managed and controlled to protect information in systems and applications.;A.8 Technological controls;A.8.20;Network Security;Networks and network devices should be secured, managed and controlled to protect information in systems and applications.;FAIL;Security group cloudguardian-rds-sg (sg-0652e5b7e75b01aa9) has MySQL port 3306 open to the Internet.;arn:aws:ec2:ap-south-1:735291151388:security-group/sg-0652e5b7e75b01aa9;ec2_securitygroup_allow_ingress_from_internet_to_tcp_port_mysql_3306;False;sg-0652e5b7e75b01aa9;ISO27001;ISO/IEC 27001 Information Security Management Standard 2022
aws;ISO (the International Organization for Standardization) and IEC (the International Electrotechnical Commission) form the specialized system for worldwide standardization. National bodies that are members of ISO or IEC participate in the development of International Standards through technical committees established by the respective organization to deal with particular fields of technical activity. ISO and IEC technical committees collaborate in fields of mutual interest. Other international organizations, governmental and non-governmental, in liaison with ISO and IEC, also take part in the work.;735291151388;ap-south-1;2026-07-13 17:35:21.078358;A.8.21;Security of Network Services;Security mechanisms, service levels and service requirements of network services should be identified, implemented and monitored.;A.8 Technological controls;A.8.21;Security of Network Services;Security mechanisms, service levels and service requirements of network services should be identified, implemented and monitored.;FAIL;Security group cloudguardian-rds-sg (sg-0652e5b7e75b01aa9) has MySQL port 3306 open to the Internet.;arn:aws:ec2:ap-south-1:735291151388:security-group/sg-0652e5b7e75b01aa9;ec2_securitygroup_allow_ingress_from_internet_to_tcp_port_mysql_3306;False;sg-0652e5b7e75b01aa9;ISO27001;ISO/IEC 27001 Information Security Management Standard 2022
aws;ISO (the International Organization for Standardization) and IEC (the International Electrotechnical Commission) form the specialized system for worldwide standardization. National bodies that are members of ISO or IEC participate in the development of International Standards through technical committees established by the respective organization to deal with particular fields of technical activity. ISO and IEC technical committees collaborate in fields of mutual interest. Other international organizations, governmental and non-governmental, in liaison with ISO and IEC, also take part in the work.;735291151388;ap-south-1;2026-07-13 17:35:21.078358;A.8.22;Segregation of Networks;Security mechanisms, service levels and service requirements of network services should be identified, implemented and monitored.;A.8 Technological controls;A.8.22;Segregation of Networks;Security mechanisms, service levels and service requirements of network services should be identified, implemented and monitored.;FAIL;Security group cloudguardian-rds-sg (sg-0652e5b7e75b01aa9) has MySQL port 3306 open to the Internet.;arn:aws:ec2:ap-south-1:735291151388:security-group/sg-0652e5b7e75b01aa9;ec2_securitygroup_allow_ingress_from_internet_to_tcp_port_mysql_3306;False;sg-0652e5b7e75b01aa9;ISO27001;ISO/IEC 27001 Information Security Management Standard 2022
aws;ISO (the International Organization for Standardization) and IEC (the International Electrotechnical Commission) form the specialized system for worldwide standardization. National bodies that are members of ISO or IEC participate in the development of International Standards through technical committees established by the respective organization to deal with particular fields of technical activity. ISO and IEC technical committees collaborate in fields of mutual interest. Other international organizations, governmental and non-governmental, in liaison with ISO and IEC, also take part in the work.;735291151388;ap-south-1;2026-07-13 17:35:21.078358;A.8.20;Network Security;Networks and network devices should be secured, managed and controlled to protect information in systems and applications.;A.8 Technological controls;A.8.20;Network Security;Networks and network devices should be secured, managed and controlled to protect information in systems and applications.;PASS;Security group cloudguardian-web-sg (sg-09310ccc8f2635d73) does not have Oracle ports 1521 and 2483 open to the Internet.;arn:aws:ec2:ap-south-1:735291151388:security-group/sg-09310ccc8f2635d73;ec2_securitygroup_allow_ingress_from_internet_to_tcp_port_oracle_1521_2483;False;sg-09310ccc8f2635d73;ISO27001;ISO/IEC 27001 Information Security Management Standard 2022
aws;ISO (the International Organization for Standardization) and IEC (the International Electrotechnical Commission) form the specialized system for worldwide standardization. National bodies that are members of ISO or IEC participate in the development of International Standards through technical committees established by the respective organization to deal with particular fields of technical activity. ISO and IEC technical committees collaborate in fields of mutual interest. Other international organizations, governmental and non-governmental, in liaison with ISO and IEC, also take part in the work.;735291151388;ap-south-1;2026-07-13 17:35:21.078358;A.8.21;Security of Network Services;Security mechanisms, service levels and service requirements of network services should be identified, implemented and monitored.;A.8 Technological controls;A.8.21;Security of Network Services;Security mechanisms, service levels and service requirements of network services should be identified, implemented and monitored.;PASS;Security group cloudguardian-web-sg (sg-09310ccc8f2635d73) does not have Oracle ports 1521 and 2483 open to the Internet.;arn:aws:ec2:ap-south-1:735291151388:security-group/sg-09310ccc8f2635d73;ec2_securitygroup_allow_ingress_from_internet_to_tcp_port_oracle_1521_2483;False;sg-09310ccc8f2635d73;ISO27001;ISO/IEC 27001 Information Security Management Standard 2022
aws;ISO (the International Organization for Standardization) and IEC (the International Electrotechnical Commission) form the specialized system for worldwide standardization. National bodies that are members of ISO or IEC participate in the development of International Standards through technical committees established by the respective organization to deal with particular fields of technical activity. ISO and IEC technical committees collaborate in fields of mutual interest. Other international organizations, governmental and non-governmental, in liaison with ISO and IEC, also take part in the work.;735291151388;ap-south-1;2026-07-13 17:35:21.078358;A.8.22;Segregation of Networks;Security mechanisms, service levels and service requirements of network services should be identified, implemented and monitored.;A.8 Technological controls;A.8.22;Segregation of Networks;Security mechanisms, service levels and service requirements of network services should be identified, implemented and monitored.;PASS;Security group cloudguardian-web-sg (sg-09310ccc8f2635d73) does not have Oracle ports 1521 and 2483 open to the Internet.;arn:aws:ec2:ap-south-1:735291151388:security-group/sg-09310ccc8f2635d73;ec2_securitygroup_allow_ingress_from_internet_to_tcp_port_oracle_1521_2483;False;sg-09310ccc8f2635d73;ISO27001;ISO/IEC 27001 Information Security Management Standard 2022
aws;ISO (the International Organization for Standardization) and IEC (the International Electrotechnical Commission) form the specialized system for worldwide standardization. National bodies that are members of ISO or IEC participate in the development of International Standards through technical committees established by the respective organization to deal with particular fields of technical activity. ISO and IEC technical committees collaborate in fields of mutual interest. Other international organizations, governmental and non-governmental, in liaison with ISO and IEC, also take part in the work.;735291151388;ap-south-1;2026-07-13 17:35:21.078358;A.8.20;Network Security;Networks and network devices should be secured, managed and controlled to protect information in systems and applications.;A.8 Technological controls;A.8.20;Network Security;Networks and network devices should be secured, managed and controlled to protect information in systems and applications.;PASS;Security group cloudguardian-rds-sg (sg-0652e5b7e75b01aa9) does not have Oracle ports 1521 and 2483 open to the Internet.;arn:aws:ec2:ap-south-1:735291151388:security-group/sg-0652e5b7e75b01aa9;ec2_securitygroup_allow_ingress_from_internet_to_tcp_port_oracle_1521_2483;False;sg-0652e5b7e75b01aa9;ISO27001;ISO/IEC 27001 Information Security Management Standard 2022
aws;ISO (the International Organization for Standardization) and IEC (the International Electrotechnical Commission) form the specialized system for worldwide standardization. National bodies that are members of ISO or IEC participate in the development of International Standards through technical committees established by the respective organization to deal with particular fields of technical activity. ISO and IEC technical committees collaborate in fields of mutual interest. Other international organizations, governmental and non-governmental, in liaison with ISO and IEC, also take part in the work.;735291151388;ap-south-1;2026-07-13 17:35:21.078358;A.8.21;Security of Network Services;Security mechanisms, service levels and service requirements of network services should be identified, implemented and monitored.;A.8 Technological controls;A.8.21;Security of Network Services;Security mechanisms, service levels and service requirements of network services should be identified, implemented and monitored.;PASS;Security group cloudguardian-rds-sg (sg-0652e5b7e75b01aa9) does not have Oracle ports 1521 and 2483 open to the Internet.;arn:aws:ec2:ap-south-1:735291151388:security-group/sg-0652e5b7e75b01aa9;ec2_securitygroup_allow_ingress_from_internet_to_tcp_port_oracle_1521_2483;False;sg-0652e5b7e75b01aa9;ISO27001;ISO/IEC 27001 Information Security Management Standard 2022
aws;ISO (the International Organization for Standardization) and IEC (the International Electrotechnical Commission) form the specialized system for worldwide standardization. National bodies that are members of ISO or IEC participate in the development of International Standards through technical committees established by the respective organization to deal with particular fields of technical activity. ISO and IEC technical committees collaborate in fields of mutual interest. Other international organizations, governmental and non-governmental, in liaison with ISO and IEC, also take part in the work.;735291151388;ap-south-1;2026-07-13 17:35:21.078358;A.8.22;Segregation of Networks;Security mechanisms, service levels and service requirements of network services should be identified, implemented and monitored.;A.8 Technological controls;A.8.22;Segregation of Networks;Security mechanisms, service levels and service requirements of network services should be identified, implemented and monitored.;PASS;Security group cloudguardian-rds-sg (sg-0652e5b7e75b01aa9) does not have Oracle ports 1521 and 2483 open to the Internet.;arn:aws:ec2:ap-south-1:735291151388:security-group/sg-0652e5b7e75b01aa9;ec2_securitygroup_allow_ingress_from_internet_to_tcp_port_oracle_1521_2483;False;sg-0652e5b7e75b01aa9;ISO27001;ISO/IEC 27001 Information Security Management Standard 2022
aws;ISO (the International Organization for Standardization) and IEC (the International Electrotechnical Commission) form the specialized system for worldwide standardization. National bodies that are members of ISO or IEC participate in the development of International Standards through technical committees established by the respective organization to deal with particular fields of technical activity. ISO and IEC technical committees collaborate in fields of mutual interest. Other international organizations, governmental and non-governmental, in liaison with ISO and IEC, also take part in the work.;735291151388;ap-south-1;2026-07-13 17:35:21.078358;A.8.20;Network Security;Networks and network devices should be secured, managed and controlled to protect information in systems and applications.;A.8 Technological controls;A.8.20;Network Security;Networks and network devices should be secured, managed and controlled to protect information in systems and applications.;PASS;Security group cloudguardian-web-sg (sg-09310ccc8f2635d73) does not have Postgres port 5432 open to the Internet.;arn:aws:ec2:ap-south-1:735291151388:security-group/sg-09310ccc8f2635d73;ec2_securitygroup_allow_ingress_from_internet_to_tcp_port_postgres_5432;False;sg-09310ccc8f2635d73;ISO27001;ISO/IEC 27001 Information Security Management Standard 2022
aws;ISO (the International Organization for Standardization) and IEC (the International Electrotechnical Commission) form the specialized system for worldwide standardization. National bodies that are members of ISO or IEC participate in the development of International Standards through technical committees established by the respective organization to deal with particular fields of technical activity. ISO and IEC technical committees collaborate in fields of mutual interest. Other international organizations, governmental and non-governmental, in liaison with ISO and IEC, also take part in the work.;735291151388;ap-south-1;2026-07-13 17:35:21.078358;A.8.21;Security of Network Services;Security mechanisms, service levels and service requirements of network services should be identified, implemented and monitored.;A.8 Technological controls;A.8.21;Security of Network Services;Security mechanisms, service levels and service requirements of network services should be identified, implemented and monitored.;PASS;Security group cloudguardian-web-sg (sg-09310ccc8f2635d73) does not have Postgres port 5432 open to the Internet.;arn:aws:ec2:ap-south-1:735291151388:security-group/sg-09310ccc8f2635d73;ec2_securitygroup_allow_ingress_from_internet_to_tcp_port_postgres_5432;False;sg-09310ccc8f2635d73;ISO27001;ISO/IEC 27001 Information Security Management Standard 2022
aws;ISO (the International Organization for Standardization) and IEC (the International Electrotechnical Commission) form the specialized system for worldwide standardization. National bodies that are members of ISO or IEC participate in the development of International Standards through technical committees established by the respective organization to deal with particular fields of technical activity. ISO and IEC technical committees collaborate in fields of mutual interest. Other international organizations, governmental and non-governmental, in liaison with ISO and IEC, also take part in the work.;735291151388;ap-south-1;2026-07-13 17:35:21.078358;A.8.22;Segregation of Networks;Security mechanisms, service levels and service requirements of network services should be identified, implemented and monitored.;A.8 Technological controls;A.8.22;Segregation of Networks;Security mechanisms, service levels and service requirements of network services should be identified, implemented and monitored.;PASS;Security group cloudguardian-web-sg (sg-09310ccc8f2635d73) does not have Postgres port 5432 open to the Internet.;arn:aws:ec2:ap-south-1:735291151388:security-group/sg-09310ccc8f2635d73;ec2_securitygroup_allow_ingress_from_internet_to_tcp_port_postgres_5432;False;sg-09310ccc8f2635d73;ISO27001;ISO/IEC 27001 Information Security Management Standard 2022
aws;ISO (the International Organization for Standardization) and IEC (the International Electrotechnical Commission) form the specialized system for worldwide standardization. National bodies that are members of ISO or IEC participate in the development of International Standards through technical committees established by the respective organization to deal with particular fields of technical activity. ISO and IEC technical committees collaborate in fields of mutual interest. Other international organizations, governmental and non-governmental, in liaison with ISO and IEC, also take part in the work.;735291151388;ap-south-1;2026-07-13 17:35:21.078358;A.8.20;Network Security;Networks and network devices should be secured, managed and controlled to protect information in systems and applications.;A.8 Technological controls;A.8.20;Network Security;Networks and network devices should be secured, managed and controlled to protect information in systems and applications.;PASS;Security group cloudguardian-rds-sg (sg-0652e5b7e75b01aa9) does not have Postgres port 5432 open to the Internet.;arn:aws:ec2:ap-south-1:735291151388:security-group/sg-0652e5b7e75b01aa9;ec2_securitygroup_allow_ingress_from_internet_to_tcp_port_postgres_5432;False;sg-0652e5b7e75b01aa9;ISO27001;ISO/IEC 27001 Information Security Management Standard 2022
aws;ISO (the International Organization for Standardization) and IEC (the International Electrotechnical Commission) form the specialized system for worldwide standardization. National bodies that are members of ISO or IEC participate in the development of International Standards through technical committees established by the respective organization to deal with particular fields of technical activity. ISO and IEC technical committees collaborate in fields of mutual interest. Other international organizations, governmental and non-governmental, in liaison with ISO and IEC, also take part in the work.;735291151388;ap-south-1;2026-07-13 17:35:21.078358;A.8.21;Security of Network Services;Security mechanisms, service levels and service requirements of network services should be identified, implemented and monitored.;A.8 Technological controls;A.8.21;Security of Network Services;Security mechanisms, service levels and service requirements of network services should be identified, implemented and monitored.;PASS;Security group cloudguardian-rds-sg (sg-0652e5b7e75b01aa9) does not have Postgres port 5432 open to the Internet.;arn:aws:ec2:ap-south-1:735291151388:security-group/sg-0652e5b7e75b01aa9;ec2_securitygroup_allow_ingress_from_internet_to_tcp_port_postgres_5432;False;sg-0652e5b7e75b01aa9;ISO27001;ISO/IEC 27001 Information Security Management Standard 2022
aws;ISO (the International Organization for Standardization) and IEC (the International Electrotechnical Commission) form the specialized system for worldwide standardization. National bodies that are members of ISO or IEC participate in the development of International Standards through technical committees established by the respective organization to deal with particular fields of technical activity. ISO and IEC technical committees collaborate in fields of mutual interest. Other international organizations, governmental and non-governmental, in liaison with ISO and IEC, also take part in the work.;735291151388;ap-south-1;2026-07-13 17:35:21.078358;A.8.22;Segregation of Networks;Security mechanisms, service levels and service requirements of network services should be identified, implemented and monitored.;A.8 Technological controls;A.8.22;Segregation of Networks;Security mechanisms, service levels and service requirements of network services should be identified, implemented and monitored.;PASS;Security group cloudguardian-rds-sg (sg-0652e5b7e75b01aa9) does not have Postgres port 5432 open to the Internet.;arn:aws:ec2:ap-south-1:735291151388:security-group/sg-0652e5b7e75b01aa9;ec2_securitygroup_allow_ingress_from_internet_to_tcp_port_postgres_5432;False;sg-0652e5b7e75b01aa9;ISO27001;ISO/IEC 27001 Information Security Management Standard 2022
aws;ISO (the International Organization for Standardization) and IEC (the International Electrotechnical Commission) form the specialized system for worldwide standardization. National bodies that are members of ISO or IEC participate in the development of International Standards through technical committees established by the respective organization to deal with particular fields of technical activity. ISO and IEC technical committees collaborate in fields of mutual interest. Other international organizations, governmental and non-governmental, in liaison with ISO and IEC, also take part in the work.;735291151388;ap-south-1;2026-07-13 17:35:21.078358;A.8.20;Network Security;Networks and network devices should be secured, managed and controlled to protect information in systems and applications.;A.8 Technological controls;A.8.20;Network Security;Networks and network devices should be secured, managed and controlled to protect information in systems and applications.;PASS;Security group cloudguardian-web-sg (sg-09310ccc8f2635d73) does not have Redis port 6379 open to the Internet.;arn:aws:ec2:ap-south-1:735291151388:security-group/sg-09310ccc8f2635d73;ec2_securitygroup_allow_ingress_from_internet_to_tcp_port_redis_6379;False;sg-09310ccc8f2635d73;ISO27001;ISO/IEC 27001 Information Security Management Standard 2022
aws;ISO (the International Organization for Standardization) and IEC (the International Electrotechnical Commission) form the specialized system for worldwide standardization. National bodies that are members of ISO or IEC participate in the development of International Standards through technical committees established by the respective organization to deal with particular fields of technical activity. ISO and IEC technical committees collaborate in fields of mutual interest. Other international organizations, governmental and non-governmental, in liaison with ISO and IEC, also take part in the work.;735291151388;ap-south-1;2026-07-13 17:35:21.078358;A.8.21;Security of Network Services;Security mechanisms, service levels and service requirements of network services should be identified, implemented and monitored.;A.8 Technological controls;A.8.21;Security of Network Services;Security mechanisms, service levels and service requirements of network services should be identified, implemented and monitored.;PASS;Security group cloudguardian-web-sg (sg-09310ccc8f2635d73) does not have Redis port 6379 open to the Internet.;arn:aws:ec2:ap-south-1:735291151388:security-group/sg-09310ccc8f2635d73;ec2_securitygroup_allow_ingress_from_internet_to_tcp_port_redis_6379;False;sg-09310ccc8f2635d73;ISO27001;ISO/IEC 27001 Information Security Management Standard 2022
aws;ISO (the International Organization for Standardization) and IEC (the International Electrotechnical Commission) form the specialized system for worldwide standardization. National bodies that are members of ISO or IEC participate in the development of International Standards through technical committees established by the respective organization to deal with particular fields of technical activity. ISO and IEC technical committees collaborate in fields of mutual interest. Other international organizations, governmental and non-governmental, in liaison with ISO and IEC, also take part in the work.;735291151388;ap-south-1;2026-07-13 17:35:21.078358;A.8.22;Segregation of Networks;Security mechanisms, service levels and service requirements of network services should be identified, implemented and monitored.;A.8 Technological controls;A.8.22;Segregation of Networks;Security mechanisms, service levels and service requirements of network services should be identified, implemented and monitored.;PASS;Security group cloudguardian-web-sg (sg-09310ccc8f2635d73) does not have Redis port 6379 open to the Internet.;arn:aws:ec2:ap-south-1:735291151388:security-group/sg-09310ccc8f2635d73;ec2_securitygroup_allow_ingress_from_internet_to_tcp_port_redis_6379;False;sg-09310ccc8f2635d73;ISO27001;ISO/IEC 27001 Information Security Management Standard 2022
aws;ISO (the International Organization for Standardization) and IEC (the International Electrotechnical Commission) form the specialized system for worldwide standardization. National bodies that are members of ISO or IEC participate in the development of International Standards through technical committees established by the respective organization to deal with particular fields of technical activity. ISO and IEC technical committees collaborate in fields of mutual interest. Other international organizations, governmental and non-governmental, in liaison with ISO and IEC, also take part in the work.;735291151388;ap-south-1;2026-07-13 17:35:21.078358;A.8.20;Network Security;Networks and network devices should be secured, managed and controlled to protect information in systems and applications.;A.8 Technological controls;A.8.20;Network Security;Networks and network devices should be secured, managed and controlled to protect information in systems and applications.;PASS;Security group cloudguardian-rds-sg (sg-0652e5b7e75b01aa9) does not have Redis port 6379 open to the Internet.;arn:aws:ec2:ap-south-1:735291151388:security-group/sg-0652e5b7e75b01aa9;ec2_securitygroup_allow_ingress_from_internet_to_tcp_port_redis_6379;False;sg-0652e5b7e75b01aa9;ISO27001;ISO/IEC 27001 Information Security Management Standard 2022
aws;ISO (the International Organization for Standardization) and IEC (the International Electrotechnical Commission) form the specialized system for worldwide standardization. National bodies that are members of ISO or IEC participate in the development of International Standards through technical committees established by the respective organization to deal with particular fields of technical activity. ISO and IEC technical committees collaborate in fields of mutual interest. Other international organizations, governmental and non-governmental, in liaison with ISO and IEC, also take part in the work.;735291151388;ap-south-1;2026-07-13 17:35:21.078358;A.8.21;Security of Network Services;Security mechanisms, service levels and service requirements of network services should be identified, implemented and monitored.;A.8 Technological controls;A.8.21;Security of Network Services;Security mechanisms, service levels and service requirements of network services should be identified, implemented and monitored.;PASS;Security group cloudguardian-rds-sg (sg-0652e5b7e75b01aa9) does not have Redis port 6379 open to the Internet.;arn:aws:ec2:ap-south-1:735291151388:security-group/sg-0652e5b7e75b01aa9;ec2_securitygroup_allow_ingress_from_internet_to_tcp_port_redis_6379;False;sg-0652e5b7e75b01aa9;ISO27001;ISO/IEC 27001 Information Security Management Standard 2022
aws;ISO (the International Organization for Standardization) and IEC (the International Electrotechnical Commission) form the specialized system for worldwide standardization. National bodies that are members of ISO or IEC participate in the development of International Standards through technical committees established by the respective organization to deal with particular fields of technical activity. ISO and IEC technical committees collaborate in fields of mutual interest. Other international organizations, governmental and non-governmental, in liaison with ISO and IEC, also take part in the work.;735291151388;ap-south-1;2026-07-13 17:35:21.078358;A.8.22;Segregation of Networks;Security mechanisms, service levels and service requirements of network services should be identified, implemented and monitored.;A.8 Technological controls;A.8.22;Segregation of Networks;Security mechanisms, service levels and service requirements of network services should be identified, implemented and monitored.;PASS;Security group cloudguardian-rds-sg (sg-0652e5b7e75b01aa9) does not have Redis port 6379 open to the Internet.;arn:aws:ec2:ap-south-1:735291151388:security-group/sg-0652e5b7e75b01aa9;ec2_securitygroup_allow_ingress_from_internet_to_tcp_port_redis_6379;False;sg-0652e5b7e75b01aa9;ISO27001;ISO/IEC 27001 Information Security Management Standard 2022
aws;ISO (the International Organization for Standardization) and IEC (the International Electrotechnical Commission) form the specialized system for worldwide standardization. National bodies that are members of ISO or IEC participate in the development of International Standards through technical committees established by the respective organization to deal with particular fields of technical activity. ISO and IEC technical committees collaborate in fields of mutual interest. Other international organizations, governmental and non-governmental, in liaison with ISO and IEC, also take part in the work.;735291151388;ap-south-1;2026-07-13 17:35:21.078358;A.8.20;Network Security;Networks and network devices should be secured, managed and controlled to protect information in systems and applications.;A.8 Technological controls;A.8.20;Network Security;Networks and network devices should be secured, managed and controlled to protect information in systems and applications.;PASS;Security group cloudguardian-web-sg (sg-09310ccc8f2635d73) does not have Microsoft SQL Server ports 1433 and 1434 open to the Internet.;arn:aws:ec2:ap-south-1:735291151388:security-group/sg-09310ccc8f2635d73;ec2_securitygroup_allow_ingress_from_internet_to_tcp_port_sql_server_1433_1434;False;sg-09310ccc8f2635d73;ISO27001;ISO/IEC 27001 Information Security Management Standard 2022
aws;ISO (the International Organization for Standardization) and IEC (the International Electrotechnical Commission) form the specialized system for worldwide standardization. National bodies that are members of ISO or IEC participate in the development of International Standards through technical committees established by the respective organization to deal with particular fields of technical activity. ISO and IEC technical committees collaborate in fields of mutual interest. Other international organizations, governmental and non-governmental, in liaison with ISO and IEC, also take part in the work.;735291151388;ap-south-1;2026-07-13 17:35:21.078358;A.8.21;Security of Network Services;Security mechanisms, service levels and service requirements of network services should be identified, implemented and monitored.;A.8 Technological controls;A.8.21;Security of Network Services;Security mechanisms, service levels and service requirements of network services should be identified, implemented and monitored.;PASS;Security group cloudguardian-web-sg (sg-09310ccc8f2635d73) does not have Microsoft SQL Server ports 1433 and 1434 open to the Internet.;arn:aws:ec2:ap-south-1:735291151388:security-group/sg-09310ccc8f2635d73;ec2_securitygroup_allow_ingress_from_internet_to_tcp_port_sql_server_1433_1434;False;sg-09310ccc8f2635d73;ISO27001;ISO/IEC 27001 Information Security Management Standard 2022
aws;ISO (the International Organization for Standardization) and IEC (the International Electrotechnical Commission) form the specialized system for worldwide standardization. National bodies that are members of ISO or IEC participate in the development of International Standards through technical committees established by the respective organization to deal with particular fields of technical activity. ISO and IEC technical committees collaborate in fields of mutual interest. Other international organizations, governmental and non-governmental, in liaison with ISO and IEC, also take part in the work.;735291151388;ap-south-1;2026-07-13 17:35:21.078358;A.8.22;Segregation of Networks;Security mechanisms, service levels and service requirements of network services should be identified, implemented and monitored.;A.8 Technological controls;A.8.22;Segregation of Networks;Security mechanisms, service levels and service requirements of network services should be identified, implemented and monitored.;PASS;Security group cloudguardian-web-sg (sg-09310ccc8f2635d73) does not have Microsoft SQL Server ports 1433 and 1434 open to the Internet.;arn:aws:ec2:ap-south-1:735291151388:security-group/sg-09310ccc8f2635d73;ec2_securitygroup_allow_ingress_from_internet_to_tcp_port_sql_server_1433_1434;False;sg-09310ccc8f2635d73;ISO27001;ISO/IEC 27001 Information Security Management Standard 2022
aws;ISO (the International Organization for Standardization) and IEC (the International Electrotechnical Commission) form the specialized system for worldwide standardization. National bodies that are members of ISO or IEC participate in the development of International Standards through technical committees established by the respective organization to deal with particular fields of technical activity. ISO and IEC technical committees collaborate in fields of mutual interest. Other international organizations, governmental and non-governmental, in liaison with ISO and IEC, also take part in the work.;735291151388;ap-south-1;2026-07-13 17:35:21.078358;A.8.20;Network Security;Networks and network devices should be secured, managed and controlled to protect information in systems and applications.;A.8 Technological controls;A.8.20;Network Security;Networks and network devices should be secured, managed and controlled to protect information in systems and applications.;PASS;Security group cloudguardian-rds-sg (sg-0652e5b7e75b01aa9) does not have Microsoft SQL Server ports 1433 and 1434 open to the Internet.;arn:aws:ec2:ap-south-1:735291151388:security-group/sg-0652e5b7e75b01aa9;ec2_securitygroup_allow_ingress_from_internet_to_tcp_port_sql_server_1433_1434;False;sg-0652e5b7e75b01aa9;ISO27001;ISO/IEC 27001 Information Security Management Standard 2022
aws;ISO (the International Organization for Standardization) and IEC (the International Electrotechnical Commission) form the specialized system for worldwide standardization. National bodies that are members of ISO or IEC participate in the development of International Standards through technical committees established by the respective organization to deal with particular fields of technical activity. ISO and IEC technical committees collaborate in fields of mutual interest. Other international organizations, governmental and non-governmental, in liaison with ISO and IEC, also take part in the work.;735291151388;ap-south-1;2026-07-13 17:35:21.078358;A.8.21;Security of Network Services;Security mechanisms, service levels and service requirements of network services should be identified, implemented and monitored.;A.8 Technological controls;A.8.21;Security of Network Services;Security mechanisms, service levels and service requirements of network services should be identified, implemented and monitored.;PASS;Security group cloudguardian-rds-sg (sg-0652e5b7e75b01aa9) does not have Microsoft SQL Server ports 1433 and 1434 open to the Internet.;arn:aws:ec2:ap-south-1:735291151388:security-group/sg-0652e5b7e75b01aa9;ec2_securitygroup_allow_ingress_from_internet_to_tcp_port_sql_server_1433_1434;False;sg-0652e5b7e75b01aa9;ISO27001;ISO/IEC 27001 Information Security Management Standard 2022
aws;ISO (the International Organization for Standardization) and IEC (the International Electrotechnical Commission) form the specialized system for worldwide standardization. National bodies that are members of ISO or IEC participate in the development of International Standards through technical committees established by the respective organization to deal with particular fields of technical activity. ISO and IEC technical committees collaborate in fields of mutual interest. Other international organizations, governmental and non-governmental, in liaison with ISO and IEC, also take part in the work.;735291151388;ap-south-1;2026-07-13 17:35:21.078358;A.8.22;Segregation of Networks;Security mechanisms, service levels and service requirements of network services should be identified, implemented and monitored.;A.8 Technological controls;A.8.22;Segregation of Networks;Security mechanisms, service levels and service requirements of network services should be identified, implemented and monitored.;PASS;Security group cloudguardian-rds-sg (sg-0652e5b7e75b01aa9) does not have Microsoft SQL Server ports 1433 and 1434 open to the Internet.;arn:aws:ec2:ap-south-1:735291151388:security-group/sg-0652e5b7e75b01aa9;ec2_securitygroup_allow_ingress_from_internet_to_tcp_port_sql_server_1433_1434;False;sg-0652e5b7e75b01aa9;ISO27001;ISO/IEC 27001 Information Security Management Standard 2022
aws;ISO (the International Organization for Standardization) and IEC (the International Electrotechnical Commission) form the specialized system for worldwide standardization. National bodies that are members of ISO or IEC participate in the development of International Standards through technical committees established by the respective organization to deal with particular fields of technical activity. ISO and IEC technical committees collaborate in fields of mutual interest. Other international organizations, governmental and non-governmental, in liaison with ISO and IEC, also take part in the work.;735291151388;ap-south-1;2026-07-13 17:35:21.078358;A.8.20;Network Security;Networks and network devices should be secured, managed and controlled to protect information in systems and applications.;A.8 Technological controls;A.8.20;Network Security;Networks and network devices should be secured, managed and controlled to protect information in systems and applications.;PASS;Security group cloudguardian-web-sg (sg-09310ccc8f2635d73) does not have Telnet port 23 open to the Internet.;arn:aws:ec2:ap-south-1:735291151388:security-group/sg-09310ccc8f2635d73;ec2_securitygroup_allow_ingress_from_internet_to_tcp_port_telnet_23;False;sg-09310ccc8f2635d73;ISO27001;ISO/IEC 27001 Information Security Management Standard 2022
aws;ISO (the International Organization for Standardization) and IEC (the International Electrotechnical Commission) form the specialized system for worldwide standardization. National bodies that are members of ISO or IEC participate in the development of International Standards through technical committees established by the respective organization to deal with particular fields of technical activity. ISO and IEC technical committees collaborate in fields of mutual interest. Other international organizations, governmental and non-governmental, in liaison with ISO and IEC, also take part in the work.;735291151388;ap-south-1;2026-07-13 17:35:21.078358;A.8.21;Security of Network Services;Security mechanisms, service levels and service requirements of network services should be identified, implemented and monitored.;A.8 Technological controls;A.8.21;Security of Network Services;Security mechanisms, service levels and service requirements of network services should be identified, implemented and monitored.;PASS;Security group cloudguardian-web-sg (sg-09310ccc8f2635d73) does not have Telnet port 23 open to the Internet.;arn:aws:ec2:ap-south-1:735291151388:security-group/sg-09310ccc8f2635d73;ec2_securitygroup_allow_ingress_from_internet_to_tcp_port_telnet_23;False;sg-09310ccc8f2635d73;ISO27001;ISO/IEC 27001 Information Security Management Standard 2022
aws;ISO (the International Organization for Standardization) and IEC (the International Electrotechnical Commission) form the specialized system for worldwide standardization. National bodies that are members of ISO or IEC participate in the development of International Standards through technical committees established by the respective organization to deal with particular fields of technical activity. ISO and IEC technical committees collaborate in fields of mutual interest. Other international organizations, governmental and non-governmental, in liaison with ISO and IEC, also take part in the work.;735291151388;ap-south-1;2026-07-13 17:35:21.078358;A.8.22;Segregation of Networks;Security mechanisms, service levels and service requirements of network services should be identified, implemented and monitored.;A.8 Technological controls;A.8.22;Segregation of Networks;Security mechanisms, service levels and service requirements of network services should be identified, implemented and monitored.;PASS;Security group cloudguardian-web-sg (sg-09310ccc8f2635d73) does not have Telnet port 23 open to the Internet.;arn:aws:ec2:ap-south-1:735291151388:security-group/sg-09310ccc8f2635d73;ec2_securitygroup_allow_ingress_from_internet_to_tcp_port_telnet_23;False;sg-09310ccc8f2635d73;ISO27001;ISO/IEC 27001 Information Security Management Standard 2022
aws;ISO (the International Organization for Standardization) and IEC (the International Electrotechnical Commission) form the specialized system for worldwide standardization. National bodies that are members of ISO or IEC participate in the development of International Standards through technical committees established by the respective organization to deal with particular fields of technical activity. ISO and IEC technical committees collaborate in fields of mutual interest. Other international organizations, governmental and non-governmental, in liaison with ISO and IEC, also take part in the work.;735291151388;ap-south-1;2026-07-13 17:35:21.078358;A.8.20;Network Security;Networks and network devices should be secured, managed and controlled to protect information in systems and applications.;A.8 Technological controls;A.8.20;Network Security;Networks and network devices should be secured, managed and controlled to protect information in systems and applications.;PASS;Security group cloudguardian-rds-sg (sg-0652e5b7e75b01aa9) does not have Telnet port 23 open to the Internet.;arn:aws:ec2:ap-south-1:735291151388:security-group/sg-0652e5b7e75b01aa9;ec2_securitygroup_allow_ingress_from_internet_to_tcp_port_telnet_23;False;sg-0652e5b7e75b01aa9;ISO27001;ISO/IEC 27001 Information Security Management Standard 2022
aws;ISO (the International Organization for Standardization) and IEC (the International Electrotechnical Commission) form the specialized system for worldwide standardization. National bodies that are members of ISO or IEC participate in the development of International Standards through technical committees established by the respective organization to deal with particular fields of technical activity. ISO and IEC technical committees collaborate in fields of mutual interest. Other international organizations, governmental and non-governmental, in liaison with ISO and IEC, also take part in the work.;735291151388;ap-south-1;2026-07-13 17:35:21.078358;A.8.21;Security of Network Services;Security mechanisms, service levels and service requirements of network services should be identified, implemented and monitored.;A.8 Technological controls;A.8.21;Security of Network Services;Security mechanisms, service levels and service requirements of network services should be identified, implemented and monitored.;PASS;Security group cloudguardian-rds-sg (sg-0652e5b7e75b01aa9) does not have Telnet port 23 open to the Internet.;arn:aws:ec2:ap-south-1:735291151388:security-group/sg-0652e5b7e75b01aa9;ec2_securitygroup_allow_ingress_from_internet_to_tcp_port_telnet_23;False;sg-0652e5b7e75b01aa9;ISO27001;ISO/IEC 27001 Information Security Management Standard 2022
aws;ISO (the International Organization for Standardization) and IEC (the International Electrotechnical Commission) form the specialized system for worldwide standardization. National bodies that are members of ISO or IEC participate in the development of International Standards through technical committees established by the respective organization to deal with particular fields of technical activity. ISO and IEC technical committees collaborate in fields of mutual interest. Other international organizations, governmental and non-governmental, in liaison with ISO and IEC, also take part in the work.;735291151388;ap-south-1;2026-07-13 17:35:21.078358;A.8.22;Segregation of Networks;Security mechanisms, service levels and service requirements of network services should be identified, implemented and monitored.;A.8 Technological controls;A.8.22;Segregation of Networks;Security mechanisms, service levels and service requirements of network services should be identified, implemented and monitored.;PASS;Security group cloudguardian-rds-sg (sg-0652e5b7e75b01aa9) does not have Telnet port 23 open to the Internet.;arn:aws:ec2:ap-south-1:735291151388:security-group/sg-0652e5b7e75b01aa9;ec2_securitygroup_allow_ingress_from_internet_to_tcp_port_telnet_23;False;sg-0652e5b7e75b01aa9;ISO27001;ISO/IEC 27001 Information Security Management Standard 2022
aws;ISO (the International Organization for Standardization) and IEC (the International Electrotechnical Commission) form the specialized system for worldwide standardization. National bodies that are members of ISO or IEC participate in the development of International Standards through technical committees established by the respective organization to deal with particular fields of technical activity. ISO and IEC technical committees collaborate in fields of mutual interest. Other international organizations, governmental and non-governmental, in liaison with ISO and IEC, also take part in the work.;735291151388;ap-south-1;2026-07-13 17:35:21.078358;A.8.1;User Endpoint Devices;Information stored on, processed by or accessible via user endpoint devices should be protected.;A.8 Technological controls;A.8.1;User Endpoint Devices;Information stored on, processed by or accessible via user endpoint devices should be protected.;PASS;Security group cloudguardian-web-sg (sg-09310ccc8f2635d73) has no potential wide-open non-RFC1918 address.;arn:aws:ec2:ap-south-1:735291151388:security-group/sg-09310ccc8f2635d73;ec2_securitygroup_allow_wide_open_public_ipv4;False;sg-09310ccc8f2635d73;ISO27001;ISO/IEC 27001 Information Security Management Standard 2022
aws;ISO (the International Organization for Standardization) and IEC (the International Electrotechnical Commission) form the specialized system for worldwide standardization. National bodies that are members of ISO or IEC participate in the development of International Standards through technical committees established by the respective organization to deal with particular fields of technical activity. ISO and IEC technical committees collaborate in fields of mutual interest. Other international organizations, governmental and non-governmental, in liaison with ISO and IEC, also take part in the work.;735291151388;ap-south-1;2026-07-13 17:35:21.078358;A.8.20;Network Security;Networks and network devices should be secured, managed and controlled to protect information in systems and applications.;A.8 Technological controls;A.8.20;Network Security;Networks and network devices should be secured, managed and controlled to protect information in systems and applications.;PASS;Security group cloudguardian-web-sg (sg-09310ccc8f2635d73) has no potential wide-open non-RFC1918 address.;arn:aws:ec2:ap-south-1:735291151388:security-group/sg-09310ccc8f2635d73;ec2_securitygroup_allow_wide_open_public_ipv4;False;sg-09310ccc8f2635d73;ISO27001;ISO/IEC 27001 Information Security Management Standard 2022
aws;ISO (the International Organization for Standardization) and IEC (the International Electrotechnical Commission) form the specialized system for worldwide standardization. National bodies that are members of ISO or IEC participate in the development of International Standards through technical committees established by the respective organization to deal with particular fields of technical activity. ISO and IEC technical committees collaborate in fields of mutual interest. Other international organizations, governmental and non-governmental, in liaison with ISO and IEC, also take part in the work.;735291151388;ap-south-1;2026-07-13 17:35:21.078358;A.8.21;Security of Network Services;Security mechanisms, service levels and service requirements of network services should be identified, implemented and monitored.;A.8 Technological controls;A.8.21;Security of Network Services;Security mechanisms, service levels and service requirements of network services should be identified, implemented and monitored.;PASS;Security group cloudguardian-web-sg (sg-09310ccc8f2635d73) has no potential wide-open non-RFC1918 address.;arn:aws:ec2:ap-south-1:735291151388:security-group/sg-09310ccc8f2635d73;ec2_securitygroup_allow_wide_open_public_ipv4;False;sg-09310ccc8f2635d73;ISO27001;ISO/IEC 27001 Information Security Management Standard 2022
aws;ISO (the International Organization for Standardization) and IEC (the International Electrotechnical Commission) form the specialized system for worldwide standardization. National bodies that are members of ISO or IEC participate in the development of International Standards through technical committees established by the respective organization to deal with particular fields of technical activity. ISO and IEC technical committees collaborate in fields of mutual interest. Other international organizations, governmental and non-governmental, in liaison with ISO and IEC, also take part in the work.;735291151388;ap-south-1;2026-07-13 17:35:21.078358;A.8.22;Segregation of Networks;Security mechanisms, service levels and service requirements of network services should be identified, implemented and monitored.;A.8 Technological controls;A.8.22;Segregation of Networks;Security mechanisms, service levels and service requirements of network services should be identified, implemented and monitored.;PASS;Security group cloudguardian-web-sg (sg-09310ccc8f2635d73) has no potential wide-open non-RFC1918 address.;arn:aws:ec2:ap-south-1:735291151388:security-group/sg-09310ccc8f2635d73;ec2_securitygroup_allow_wide_open_public_ipv4;False;sg-09310ccc8f2635d73;ISO27001;ISO/IEC 27001 Information Security Management Standard 2022
aws;ISO (the International Organization for Standardization) and IEC (the International Electrotechnical Commission) form the specialized system for worldwide standardization. National bodies that are members of ISO or IEC participate in the development of International Standards through technical committees established by the respective organization to deal with particular fields of technical activity. ISO and IEC technical committees collaborate in fields of mutual interest. Other international organizations, governmental and non-governmental, in liaison with ISO and IEC, also take part in the work.;735291151388;ap-south-1;2026-07-13 17:35:21.078358;A.8.1;User Endpoint Devices;Information stored on, processed by or accessible via user endpoint devices should be protected.;A.8 Technological controls;A.8.1;User Endpoint Devices;Information stored on, processed by or accessible via user endpoint devices should be protected.;PASS;Security group cloudguardian-rds-sg (sg-0652e5b7e75b01aa9) has no potential wide-open non-RFC1918 address.;arn:aws:ec2:ap-south-1:735291151388:security-group/sg-0652e5b7e75b01aa9;ec2_securitygroup_allow_wide_open_public_ipv4;False;sg-0652e5b7e75b01aa9;ISO27001;ISO/IEC 27001 Information Security Management Standard 2022
aws;ISO (the International Organization for Standardization) and IEC (the International Electrotechnical Commission) form the specialized system for worldwide standardization. National bodies that are members of ISO or IEC participate in the development of International Standards through technical committees established by the respective organization to deal with particular fields of technical activity. ISO and IEC technical committees collaborate in fields of mutual interest. Other international organizations, governmental and non-governmental, in liaison with ISO and IEC, also take part in the work.;735291151388;ap-south-1;2026-07-13 17:35:21.078358;A.8.20;Network Security;Networks and network devices should be secured, managed and controlled to protect information in systems and applications.;A.8 Technological controls;A.8.20;Network Security;Networks and network devices should be secured, managed and controlled to protect information in systems and applications.;PASS;Security group cloudguardian-rds-sg (sg-0652e5b7e75b01aa9) has no potential wide-open non-RFC1918 address.;arn:aws:ec2:ap-south-1:735291151388:security-group/sg-0652e5b7e75b01aa9;ec2_securitygroup_allow_wide_open_public_ipv4;False;sg-0652e5b7e75b01aa9;ISO27001;ISO/IEC 27001 Information Security Management Standard 2022
aws;ISO (the International Organization for Standardization) and IEC (the International Electrotechnical Commission) form the specialized system for worldwide standardization. National bodies that are members of ISO or IEC participate in the development of International Standards through technical committees established by the respective organization to deal with particular fields of technical activity. ISO and IEC technical committees collaborate in fields of mutual interest. Other international organizations, governmental and non-governmental, in liaison with ISO and IEC, also take part in the work.;735291151388;ap-south-1;2026-07-13 17:35:21.078358;A.8.21;Security of Network Services;Security mechanisms, service levels and service requirements of network services should be identified, implemented and monitored.;A.8 Technological controls;A.8.21;Security of Network Services;Security mechanisms, service levels and service requirements of network services should be identified, implemented and monitored.;PASS;Security group cloudguardian-rds-sg (sg-0652e5b7e75b01aa9) has no potential wide-open non-RFC1918 address.;arn:aws:ec2:ap-south-1:735291151388:security-group/sg-0652e5b7e75b01aa9;ec2_securitygroup_allow_wide_open_public_ipv4;False;sg-0652e5b7e75b01aa9;ISO27001;ISO/IEC 27001 Information Security Management Standard 2022
aws;ISO (the International Organization for Standardization) and IEC (the International Electrotechnical Commission) form the specialized system for worldwide standardization. National bodies that are members of ISO or IEC participate in the development of International Standards through technical committees established by the respective organization to deal with particular fields of technical activity. ISO and IEC technical committees collaborate in fields of mutual interest. Other international organizations, governmental and non-governmental, in liaison with ISO and IEC, also take part in the work.;735291151388;ap-south-1;2026-07-13 17:35:21.078358;A.8.22;Segregation of Networks;Security mechanisms, service levels and service requirements of network services should be identified, implemented and monitored.;A.8 Technological controls;A.8.22;Segregation of Networks;Security mechanisms, service levels and service requirements of network services should be identified, implemented and monitored.;PASS;Security group cloudguardian-rds-sg (sg-0652e5b7e75b01aa9) has no potential wide-open non-RFC1918 address.;arn:aws:ec2:ap-south-1:735291151388:security-group/sg-0652e5b7e75b01aa9;ec2_securitygroup_allow_wide_open_public_ipv4;False;sg-0652e5b7e75b01aa9;ISO27001;ISO/IEC 27001 Information Security Management Standard 2022
aws;ISO (the International Organization for Standardization) and IEC (the International Electrotechnical Commission) form the specialized system for worldwide standardization. National bodies that are members of ISO or IEC participate in the development of International Standards through technical committees established by the respective organization to deal with particular fields of technical activity. ISO and IEC technical committees collaborate in fields of mutual interest. Other international organizations, governmental and non-governmental, in liaison with ISO and IEC, also take part in the work.;735291151388;ap-south-1;2026-07-13 17:35:21.078358;A.8.20;Network Security;Networks and network devices should be secured, managed and controlled to protect information in systems and applications.;A.8 Technological controls;A.8.20;Network Security;Networks and network devices should be secured, managed and controlled to protect information in systems and applications.;PASS;Security group default (sg-0870c2fceba20b744) was not created using the EC2 Launch Wizard.;arn:aws:ec2:ap-south-1:735291151388:security-group/sg-0870c2fceba20b744;ec2_securitygroup_from_launch_wizard;False;sg-0870c2fceba20b744;ISO27001;ISO/IEC 27001 Information Security Management Standard 2022
aws;ISO (the International Organization for Standardization) and IEC (the International Electrotechnical Commission) form the specialized system for worldwide standardization. National bodies that are members of ISO or IEC participate in the development of International Standards through technical committees established by the respective organization to deal with particular fields of technical activity. ISO and IEC technical committees collaborate in fields of mutual interest. Other international organizations, governmental and non-governmental, in liaison with ISO and IEC, also take part in the work.;735291151388;ap-south-1;2026-07-13 17:35:21.078358;A.8.21;Security of Network Services;Security mechanisms, service levels and service requirements of network services should be identified, implemented and monitored.;A.8 Technological controls;A.8.21;Security of Network Services;Security mechanisms, service levels and service requirements of network services should be identified, implemented and monitored.;PASS;Security group default (sg-0870c2fceba20b744) was not created using the EC2 Launch Wizard.;arn:aws:ec2:ap-south-1:735291151388:security-group/sg-0870c2fceba20b744;ec2_securitygroup_from_launch_wizard;False;sg-0870c2fceba20b744;ISO27001;ISO/IEC 27001 Information Security Management Standard 2022
aws;ISO (the International Organization for Standardization) and IEC (the International Electrotechnical Commission) form the specialized system for worldwide standardization. National bodies that are members of ISO or IEC participate in the development of International Standards through technical committees established by the respective organization to deal with particular fields of technical activity. ISO and IEC technical committees collaborate in fields of mutual interest. Other international organizations, governmental and non-governmental, in liaison with ISO and IEC, also take part in the work.;735291151388;ap-south-1;2026-07-13 17:35:21.078358;A.8.22;Segregation of Networks;Security mechanisms, service levels and service requirements of network services should be identified, implemented and monitored.;A.8 Technological controls;A.8.22;Segregation of Networks;Security mechanisms, service levels and service requirements of network services should be identified, implemented and monitored.;PASS;Security group default (sg-0870c2fceba20b744) was not created using the EC2 Launch Wizard.;arn:aws:ec2:ap-south-1:735291151388:security-group/sg-0870c2fceba20b744;ec2_securitygroup_from_launch_wizard;False;sg-0870c2fceba20b744;ISO27001;ISO/IEC 27001 Information Security Management Standard 2022
aws;ISO (the International Organization for Standardization) and IEC (the International Electrotechnical Commission) form the specialized system for worldwide standardization. National bodies that are members of ISO or IEC participate in the development of International Standards through technical committees established by the respective organization to deal with particular fields of technical activity. ISO and IEC technical committees collaborate in fields of mutual interest. Other international organizations, governmental and non-governmental, in liaison with ISO and IEC, also take part in the work.;735291151388;ap-south-1;2026-07-13 17:35:21.078358;A.8.20;Network Security;Networks and network devices should be secured, managed and controlled to protect information in systems and applications.;A.8 Technological controls;A.8.20;Network Security;Networks and network devices should be secured, managed and controlled to protect information in systems and applications.;PASS;Security group default (sg-01da1c49051ece125) was not created using the EC2 Launch Wizard.;arn:aws:ec2:ap-south-1:735291151388:security-group/sg-01da1c49051ece125;ec2_securitygroup_from_launch_wizard;False;sg-01da1c49051ece125;ISO27001;ISO/IEC 27001 Information Security Management Standard 2022
aws;ISO (the International Organization for Standardization) and IEC (the International Electrotechnical Commission) form the specialized system for worldwide standardization. National bodies that are members of ISO or IEC participate in the development of International Standards through technical committees established by the respective organization to deal with particular fields of technical activity. ISO and IEC technical committees collaborate in fields of mutual interest. Other international organizations, governmental and non-governmental, in liaison with ISO and IEC, also take part in the work.;735291151388;ap-south-1;2026-07-13 17:35:21.078358;A.8.21;Security of Network Services;Security mechanisms, service levels and service requirements of network services should be identified, implemented and monitored.;A.8 Technological controls;A.8.21;Security of Network Services;Security mechanisms, service levels and service requirements of network services should be identified, implemented and monitored.;PASS;Security group default (sg-01da1c49051ece125) was not created using the EC2 Launch Wizard.;arn:aws:ec2:ap-south-1:735291151388:security-group/sg-01da1c49051ece125;ec2_securitygroup_from_launch_wizard;False;sg-01da1c49051ece125;ISO27001;ISO/IEC 27001 Information Security Management Standard 2022
aws;ISO (the International Organization for Standardization) and IEC (the International Electrotechnical Commission) form the specialized system for worldwide standardization. National bodies that are members of ISO or IEC participate in the development of International Standards through technical committees established by the respective organization to deal with particular fields of technical activity. ISO and IEC technical committees collaborate in fields of mutual interest. Other international organizations, governmental and non-governmental, in liaison with ISO and IEC, also take part in the work.;735291151388;ap-south-1;2026-07-13 17:35:21.078358;A.8.22;Segregation of Networks;Security mechanisms, service levels and service requirements of network services should be identified, implemented and monitored.;A.8 Technological controls;A.8.22;Segregation of Networks;Security mechanisms, service levels and service requirements of network services should be identified, implemented and monitored.;PASS;Security group default (sg-01da1c49051ece125) was not created using the EC2 Launch Wizard.;arn:aws:ec2:ap-south-1:735291151388:security-group/sg-01da1c49051ece125;ec2_securitygroup_from_launch_wizard;False;sg-01da1c49051ece125;ISO27001;ISO/IEC 27001 Information Security Management Standard 2022
aws;ISO (the International Organization for Standardization) and IEC (the International Electrotechnical Commission) form the specialized system for worldwide standardization. National bodies that are members of ISO or IEC participate in the development of International Standards through technical committees established by the respective organization to deal with particular fields of technical activity. ISO and IEC technical committees collaborate in fields of mutual interest. Other international organizations, governmental and non-governmental, in liaison with ISO and IEC, also take part in the work.;735291151388;ap-south-1;2026-07-13 17:35:21.078358;A.8.20;Network Security;Networks and network devices should be secured, managed and controlled to protect information in systems and applications.;A.8 Technological controls;A.8.20;Network Security;Networks and network devices should be secured, managed and controlled to protect information in systems and applications.;PASS;Security group cloudguardian-web-sg (sg-09310ccc8f2635d73) was not created using the EC2 Launch Wizard.;arn:aws:ec2:ap-south-1:735291151388:security-group/sg-09310ccc8f2635d73;ec2_securitygroup_from_launch_wizard;False;sg-09310ccc8f2635d73;ISO27001;ISO/IEC 27001 Information Security Management Standard 2022
aws;ISO (the International Organization for Standardization) and IEC (the International Electrotechnical Commission) form the specialized system for worldwide standardization. National bodies that are members of ISO or IEC participate in the development of International Standards through technical committees established by the respective organization to deal with particular fields of technical activity. ISO and IEC technical committees collaborate in fields of mutual interest. Other international organizations, governmental and non-governmental, in liaison with ISO and IEC, also take part in the work.;735291151388;ap-south-1;2026-07-13 17:35:21.078358;A.8.21;Security of Network Services;Security mechanisms, service levels and service requirements of network services should be identified, implemented and monitored.;A.8 Technological controls;A.8.21;Security of Network Services;Security mechanisms, service levels and service requirements of network services should be identified, implemented and monitored.;PASS;Security group cloudguardian-web-sg (sg-09310ccc8f2635d73) was not created using the EC2 Launch Wizard.;arn:aws:ec2:ap-south-1:735291151388:security-group/sg-09310ccc8f2635d73;ec2_securitygroup_from_launch_wizard;False;sg-09310ccc8f2635d73;ISO27001;ISO/IEC 27001 Information Security Management Standard 2022
aws;ISO (the International Organization for Standardization) and IEC (the International Electrotechnical Commission) form the specialized system for worldwide standardization. National bodies that are members of ISO or IEC participate in the development of International Standards through technical committees established by the respective organization to deal with particular fields of technical activity. ISO and IEC technical committees collaborate in fields of mutual interest. Other international organizations, governmental and non-governmental, in liaison with ISO and IEC, also take part in the work.;735291151388;ap-south-1;2026-07-13 17:35:21.078358;A.8.22;Segregation of Networks;Security mechanisms, service levels and service requirements of network services should be identified, implemented and monitored.;A.8 Technological controls;A.8.22;Segregation of Networks;Security mechanisms, service levels and service requirements of network services should be identified, implemented and monitored.;PASS;Security group cloudguardian-web-sg (sg-09310ccc8f2635d73) was not created using the EC2 Launch Wizard.;arn:aws:ec2:ap-south-1:735291151388:security-group/sg-09310ccc8f2635d73;ec2_securitygroup_from_launch_wizard;False;sg-09310ccc8f2635d73;ISO27001;ISO/IEC 27001 Information Security Management Standard 2022
aws;ISO (the International Organization for Standardization) and IEC (the International Electrotechnical Commission) form the specialized system for worldwide standardization. National bodies that are members of ISO or IEC participate in the development of International Standards through technical committees established by the respective organization to deal with particular fields of technical activity. ISO and IEC technical committees collaborate in fields of mutual interest. Other international organizations, governmental and non-governmental, in liaison with ISO and IEC, also take part in the work.;735291151388;ap-south-1;2026-07-13 17:35:21.078358;A.8.20;Network Security;Networks and network devices should be secured, managed and controlled to protect information in systems and applications.;A.8 Technological controls;A.8.20;Network Security;Networks and network devices should be secured, managed and controlled to protect information in systems and applications.;PASS;Security group cloudguardian-rds-sg (sg-0652e5b7e75b01aa9) was not created using the EC2 Launch Wizard.;arn:aws:ec2:ap-south-1:735291151388:security-group/sg-0652e5b7e75b01aa9;ec2_securitygroup_from_launch_wizard;False;sg-0652e5b7e75b01aa9;ISO27001;ISO/IEC 27001 Information Security Management Standard 2022
aws;ISO (the International Organization for Standardization) and IEC (the International Electrotechnical Commission) form the specialized system for worldwide standardization. National bodies that are members of ISO or IEC participate in the development of International Standards through technical committees established by the respective organization to deal with particular fields of technical activity. ISO and IEC technical committees collaborate in fields of mutual interest. Other international organizations, governmental and non-governmental, in liaison with ISO and IEC, also take part in the work.;735291151388;ap-south-1;2026-07-13 17:35:21.078358;A.8.21;Security of Network Services;Security mechanisms, service levels and service requirements of network services should be identified, implemented and monitored.;A.8 Technological controls;A.8.21;Security of Network Services;Security mechanisms, service levels and service requirements of network services should be identified, implemented and monitored.;PASS;Security group cloudguardian-rds-sg (sg-0652e5b7e75b01aa9) was not created using the EC2 Launch Wizard.;arn:aws:ec2:ap-south-1:735291151388:security-group/sg-0652e5b7e75b01aa9;ec2_securitygroup_from_launch_wizard;False;sg-0652e5b7e75b01aa9;ISO27001;ISO/IEC 27001 Information Security Management Standard 2022
aws;ISO (the International Organization for Standardization) and IEC (the International Electrotechnical Commission) form the specialized system for worldwide standardization. National bodies that are members of ISO or IEC participate in the development of International Standards through technical committees established by the respective organization to deal with particular fields of technical activity. ISO and IEC technical committees collaborate in fields of mutual interest. Other international organizations, governmental and non-governmental, in liaison with ISO and IEC, also take part in the work.;735291151388;ap-south-1;2026-07-13 17:35:21.078358;A.8.22;Segregation of Networks;Security mechanisms, service levels and service requirements of network services should be identified, implemented and monitored.;A.8 Technological controls;A.8.22;Segregation of Networks;Security mechanisms, service levels and service requirements of network services should be identified, implemented and monitored.;PASS;Security group cloudguardian-rds-sg (sg-0652e5b7e75b01aa9) was not created using the EC2 Launch Wizard.;arn:aws:ec2:ap-south-1:735291151388:security-group/sg-0652e5b7e75b01aa9;ec2_securitygroup_from_launch_wizard;False;sg-0652e5b7e75b01aa9;ISO27001;ISO/IEC 27001 Information Security Management Standard 2022
aws;ISO (the International Organization for Standardization) and IEC (the International Electrotechnical Commission) form the specialized system for worldwide standardization. National bodies that are members of ISO or IEC participate in the development of International Standards through technical committees established by the respective organization to deal with particular fields of technical activity. ISO and IEC technical committees collaborate in fields of mutual interest. Other international organizations, governmental and non-governmental, in liaison with ISO and IEC, also take part in the work.;735291151388;ap-south-1;2026-07-13 17:35:21.078358;A.8.20;Network Security;Networks and network devices should be secured, managed and controlled to protect information in systems and applications.;A.8 Technological controls;A.8.20;Network Security;Networks and network devices should be secured, managed and controlled to protect information in systems and applications.;PASS;Security group cloudguardian-web-sg (sg-09310ccc8f2635d73) it is being used.;arn:aws:ec2:ap-south-1:735291151388:security-group/sg-09310ccc8f2635d73;ec2_securitygroup_not_used;False;sg-09310ccc8f2635d73;ISO27001;ISO/IEC 27001 Information Security Management Standard 2022
aws;ISO (the International Organization for Standardization) and IEC (the International Electrotechnical Commission) form the specialized system for worldwide standardization. National bodies that are members of ISO or IEC participate in the development of International Standards through technical committees established by the respective organization to deal with particular fields of technical activity. ISO and IEC technical committees collaborate in fields of mutual interest. Other international organizations, governmental and non-governmental, in liaison with ISO and IEC, also take part in the work.;735291151388;ap-south-1;2026-07-13 17:35:21.078358;A.8.21;Security of Network Services;Security mechanisms, service levels and service requirements of network services should be identified, implemented and monitored.;A.8 Technological controls;A.8.21;Security of Network Services;Security mechanisms, service levels and service requirements of network services should be identified, implemented and monitored.;PASS;Security group cloudguardian-web-sg (sg-09310ccc8f2635d73) it is being used.;arn:aws:ec2:ap-south-1:735291151388:security-group/sg-09310ccc8f2635d73;ec2_securitygroup_not_used;False;sg-09310ccc8f2635d73;ISO27001;ISO/IEC 27001 Information Security Management Standard 2022
aws;ISO (the International Organization for Standardization) and IEC (the International Electrotechnical Commission) form the specialized system for worldwide standardization. National bodies that are members of ISO or IEC participate in the development of International Standards through technical committees established by the respective organization to deal with particular fields of technical activity. ISO and IEC technical committees collaborate in fields of mutual interest. Other international organizations, governmental and non-governmental, in liaison with ISO and IEC, also take part in the work.;735291151388;ap-south-1;2026-07-13 17:35:21.078358;A.8.22;Segregation of Networks;Security mechanisms, service levels and service requirements of network services should be identified, implemented and monitored.;A.8 Technological controls;A.8.22;Segregation of Networks;Security mechanisms, service levels and service requirements of network services should be identified, implemented and monitored.;PASS;Security group cloudguardian-web-sg (sg-09310ccc8f2635d73) it is being used.;arn:aws:ec2:ap-south-1:735291151388:security-group/sg-09310ccc8f2635d73;ec2_securitygroup_not_used;False;sg-09310ccc8f2635d73;ISO27001;ISO/IEC 27001 Information Security Management Standard 2022
aws;ISO (the International Organization for Standardization) and IEC (the International Electrotechnical Commission) form the specialized system for worldwide standardization. National bodies that are members of ISO or IEC participate in the development of International Standards through technical committees established by the respective organization to deal with particular fields of technical activity. ISO and IEC technical committees collaborate in fields of mutual interest. Other international organizations, governmental and non-governmental, in liaison with ISO and IEC, also take part in the work.;735291151388;ap-south-1;2026-07-13 17:35:21.078358;A.8.20;Network Security;Networks and network devices should be secured, managed and controlled to protect information in systems and applications.;A.8 Technological controls;A.8.20;Network Security;Networks and network devices should be secured, managed and controlled to protect information in systems and applications.;PASS;Security group cloudguardian-rds-sg (sg-0652e5b7e75b01aa9) it is being used.;arn:aws:ec2:ap-south-1:735291151388:security-group/sg-0652e5b7e75b01aa9;ec2_securitygroup_not_used;False;sg-0652e5b7e75b01aa9;ISO27001;ISO/IEC 27001 Information Security Management Standard 2022
aws;ISO (the International Organization for Standardization) and IEC (the International Electrotechnical Commission) form the specialized system for worldwide standardization. National bodies that are members of ISO or IEC participate in the development of International Standards through technical committees established by the respective organization to deal with particular fields of technical activity. ISO and IEC technical committees collaborate in fields of mutual interest. Other international organizations, governmental and non-governmental, in liaison with ISO and IEC, also take part in the work.;735291151388;ap-south-1;2026-07-13 17:35:21.078358;A.8.21;Security of Network Services;Security mechanisms, service levels and service requirements of network services should be identified, implemented and monitored.;A.8 Technological controls;A.8.21;Security of Network Services;Security mechanisms, service levels and service requirements of network services should be identified, implemented and monitored.;PASS;Security group cloudguardian-rds-sg (sg-0652e5b7e75b01aa9) it is being used.;arn:aws:ec2:ap-south-1:735291151388:security-group/sg-0652e5b7e75b01aa9;ec2_securitygroup_not_used;False;sg-0652e5b7e75b01aa9;ISO27001;ISO/IEC 27001 Information Security Management Standard 2022
aws;ISO (the International Organization for Standardization) and IEC (the International Electrotechnical Commission) form the specialized system for worldwide standardization. National bodies that are members of ISO or IEC participate in the development of International Standards through technical committees established by the respective organization to deal with particular fields of technical activity. ISO and IEC technical committees collaborate in fields of mutual interest. Other international organizations, governmental and non-governmental, in liaison with ISO and IEC, also take part in the work.;735291151388;ap-south-1;2026-07-13 17:35:21.078358;A.8.22;Segregation of Networks;Security mechanisms, service levels and service requirements of network services should be identified, implemented and monitored.;A.8 Technological controls;A.8.22;Segregation of Networks;Security mechanisms, service levels and service requirements of network services should be identified, implemented and monitored.;PASS;Security group cloudguardian-rds-sg (sg-0652e5b7e75b01aa9) it is being used.;arn:aws:ec2:ap-south-1:735291151388:security-group/sg-0652e5b7e75b01aa9;ec2_securitygroup_not_used;False;sg-0652e5b7e75b01aa9;ISO27001;ISO/IEC 27001 Information Security Management Standard 2022
aws;ISO (the International Organization for Standardization) and IEC (the International Electrotechnical Commission) form the specialized system for worldwide standardization. National bodies that are members of ISO or IEC participate in the development of International Standards through technical committees established by the respective organization to deal with particular fields of technical activity. ISO and IEC technical committees collaborate in fields of mutual interest. Other international organizations, governmental and non-governmental, in liaison with ISO and IEC, also take part in the work.;735291151388;ap-south-1;2026-07-13 17:35:21.078358;A.8.20;Network Security;Networks and network devices should be secured, managed and controlled to protect information in systems and applications.;A.8 Technological controls;A.8.20;Network Security;Networks and network devices should be secured, managed and controlled to protect information in systems and applications.;PASS;Security group default (sg-0870c2fceba20b744) has 1 inbound rules and 1 outbound rules.;arn:aws:ec2:ap-south-1:735291151388:security-group/sg-0870c2fceba20b744;ec2_securitygroup_with_many_ingress_egress_rules;False;sg-0870c2fceba20b744;ISO27001;ISO/IEC 27001 Information Security Management Standard 2022
aws;ISO (the International Organization for Standardization) and IEC (the International Electrotechnical Commission) form the specialized system for worldwide standardization. National bodies that are members of ISO or IEC participate in the development of International Standards through technical committees established by the respective organization to deal with particular fields of technical activity. ISO and IEC technical committees collaborate in fields of mutual interest. Other international organizations, governmental and non-governmental, in liaison with ISO and IEC, also take part in the work.;735291151388;ap-south-1;2026-07-13 17:35:21.078358;A.8.21;Security of Network Services;Security mechanisms, service levels and service requirements of network services should be identified, implemented and monitored.;A.8 Technological controls;A.8.21;Security of Network Services;Security mechanisms, service levels and service requirements of network services should be identified, implemented and monitored.;PASS;Security group default (sg-0870c2fceba20b744) has 1 inbound rules and 1 outbound rules.;arn:aws:ec2:ap-south-1:735291151388:security-group/sg-0870c2fceba20b744;ec2_securitygroup_with_many_ingress_egress_rules;False;sg-0870c2fceba20b744;ISO27001;ISO/IEC 27001 Information Security Management Standard 2022
aws;ISO (the International Organization for Standardization) and IEC (the International Electrotechnical Commission) form the specialized system for worldwide standardization. National bodies that are members of ISO or IEC participate in the development of International Standards through technical committees established by the respective organization to deal with particular fields of technical activity. ISO and IEC technical committees collaborate in fields of mutual interest. Other international organizations, governmental and non-governmental, in liaison with ISO and IEC, also take part in the work.;735291151388;ap-south-1;2026-07-13 17:35:21.078358;A.8.22;Segregation of Networks;Security mechanisms, service levels and service requirements of network services should be identified, implemented and monitored.;A.8 Technological controls;A.8.22;Segregation of Networks;Security mechanisms, service levels and service requirements of network services should be identified, implemented and monitored.;PASS;Security group default (sg-0870c2fceba20b744) has 1 inbound rules and 1 outbound rules.;arn:aws:ec2:ap-south-1:735291151388:security-group/sg-0870c2fceba20b744;ec2_securitygroup_with_many_ingress_egress_rules;False;sg-0870c2fceba20b744;ISO27001;ISO/IEC 27001 Information Security Management Standard 2022
aws;ISO (the International Organization for Standardization) and IEC (the International Electrotechnical Commission) form the specialized system for worldwide standardization. National bodies that are members of ISO or IEC participate in the development of International Standards through technical committees established by the respective organization to deal with particular fields of technical activity. ISO and IEC technical committees collaborate in fields of mutual interest. Other international organizations, governmental and non-governmental, in liaison with ISO and IEC, also take part in the work.;735291151388;ap-south-1;2026-07-13 17:35:21.078358;A.8.20;Network Security;Networks and network devices should be secured, managed and controlled to protect information in systems and applications.;A.8 Technological controls;A.8.20;Network Security;Networks and network devices should be secured, managed and controlled to protect information in systems and applications.;PASS;Security group default (sg-01da1c49051ece125) has 1 inbound rules and 1 outbound rules.;arn:aws:ec2:ap-south-1:735291151388:security-group/sg-01da1c49051ece125;ec2_securitygroup_with_many_ingress_egress_rules;False;sg-01da1c49051ece125;ISO27001;ISO/IEC 27001 Information Security Management Standard 2022
aws;ISO (the International Organization for Standardization) and IEC (the International Electrotechnical Commission) form the specialized system for worldwide standardization. National bodies that are members of ISO or IEC participate in the development of International Standards through technical committees established by the respective organization to deal with particular fields of technical activity. ISO and IEC technical committees collaborate in fields of mutual interest. Other international organizations, governmental and non-governmental, in liaison with ISO and IEC, also take part in the work.;735291151388;ap-south-1;2026-07-13 17:35:21.078358;A.8.21;Security of Network Services;Security mechanisms, service levels and service requirements of network services should be identified, implemented and monitored.;A.8 Technological controls;A.8.21;Security of Network Services;Security mechanisms, service levels and service requirements of network services should be identified, implemented and monitored.;PASS;Security group default (sg-01da1c49051ece125) has 1 inbound rules and 1 outbound rules.;arn:aws:ec2:ap-south-1:735291151388:security-group/sg-01da1c49051ece125;ec2_securitygroup_with_many_ingress_egress_rules;False;sg-01da1c49051ece125;ISO27001;ISO/IEC 27001 Information Security Management Standard 2022
aws;ISO (the International Organization for Standardization) and IEC (the International Electrotechnical Commission) form the specialized system for worldwide standardization. National bodies that are members of ISO or IEC participate in the development of International Standards through technical committees established by the respective organization to deal with particular fields of technical activity. ISO and IEC technical committees collaborate in fields of mutual interest. Other international organizations, governmental and non-governmental, in liaison with ISO and IEC, also take part in the work.;735291151388;ap-south-1;2026-07-13 17:35:21.078358;A.8.22;Segregation of Networks;Security mechanisms, service levels and service requirements of network services should be identified, implemented and monitored.;A.8 Technological controls;A.8.22;Segregation of Networks;Security mechanisms, service levels and service requirements of network services should be identified, implemented and monitored.;PASS;Security group default (sg-01da1c49051ece125) has 1 inbound rules and 1 outbound rules.;arn:aws:ec2:ap-south-1:735291151388:security-group/sg-01da1c49051ece125;ec2_securitygroup_with_many_ingress_egress_rules;False;sg-01da1c49051ece125;ISO27001;ISO/IEC 27001 Information Security Management Standard 2022
aws;ISO (the International Organization for Standardization) and IEC (the International Electrotechnical Commission) form the specialized system for worldwide standardization. National bodies that are members of ISO or IEC participate in the development of International Standards through technical committees established by the respective organization to deal with particular fields of technical activity. ISO and IEC technical committees collaborate in fields of mutual interest. Other international organizations, governmental and non-governmental, in liaison with ISO and IEC, also take part in the work.;735291151388;ap-south-1;2026-07-13 17:35:21.078358;A.8.20;Network Security;Networks and network devices should be secured, managed and controlled to protect information in systems and applications.;A.8 Technological controls;A.8.20;Network Security;Networks and network devices should be secured, managed and controlled to protect information in systems and applications.;PASS;Security group cloudguardian-web-sg (sg-09310ccc8f2635d73) has 3 inbound rules and 1 outbound rules.;arn:aws:ec2:ap-south-1:735291151388:security-group/sg-09310ccc8f2635d73;ec2_securitygroup_with_many_ingress_egress_rules;False;sg-09310ccc8f2635d73;ISO27001;ISO/IEC 27001 Information Security Management Standard 2022
aws;ISO (the International Organization for Standardization) and IEC (the International Electrotechnical Commission) form the specialized system for worldwide standardization. National bodies that are members of ISO or IEC participate in the development of International Standards through technical committees established by the respective organization to deal with particular fields of technical activity. ISO and IEC technical committees collaborate in fields of mutual interest. Other international organizations, governmental and non-governmental, in liaison with ISO and IEC, also take part in the work.;735291151388;ap-south-1;2026-07-13 17:35:21.078358;A.8.21;Security of Network Services;Security mechanisms, service levels and service requirements of network services should be identified, implemented and monitored.;A.8 Technological controls;A.8.21;Security of Network Services;Security mechanisms, service levels and service requirements of network services should be identified, implemented and monitored.;PASS;Security group cloudguardian-web-sg (sg-09310ccc8f2635d73) has 3 inbound rules and 1 outbound rules.;arn:aws:ec2:ap-south-1:735291151388:security-group/sg-09310ccc8f2635d73;ec2_securitygroup_with_many_ingress_egress_rules;False;sg-09310ccc8f2635d73;ISO27001;ISO/IEC 27001 Information Security Management Standard 2022
aws;ISO (the International Organization for Standardization) and IEC (the International Electrotechnical Commission) form the specialized system for worldwide standardization. National bodies that are members of ISO or IEC participate in the development of International Standards through technical committees established by the respective organization to deal with particular fields of technical activity. ISO and IEC technical committees collaborate in fields of mutual interest. Other international organizations, governmental and non-governmental, in liaison with ISO and IEC, also take part in the work.;735291151388;ap-south-1;2026-07-13 17:35:21.078358;A.8.22;Segregation of Networks;Security mechanisms, service levels and service requirements of network services should be identified, implemented and monitored.;A.8 Technological controls;A.8.22;Segregation of Networks;Security mechanisms, service levels and service requirements of network services should be identified, implemented and monitored.;PASS;Security group cloudguardian-web-sg (sg-09310ccc8f2635d73) has 3 inbound rules and 1 outbound rules.;arn:aws:ec2:ap-south-1:735291151388:security-group/sg-09310ccc8f2635d73;ec2_securitygroup_with_many_ingress_egress_rules;False;sg-09310ccc8f2635d73;ISO27001;ISO/IEC 27001 Information Security Management Standard 2022
aws;ISO (the International Organization for Standardization) and IEC (the International Electrotechnical Commission) form the specialized system for worldwide standardization. National bodies that are members of ISO or IEC participate in the development of International Standards through technical committees established by the respective organization to deal with particular fields of technical activity. ISO and IEC technical committees collaborate in fields of mutual interest. Other international organizations, governmental and non-governmental, in liaison with ISO and IEC, also take part in the work.;735291151388;ap-south-1;2026-07-13 17:35:21.078358;A.8.20;Network Security;Networks and network devices should be secured, managed and controlled to protect information in systems and applications.;A.8 Technological controls;A.8.20;Network Security;Networks and network devices should be secured, managed and controlled to protect information in systems and applications.;PASS;Security group cloudguardian-rds-sg (sg-0652e5b7e75b01aa9) has 1 inbound rules and 1 outbound rules.;arn:aws:ec2:ap-south-1:735291151388:security-group/sg-0652e5b7e75b01aa9;ec2_securitygroup_with_many_ingress_egress_rules;False;sg-0652e5b7e75b01aa9;ISO27001;ISO/IEC 27001 Information Security Management Standard 2022
aws;ISO (the International Organization for Standardization) and IEC (the International Electrotechnical Commission) form the specialized system for worldwide standardization. National bodies that are members of ISO or IEC participate in the development of International Standards through technical committees established by the respective organization to deal with particular fields of technical activity. ISO and IEC technical committees collaborate in fields of mutual interest. Other international organizations, governmental and non-governmental, in liaison with ISO and IEC, also take part in the work.;735291151388;ap-south-1;2026-07-13 17:35:21.078358;A.8.21;Security of Network Services;Security mechanisms, service levels and service requirements of network services should be identified, implemented and monitored.;A.8 Technological controls;A.8.21;Security of Network Services;Security mechanisms, service levels and service requirements of network services should be identified, implemented and monitored.;PASS;Security group cloudguardian-rds-sg (sg-0652e5b7e75b01aa9) has 1 inbound rules and 1 outbound rules.;arn:aws:ec2:ap-south-1:735291151388:security-group/sg-0652e5b7e75b01aa9;ec2_securitygroup_with_many_ingress_egress_rules;False;sg-0652e5b7e75b01aa9;ISO27001;ISO/IEC 27001 Information Security Management Standard 2022
aws;ISO (the International Organization for Standardization) and IEC (the International Electrotechnical Commission) form the specialized system for worldwide standardization. National bodies that are members of ISO or IEC participate in the development of International Standards through technical committees established by the respective organization to deal with particular fields of technical activity. ISO and IEC technical committees collaborate in fields of mutual interest. Other international organizations, governmental and non-governmental, in liaison with ISO and IEC, also take part in the work.;735291151388;ap-south-1;2026-07-13 17:35:21.078358;A.8.22;Segregation of Networks;Security mechanisms, service levels and service requirements of network services should be identified, implemented and monitored.;A.8 Technological controls;A.8.22;Segregation of Networks;Security mechanisms, service levels and service requirements of network services should be identified, implemented and monitored.;PASS;Security group cloudguardian-rds-sg (sg-0652e5b7e75b01aa9) has 1 inbound rules and 1 outbound rules.;arn:aws:ec2:ap-south-1:735291151388:security-group/sg-0652e5b7e75b01aa9;ec2_securitygroup_with_many_ingress_egress_rules;False;sg-0652e5b7e75b01aa9;ISO27001;ISO/IEC 27001 Information Security Management Standard 2022
aws;ISO (the International Organization for Standardization) and IEC (the International Electrotechnical Commission) form the specialized system for worldwide standardization. National bodies that are members of ISO or IEC participate in the development of International Standards through technical committees established by the respective organization to deal with particular fields of technical activity. ISO and IEC technical committees collaborate in fields of mutual interest. Other international organizations, governmental and non-governmental, in liaison with ISO and IEC, also take part in the work.;735291151388;ap-south-1;2026-07-13 17:35:21.078358;A.5.15;Access Control;Rules to control physical and logical access to information and other associated assets should be established;A.5 Organizational controls;A.5.15;Access Control;Rules to control physical and logical access to information and other associated assets should be established;FAIL;Root user in the account was last accessed 0 days ago.;arn:aws:iam::735291151388:root;iam_avoid_root_usage;False;<root_account>;ISO27001;ISO/IEC 27001 Information Security Management Standard 2022
aws;ISO (the International Organization for Standardization) and IEC (the International Electrotechnical Commission) form the specialized system for worldwide standardization. National bodies that are members of ISO or IEC participate in the development of International Standards through technical committees established by the respective organization to deal with particular fields of technical activity. ISO and IEC technical committees collaborate in fields of mutual interest. Other international organizations, governmental and non-governmental, in liaison with ISO and IEC, also take part in the work.;735291151388;ap-south-1;2026-07-13 17:35:21.078358;A.5.18;Access Rights;Access rights to information and other associated assets should be provisioned, reviewed, modified and removed in accordance with the organisation’s topic-specific policy on and rules for access control.;A.5 Organizational controls;A.5.18;Access Rights;Access rights to information and other associated assets should be provisioned, reviewed, modified and removed in accordance with the organisation’s topic-specific policy on and rules for access control.;PASS;AWS policy AmazonRDSServiceRolePolicy is attached but does not allow '*:*' administrative privileges.;arn:aws:iam::aws:policy/aws-service-role/AmazonRDSServiceRolePolicy;iam_aws_attached_policy_no_administrative_privileges;False;AmazonRDSServiceRolePolicy;ISO27001;ISO/IEC 27001 Information Security Management Standard 2022
aws;ISO (the International Organization for Standardization) and IEC (the International Electrotechnical Commission) form the specialized system for worldwide standardization. National bodies that are members of ISO or IEC participate in the development of International Standards through technical committees established by the respective organization to deal with particular fields of technical activity. ISO and IEC technical committees collaborate in fields of mutual interest. Other international organizations, governmental and non-governmental, in liaison with ISO and IEC, also take part in the work.;735291151388;ap-south-1;2026-07-13 17:35:21.078358;A.8.2;Privileged Access Rights;The allocation and use of privileged access rights should be restricted and managed.;A.8 Technological controls;A.8.2;Privileged Access Rights;The allocation and use of privileged access rights should be restricted and managed.;PASS;AWS policy AmazonRDSServiceRolePolicy is attached but does not allow '*:*' administrative privileges.;arn:aws:iam::aws:policy/aws-service-role/AmazonRDSServiceRolePolicy;iam_aws_attached_policy_no_administrative_privileges;False;AmazonRDSServiceRolePolicy;ISO27001;ISO/IEC 27001 Information Security Management Standard 2022
aws;ISO (the International Organization for Standardization) and IEC (the International Electrotechnical Commission) form the specialized system for worldwide standardization. National bodies that are members of ISO or IEC participate in the development of International Standards through technical committees established by the respective organization to deal with particular fields of technical activity. ISO and IEC technical committees collaborate in fields of mutual interest. Other international organizations, governmental and non-governmental, in liaison with ISO and IEC, also take part in the work.;735291151388;ap-south-1;2026-07-13 17:35:21.078358;A.5.18;Access Rights;Access rights to information and other associated assets should be provisioned, reviewed, modified and removed in accordance with the organisation’s topic-specific policy on and rules for access control.;A.5 Organizational controls;A.5.18;Access Rights;Access rights to information and other associated assets should be provisioned, reviewed, modified and removed in accordance with the organisation’s topic-specific policy on and rules for access control.;PASS;AWS policy AWSTrustedAdvisorServiceRolePolicy is attached but does not allow '*:*' administrative privileges.;arn:aws:iam::aws:policy/aws-service-role/AWSTrustedAdvisorServiceRolePolicy;iam_aws_attached_policy_no_administrative_privileges;False;AWSTrustedAdvisorServiceRolePolicy;ISO27001;ISO/IEC 27001 Information Security Management Standard 2022
aws;ISO (the International Organization for Standardization) and IEC (the International Electrotechnical Commission) form the specialized system for worldwide standardization. National bodies that are members of ISO or IEC participate in the development of International Standards through technical committees established by the respective organization to deal with particular fields of technical activity. ISO and IEC technical committees collaborate in fields of mutual interest. Other international organizations, governmental and non-governmental, in liaison with ISO and IEC, also take part in the work.;735291151388;ap-south-1;2026-07-13 17:35:21.078358;A.8.2;Privileged Access Rights;The allocation and use of privileged access rights should be restricted and managed.;A.8 Technological controls;A.8.2;Privileged Access Rights;The allocation and use of privileged access rights should be restricted and managed.;PASS;AWS policy AWSTrustedAdvisorServiceRolePolicy is attached but does not allow '*:*' administrative privileges.;arn:aws:iam::aws:policy/aws-service-role/AWSTrustedAdvisorServiceRolePolicy;iam_aws_attached_policy_no_administrative_privileges;False;AWSTrustedAdvisorServiceRolePolicy;ISO27001;ISO/IEC 27001 Information Security Management Standard 2022
aws;ISO (the International Organization for Standardization) and IEC (the International Electrotechnical Commission) form the specialized system for worldwide standardization. National bodies that are members of ISO or IEC participate in the development of International Standards through technical committees established by the respective organization to deal with particular fields of technical activity. ISO and IEC technical committees collaborate in fields of mutual interest. Other international organizations, governmental and non-governmental, in liaison with ISO and IEC, also take part in the work.;735291151388;ap-south-1;2026-07-13 17:35:21.078358;A.5.18;Access Rights;Access rights to information and other associated assets should be provisioned, reviewed, modified and removed in accordance with the organisation’s topic-specific policy on and rules for access control.;A.5 Organizational controls;A.5.18;Access Rights;Access rights to information and other associated assets should be provisioned, reviewed, modified and removed in accordance with the organisation’s topic-specific policy on and rules for access control.;FAIL;AWS policy AdministratorAccess is attached and allows '*:*' administrative privileges.;arn:aws:iam::aws:policy/AdministratorAccess;iam_aws_attached_policy_no_administrative_privileges;False;AdministratorAccess;ISO27001;ISO/IEC 27001 Information Security Management Standard 2022
aws;ISO (the International Organization for Standardization) and IEC (the International Electrotechnical Commission) form the specialized system for worldwide standardization. National bodies that are members of ISO or IEC participate in the development of International Standards through technical committees established by the respective organization to deal with particular fields of technical activity. ISO and IEC technical committees collaborate in fields of mutual interest. Other international organizations, governmental and non-governmental, in liaison with ISO and IEC, also take part in the work.;735291151388;ap-south-1;2026-07-13 17:35:21.078358;A.8.2;Privileged Access Rights;The allocation and use of privileged access rights should be restricted and managed.;A.8 Technological controls;A.8.2;Privileged Access Rights;The allocation and use of privileged access rights should be restricted and managed.;FAIL;AWS policy AdministratorAccess is attached and allows '*:*' administrative privileges.;arn:aws:iam::aws:policy/AdministratorAccess;iam_aws_attached_policy_no_administrative_privileges;False;AdministratorAccess;ISO27001;ISO/IEC 27001 Information Security Management Standard 2022
aws;ISO (the International Organization for Standardization) and IEC (the International Electrotechnical Commission) form the specialized system for worldwide standardization. National bodies that are members of ISO or IEC participate in the development of International Standards through technical committees established by the respective organization to deal with particular fields of technical activity. ISO and IEC technical committees collaborate in fields of mutual interest. Other international organizations, governmental and non-governmental, in liaison with ISO and IEC, also take part in the work.;735291151388;ap-south-1;2026-07-13 17:35:21.078358;A.5.18;Access Rights;Access rights to information and other associated assets should be provisioned, reviewed, modified and removed in accordance with the organisation’s topic-specific policy on and rules for access control.;A.5 Organizational controls;A.5.18;Access Rights;Access rights to information and other associated assets should be provisioned, reviewed, modified and removed in accordance with the organisation’s topic-specific policy on and rules for access control.;PASS;AWS policy AWSSupportServiceRolePolicy is attached but does not allow '*:*' administrative privileges.;arn:aws:iam::aws:policy/aws-service-role/AWSSupportServiceRolePolicy;iam_aws_attached_policy_no_administrative_privileges;False;AWSSupportServiceRolePolicy;ISO27001;ISO/IEC 27001 Information Security Management Standard 2022
aws;ISO (the International Organization for Standardization) and IEC (the International Electrotechnical Commission) form the specialized system for worldwide standardization. National bodies that are members of ISO or IEC participate in the development of International Standards through technical committees established by the respective organization to deal with particular fields of technical activity. ISO and IEC technical committees collaborate in fields of mutual interest. Other international organizations, governmental and non-governmental, in liaison with ISO and IEC, also take part in the work.;735291151388;ap-south-1;2026-07-13 17:35:21.078358;A.8.2;Privileged Access Rights;The allocation and use of privileged access rights should be restricted and managed.;A.8 Technological controls;A.8.2;Privileged Access Rights;The allocation and use of privileged access rights should be restricted and managed.;PASS;AWS policy AWSSupportServiceRolePolicy is attached but does not allow '*:*' administrative privileges.;arn:aws:iam::aws:policy/aws-service-role/AWSSupportServiceRolePolicy;iam_aws_attached_policy_no_administrative_privileges;False;AWSSupportServiceRolePolicy;ISO27001;ISO/IEC 27001 Information Security Management Standard 2022
aws;ISO (the International Organization for Standardization) and IEC (the International Electrotechnical Commission) form the specialized system for worldwide standardization. National bodies that are members of ISO or IEC participate in the development of International Standards through technical committees established by the respective organization to deal with particular fields of technical activity. ISO and IEC technical committees collaborate in fields of mutual interest. Other international organizations, governmental and non-governmental, in liaison with ISO and IEC, also take part in the work.;735291151388;ap-south-1;2026-07-13 17:35:21.078358;A.5.18;Access Rights;Access rights to information and other associated assets should be provisioned, reviewed, modified and removed in accordance with the organisation’s topic-specific policy on and rules for access control.;A.5 Organizational controls;A.5.18;Access Rights;Access rights to information and other associated assets should be provisioned, reviewed, modified and removed in accordance with the organisation’s topic-specific policy on and rules for access control.;PASS;AWS policy AWSLambdaBasicExecutionRole is attached but does not allow '*:*' administrative privileges.;arn:aws:iam::aws:policy/service-role/AWSLambdaBasicExecutionRole;iam_aws_attached_policy_no_administrative_privileges;False;AWSLambdaBasicExecutionRole;ISO27001;ISO/IEC 27001 Information Security Management Standard 2022
aws;ISO (the International Organization for Standardization) and IEC (the International Electrotechnical Commission) form the specialized system for worldwide standardization. National bodies that are members of ISO or IEC participate in the development of International Standards through technical committees established by the respective organization to deal with particular fields of technical activity. ISO and IEC technical committees collaborate in fields of mutual interest. Other international organizations, governmental and non-governmental, in liaison with ISO and IEC, also take part in the work.;735291151388;ap-south-1;2026-07-13 17:35:21.078358;A.8.2;Privileged Access Rights;The allocation and use of privileged access rights should be restricted and managed.;A.8 Technological controls;A.8.2;Privileged Access Rights;The allocation and use of privileged access rights should be restricted and managed.;PASS;AWS policy AWSLambdaBasicExecutionRole is attached but does not allow '*:*' administrative privileges.;arn:aws:iam::aws:policy/service-role/AWSLambdaBasicExecutionRole;iam_aws_attached_policy_no_administrative_privileges;False;AWSLambdaBasicExecutionRole;ISO27001;ISO/IEC 27001 Information Security Management Standard 2022
aws;ISO (the International Organization for Standardization) and IEC (the International Electrotechnical Commission) form the specialized system for worldwide standardization. National bodies that are members of ISO or IEC participate in the development of International Standards through technical committees established by the respective organization to deal with particular fields of technical activity. ISO and IEC technical committees collaborate in fields of mutual interest. Other international organizations, governmental and non-governmental, in liaison with ISO and IEC, also take part in the work.;735291151388;ap-south-1;2026-07-13 17:35:21.078358;A.5.18;Access Rights;Access rights to information and other associated assets should be provisioned, reviewed, modified and removed in accordance with the organisation’s topic-specific policy on and rules for access control.;A.5 Organizational controls;A.5.18;Access Rights;Access rights to information and other associated assets should be provisioned, reviewed, modified and removed in accordance with the organisation’s topic-specific policy on and rules for access control.;PASS;AWS policy AWSResourceExplorerServiceRolePolicy is attached but does not allow '*:*' administrative privileges.;arn:aws:iam::aws:policy/aws-service-role/AWSResourceExplorerServiceRolePolicy;iam_aws_attached_policy_no_administrative_privileges;False;AWSResourceExplorerServiceRolePolicy;ISO27001;ISO/IEC 27001 Information Security Management Standard 2022
aws;ISO (the International Organization for Standardization) and IEC (the International Electrotechnical Commission) form the specialized system for worldwide standardization. National bodies that are members of ISO or IEC participate in the development of International Standards through technical committees established by the respective organization to deal with particular fields of technical activity. ISO and IEC technical committees collaborate in fields of mutual interest. Other international organizations, governmental and non-governmental, in liaison with ISO and IEC, also take part in the work.;735291151388;ap-south-1;2026-07-13 17:35:21.078358;A.8.2;Privileged Access Rights;The allocation and use of privileged access rights should be restricted and managed.;A.8 Technological controls;A.8.2;Privileged Access Rights;The allocation and use of privileged access rights should be restricted and managed.;PASS;AWS policy AWSResourceExplorerServiceRolePolicy is attached but does not allow '*:*' administrative privileges.;arn:aws:iam::aws:policy/aws-service-role/AWSResourceExplorerServiceRolePolicy;iam_aws_attached_policy_no_administrative_privileges;False;AWSResourceExplorerServiceRolePolicy;ISO27001;ISO/IEC 27001 Information Security Management Standard 2022
aws;ISO (the International Organization for Standardization) and IEC (the International Electrotechnical Commission) form the specialized system for worldwide standardization. National bodies that are members of ISO or IEC participate in the development of International Standards through technical committees established by the respective organization to deal with particular fields of technical activity. ISO and IEC technical committees collaborate in fields of mutual interest. Other international organizations, governmental and non-governmental, in liaison with ISO and IEC, also take part in the work.;735291151388;ap-south-1;2026-07-13 17:35:21.078358;A.8.2;Privileged Access Rights;The allocation and use of privileged access rights should be restricted and managed.;A.8 Technological controls;A.8.2;Privileged Access Rights;The allocation and use of privileged access rights should be restricted and managed.;PASS;Custom policy CloudGuardian-S3PublicAccessPolicy is unattached and does not allow '*:*' administrative privileges.;arn:aws:iam::735291151388:policy/CloudGuardian-S3PublicAccessPolicy;iam_customer_unattached_policy_no_administrative_privileges;False;CloudGuardian-S3PublicAccessPolicy;ISO27001;ISO/IEC 27001 Information Security Management Standard 2022
aws;ISO (the International Organization for Standardization) and IEC (the International Electrotechnical Commission) form the specialized system for worldwide standardization. National bodies that are members of ISO or IEC participate in the development of International Standards through technical committees established by the respective organization to deal with particular fields of technical activity. ISO and IEC technical committees collaborate in fields of mutual interest. Other international organizations, governmental and non-governmental, in liaison with ISO and IEC, also take part in the work.;735291151388;ap-south-1;2026-07-13 17:35:21.078358;A.5.18;Access Rights;Access rights to information and other associated assets should be provisioned, reviewed, modified and removed in accordance with the organisation’s topic-specific policy on and rules for access control.;A.5 Organizational controls;A.5.18;Access Rights;Access rights to information and other associated assets should be provisioned, reviewed, modified and removed in accordance with the organisation’s topic-specific policy on and rules for access control.;PASS;Inline policy cloudguardian-remediation-permissions attached to role cloudguardian-remediation-lambda-role does not allow '*:*' administrative privileges.;arn:aws:iam::735291151388:role/cloudguardian-remediation-lambda-role;iam_inline_policy_no_administrative_privileges;False;cloudguardian-remediation-lambda-role/cloudguardian-remediation-permissions;ISO27001;ISO/IEC 27001 Information Security Management Standard 2022
aws;ISO (the International Organization for Standardization) and IEC (the International Electrotechnical Commission) form the specialized system for worldwide standardization. National bodies that are members of ISO or IEC participate in the development of International Standards through technical committees established by the respective organization to deal with particular fields of technical activity. ISO and IEC technical committees collaborate in fields of mutual interest. Other international organizations, governmental and non-governmental, in liaison with ISO and IEC, also take part in the work.;735291151388;ap-south-1;2026-07-13 17:35:21.078358;A.8.2;Privileged Access Rights;The allocation and use of privileged access rights should be restricted and managed.;A.8 Technological controls;A.8.2;Privileged Access Rights;The allocation and use of privileged access rights should be restricted and managed.;PASS;Inline policy cloudguardian-remediation-permissions attached to role cloudguardian-remediation-lambda-role does not allow '*:*' administrative privileges.;arn:aws:iam::735291151388:role/cloudguardian-remediation-lambda-role;iam_inline_policy_no_administrative_privileges;False;cloudguardian-remediation-lambda-role/cloudguardian-remediation-permissions;ISO27001;ISO/IEC 27001 Information Security Management Standard 2022
aws;ISO (the International Organization for Standardization) and IEC (the International Electrotechnical Commission) form the specialized system for worldwide standardization. National bodies that are members of ISO or IEC participate in the development of International Standards through technical committees established by the respective organization to deal with particular fields of technical activity. ISO and IEC technical committees collaborate in fields of mutual interest. Other international organizations, governmental and non-governmental, in liaison with ISO and IEC, also take part in the work.;735291151388;ap-south-1;2026-07-13 17:35:21.078358;A.5.18;Access Rights;Access rights to information and other associated assets should be provisioned, reviewed, modified and removed in accordance with the organisation’s topic-specific policy on and rules for access control.;A.5 Organizational controls;A.5.18;Access Rights;Access rights to information and other associated assets should be provisioned, reviewed, modified and removed in accordance with the organisation’s topic-specific policy on and rules for access control.;FAIL;Inline policy cloudguardian-s3-read-only attached to role cloudguardian-web-role allows '*:*' administrative privileges.;arn:aws:iam::735291151388:role/cloudguardian-web-role;iam_inline_policy_no_administrative_privileges;False;cloudguardian-web-role/cloudguardian-s3-read-only;ISO27001;ISO/IEC 27001 Information Security Management Standard 2022
aws;ISO (the International Organization for Standardization) and IEC (the International Electrotechnical Commission) form the specialized system for worldwide standardization. National bodies that are members of ISO or IEC participate in the development of International Standards through technical committees established by the respective organization to deal with particular fields of technical activity. ISO and IEC technical committees collaborate in fields of mutual interest. Other international organizations, governmental and non-governmental, in liaison with ISO and IEC, also take part in the work.;735291151388;ap-south-1;2026-07-13 17:35:21.078358;A.8.2;Privileged Access Rights;The allocation and use of privileged access rights should be restricted and managed.;A.8 Technological controls;A.8.2;Privileged Access Rights;The allocation and use of privileged access rights should be restricted and managed.;FAIL;Inline policy cloudguardian-s3-read-only attached to role cloudguardian-web-role allows '*:*' administrative privileges.;arn:aws:iam::735291151388:role/cloudguardian-web-role;iam_inline_policy_no_administrative_privileges;False;cloudguardian-web-role/cloudguardian-s3-read-only;ISO27001;ISO/IEC 27001 Information Security Management Standard 2022
aws;ISO (the International Organization for Standardization) and IEC (the International Electrotechnical Commission) form the specialized system for worldwide standardization. National bodies that are members of ISO or IEC participate in the development of International Standards through technical committees established by the respective organization to deal with particular fields of technical activity. ISO and IEC technical committees collaborate in fields of mutual interest. Other international organizations, governmental and non-governmental, in liaison with ISO and IEC, also take part in the work.;735291151388;ap-south-1;2026-07-13 17:35:21.078358;A.5.18;Access Rights;Access rights to information and other associated assets should be provisioned, reviewed, modified and removed in accordance with the organisation’s topic-specific policy on and rules for access control.;A.5 Organizational controls;A.5.18;Access Rights;Access rights to information and other associated assets should be provisioned, reviewed, modified and removed in accordance with the organisation’s topic-specific policy on and rules for access control.;PASS;Inline policy cloudguardian-remediation-permissions attached to role cloudguardian-remediation-lambda-role does not allow 'aws-marketplace:Subscribe' on all resources.;arn:aws:iam::735291151388:role/cloudguardian-remediation-lambda-role;iam_inline_policy_no_wildcard_marketplace_subscribe;False;cloudguardian-remediation-lambda-role/cloudguardian-remediation-permissions;ISO27001;ISO/IEC 27001 Information Security Management Standard 2022
aws;ISO (the International Organization for Standardization) and IEC (the International Electrotechnical Commission) form the specialized system for worldwide standardization. National bodies that are members of ISO or IEC participate in the development of International Standards through technical committees established by the respective organization to deal with particular fields of technical activity. ISO and IEC technical committees collaborate in fields of mutual interest. Other international organizations, governmental and non-governmental, in liaison with ISO and IEC, also take part in the work.;735291151388;ap-south-1;2026-07-13 17:35:21.078358;A.8.2;Privileged Access Rights;The allocation and use of privileged access rights should be restricted and managed.;A.8 Technological controls;A.8.2;Privileged Access Rights;The allocation and use of privileged access rights should be restricted and managed.;PASS;Inline policy cloudguardian-remediation-permissions attached to role cloudguardian-remediation-lambda-role does not allow 'aws-marketplace:Subscribe' on all resources.;arn:aws:iam::735291151388:role/cloudguardian-remediation-lambda-role;iam_inline_policy_no_wildcard_marketplace_subscribe;False;cloudguardian-remediation-lambda-role/cloudguardian-remediation-permissions;ISO27001;ISO/IEC 27001 Information Security Management Standard 2022
aws;ISO (the International Organization for Standardization) and IEC (the International Electrotechnical Commission) form the specialized system for worldwide standardization. National bodies that are members of ISO or IEC participate in the development of International Standards through technical committees established by the respective organization to deal with particular fields of technical activity. ISO and IEC technical committees collaborate in fields of mutual interest. Other international organizations, governmental and non-governmental, in liaison with ISO and IEC, also take part in the work.;735291151388;ap-south-1;2026-07-13 17:35:21.078358;A.5.18;Access Rights;Access rights to information and other associated assets should be provisioned, reviewed, modified and removed in accordance with the organisation’s topic-specific policy on and rules for access control.;A.5 Organizational controls;A.5.18;Access Rights;Access rights to information and other associated assets should be provisioned, reviewed, modified and removed in accordance with the organisation’s topic-specific policy on and rules for access control.;FAIL;Inline policy cloudguardian-s3-read-only attached to role cloudguardian-web-role allows 'aws-marketplace:Subscribe' on all resources.;arn:aws:iam::735291151388:role/cloudguardian-web-role;iam_inline_policy_no_wildcard_marketplace_subscribe;False;cloudguardian-web-role/cloudguardian-s3-read-only;ISO27001;ISO/IEC 27001 Information Security Management Standard 2022
aws;ISO (the International Organization for Standardization) and IEC (the International Electrotechnical Commission) form the specialized system for worldwide standardization. National bodies that are members of ISO or IEC participate in the development of International Standards through technical committees established by the respective organization to deal with particular fields of technical activity. ISO and IEC technical committees collaborate in fields of mutual interest. Other international organizations, governmental and non-governmental, in liaison with ISO and IEC, also take part in the work.;735291151388;ap-south-1;2026-07-13 17:35:21.078358;A.8.2;Privileged Access Rights;The allocation and use of privileged access rights should be restricted and managed.;A.8 Technological controls;A.8.2;Privileged Access Rights;The allocation and use of privileged access rights should be restricted and managed.;FAIL;Inline policy cloudguardian-s3-read-only attached to role cloudguardian-web-role allows 'aws-marketplace:Subscribe' on all resources.;arn:aws:iam::735291151388:role/cloudguardian-web-role;iam_inline_policy_no_wildcard_marketplace_subscribe;False;cloudguardian-web-role/cloudguardian-s3-read-only;ISO27001;ISO/IEC 27001 Information Security Management Standard 2022
aws;ISO (the International Organization for Standardization) and IEC (the International Electrotechnical Commission) form the specialized system for worldwide standardization. National bodies that are members of ISO or IEC participate in the development of International Standards through technical committees established by the respective organization to deal with particular fields of technical activity. ISO and IEC technical committees collaborate in fields of mutual interest. Other international organizations, governmental and non-governmental, in liaison with ISO and IEC, also take part in the work.;735291151388;ap-south-1;2026-07-13 17:35:21.078358;A.5.15;Access Control;Rules to control physical and logical access to information and other associated assets should be established;A.5 Organizational controls;A.5.15;Access Control;Rules to control physical and logical access to information and other associated assets should be established;PASS;Root account does not have access keys.;arn:aws:iam::735291151388:root;iam_no_root_access_key;False;<root_account>;ISO27001;ISO/IEC 27001 Information Security Management Standard 2022
aws;ISO (the International Organization for Standardization) and IEC (the International Electrotechnical Commission) form the specialized system for worldwide standardization. National bodies that are members of ISO or IEC participate in the development of International Standards through technical committees established by the respective organization to deal with particular fields of technical activity. ISO and IEC technical committees collaborate in fields of mutual interest. Other international organizations, governmental and non-governmental, in liaison with ISO and IEC, also take part in the work.;735291151388;ap-south-1;2026-07-13 17:35:21.078358;A.5.15;Access Control;Rules to control physical and logical access to information and other associated assets should be established;A.5 Organizational controls;A.5.15;Access Control;Rules to control physical and logical access to information and other associated assets should be established;FAIL;Password expiration is not set.;arn:aws:iam:ap-south-1:735291151388:password-policy;iam_password_policy_expires_passwords_within_90_days_or_less;False;735291151388;ISO27001;ISO/IEC 27001 Information Security Management Standard 2022
aws;ISO (the International Organization for Standardization) and IEC (the International Electrotechnical Commission) form the specialized system for worldwide standardization. National bodies that are members of ISO or IEC participate in the development of International Standards through technical committees established by the respective organization to deal with particular fields of technical activity. ISO and IEC technical committees collaborate in fields of mutual interest. Other international organizations, governmental and non-governmental, in liaison with ISO and IEC, also take part in the work.;735291151388;ap-south-1;2026-07-13 17:35:21.078358;A.5.15;Access Control;Rules to control physical and logical access to information and other associated assets should be established;A.5 Organizational controls;A.5.15;Access Control;Rules to control physical and logical access to information and other associated assets should be established;FAIL;IAM password policy does not require at least one lowercase letter.;arn:aws:iam:ap-south-1:735291151388:password-policy;iam_password_policy_lowercase;False;735291151388;ISO27001;ISO/IEC 27001 Information Security Management Standard 2022
aws;ISO (the International Organization for Standardization) and IEC (the International Electrotechnical Commission) form the specialized system for worldwide standardization. National bodies that are members of ISO or IEC participate in the development of International Standards through technical committees established by the respective organization to deal with particular fields of technical activity. ISO and IEC technical committees collaborate in fields of mutual interest. Other international organizations, governmental and non-governmental, in liaison with ISO and IEC, also take part in the work.;735291151388;ap-south-1;2026-07-13 17:35:21.078358;A.5.15;Access Control;Rules to control physical and logical access to information and other associated assets should be established;A.5 Organizational controls;A.5.15;Access Control;Rules to control physical and logical access to information and other associated assets should be established;FAIL;IAM password policy does not require minimum length of 14 characters.;arn:aws:iam:ap-south-1:735291151388:password-policy;iam_password_policy_minimum_length_14;False;735291151388;ISO27001;ISO/IEC 27001 Information Security Management Standard 2022
aws;ISO (the International Organization for Standardization) and IEC (the International Electrotechnical Commission) form the specialized system for worldwide standardization. National bodies that are members of ISO or IEC participate in the development of International Standards through technical committees established by the respective organization to deal with particular fields of technical activity. ISO and IEC technical committees collaborate in fields of mutual interest. Other international organizations, governmental and non-governmental, in liaison with ISO and IEC, also take part in the work.;735291151388;ap-south-1;2026-07-13 17:35:21.078358;A.5.15;Access Control;Rules to control physical and logical access to information and other associated assets should be established;A.5 Organizational controls;A.5.15;Access Control;Rules to control physical and logical access to information and other associated assets should be established;FAIL;IAM password policy does not require at least one number.;arn:aws:iam:ap-south-1:735291151388:password-policy;iam_password_policy_number;False;735291151388;ISO27001;ISO/IEC 27001 Information Security Management Standard 2022
aws;ISO (the International Organization for Standardization) and IEC (the International Electrotechnical Commission) form the specialized system for worldwide standardization. National bodies that are members of ISO or IEC participate in the development of International Standards through technical committees established by the respective organization to deal with particular fields of technical activity. ISO and IEC technical committees collaborate in fields of mutual interest. Other international organizations, governmental and non-governmental, in liaison with ISO and IEC, also take part in the work.;735291151388;ap-south-1;2026-07-13 17:35:21.078358;A.5.15;Access Control;Rules to control physical and logical access to information and other associated assets should be established;A.5 Organizational controls;A.5.15;Access Control;Rules to control physical and logical access to information and other associated assets should be established;FAIL;IAM password policy reuse prevention is less than 24 or not set.;arn:aws:iam:ap-south-1:735291151388:password-policy;iam_password_policy_reuse_24;False;735291151388;ISO27001;ISO/IEC 27001 Information Security Management Standard 2022
aws;ISO (the International Organization for Standardization) and IEC (the International Electrotechnical Commission) form the specialized system for worldwide standardization. National bodies that are members of ISO or IEC participate in the development of International Standards through technical committees established by the respective organization to deal with particular fields of technical activity. ISO and IEC technical committees collaborate in fields of mutual interest. Other international organizations, governmental and non-governmental, in liaison with ISO and IEC, also take part in the work.;735291151388;ap-south-1;2026-07-13 17:35:21.078358;A.5.15;Access Control;Rules to control physical and logical access to information and other associated assets should be established;A.5 Organizational controls;A.5.15;Access Control;Rules to control physical and logical access to information and other associated assets should be established;FAIL;IAM password policy does not require at least one symbol.;arn:aws:iam:ap-south-1:735291151388:password-policy;iam_password_policy_symbol;False;735291151388;ISO27001;ISO/IEC 27001 Information Security Management Standard 2022
aws;ISO (the International Organization for Standardization) and IEC (the International Electrotechnical Commission) form the specialized system for worldwide standardization. National bodies that are members of ISO or IEC participate in the development of International Standards through technical committees established by the respective organization to deal with particular fields of technical activity. ISO and IEC technical committees collaborate in fields of mutual interest. Other international organizations, governmental and non-governmental, in liaison with ISO and IEC, also take part in the work.;735291151388;ap-south-1;2026-07-13 17:35:21.078358;A.5.15;Access Control;Rules to control physical and logical access to information and other associated assets should be established;A.5 Organizational controls;A.5.15;Access Control;Rules to control physical and logical access to information and other associated assets should be established;FAIL;IAM password policy does not require at least one uppercase letter.;arn:aws:iam:ap-south-1:735291151388:password-policy;iam_password_policy_uppercase;False;735291151388;ISO27001;ISO/IEC 27001 Information Security Management Standard 2022
aws;ISO (the International Organization for Standardization) and IEC (the International Electrotechnical Commission) form the specialized system for worldwide standardization. National bodies that are members of ISO or IEC participate in the development of International Standards through technical committees established by the respective organization to deal with particular fields of technical activity. ISO and IEC technical committees collaborate in fields of mutual interest. Other international organizations, governmental and non-governmental, in liaison with ISO and IEC, also take part in the work.;735291151388;ap-south-1;2026-07-13 17:35:21.078358;A.5.15;Access Control;Rules to control physical and logical access to information and other associated assets should be established;A.5 Organizational controls;A.5.15;Access Control;Rules to control physical and logical access to information and other associated assets should be established;PASS;User Alex has no inline or attached policies.;arn:aws:iam::735291151388:user/Alex;iam_policy_attached_only_to_group_or_roles;False;Alex;ISO27001;ISO/IEC 27001 Information Security Management Standard 2022
aws;ISO (the International Organization for Standardization) and IEC (the International Electrotechnical Commission) form the specialized system for worldwide standardization. National bodies that are members of ISO or IEC participate in the development of International Standards through technical committees established by the respective organization to deal with particular fields of technical activity. ISO and IEC technical committees collaborate in fields of mutual interest. Other international organizations, governmental and non-governmental, in liaison with ISO and IEC, also take part in the work.;735291151388;ap-south-1;2026-07-13 17:35:21.078358;A.5.15;Access Control;Rules to control physical and logical access to information and other associated assets should be established;A.5 Organizational controls;A.5.15;Access Control;Rules to control physical and logical access to information and other associated assets should be established;PASS;IAM Role AWSServiceRoleForResourceExplorer accessed Bedrock 0 days ago (threshold: 60 days).;arn:aws:iam::735291151388:role/aws-service-role/resource-explorer-2.amazonaws.com/AWSServiceRoleForResourceExplorer;iam_role_access_not_stale_to_bedrock;False;AWSServiceRoleForResourceExplorer;ISO27001;ISO/IEC 27001 Information Security Management Standard 2022
aws;ISO (the International Organization for Standardization) and IEC (the International Electrotechnical Commission) form the specialized system for worldwide standardization. National bodies that are members of ISO or IEC participate in the development of International Standards through technical committees established by the respective organization to deal with particular fields of technical activity. ISO and IEC technical committees collaborate in fields of mutual interest. Other international organizations, governmental and non-governmental, in liaison with ISO and IEC, also take part in the work.;735291151388;ap-south-1;2026-07-13 17:35:21.078358;A.5.15;Access Control;Rules to control physical and logical access to information and other associated assets should be established;A.5 Organizational controls;A.5.15;Access Control;Rules to control physical and logical access to information and other associated assets should be established;FAIL;IAM Role AWSServiceRoleForSupport has Bedrock permissions but has never used them.;arn:aws:iam::735291151388:role/aws-service-role/support.amazonaws.com/AWSServiceRoleForSupport;iam_role_access_not_stale_to_bedrock;False;AWSServiceRoleForSupport;ISO27001;ISO/IEC 27001 Information Security Management Standard 2022
aws;ISO (the International Organization for Standardization) and IEC (the International Electrotechnical Commission) form the specialized system for worldwide standardization. National bodies that are members of ISO or IEC participate in the development of International Standards through technical committees established by the respective organization to deal with particular fields of technical activity. ISO and IEC technical committees collaborate in fields of mutual interest. Other international organizations, governmental and non-governmental, in liaison with ISO and IEC, also take part in the work.;735291151388;ap-south-1;2026-07-13 17:35:21.078358;A.5.15;Access Control;Rules to control physical and logical access to information and other associated assets should be established;A.5 Organizational controls;A.5.15;Access Control;Rules to control physical and logical access to information and other associated assets should be established;FAIL;IAM Role cloudguardian-web-role has Bedrock permissions but has never used them.;arn:aws:iam::735291151388:role/cloudguardian-web-role;iam_role_access_not_stale_to_bedrock;False;cloudguardian-web-role;ISO27001;ISO/IEC 27001 Information Security Management Standard 2022
aws;ISO (the International Organization for Standardization) and IEC (the International Electrotechnical Commission) form the specialized system for worldwide standardization. National bodies that are members of ISO or IEC participate in the development of International Standards through technical committees established by the respective organization to deal with particular fields of technical activity. ISO and IEC technical committees collaborate in fields of mutual interest. Other international organizations, governmental and non-governmental, in liaison with ISO and IEC, also take part in the work.;735291151388;ap-south-1;2026-07-13 17:35:21.078358;A.5.15;Access Control;Rules to control physical and logical access to information and other associated assets should be established;A.5 Organizational controls;A.5.15;Access Control;Rules to control physical and logical access to information and other associated assets should be established;PASS;MFA is enabled for root account.;arn:aws:iam::735291151388:root;iam_root_mfa_enabled;False;<root_account>;ISO27001;ISO/IEC 27001 Information Security Management Standard 2022
aws;ISO (the International Organization for Standardization) and IEC (the International Electrotechnical Commission) form the specialized system for worldwide standardization. National bodies that are members of ISO or IEC participate in the development of International Standards through technical committees established by the respective organization to deal with particular fields of technical activity. ISO and IEC technical committees collaborate in fields of mutual interest. Other international organizations, governmental and non-governmental, in liaison with ISO and IEC, also take part in the work.;735291151388;ap-south-1;2026-07-13 17:35:21.078358;A.5.17;Authentication Information;Allocation and management of authentication information should be controlled by a management process, including advising personnel on the appropriate handling of authentication information.;A.5 Organizational controls;A.5.17;Authentication Information;Allocation and management of authentication information should be controlled by a management process, including advising personnel on the appropriate handling of authentication information.;PASS;MFA is enabled for root account.;arn:aws:iam::735291151388:root;iam_root_mfa_enabled;False;<root_account>;ISO27001;ISO/IEC 27001 Information Security Management Standard 2022
aws;ISO (the International Organization for Standardization) and IEC (the International Electrotechnical Commission) form the specialized system for worldwide standardization. National bodies that are members of ISO or IEC participate in the development of International Standards through technical committees established by the respective organization to deal with particular fields of technical activity. ISO and IEC technical committees collaborate in fields of mutual interest. Other international organizations, governmental and non-governmental, in liaison with ISO and IEC, also take part in the work.;735291151388;ap-south-1;2026-07-13 17:35:21.078358;A.8.5;Secure Authentication;Secure authentication technologies and procedures should be implemented based on information access restrictions and the topic-specific policy on access control.;A.8 Technological controls;A.8.5;Secure Authentication;Secure authentication technologies and procedures should be implemented based on information access restrictions and the topic-specific policy on access control.;PASS;MFA is enabled for root account.;arn:aws:iam::735291151388:root;iam_root_mfa_enabled;False;<root_account>;ISO27001;ISO/IEC 27001 Information Security Management Standard 2022
aws;ISO (the International Organization for Standardization) and IEC (the International Electrotechnical Commission) form the specialized system for worldwide standardization. National bodies that are members of ISO or IEC participate in the development of International Standards through technical committees established by the respective organization to deal with particular fields of technical activity. ISO and IEC technical committees collaborate in fields of mutual interest. Other international organizations, governmental and non-governmental, in liaison with ISO and IEC, also take part in the work.;735291151388;ap-south-1;2026-07-13 17:35:21.078358;A.5.15;Access Control;Rules to control physical and logical access to information and other associated assets should be established;A.5 Organizational controls;A.5.15;Access Control;Rules to control physical and logical access to information and other associated assets should be established;PASS;User <root_account> does not have access keys.;arn:aws:iam::735291151388:root;iam_rotate_access_key_90_days;False;<root_account>;ISO27001;ISO/IEC 27001 Information Security Management Standard 2022
aws;ISO (the International Organization for Standardization) and IEC (the International Electrotechnical Commission) form the specialized system for worldwide standardization. National bodies that are members of ISO or IEC participate in the development of International Standards through technical committees established by the respective organization to deal with particular fields of technical activity. ISO and IEC technical committees collaborate in fields of mutual interest. Other international organizations, governmental and non-governmental, in liaison with ISO and IEC, also take part in the work.;735291151388;ap-south-1;2026-07-13 17:35:21.078358;A.5.15;Access Control;Rules to control physical and logical access to information and other associated assets should be established;A.5 Organizational controls;A.5.15;Access Control;Rules to control physical and logical access to information and other associated assets should be established;PASS;User Alex does not have access keys older than 90 days.;arn:aws:iam::735291151388:user/Alex;iam_rotate_access_key_90_days;False;Alex;ISO27001;ISO/IEC 27001 Information Security Management Standard 2022
aws;ISO (the International Organization for Standardization) and IEC (the International Electrotechnical Commission) form the specialized system for worldwide standardization. National bodies that are members of ISO or IEC participate in the development of International Standards through technical committees established by the respective organization to deal with particular fields of technical activity. ISO and IEC technical committees collaborate in fields of mutual interest. Other international organizations, governmental and non-governmental, in liaison with ISO and IEC, also take part in the work.;735291151388;ap-south-1;2026-07-13 17:35:21.078358;A.5.3;Segregation of Duties;Conflicting duties and conflicting areas of responsibility should be segregated.;A.5 Organizational controls;A.5.3;Segregation of Duties;Conflicting duties and conflicting areas of responsibility should be segregated.;FAIL;SecurityAudit policy is not attached to any role.;arn:aws:iam::aws:policy/SecurityAudit;iam_securityaudit_role_created;False;SecurityAudit;ISO27001;ISO/IEC 27001 Information Security Management Standard 2022
aws;ISO (the International Organization for Standardization) and IEC (the International Electrotechnical Commission) form the specialized system for worldwide standardization. National bodies that are members of ISO or IEC participate in the development of International Standards through technical committees established by the respective organization to deal with particular fields of technical activity. ISO and IEC technical committees collaborate in fields of mutual interest. Other international organizations, governmental and non-governmental, in liaison with ISO and IEC, also take part in the work.;735291151388;ap-south-1;2026-07-13 17:35:21.078358;A.5.15;Access Control;Rules to control physical and logical access to information and other associated assets should be established;A.5 Organizational controls;A.5.15;Access Control;Rules to control physical and logical access to information and other associated assets should be established;PASS;IAM User Alex accessed Bedrock 0 days ago (threshold: 60 days).;arn:aws:iam::735291151388:user/Alex;iam_user_access_not_stale_to_bedrock;False;Alex;ISO27001;ISO/IEC 27001 Information Security Management Standard 2022
aws;ISO (the International Organization for Standardization) and IEC (the International Electrotechnical Commission) form the specialized system for worldwide standardization. National bodies that are members of ISO or IEC participate in the development of International Standards through technical committees established by the respective organization to deal with particular fields of technical activity. ISO and IEC technical committees collaborate in fields of mutual interest. Other international organizations, governmental and non-governmental, in liaison with ISO and IEC, also take part in the work.;735291151388;ap-south-1;2026-07-13 17:35:21.078358;A.5.15;Access Control;Rules to control physical and logical access to information and other associated assets should be established;A.5 Organizational controls;A.5.15;Access Control;Rules to control physical and logical access to information and other associated assets should be established;PASS;User <root_account> does not have access keys.;arn:aws:iam::735291151388:root;iam_user_accesskey_unused;False;<root_account>;ISO27001;ISO/IEC 27001 Information Security Management Standard 2022
aws;ISO (the International Organization for Standardization) and IEC (the International Electrotechnical Commission) form the specialized system for worldwide standardization. National bodies that are members of ISO or IEC participate in the development of International Standards through technical committees established by the respective organization to deal with particular fields of technical activity. ISO and IEC technical committees collaborate in fields of mutual interest. Other international organizations, governmental and non-governmental, in liaison with ISO and IEC, also take part in the work.;735291151388;ap-south-1;2026-07-13 17:35:21.078358;A.5.15;Access Control;Rules to control physical and logical access to information and other associated assets should be established;A.5 Organizational controls;A.5.15;Access Control;Rules to control physical and logical access to information and other associated assets should be established;PASS;User Alex does not have unused access keys for 45 days.;arn:aws:iam::735291151388:user/Alex;iam_user_accesskey_unused;False;Alex;ISO27001;ISO/IEC 27001 Information Security Management Standard 2022
aws;ISO (the International Organization for Standardization) and IEC (the International Electrotechnical Commission) form the specialized system for worldwide standardization. National bodies that are members of ISO or IEC participate in the development of International Standards through technical committees established by the respective organization to deal with particular fields of technical activity. ISO and IEC technical committees collaborate in fields of mutual interest. Other international organizations, governmental and non-governmental, in liaison with ISO and IEC, also take part in the work.;735291151388;ap-south-1;2026-07-13 17:35:21.078358;A.5.15;Access Control;Rules to control physical and logical access to information and other associated assets should be established;A.5 Organizational controls;A.5.15;Access Control;Rules to control physical and logical access to information and other associated assets should be established;PASS;User Alex does not have console access enabled or is unused.;arn:aws:iam::735291151388:user/Alex;iam_user_console_access_unused;False;Alex;ISO27001;ISO/IEC 27001 Information Security Management Standard 2022
aws;ISO (the International Organization for Standardization) and IEC (the International Electrotechnical Commission) form the specialized system for worldwide standardization. National bodies that are members of ISO or IEC participate in the development of International Standards through technical committees established by the respective organization to deal with particular fields of technical activity. ISO and IEC technical committees collaborate in fields of mutual interest. Other international organizations, governmental and non-governmental, in liaison with ISO and IEC, also take part in the work.;735291151388;ap-south-1;2026-07-13 17:35:21.078358;A.8.5;Secure Authentication;Secure authentication technologies and procedures should be implemented based on information access restrictions and the topic-specific policy on access control.;A.8 Technological controls;A.8.5;Secure Authentication;Secure authentication technologies and procedures should be implemented based on information access restrictions and the topic-specific policy on access control.;FAIL;User Alex does not have any type of MFA enabled.;arn:aws:iam::735291151388:user/Alex;iam_user_hardware_mfa_enabled;False;Alex;ISO27001;ISO/IEC 27001 Information Security Management Standard 2022
aws;ISO (the International Organization for Standardization) and IEC (the International Electrotechnical Commission) form the specialized system for worldwide standardization. National bodies that are members of ISO or IEC participate in the development of International Standards through technical committees established by the respective organization to deal with particular fields of technical activity. ISO and IEC technical committees collaborate in fields of mutual interest. Other international organizations, governmental and non-governmental, in liaison with ISO and IEC, also take part in the work.;735291151388;ap-south-1;2026-07-13 17:35:21.078358;A.5.15;Access Control;Rules to control physical and logical access to information and other associated assets should be established;A.5 Organizational controls;A.5.15;Access Control;Rules to control physical and logical access to information and other associated assets should be established;PASS;User Alex does not have Console Password enabled.;arn:aws:iam::735291151388:user/Alex;iam_user_mfa_enabled_console_access;False;Alex;ISO27001;ISO/IEC 27001 Information Security Management Standard 2022
aws;ISO (the International Organization for Standardization) and IEC (the International Electrotechnical Commission) form the specialized system for worldwide standardization. National bodies that are members of ISO or IEC participate in the development of International Standards through technical committees established by the respective organization to deal with particular fields of technical activity. ISO and IEC technical committees collaborate in fields of mutual interest. Other international organizations, governmental and non-governmental, in liaison with ISO and IEC, also take part in the work.;735291151388;ap-south-1;2026-07-13 17:35:21.078358;A.5.17;Authentication Information;Allocation and management of authentication information should be controlled by a management process, including advising personnel on the appropriate handling of authentication information.;A.5 Organizational controls;A.5.17;Authentication Information;Allocation and management of authentication information should be controlled by a management process, including advising personnel on the appropriate handling of authentication information.;PASS;User Alex does not have Console Password enabled.;arn:aws:iam::735291151388:user/Alex;iam_user_mfa_enabled_console_access;False;Alex;ISO27001;ISO/IEC 27001 Information Security Management Standard 2022
aws;ISO (the International Organization for Standardization) and IEC (the International Electrotechnical Commission) form the specialized system for worldwide standardization. National bodies that are members of ISO or IEC participate in the development of International Standards through technical committees established by the respective organization to deal with particular fields of technical activity. ISO and IEC technical committees collaborate in fields of mutual interest. Other international organizations, governmental and non-governmental, in liaison with ISO and IEC, also take part in the work.;735291151388;ap-south-1;2026-07-13 17:35:21.078358;A.8.5;Secure Authentication;Secure authentication technologies and procedures should be implemented based on information access restrictions and the topic-specific policy on access control.;A.8 Technological controls;A.8.5;Secure Authentication;Secure authentication technologies and procedures should be implemented based on information access restrictions and the topic-specific policy on access control.;PASS;User Alex does not have Console Password enabled.;arn:aws:iam::735291151388:user/Alex;iam_user_mfa_enabled_console_access;False;Alex;ISO27001;ISO/IEC 27001 Information Security Management Standard 2022
aws;ISO (the International Organization for Standardization) and IEC (the International Electrotechnical Commission) form the specialized system for worldwide standardization. National bodies that are members of ISO or IEC participate in the development of International Standards through technical committees established by the respective organization to deal with particular fields of technical activity. ISO and IEC technical committees collaborate in fields of mutual interest. Other international organizations, governmental and non-governmental, in liaison with ISO and IEC, also take part in the work.;735291151388;ap-south-1;2026-07-13 17:35:21.078358;A.8.20;Network Security;Networks and network devices should be secured, managed and controlled to protect information in systems and applications.;A.8 Technological controls;A.8.20;Network Security;Networks and network devices should be secured, managed and controlled to protect information in systems and applications.;FAIL;VPC cloudguardian-vpc does not have Network Firewall enabled.;arn:aws:ec2:ap-south-1:735291151388:vpc/vpc-0984a8becd852763a;networkfirewall_in_all_vpc;False;vpc-0984a8becd852763a;ISO27001;ISO/IEC 27001 Information Security Management Standard 2022
aws;ISO (the International Organization for Standardization) and IEC (the International Electrotechnical Commission) form the specialized system for worldwide standardization. National bodies that are members of ISO or IEC participate in the development of International Standards through technical committees established by the respective organization to deal with particular fields of technical activity. ISO and IEC technical committees collaborate in fields of mutual interest. Other international organizations, governmental and non-governmental, in liaison with ISO and IEC, also take part in the work.;735291151388;ap-south-1;2026-07-13 17:35:21.078358;A.8.21;Security of Network Services;Security mechanisms, service levels and service requirements of network services should be identified, implemented and monitored.;A.8 Technological controls;A.8.21;Security of Network Services;Security mechanisms, service levels and service requirements of network services should be identified, implemented and monitored.;FAIL;VPC cloudguardian-vpc does not have Network Firewall enabled.;arn:aws:ec2:ap-south-1:735291151388:vpc/vpc-0984a8becd852763a;networkfirewall_in_all_vpc;False;vpc-0984a8becd852763a;ISO27001;ISO/IEC 27001 Information Security Management Standard 2022
aws;ISO (the International Organization for Standardization) and IEC (the International Electrotechnical Commission) form the specialized system for worldwide standardization. National bodies that are members of ISO or IEC participate in the development of International Standards through technical committees established by the respective organization to deal with particular fields of technical activity. ISO and IEC technical committees collaborate in fields of mutual interest. Other international organizations, governmental and non-governmental, in liaison with ISO and IEC, also take part in the work.;735291151388;ap-south-1;2026-07-13 17:35:21.078358;A.8.22;Segregation of Networks;Security mechanisms, service levels and service requirements of network services should be identified, implemented and monitored.;A.8 Technological controls;A.8.22;Segregation of Networks;Security mechanisms, service levels and service requirements of network services should be identified, implemented and monitored.;FAIL;VPC cloudguardian-vpc does not have Network Firewall enabled.;arn:aws:ec2:ap-south-1:735291151388:vpc/vpc-0984a8becd852763a;networkfirewall_in_all_vpc;False;vpc-0984a8becd852763a;ISO27001;ISO/IEC 27001 Information Security Management Standard 2022
aws;ISO (the International Organization for Standardization) and IEC (the International Electrotechnical Commission) form the specialized system for worldwide standardization. National bodies that are members of ISO or IEC participate in the development of International Standards through technical committees established by the respective organization to deal with particular fields of technical activity. ISO and IEC technical committees collaborate in fields of mutual interest. Other international organizations, governmental and non-governmental, in liaison with ISO and IEC, also take part in the work.;735291151388;ap-south-1;2026-07-13 17:35:21.078358;A.8.3;Information Access Restriction;Access to information and other associated assets should be restricted in accordance with the established topic-specific policy on access control.;A.8 Technological controls;A.8.3;Information Access Restriction;Access to information and other associated assets should be restricted in accordance with the established topic-specific policy on access control.;FAIL;AWS Organizations is not in-use for this AWS Account.;arn:aws:organizations::735291151388:unknown;organizations_account_part_of_organizations;False;unknown;ISO27001;ISO/IEC 27001 Information Security Management Standard 2022
aws;ISO (the International Organization for Standardization) and IEC (the International Electrotechnical Commission) form the specialized system for worldwide standardization. National bodies that are members of ISO or IEC participate in the development of International Standards through technical committees established by the respective organization to deal with particular fields of technical activity. ISO and IEC technical committees collaborate in fields of mutual interest. Other international organizations, governmental and non-governmental, in liaison with ISO and IEC, also take part in the work.;735291151388;ap-south-1;2026-07-13 17:35:21.078358;A.5.13;Labelling Of Information;An appropriate set of procedures for information labelling should be developed and implemented in accordance with the information classification scheme adopted by the organisation.;A.5 Organizational controls;A.5.13;Labelling Of Information;An appropriate set of procedures for information labelling should be developed and implemented in accordance with the information classification scheme adopted by the organisation.;FAIL;AWS Organizations is not in-use for this AWS Account.;arn:aws:organizations::735291151388:unknown;organizations_tags_policies_enabled_and_attached;False;unknown;ISO27001;ISO/IEC 27001 Information Security Management Standard 2022
aws;ISO (the International Organization for Standardization) and IEC (the International Electrotechnical Commission) form the specialized system for worldwide standardization. National bodies that are members of ISO or IEC participate in the development of International Standards through technical committees established by the respective organization to deal with particular fields of technical activity. ISO and IEC technical committees collaborate in fields of mutual interest. Other international organizations, governmental and non-governmental, in liaison with ISO and IEC, also take part in the work.;735291151388;ap-south-1;2026-07-13 17:35:21.078358;A.8.20;Network Security;Networks and network devices should be secured, managed and controlled to protect information in systems and applications.;A.8 Technological controls;A.8.20;Network Security;Networks and network devices should be secured, managed and controlled to protect information in systems and applications.;PASS;RDS Instance cloudguardian-db is deployed in a VPC vpc-0984a8becd852763a.;arn:aws:rds:ap-south-1:735291151388:db:cloudguardian-db;rds_instance_inside_vpc;False;cloudguardian-db;ISO27001;ISO/IEC 27001 Information Security Management Standard 2022
aws;ISO (the International Organization for Standardization) and IEC (the International Electrotechnical Commission) form the specialized system for worldwide standardization. National bodies that are members of ISO or IEC participate in the development of International Standards through technical committees established by the respective organization to deal with particular fields of technical activity. ISO and IEC technical committees collaborate in fields of mutual interest. Other international organizations, governmental and non-governmental, in liaison with ISO and IEC, also take part in the work.;735291151388;ap-south-1;2026-07-13 17:35:21.078358;A.8.21;Security of Network Services;Security mechanisms, service levels and service requirements of network services should be identified, implemented and monitored.;A.8 Technological controls;A.8.21;Security of Network Services;Security mechanisms, service levels and service requirements of network services should be identified, implemented and monitored.;PASS;RDS Instance cloudguardian-db is deployed in a VPC vpc-0984a8becd852763a.;arn:aws:rds:ap-south-1:735291151388:db:cloudguardian-db;rds_instance_inside_vpc;False;cloudguardian-db;ISO27001;ISO/IEC 27001 Information Security Management Standard 2022
aws;ISO (the International Organization for Standardization) and IEC (the International Electrotechnical Commission) form the specialized system for worldwide standardization. National bodies that are members of ISO or IEC participate in the development of International Standards through technical committees established by the respective organization to deal with particular fields of technical activity. ISO and IEC technical committees collaborate in fields of mutual interest. Other international organizations, governmental and non-governmental, in liaison with ISO and IEC, also take part in the work.;735291151388;ap-south-1;2026-07-13 17:35:21.078358;A.8.22;Segregation of Networks;Security mechanisms, service levels and service requirements of network services should be identified, implemented and monitored.;A.8 Technological controls;A.8.22;Segregation of Networks;Security mechanisms, service levels and service requirements of network services should be identified, implemented and monitored.;PASS;RDS Instance cloudguardian-db is deployed in a VPC vpc-0984a8becd852763a.;arn:aws:rds:ap-south-1:735291151388:db:cloudguardian-db;rds_instance_inside_vpc;False;cloudguardian-db;ISO27001;ISO/IEC 27001 Information Security Management Standard 2022
aws;ISO (the International Organization for Standardization) and IEC (the International Electrotechnical Commission) form the specialized system for worldwide standardization. National bodies that are members of ISO or IEC participate in the development of International Standards through technical committees established by the respective organization to deal with particular fields of technical activity. ISO and IEC technical committees collaborate in fields of mutual interest. Other international organizations, governmental and non-governmental, in liaison with ISO and IEC, also take part in the work.;735291151388;ap-south-1;2026-07-13 17:35:21.078358;A.8.15;Logging;Logs that record activities, exceptions, faults and other relevant events should be produced, stored, protected and analysed.;A.8 Technological controls;A.8.15;Logging;Logs that record activities, exceptions, faults and other relevant events should be produced, stored, protected and analysed.;FAIL;RDS Instance cloudguardian-db does not have CloudWatch Logs enabled.;arn:aws:rds:ap-south-1:735291151388:db:cloudguardian-db;rds_instance_integration_cloudwatch_logs;False;cloudguardian-db;ISO27001;ISO/IEC 27001 Information Security Management Standard 2022
aws;ISO (the International Organization for Standardization) and IEC (the International Electrotechnical Commission) form the specialized system for worldwide standardization. National bodies that are members of ISO or IEC participate in the development of International Standards through technical committees established by the respective organization to deal with particular fields of technical activity. ISO and IEC technical committees collaborate in fields of mutual interest. Other international organizations, governmental and non-governmental, in liaison with ISO and IEC, also take part in the work.;735291151388;ap-south-1;2026-07-13 17:35:21.078358;A.8.14;Redundancy of information processing facilities;Information processing facilities should be implemented with redundancy sufficient to meet availability;A.8 Technological controls;A.8.14;Redundancy of information processing facilities;Information processing facilities should be implemented with redundancy sufficient to meet availability;FAIL;RDS Instance cloudguardian-db does not have multi-AZ enabled.;arn:aws:rds:ap-south-1:735291151388:db:cloudguardian-db;rds_instance_multi_az;False;cloudguardian-db;ISO27001;ISO/IEC 27001 Information Security Management Standard 2022
aws;ISO (the International Organization for Standardization) and IEC (the International Electrotechnical Commission) form the specialized system for worldwide standardization. National bodies that are members of ISO or IEC participate in the development of International Standards through technical committees established by the respective organization to deal with particular fields of technical activity. ISO and IEC technical committees collaborate in fields of mutual interest. Other international organizations, governmental and non-governmental, in liaison with ISO and IEC, also take part in the work.;735291151388;ap-south-1;2026-07-13 17:35:21.078358;A.8.1;User Endpoint Devices;Information stored on, processed by or accessible via user endpoint devices should be protected.;A.8 Technological controls;A.8.1;User Endpoint Devices;Information stored on, processed by or accessible via user endpoint devices should be protected.;FAIL;RDS Instance cloudguardian-db is set as publicly accessible and security group cloudguardian-rds-sg (sg-0652e5b7e75b01aa9) has mysql port 3306 open to the Internet at endpoint cloudguardian-db.cxuyey2k27jg.ap-south-1.rds.amazonaws.com in a public subnet subnet-04b3d8ba16bcd6a49.;arn:aws:rds:ap-south-1:735291151388:db:cloudguardian-db;rds_instance_no_public_access;False;cloudguardian-db;ISO27001;ISO/IEC 27001 Information Security Management Standard 2022
aws;ISO (the International Organization for Standardization) and IEC (the International Electrotechnical Commission) form the specialized system for worldwide standardization. National bodies that are members of ISO or IEC participate in the development of International Standards through technical committees established by the respective organization to deal with particular fields of technical activity. ISO and IEC technical committees collaborate in fields of mutual interest. Other international organizations, governmental and non-governmental, in liaison with ISO and IEC, also take part in the work.;735291151388;ap-south-1;2026-07-13 17:35:21.078358;A.8.11;Data Masking;Data masking should be used in accordance with the organisation’s topic-specific policy on access control and other related topic-specific policies, and business requirements, taking applicable legislation into consideration.;A.8 Technological controls;A.8.11;Data Masking;Data masking should be used in accordance with the organisation’s topic-specific policy on access control and other related topic-specific policies, and business requirements, taking applicable legislation into consideration.;FAIL;RDS Instance cloudguardian-db is not encrypted.;arn:aws:rds:ap-south-1:735291151388:db:cloudguardian-db;rds_instance_storage_encrypted;False;cloudguardian-db;ISO27001;ISO/IEC 27001 Information Security Management Standard 2022
aws;ISO (the International Organization for Standardization) and IEC (the International Electrotechnical Commission) form the specialized system for worldwide standardization. National bodies that are members of ISO or IEC participate in the development of International Standards through technical committees established by the respective organization to deal with particular fields of technical activity. ISO and IEC technical committees collaborate in fields of mutual interest. Other international organizations, governmental and non-governmental, in liaison with ISO and IEC, also take part in the work.;735291151388;ap-south-1;2026-07-13 17:35:21.078358;A.8.24;Use of Cryptography;Rules for the effective use of cryptography, including cryptographic key management, should be defined and implemented.;A.8 Technological controls;A.8.24;Use of Cryptography;Rules for the effective use of cryptography, including cryptographic key management, should be defined and implemented.;FAIL;RDS Instance cloudguardian-db is not encrypted.;arn:aws:rds:ap-south-1:735291151388:db:cloudguardian-db;rds_instance_storage_encrypted;False;cloudguardian-db;ISO27001;ISO/IEC 27001 Information Security Management Standard 2022
aws;ISO (the International Organization for Standardization) and IEC (the International Electrotechnical Commission) form the specialized system for worldwide standardization. National bodies that are members of ISO or IEC participate in the development of International Standards through technical committees established by the respective organization to deal with particular fields of technical activity. ISO and IEC technical committees collaborate in fields of mutual interest. Other international organizations, governmental and non-governmental, in liaison with ISO and IEC, also take part in the work.;735291151388;ap-south-1;2026-07-13 17:35:21.078358;A.8.24;Use of Cryptography;Rules for the effective use of cryptography, including cryptographic key management, should be defined and implemented.;A.8 Technological controls;A.8.24;Use of Cryptography;Rules for the effective use of cryptography, including cryptographic key management, should be defined and implemented.;FAIL;RDS Instance cloudguardian-db connections are not encrypted.;arn:aws:rds:ap-south-1:735291151388:db:cloudguardian-db;rds_instance_transport_encrypted;False;cloudguardian-db;ISO27001;ISO/IEC 27001 Information Security Management Standard 2022
aws;ISO (the International Organization for Standardization) and IEC (the International Electrotechnical Commission) form the specialized system for worldwide standardization. National bodies that are members of ISO or IEC participate in the development of International Standards through technical committees established by the respective organization to deal with particular fields of technical activity. ISO and IEC technical committees collaborate in fields of mutual interest. Other international organizations, governmental and non-governmental, in liaison with ISO and IEC, also take part in the work.;735291151388;ap-south-1;2026-07-13 17:35:21.078358;A.8.1;User Endpoint Devices;Information stored on, processed by or accessible via user endpoint devices should be protected.;A.8 Technological controls;A.8.1;User Endpoint Devices;Information stored on, processed by or accessible via user endpoint devices should be protected.;FAIL;Block Public Access is not configured for the account 735291151388.;arn:aws:s3:ap-south-1:735291151388:account;s3_account_level_public_access_blocks;False;735291151388;ISO27001;ISO/IEC 27001 Information Security Management Standard 2022
aws;ISO (the International Organization for Standardization) and IEC (the International Electrotechnical Commission) form the specialized system for worldwide standardization. National bodies that are members of ISO or IEC participate in the development of International Standards through technical committees established by the respective organization to deal with particular fields of technical activity. ISO and IEC technical committees collaborate in fields of mutual interest. Other international organizations, governmental and non-governmental, in liaison with ISO and IEC, also take part in the work.;735291151388;ap-south-1;2026-07-13 17:35:21.078358;A.8.14;Redundancy of information processing facilities;Information processing facilities should be implemented with redundancy sufficient to meet availability;A.8 Technological controls;A.8.14;Redundancy of information processing facilities;Information processing facilities should be implemented with redundancy sufficient to meet availability;FAIL;S3 Bucket cloudguardian-data-dd2b6927 does not have correct cross region replication configuration.;arn:aws:s3:::cloudguardian-data-dd2b6927;s3_bucket_cross_region_replication;False;cloudguardian-data-dd2b6927;ISO27001;ISO/IEC 27001 Information Security Management Standard 2022
aws;ISO (the International Organization for Standardization) and IEC (the International Electrotechnical Commission) form the specialized system for worldwide standardization. National bodies that are members of ISO or IEC participate in the development of International Standards through technical committees established by the respective organization to deal with particular fields of technical activity. ISO and IEC technical committees collaborate in fields of mutual interest. Other international organizations, governmental and non-governmental, in liaison with ISO and IEC, also take part in the work.;735291151388;ap-south-1;2026-07-13 17:35:21.078358;A.8.11;Data Masking;Data masking should be used in accordance with the organisation’s topic-specific policy on access control and other related topic-specific policies, and business requirements, taking applicable legislation into consideration.;A.8 Technological controls;A.8.11;Data Masking;Data masking should be used in accordance with the organisation’s topic-specific policy on access control and other related topic-specific policies, and business requirements, taking applicable legislation into consideration.;PASS;S3 Bucket cloudguardian-data-dd2b6927 has Server Side Encryption with AES256.;arn:aws:s3:::cloudguardian-data-dd2b6927;s3_bucket_default_encryption;False;cloudguardian-data-dd2b6927;ISO27001;ISO/IEC 27001 Information Security Management Standard 2022
aws;ISO (the International Organization for Standardization) and IEC (the International Electrotechnical Commission) form the specialized system for worldwide standardization. National bodies that are members of ISO or IEC participate in the development of International Standards through technical committees established by the respective organization to deal with particular fields of technical activity. ISO and IEC technical committees collaborate in fields of mutual interest. Other international organizations, governmental and non-governmental, in liaison with ISO and IEC, also take part in the work.;735291151388;ap-south-1;2026-07-13 17:35:21.078358;A.8.24;Use of Cryptography;Rules for the effective use of cryptography, including cryptographic key management, should be defined and implemented.;A.8 Technological controls;A.8.24;Use of Cryptography;Rules for the effective use of cryptography, including cryptographic key management, should be defined and implemented.;PASS;S3 Bucket cloudguardian-data-dd2b6927 has Server Side Encryption with AES256.;arn:aws:s3:::cloudguardian-data-dd2b6927;s3_bucket_default_encryption;False;cloudguardian-data-dd2b6927;ISO27001;ISO/IEC 27001 Information Security Management Standard 2022
aws;ISO (the International Organization for Standardization) and IEC (the International Electrotechnical Commission) form the specialized system for worldwide standardization. National bodies that are members of ISO or IEC participate in the development of International Standards through technical committees established by the respective organization to deal with particular fields of technical activity. ISO and IEC technical committees collaborate in fields of mutual interest. Other international organizations, governmental and non-governmental, in liaison with ISO and IEC, also take part in the work.;735291151388;ap-south-1;2026-07-13 17:35:21.078358;A.8.11;Data Masking;Data masking should be used in accordance with the organisation’s topic-specific policy on access control and other related topic-specific policies, and business requirements, taking applicable legislation into consideration.;A.8 Technological controls;A.8.11;Data Masking;Data masking should be used in accordance with the organisation’s topic-specific policy on access control and other related topic-specific policies, and business requirements, taking applicable legislation into consideration.;FAIL;Server Side Encryption is not configured with kms for S3 Bucket cloudguardian-data-dd2b6927.;arn:aws:s3:::cloudguardian-data-dd2b6927;s3_bucket_kms_encryption;False;cloudguardian-data-dd2b6927;ISO27001;ISO/IEC 27001 Information Security Management Standard 2022
aws;ISO (the International Organization for Standardization) and IEC (the International Electrotechnical Commission) form the specialized system for worldwide standardization. National bodies that are members of ISO or IEC participate in the development of International Standards through technical committees established by the respective organization to deal with particular fields of technical activity. ISO and IEC technical committees collaborate in fields of mutual interest. Other international organizations, governmental and non-governmental, in liaison with ISO and IEC, also take part in the work.;735291151388;ap-south-1;2026-07-13 17:35:21.078358;A.8.24;Use of Cryptography;Rules for the effective use of cryptography, including cryptographic key management, should be defined and implemented.;A.8 Technological controls;A.8.24;Use of Cryptography;Rules for the effective use of cryptography, including cryptographic key management, should be defined and implemented.;FAIL;Server Side Encryption is not configured with kms for S3 Bucket cloudguardian-data-dd2b6927.;arn:aws:s3:::cloudguardian-data-dd2b6927;s3_bucket_kms_encryption;False;cloudguardian-data-dd2b6927;ISO27001;ISO/IEC 27001 Information Security Management Standard 2022
aws;ISO (the International Organization for Standardization) and IEC (the International Electrotechnical Commission) form the specialized system for worldwide standardization. National bodies that are members of ISO or IEC participate in the development of International Standards through technical committees established by the respective organization to deal with particular fields of technical activity. ISO and IEC technical committees collaborate in fields of mutual interest. Other international organizations, governmental and non-governmental, in liaison with ISO and IEC, also take part in the work.;735291151388;ap-south-1;2026-07-13 17:35:21.078358;A.8.10;Information Deletion;Information stored in information systems, devices or in any other storage media should be deleted when no longer required.;A.8 Technological controls;A.8.10;Information Deletion;Information stored in information systems, devices or in any other storage media should be deleted when no longer required.;FAIL;S3 Bucket cloudguardian-data-dd2b6927 does not have a lifecycle configuration enabled.;arn:aws:s3:::cloudguardian-data-dd2b6927;s3_bucket_lifecycle_enabled;False;cloudguardian-data-dd2b6927;ISO27001;ISO/IEC 27001 Information Security Management Standard 2022
aws;ISO (the International Organization for Standardization) and IEC (the International Electrotechnical Commission) form the specialized system for worldwide standardization. National bodies that are members of ISO or IEC participate in the development of International Standards through technical committees established by the respective organization to deal with particular fields of technical activity. ISO and IEC technical committees collaborate in fields of mutual interest. Other international organizations, governmental and non-governmental, in liaison with ISO and IEC, also take part in the work.;735291151388;ap-south-1;2026-07-13 17:35:21.078358;A.8.3;Information Access Restriction;Access to information and other associated assets should be restricted in accordance with the established topic-specific policy on access control.;A.8 Technological controls;A.8.3;Information Access Restriction;Access to information and other associated assets should be restricted in accordance with the established topic-specific policy on access control.;FAIL;S3 Bucket cloudguardian-data-dd2b6927 has versioning disabled.;arn:aws:s3:::cloudguardian-data-dd2b6927;s3_bucket_object_versioning;False;cloudguardian-data-dd2b6927;ISO27001;ISO/IEC 27001 Information Security Management Standard 2022
aws;ISO (the International Organization for Standardization) and IEC (the International Electrotechnical Commission) form the specialized system for worldwide standardization. National bodies that are members of ISO or IEC participate in the development of International Standards through technical committees established by the respective organization to deal with particular fields of technical activity. ISO and IEC technical committees collaborate in fields of mutual interest. Other international organizations, governmental and non-governmental, in liaison with ISO and IEC, also take part in the work.;735291151388;ap-south-1;2026-07-13 17:35:21.078358;A.8.10;Information Deletion;Information stored in information systems, devices or in any other storage media should be deleted when no longer required.;A.8 Technological controls;A.8.10;Information Deletion;Information stored in information systems, devices or in any other storage media should be deleted when no longer required.;FAIL;S3 Bucket cloudguardian-data-dd2b6927 has versioning disabled.;arn:aws:s3:::cloudguardian-data-dd2b6927;s3_bucket_object_versioning;False;cloudguardian-data-dd2b6927;ISO27001;ISO/IEC 27001 Information Security Management Standard 2022
aws;ISO (the International Organization for Standardization) and IEC (the International Electrotechnical Commission) form the specialized system for worldwide standardization. National bodies that are members of ISO or IEC participate in the development of International Standards through technical committees established by the respective organization to deal with particular fields of technical activity. ISO and IEC technical committees collaborate in fields of mutual interest. Other international organizations, governmental and non-governmental, in liaison with ISO and IEC, also take part in the work.;735291151388;ap-south-1;2026-07-13 17:35:21.078358;A.8.1;User Endpoint Devices;Information stored on, processed by or accessible via user endpoint devices should be protected.;A.8 Technological controls;A.8.1;User Endpoint Devices;Information stored on, processed by or accessible via user endpoint devices should be protected.;PASS;S3 public access blocked at bucket level for cloudguardian-data-dd2b6927.;arn:aws:s3:::cloudguardian-data-dd2b6927;s3_bucket_policy_public_write_access;False;cloudguardian-data-dd2b6927;ISO27001;ISO/IEC 27001 Information Security Management Standard 2022
aws;ISO (the International Organization for Standardization) and IEC (the International Electrotechnical Commission) form the specialized system for worldwide standardization. National bodies that are members of ISO or IEC participate in the development of International Standards through technical committees established by the respective organization to deal with particular fields of technical activity. ISO and IEC technical committees collaborate in fields of mutual interest. Other international organizations, governmental and non-governmental, in liaison with ISO and IEC, also take part in the work.;735291151388;ap-south-1;2026-07-13 17:35:21.078358;A.8.1;User Endpoint Devices;Information stored on, processed by or accessible via user endpoint devices should be protected.;A.8 Technological controls;A.8.1;User Endpoint Devices;Information stored on, processed by or accessible via user endpoint devices should be protected.;PASS;S3 Bucket cloudguardian-data-dd2b6927 is not public.;arn:aws:s3:::cloudguardian-data-dd2b6927;s3_bucket_public_access;False;cloudguardian-data-dd2b6927;ISO27001;ISO/IEC 27001 Information Security Management Standard 2022
aws;ISO (the International Organization for Standardization) and IEC (the International Electrotechnical Commission) form the specialized system for worldwide standardization. National bodies that are members of ISO or IEC participate in the development of International Standards through technical committees established by the respective organization to deal with particular fields of technical activity. ISO and IEC technical committees collaborate in fields of mutual interest. Other international organizations, governmental and non-governmental, in liaison with ISO and IEC, also take part in the work.;735291151388;ap-south-1;2026-07-13 17:35:21.078358;A.8.15;Logging;Logs that record activities, exceptions, faults and other relevant events should be produced, stored, protected and analysed.;A.8 Technological controls;A.8.15;Logging;Logs that record activities, exceptions, faults and other relevant events should be produced, stored, protected and analysed.;FAIL;S3 Bucket cloudguardian-data-dd2b6927 has server access logging disabled.;arn:aws:s3:::cloudguardian-data-dd2b6927;s3_bucket_server_access_logging_enabled;False;cloudguardian-data-dd2b6927;ISO27001;ISO/IEC 27001 Information Security Management Standard 2022
aws;ISO (the International Organization for Standardization) and IEC (the International Electrotechnical Commission) form the specialized system for worldwide standardization. National bodies that are members of ISO or IEC participate in the development of International Standards through technical committees established by the respective organization to deal with particular fields of technical activity. ISO and IEC technical committees collaborate in fields of mutual interest. Other international organizations, governmental and non-governmental, in liaison with ISO and IEC, also take part in the work.;735291151388;ap-south-1;2026-07-13 17:35:21.078358;A.8.20;Network Security;Networks and network devices should be secured, managed and controlled to protect information in systems and applications.;A.8 Technological controls;A.8.20;Network Security;Networks and network devices should be secured, managed and controlled to protect information in systems and applications.;FAIL;VPCs found only in one region.;arn:aws:ec2:ap-south-1:735291151388:vpc;vpc_different_regions;False;735291151388;ISO27001;ISO/IEC 27001 Information Security Management Standard 2022
aws;ISO (the International Organization for Standardization) and IEC (the International Electrotechnical Commission) form the specialized system for worldwide standardization. National bodies that are members of ISO or IEC participate in the development of International Standards through technical committees established by the respective organization to deal with particular fields of technical activity. ISO and IEC technical committees collaborate in fields of mutual interest. Other international organizations, governmental and non-governmental, in liaison with ISO and IEC, also take part in the work.;735291151388;ap-south-1;2026-07-13 17:35:21.078358;A.8.21;Security of Network Services;Security mechanisms, service levels and service requirements of network services should be identified, implemented and monitored.;A.8 Technological controls;A.8.21;Security of Network Services;Security mechanisms, service levels and service requirements of network services should be identified, implemented and monitored.;FAIL;VPCs found only in one region.;arn:aws:ec2:ap-south-1:735291151388:vpc;vpc_different_regions;False;735291151388;ISO27001;ISO/IEC 27001 Information Security Management Standard 2022
aws;ISO (the International Organization for Standardization) and IEC (the International Electrotechnical Commission) form the specialized system for worldwide standardization. National bodies that are members of ISO or IEC participate in the development of International Standards through technical committees established by the respective organization to deal with particular fields of technical activity. ISO and IEC technical committees collaborate in fields of mutual interest. Other international organizations, governmental and non-governmental, in liaison with ISO and IEC, also take part in the work.;735291151388;ap-south-1;2026-07-13 17:35:21.078358;A.8.22;Segregation of Networks;Security mechanisms, service levels and service requirements of network services should be identified, implemented and monitored.;A.8 Technological controls;A.8.22;Segregation of Networks;Security mechanisms, service levels and service requirements of network services should be identified, implemented and monitored.;FAIL;VPCs found only in one region.;arn:aws:ec2:ap-south-1:735291151388:vpc;vpc_different_regions;False;735291151388;ISO27001;ISO/IEC 27001 Information Security Management Standard 2022
aws;ISO (the International Organization for Standardization) and IEC (the International Electrotechnical Commission) form the specialized system for worldwide standardization. National bodies that are members of ISO or IEC participate in the development of International Standards through technical committees established by the respective organization to deal with particular fields of technical activity. ISO and IEC technical committees collaborate in fields of mutual interest. Other international organizations, governmental and non-governmental, in liaison with ISO and IEC, also take part in the work.;735291151388;ap-south-1;2026-07-13 17:35:21.078358;A.8.20;Network Security;Networks and network devices should be secured, managed and controlled to protect information in systems and applications.;A.8 Technological controls;A.8.20;Network Security;Networks and network devices should be secured, managed and controlled to protect information in systems and applications.;FAIL;VPC vpc-0984a8becd852763a has no EC2 endpoint.;arn:aws:ec2:ap-south-1:735291151388:vpc/vpc-0984a8becd852763a;vpc_endpoint_for_ec2_enabled;False;vpc-0984a8becd852763a;ISO27001;ISO/IEC 27001 Information Security Management Standard 2022
aws;ISO (the International Organization for Standardization) and IEC (the International Electrotechnical Commission) form the specialized system for worldwide standardization. National bodies that are members of ISO or IEC participate in the development of International Standards through technical committees established by the respective organization to deal with particular fields of technical activity. ISO and IEC technical committees collaborate in fields of mutual interest. Other international organizations, governmental and non-governmental, in liaison with ISO and IEC, also take part in the work.;735291151388;ap-south-1;2026-07-13 17:35:21.078358;A.8.21;Security of Network Services;Security mechanisms, service levels and service requirements of network services should be identified, implemented and monitored.;A.8 Technological controls;A.8.21;Security of Network Services;Security mechanisms, service levels and service requirements of network services should be identified, implemented and monitored.;FAIL;VPC vpc-0984a8becd852763a has no EC2 endpoint.;arn:aws:ec2:ap-south-1:735291151388:vpc/vpc-0984a8becd852763a;vpc_endpoint_for_ec2_enabled;False;vpc-0984a8becd852763a;ISO27001;ISO/IEC 27001 Information Security Management Standard 2022
aws;ISO (the International Organization for Standardization) and IEC (the International Electrotechnical Commission) form the specialized system for worldwide standardization. National bodies that are members of ISO or IEC participate in the development of International Standards through technical committees established by the respective organization to deal with particular fields of technical activity. ISO and IEC technical committees collaborate in fields of mutual interest. Other international organizations, governmental and non-governmental, in liaison with ISO and IEC, also take part in the work.;735291151388;ap-south-1;2026-07-13 17:35:21.078358;A.8.22;Segregation of Networks;Security mechanisms, service levels and service requirements of network services should be identified, implemented and monitored.;A.8 Technological controls;A.8.22;Segregation of Networks;Security mechanisms, service levels and service requirements of network services should be identified, implemented and monitored.;FAIL;VPC vpc-0984a8becd852763a has no EC2 endpoint.;arn:aws:ec2:ap-south-1:735291151388:vpc/vpc-0984a8becd852763a;vpc_endpoint_for_ec2_enabled;False;vpc-0984a8becd852763a;ISO27001;ISO/IEC 27001 Information Security Management Standard 2022
aws;ISO (the International Organization for Standardization) and IEC (the International Electrotechnical Commission) form the specialized system for worldwide standardization. National bodies that are members of ISO or IEC participate in the development of International Standards through technical committees established by the respective organization to deal with particular fields of technical activity. ISO and IEC technical committees collaborate in fields of mutual interest. Other international organizations, governmental and non-governmental, in liaison with ISO and IEC, also take part in the work.;735291151388;ap-south-1;2026-07-13 17:35:21.078358;A.8.15;Logging;Logs that record activities, exceptions, faults and other relevant events should be produced, stored, protected and analysed.;A.8 Technological controls;A.8.15;Logging;Logs that record activities, exceptions, faults and other relevant events should be produced, stored, protected and analysed.;FAIL;VPC cloudguardian-vpc Flow logs are disabled.;arn:aws:ec2:ap-south-1:735291151388:vpc/vpc-0984a8becd852763a;vpc_flow_logs_enabled;False;vpc-0984a8becd852763a;ISO27001;ISO/IEC 27001 Information Security Management Standard 2022
aws;ISO (the International Organization for Standardization) and IEC (the International Electrotechnical Commission) form the specialized system for worldwide standardization. National bodies that are members of ISO or IEC participate in the development of International Standards through technical committees established by the respective organization to deal with particular fields of technical activity. ISO and IEC technical committees collaborate in fields of mutual interest. Other international organizations, governmental and non-governmental, in liaison with ISO and IEC, also take part in the work.;735291151388;ap-south-1;2026-07-13 17:35:21.078358;A.8.16;Monitoring Activities;Networks, systems and applications should be monitored for anomalous behaviour and appropriate actions taken to evaluate potential information security incidents.;A.8 Technological controls;A.8.16;Monitoring Activities;Networks, systems and applications should be monitored for anomalous behaviour and appropriate actions taken to evaluate potential information security incidents.;FAIL;VPC cloudguardian-vpc Flow logs are disabled.;arn:aws:ec2:ap-south-1:735291151388:vpc/vpc-0984a8becd852763a;vpc_flow_logs_enabled;False;vpc-0984a8becd852763a;ISO27001;ISO/IEC 27001 Information Security Management Standard 2022
aws;ISO (the International Organization for Standardization) and IEC (the International Electrotechnical Commission) form the specialized system for worldwide standardization. National bodies that are members of ISO or IEC participate in the development of International Standards through technical committees established by the respective organization to deal with particular fields of technical activity. ISO and IEC technical committees collaborate in fields of mutual interest. Other international organizations, governmental and non-governmental, in liaison with ISO and IEC, also take part in the work.;735291151388;ap-south-1;2026-07-13 17:35:21.078358;A.8.20;Network Security;Networks and network devices should be secured, managed and controlled to protect information in systems and applications.;A.8 Technological controls;A.8.20;Network Security;Networks and network devices should be secured, managed and controlled to protect information in systems and applications.;FAIL;VPC cloudguardian-vpc Flow logs are disabled.;arn:aws:ec2:ap-south-1:735291151388:vpc/vpc-0984a8becd852763a;vpc_flow_logs_enabled;False;vpc-0984a8becd852763a;ISO27001;ISO/IEC 27001 Information Security Management Standard 2022
aws;ISO (the International Organization for Standardization) and IEC (the International Electrotechnical Commission) form the specialized system for worldwide standardization. National bodies that are members of ISO or IEC participate in the development of International Standards through technical committees established by the respective organization to deal with particular fields of technical activity. ISO and IEC technical committees collaborate in fields of mutual interest. Other international organizations, governmental and non-governmental, in liaison with ISO and IEC, also take part in the work.;735291151388;ap-south-1;2026-07-13 17:35:21.078358;A.8.21;Security of Network Services;Security mechanisms, service levels and service requirements of network services should be identified, implemented and monitored.;A.8 Technological controls;A.8.21;Security of Network Services;Security mechanisms, service levels and service requirements of network services should be identified, implemented and monitored.;FAIL;VPC cloudguardian-vpc Flow logs are disabled.;arn:aws:ec2:ap-south-1:735291151388:vpc/vpc-0984a8becd852763a;vpc_flow_logs_enabled;False;vpc-0984a8becd852763a;ISO27001;ISO/IEC 27001 Information Security Management Standard 2022
aws;ISO (the International Organization for Standardization) and IEC (the International Electrotechnical Commission) form the specialized system for worldwide standardization. National bodies that are members of ISO or IEC participate in the development of International Standards through technical committees established by the respective organization to deal with particular fields of technical activity. ISO and IEC technical committees collaborate in fields of mutual interest. Other international organizations, governmental and non-governmental, in liaison with ISO and IEC, also take part in the work.;735291151388;ap-south-1;2026-07-13 17:35:21.078358;A.8.22;Segregation of Networks;Security mechanisms, service levels and service requirements of network services should be identified, implemented and monitored.;A.8 Technological controls;A.8.22;Segregation of Networks;Security mechanisms, service levels and service requirements of network services should be identified, implemented and monitored.;FAIL;VPC cloudguardian-vpc Flow logs are disabled.;arn:aws:ec2:ap-south-1:735291151388:vpc/vpc-0984a8becd852763a;vpc_flow_logs_enabled;False;vpc-0984a8becd852763a;ISO27001;ISO/IEC 27001 Information Security Management Standard 2022
aws;ISO (the International Organization for Standardization) and IEC (the International Electrotechnical Commission) form the specialized system for worldwide standardization. National bodies that are members of ISO or IEC participate in the development of International Standards through technical committees established by the respective organization to deal with particular fields of technical activity. ISO and IEC technical committees collaborate in fields of mutual interest. Other international organizations, governmental and non-governmental, in liaison with ISO and IEC, also take part in the work.;735291151388;ap-south-1;2026-07-13 17:35:21.078358;A.8.23;Web Filtering;Access to external websites should be managed to reduce exposure to malicious content.;A.8 Technological controls;A.8.23;Web Filtering;Access to external websites should be managed to reduce exposure to malicious content.;FAIL;VPC cloudguardian-vpc Flow logs are disabled.;arn:aws:ec2:ap-south-1:735291151388:vpc/vpc-0984a8becd852763a;vpc_flow_logs_enabled;False;vpc-0984a8becd852763a;ISO27001;ISO/IEC 27001 Information Security Management Standard 2022
aws;ISO (the International Organization for Standardization) and IEC (the International Electrotechnical Commission) form the specialized system for worldwide standardization. National bodies that are members of ISO or IEC participate in the development of International Standards through technical committees established by the respective organization to deal with particular fields of technical activity. ISO and IEC technical committees collaborate in fields of mutual interest. Other international organizations, governmental and non-governmental, in liaison with ISO and IEC, also take part in the work.;735291151388;ap-south-1;2026-07-13 17:35:21.078358;A.8.14;Redundancy of information processing facilities;Information processing facilities should be implemented with redundancy sufficient to meet availability;A.8 Technological controls;A.8.14;Redundancy of information processing facilities;Information processing facilities should be implemented with redundancy sufficient to meet availability;PASS;VPC cloudguardian-vpc has subnets in more than one availability zone.;arn:aws:ec2:ap-south-1:735291151388:vpc/vpc-0984a8becd852763a;vpc_subnet_different_az;False;vpc-0984a8becd852763a;ISO27001;ISO/IEC 27001 Information Security Management Standard 2022
aws;ISO (the International Organization for Standardization) and IEC (the International Electrotechnical Commission) form the specialized system for worldwide standardization. National bodies that are members of ISO or IEC participate in the development of International Standards through technical committees established by the respective organization to deal with particular fields of technical activity. ISO and IEC technical committees collaborate in fields of mutual interest. Other international organizations, governmental and non-governmental, in liaison with ISO and IEC, also take part in the work.;735291151388;ap-south-1;2026-07-13 17:35:21.078358;A.8.20;Network Security;Networks and network devices should be secured, managed and controlled to protect information in systems and applications.;A.8 Technological controls;A.8.20;Network Security;Networks and network devices should be secured, managed and controlled to protect information in systems and applications.;PASS;VPC cloudguardian-vpc has subnets in more than one availability zone.;arn:aws:ec2:ap-south-1:735291151388:vpc/vpc-0984a8becd852763a;vpc_subnet_different_az;False;vpc-0984a8becd852763a;ISO27001;ISO/IEC 27001 Information Security Management Standard 2022
aws;ISO (the International Organization for Standardization) and IEC (the International Electrotechnical Commission) form the specialized system for worldwide standardization. National bodies that are members of ISO or IEC participate in the development of International Standards through technical committees established by the respective organization to deal with particular fields of technical activity. ISO and IEC technical committees collaborate in fields of mutual interest. Other international organizations, governmental and non-governmental, in liaison with ISO and IEC, also take part in the work.;735291151388;ap-south-1;2026-07-13 17:35:21.078358;A.8.21;Security of Network Services;Security mechanisms, service levels and service requirements of network services should be identified, implemented and monitored.;A.8 Technological controls;A.8.21;Security of Network Services;Security mechanisms, service levels and service requirements of network services should be identified, implemented and monitored.;PASS;VPC cloudguardian-vpc has subnets in more than one availability zone.;arn:aws:ec2:ap-south-1:735291151388:vpc/vpc-0984a8becd852763a;vpc_subnet_different_az;False;vpc-0984a8becd852763a;ISO27001;ISO/IEC 27001 Information Security Management Standard 2022
aws;ISO (the International Organization for Standardization) and IEC (the International Electrotechnical Commission) form the specialized system for worldwide standardization. National bodies that are members of ISO or IEC participate in the development of International Standards through technical committees established by the respective organization to deal with particular fields of technical activity. ISO and IEC technical committees collaborate in fields of mutual interest. Other international organizations, governmental and non-governmental, in liaison with ISO and IEC, also take part in the work.;735291151388;ap-south-1;2026-07-13 17:35:21.078358;A.8.22;Segregation of Networks;Security mechanisms, service levels and service requirements of network services should be identified, implemented and monitored.;A.8 Technological controls;A.8.22;Segregation of Networks;Security mechanisms, service levels and service requirements of network services should be identified, implemented and monitored.;PASS;VPC cloudguardian-vpc has subnets in more than one availability zone.;arn:aws:ec2:ap-south-1:735291151388:vpc/vpc-0984a8becd852763a;vpc_subnet_different_az;False;vpc-0984a8becd852763a;ISO27001;ISO/IEC 27001 Information Security Management Standard 2022
aws;ISO (the International Organization for Standardization) and IEC (the International Electrotechnical Commission) form the specialized system for worldwide standardization. National bodies that are members of ISO or IEC participate in the development of International Standards through technical committees established by the respective organization to deal with particular fields of technical activity. ISO and IEC technical committees collaborate in fields of mutual interest. Other international organizations, governmental and non-governmental, in liaison with ISO and IEC, also take part in the work.;735291151388;ap-south-1;2026-07-13 17:35:21.078358;A.8.20;Network Security;Networks and network devices should be secured, managed and controlled to protect information in systems and applications.;A.8 Technological controls;A.8.20;Network Security;Networks and network devices should be secured, managed and controlled to protect information in systems and applications.;FAIL;VPC subnet cloudguardian-public assigns public IP by default.;arn:aws:ec2:ap-south-1:735291151388:subnet/subnet-065b4c67cbd638d69;vpc_subnet_no_public_ip_by_default;False;subnet-065b4c67cbd638d69;ISO27001;ISO/IEC 27001 Information Security Management Standard 2022
aws;ISO (the International Organization for Standardization) and IEC (the International Electrotechnical Commission) form the specialized system for worldwide standardization. National bodies that are members of ISO or IEC participate in the development of International Standards through technical committees established by the respective organization to deal with particular fields of technical activity. ISO and IEC technical committees collaborate in fields of mutual interest. Other international organizations, governmental and non-governmental, in liaison with ISO and IEC, also take part in the work.;735291151388;ap-south-1;2026-07-13 17:35:21.078358;A.8.21;Security of Network Services;Security mechanisms, service levels and service requirements of network services should be identified, implemented and monitored.;A.8 Technological controls;A.8.21;Security of Network Services;Security mechanisms, service levels and service requirements of network services should be identified, implemented and monitored.;FAIL;VPC subnet cloudguardian-public assigns public IP by default.;arn:aws:ec2:ap-south-1:735291151388:subnet/subnet-065b4c67cbd638d69;vpc_subnet_no_public_ip_by_default;False;subnet-065b4c67cbd638d69;ISO27001;ISO/IEC 27001 Information Security Management Standard 2022
aws;ISO (the International Organization for Standardization) and IEC (the International Electrotechnical Commission) form the specialized system for worldwide standardization. National bodies that are members of ISO or IEC participate in the development of International Standards through technical committees established by the respective organization to deal with particular fields of technical activity. ISO and IEC technical committees collaborate in fields of mutual interest. Other international organizations, governmental and non-governmental, in liaison with ISO and IEC, also take part in the work.;735291151388;ap-south-1;2026-07-13 17:35:21.078358;A.8.22;Segregation of Networks;Security mechanisms, service levels and service requirements of network services should be identified, implemented and monitored.;A.8 Technological controls;A.8.22;Segregation of Networks;Security mechanisms, service levels and service requirements of network services should be identified, implemented and monitored.;FAIL;VPC subnet cloudguardian-public assigns public IP by default.;arn:aws:ec2:ap-south-1:735291151388:subnet/subnet-065b4c67cbd638d69;vpc_subnet_no_public_ip_by_default;False;subnet-065b4c67cbd638d69;ISO27001;ISO/IEC 27001 Information Security Management Standard 2022
aws;ISO (the International Organization for Standardization) and IEC (the International Electrotechnical Commission) form the specialized system for worldwide standardization. National bodies that are members of ISO or IEC participate in the development of International Standards through technical committees established by the respective organization to deal with particular fields of technical activity. ISO and IEC technical committees collaborate in fields of mutual interest. Other international organizations, governmental and non-governmental, in liaison with ISO and IEC, also take part in the work.;735291151388;ap-south-1;2026-07-13 17:35:21.078358;A.8.20;Network Security;Networks and network devices should be secured, managed and controlled to protect information in systems and applications.;A.8 Technological controls;A.8.20;Network Security;Networks and network devices should be secured, managed and controlled to protect information in systems and applications.;FAIL;VPC cloudguardian-vpc has only public subnets.;arn:aws:ec2:ap-south-1:735291151388:vpc/vpc-0984a8becd852763a;vpc_subnet_separate_private_public;False;vpc-0984a8becd852763a;ISO27001;ISO/IEC 27001 Information Security Management Standard 2022
aws;ISO (the International Organization for Standardization) and IEC (the International Electrotechnical Commission) form the specialized system for worldwide standardization. National bodies that are members of ISO or IEC participate in the development of International Standards through technical committees established by the respective organization to deal with particular fields of technical activity. ISO and IEC technical committees collaborate in fields of mutual interest. Other international organizations, governmental and non-governmental, in liaison with ISO and IEC, also take part in the work.;735291151388;ap-south-1;2026-07-13 17:35:21.078358;A.8.21;Security of Network Services;Security mechanisms, service levels and service requirements of network services should be identified, implemented and monitored.;A.8 Technological controls;A.8.21;Security of Network Services;Security mechanisms, service levels and service requirements of network services should be identified, implemented and monitored.;FAIL;VPC cloudguardian-vpc has only public subnets.;arn:aws:ec2:ap-south-1:735291151388:vpc/vpc-0984a8becd852763a;vpc_subnet_separate_private_public;False;vpc-0984a8becd852763a;ISO27001;ISO/IEC 27001 Information Security Management Standard 2022
aws;ISO (the International Organization for Standardization) and IEC (the International Electrotechnical Commission) form the specialized system for worldwide standardization. National bodies that are members of ISO or IEC participate in the development of International Standards through technical committees established by the respective organization to deal with particular fields of technical activity. ISO and IEC technical committees collaborate in fields of mutual interest. Other international organizations, governmental and non-governmental, in liaison with ISO and IEC, also take part in the work.;735291151388;ap-south-1;2026-07-13 17:35:21.078358;A.8.22;Segregation of Networks;Security mechanisms, service levels and service requirements of network services should be identified, implemented and monitored.;A.8 Technological controls;A.8.22;Segregation of Networks;Security mechanisms, service levels and service requirements of network services should be identified, implemented and monitored.;FAIL;VPC cloudguardian-vpc has only public subnets.;arn:aws:ec2:ap-south-1:735291151388:vpc/vpc-0984a8becd852763a;vpc_subnet_separate_private_public;False;vpc-0984a8becd852763a;ISO27001;ISO/IEC 27001 Information Security Management Standard 2022
aws;ISO (the International Organization for Standardization) and IEC (the International Electrotechnical Commission) form the specialized system for worldwide standardization. National bodies that are members of ISO or IEC participate in the development of International Standards through technical committees established by the respective organization to deal with particular fields of technical activity. ISO and IEC technical committees collaborate in fields of mutual interest. Other international organizations, governmental and non-governmental, in liaison with ISO and IEC, also take part in the work.;;;2026-07-13 17:35:21.078358;A.5.2;Roles and Responsibilities;Information security roles and responsibilities should be defined and allocated according to the organisation needs.;A.5 Organizational controls;A.5.2;Roles and Responsibilities;Information security roles and responsibilities should be defined and allocated according to the organisation needs.;MANUAL;Manual check;manual_check;manual;False;Manual check;ISO27001;ISO/IEC 27001 Information Security Management Standard 2022
aws;ISO (the International Organization for Standardization) and IEC (the International Electrotechnical Commission) form the specialized system for worldwide standardization. National bodies that are members of ISO or IEC participate in the development of International Standards through technical committees established by the respective organization to deal with particular fields of technical activity. ISO and IEC technical committees collaborate in fields of mutual interest. Other international organizations, governmental and non-governmental, in liaison with ISO and IEC, also take part in the work.;;;2026-07-13 17:35:21.078358;A.5.4;Management Responsibilities;Management should require all personnel to apply information security in accordance with the established information security policy, topic-specific policies and procedures of the organization.;A.5 Organizational controls;A.5.4;Management Responsibilities;Management should require all personnel to apply information security in accordance with the established information security policy, topic-specific policies and procedures of the organization.;MANUAL;Manual check;manual_check;manual;False;Manual check;ISO27001;ISO/IEC 27001 Information Security Management Standard 2022
aws;ISO (the International Organization for Standardization) and IEC (the International Electrotechnical Commission) form the specialized system for worldwide standardization. National bodies that are members of ISO or IEC participate in the development of International Standards through technical committees established by the respective organization to deal with particular fields of technical activity. ISO and IEC technical committees collaborate in fields of mutual interest. Other international organizations, governmental and non-governmental, in liaison with ISO and IEC, also take part in the work.;;;2026-07-13 17:35:21.078358;A.5.8;Information Security In Project Management;Information security should be integrated into project management.;A.5 Organizational controls;A.5.8;Information Security In Project Management;Information security should be integrated into project management.;MANUAL;Manual check;manual_check;manual;False;Manual check;ISO27001;ISO/IEC 27001 Information Security Management Standard 2022
aws;ISO (the International Organization for Standardization) and IEC (the International Electrotechnical Commission) form the specialized system for worldwide standardization. National bodies that are members of ISO or IEC participate in the development of International Standards through technical committees established by the respective organization to deal with particular fields of technical activity. ISO and IEC technical committees collaborate in fields of mutual interest. Other international organizations, governmental and non-governmental, in liaison with ISO and IEC, also take part in the work.;;;2026-07-13 17:35:21.078358;A.5.9;Inventory Of Information And Other Associated Assets;An inventory of information and other associated assets, including owners, should be developed and maintained.;A.5 Organizational controls;A.5.9;Inventory Of Information And Other Associated Assets;An inventory of information and other associated assets, including owners, should be developed and maintained.;MANUAL;Manual check;manual_check;manual;False;Manual check;ISO27001;ISO/IEC 27001 Information Security Management Standard 2022
aws;ISO (the International Organization for Standardization) and IEC (the International Electrotechnical Commission) form the specialized system for worldwide standardization. National bodies that are members of ISO or IEC participate in the development of International Standards through technical committees established by the respective organization to deal with particular fields of technical activity. ISO and IEC technical committees collaborate in fields of mutual interest. Other international organizations, governmental and non-governmental, in liaison with ISO and IEC, also take part in the work.;;;2026-07-13 17:35:21.078358;A.5.10;Acceptable Use Of Information And Other Associated Assets;Rules for the acceptable use and procedures for handling information and other associated assets should be identified, documented and implemented.;A.5 Organizational controls;A.5.10;Acceptable Use Of Information And Other Associated Assets;Rules for the acceptable use and procedures for handling information and other associated assets should be identified, documented and implemented.;MANUAL;Manual check;manual_check;manual;False;Manual check;ISO27001;ISO/IEC 27001 Information Security Management Standard 2022
aws;ISO (the International Organization for Standardization) and IEC (the International Electrotechnical Commission) form the specialized system for worldwide standardization. National bodies that are members of ISO or IEC participate in the development of International Standards through technical committees established by the respective organization to deal with particular fields of technical activity. ISO and IEC technical committees collaborate in fields of mutual interest. Other international organizations, governmental and non-governmental, in liaison with ISO and IEC, also take part in the work.;;;2026-07-13 17:35:21.078358;A.5.11;Return Of Assets;Personnel and other interested parties as appropriate should return all the organisation’s assets in their possession upon change or termination of their employment, contract or agreement.;A.5 Organizational controls;A.5.11;Return Of Assets;Personnel and other interested parties as appropriate should return all the organisation’s assets in their possession upon change or termination of their employment, contract or agreement.;MANUAL;Manual check;manual_check;manual;False;Manual check;ISO27001;ISO/IEC 27001 Information Security Management Standard 2022
aws;ISO (the International Organization for Standardization) and IEC (the International Electrotechnical Commission) form the specialized system for worldwide standardization. National bodies that are members of ISO or IEC participate in the development of International Standards through technical committees established by the respective organization to deal with particular fields of technical activity. ISO and IEC technical committees collaborate in fields of mutual interest. Other international organizations, governmental and non-governmental, in liaison with ISO and IEC, also take part in the work.;;;2026-07-13 17:35:21.078358;A.5.12;Classification Of Information;Information should be classified according to the information security needs of the organisation based on confidentiality, integrity, availability and relevant interested party requirements.;A.5 Organizational controls;A.5.12;Classification Of Information;Information should be classified according to the information security needs of the organisation based on confidentiality, integrity, availability and relevant interested party requirements.;MANUAL;Manual check;manual_check;manual;False;Manual check;ISO27001;ISO/IEC 27001 Information Security Management Standard 2022
aws;ISO (the International Organization for Standardization) and IEC (the International Electrotechnical Commission) form the specialized system for worldwide standardization. National bodies that are members of ISO or IEC participate in the development of International Standards through technical committees established by the respective organization to deal with particular fields of technical activity. ISO and IEC technical committees collaborate in fields of mutual interest. Other international organizations, governmental and non-governmental, in liaison with ISO and IEC, also take part in the work.;;;2026-07-13 17:35:21.078358;A.5.14;Information Transfer;Information transfer rules, procedures, or agreements should be in place for all types of transfer facilities within the organisation and between the organisation and other parties.;A.5 Organizational controls;A.5.14;Information Transfer;Information transfer rules, procedures, or agreements should be in place for all types of transfer facilities within the organisation and between the organisation and other parties.;MANUAL;Manual check;manual_check;manual;False;Manual check;ISO27001;ISO/IEC 27001 Information Security Management Standard 2022
aws;ISO (the International Organization for Standardization) and IEC (the International Electrotechnical Commission) form the specialized system for worldwide standardization. National bodies that are members of ISO or IEC participate in the development of International Standards through technical committees established by the respective organization to deal with particular fields of technical activity. ISO and IEC technical committees collaborate in fields of mutual interest. Other international organizations, governmental and non-governmental, in liaison with ISO and IEC, also take part in the work.;;;2026-07-13 17:35:21.078358;A.5.20;Addressing Information Security Within Supplier Agreements;Relevant information security requirements should be established and agreed with each supplier based on the type of supplier relationship.;A.5 Organizational controls;A.5.20;Addressing Information Security Within Supplier Agreements;Relevant information security requirements should be established and agreed with each supplier based on the type of supplier relationship.;MANUAL;Manual check;manual_check;manual;False;Manual check;ISO27001;ISO/IEC 27001 Information Security Management Standard 2022
aws;ISO (the International Organization for Standardization) and IEC (the International Electrotechnical Commission) form the specialized system for worldwide standardization. National bodies that are members of ISO or IEC participate in the development of International Standards through technical committees established by the respective organization to deal with particular fields of technical activity. ISO and IEC technical committees collaborate in fields of mutual interest. Other international organizations, governmental and non-governmental, in liaison with ISO and IEC, also take part in the work.;;;2026-07-13 17:35:21.078358;A.5.23;Information Security For Use Of Cloud Services;Processes for acquisition, use, management and exit from cloud services should be established in accordance with the organisation’s information security requirements.;A.5 Organizational controls;A.5.23;Information Security For Use Of Cloud Services;Processes for acquisition, use, management and exit from cloud services should be established in accordance with the organisation’s information security requirements.;MANUAL;Manual check;manual_check;manual;False;Manual check;ISO27001;ISO/IEC 27001 Information Security Management Standard 2022
aws;ISO (the International Organization for Standardization) and IEC (the International Electrotechnical Commission) form the specialized system for worldwide standardization. National bodies that are members of ISO or IEC participate in the development of International Standards through technical committees established by the respective organization to deal with particular fields of technical activity. ISO and IEC technical committees collaborate in fields of mutual interest. Other international organizations, governmental and non-governmental, in liaison with ISO and IEC, also take part in the work.;;;2026-07-13 17:35:21.078358;A.5.24;Information Security Incident Management Planning and Preparation;The organization should plan and prepare for managing information security incidents by defining, establishing and communicating information security incident management processes, roles and responsibilities.;A.5 Organizational controls;A.5.24;Information Security Incident Management Planning and Preparation;The organization should plan and prepare for managing information security incidents by defining, establishing and communicating information security incident management processes, roles and responsibilities.;MANUAL;Manual check;manual_check;manual;False;Manual check;ISO27001;ISO/IEC 27001 Information Security Management Standard 2022
aws;ISO (the International Organization for Standardization) and IEC (the International Electrotechnical Commission) form the specialized system for worldwide standardization. National bodies that are members of ISO or IEC participate in the development of International Standards through technical committees established by the respective organization to deal with particular fields of technical activity. ISO and IEC technical committees collaborate in fields of mutual interest. Other international organizations, governmental and non-governmental, in liaison with ISO and IEC, also take part in the work.;;;2026-07-13 17:35:21.078358;A.5.27;Learning From Information Security Incidents;Knowledge gained from information security incidents should be used to strengthen and improve the information security controls.;A.5 Organizational controls;A.5.27;Learning From Information Security Incidents;Knowledge gained from information security incidents should be used to strengthen and improve the information security controls.;MANUAL;Manual check;manual_check;manual;False;Manual check;ISO27001;ISO/IEC 27001 Information Security Management Standard 2022
aws;ISO (the International Organization for Standardization) and IEC (the International Electrotechnical Commission) form the specialized system for worldwide standardization. National bodies that are members of ISO or IEC participate in the development of International Standards through technical committees established by the respective organization to deal with particular fields of technical activity. ISO and IEC technical committees collaborate in fields of mutual interest. Other international organizations, governmental and non-governmental, in liaison with ISO and IEC, also take part in the work.;;;2026-07-13 17:35:21.078358;A.5.30;Readiness For Business Continuity;ICT readiness should be planned, implemented, maintained and tested based on business continuity objectives and ICT continuity requirements. ;A.5 Organizational controls;A.5.30;Readiness For Business Continuity;ICT readiness should be planned, implemented, maintained and tested based on business continuity objectives and ICT continuity requirements. ;MANUAL;Manual check;manual_check;manual;False;Manual check;ISO27001;ISO/IEC 27001 Information Security Management Standard 2022
aws;ISO (the International Organization for Standardization) and IEC (the International Electrotechnical Commission) form the specialized system for worldwide standardization. National bodies that are members of ISO or IEC participate in the development of International Standards through technical committees established by the respective organization to deal with particular fields of technical activity. ISO and IEC technical committees collaborate in fields of mutual interest. Other international organizations, governmental and non-governmental, in liaison with ISO and IEC, also take part in the work.;;;2026-07-13 17:35:21.078358;A.5.31;Legal, statutory, regulatory and contractual requirements;Legal, statutory, regulatory and contractual requirements relevant to information security and the organisations approach to meet these requirements should be identified, documented and kept up to date. ;A.5 Organizational controls;A.5.31;Legal, statutory, regulatory and contractual requirements;Legal, statutory, regulatory and contractual requirements relevant to information security and the organisations approach to meet these requirements should be identified, documented and kept up to date. ;MANUAL;Manual check;manual_check;manual;False;Manual check;ISO27001;ISO/IEC 27001 Information Security Management Standard 2022
aws;ISO (the International Organization for Standardization) and IEC (the International Electrotechnical Commission) form the specialized system for worldwide standardization. National bodies that are members of ISO or IEC participate in the development of International Standards through technical committees established by the respective organization to deal with particular fields of technical activity. ISO and IEC technical committees collaborate in fields of mutual interest. Other international organizations, governmental and non-governmental, in liaison with ISO and IEC, also take part in the work.;;;2026-07-13 17:35:21.078358;A.5.32;Intellectual Property Rights;The organisation should implement appropriate procedures to protect intellectual property rights.  ;A.5 Organizational controls;A.5.32;Intellectual Property Rights;The organisation should implement appropriate procedures to protect intellectual property rights.  ;MANUAL;Manual check;manual_check;manual;False;Manual check;ISO27001;ISO/IEC 27001 Information Security Management Standard 2022
aws;ISO (the International Organization for Standardization) and IEC (the International Electrotechnical Commission) form the specialized system for worldwide standardization. National bodies that are members of ISO or IEC participate in the development of International Standards through technical committees established by the respective organization to deal with particular fields of technical activity. ISO and IEC technical committees collaborate in fields of mutual interest. Other international organizations, governmental and non-governmental, in liaison with ISO and IEC, also take part in the work.;;;2026-07-13 17:35:21.078358;A.5.33;Protection Of Records;Records should be protected from loss, destruction, falsification, unauthorised access and unauthorised release.;A.5 Organizational controls;A.5.33;Protection Of Records;Records should be protected from loss, destruction, falsification, unauthorised access and unauthorised release.;MANUAL;Manual check;manual_check;manual;False;Manual check;ISO27001;ISO/IEC 27001 Information Security Management Standard 2022
aws;ISO (the International Organization for Standardization) and IEC (the International Electrotechnical Commission) form the specialized system for worldwide standardization. National bodies that are members of ISO or IEC participate in the development of International Standards through technical committees established by the respective organization to deal with particular fields of technical activity. ISO and IEC technical committees collaborate in fields of mutual interest. Other international organizations, governmental and non-governmental, in liaison with ISO and IEC, also take part in the work.;;;2026-07-13 17:35:21.078358;A.5.34;Privacy And Protection Of PII;The organisation should identify and meet the requirements regarding the preservation of privacy and protection of PII according to applicable laws and regulations and contractual requirements.;A.5 Organizational controls;A.5.34;Privacy And Protection Of PII;The organisation should identify and meet the requirements regarding the preservation of privacy and protection of PII according to applicable laws and regulations and contractual requirements.;MANUAL;Manual check;manual_check;manual;False;Manual check;ISO27001;ISO/IEC 27001 Information Security Management Standard 2022
aws;ISO (the International Organization for Standardization) and IEC (the International Electrotechnical Commission) form the specialized system for worldwide standardization. National bodies that are members of ISO or IEC participate in the development of International Standards through technical committees established by the respective organization to deal with particular fields of technical activity. ISO and IEC technical committees collaborate in fields of mutual interest. Other international organizations, governmental and non-governmental, in liaison with ISO and IEC, also take part in the work.;;;2026-07-13 17:35:21.078358;A.5.35;Independent Review Of Information Security;The organisations approach to managing information security and its implementation including people, processes and technologies should be reviewed independently at planned intervals, or when significant changes occur. ;A.5 Organizational controls;A.5.35;Independent Review Of Information Security;The organisations approach to managing information security and its implementation including people, processes and technologies should be reviewed independently at planned intervals, or when significant changes occur. ;MANUAL;Manual check;manual_check;manual;False;Manual check;ISO27001;ISO/IEC 27001 Information Security Management Standard 2022
aws;ISO (the International Organization for Standardization) and IEC (the International Electrotechnical Commission) form the specialized system for worldwide standardization. National bodies that are members of ISO or IEC participate in the development of International Standards through technical committees established by the respective organization to deal with particular fields of technical activity. ISO and IEC technical committees collaborate in fields of mutual interest. Other international organizations, governmental and non-governmental, in liaison with ISO and IEC, also take part in the work.;;;2026-07-13 17:35:21.078358;A.5.36;Compliance With Policies, Rules And Standards For Information Security;Compliance with the organisations information security policy, topic-specific policies, rules and standards should be regularly reviewed. ;A.5 Organizational controls;A.5.36;Compliance With Policies, Rules And Standards For Information Security;Compliance with the organisations information security policy, topic-specific policies, rules and standards should be regularly reviewed. ;MANUAL;Manual check;manual_check;manual;False;Manual check;ISO27001;ISO/IEC 27001 Information Security Management Standard 2022
aws;ISO (the International Organization for Standardization) and IEC (the International Electrotechnical Commission) form the specialized system for worldwide standardization. National bodies that are members of ISO or IEC participate in the development of International Standards through technical committees established by the respective organization to deal with particular fields of technical activity. ISO and IEC technical committees collaborate in fields of mutual interest. Other international organizations, governmental and non-governmental, in liaison with ISO and IEC, also take part in the work.;;;2026-07-13 17:35:21.078358;A.5.37;Documented Operating Procedures;Operating procedures for information processing facilities should be documented and made available to personnel who need them. ;A.5 Organizational controls;A.5.37;Documented Operating Procedures;Operating procedures for information processing facilities should be documented and made available to personnel who need them. ;MANUAL;Manual check;manual_check;manual;False;Manual check;ISO27001;ISO/IEC 27001 Information Security Management Standard 2022
aws;ISO (the International Organization for Standardization) and IEC (the International Electrotechnical Commission) form the specialized system for worldwide standardization. National bodies that are members of ISO or IEC participate in the development of International Standards through technical committees established by the respective organization to deal with particular fields of technical activity. ISO and IEC technical committees collaborate in fields of mutual interest. Other international organizations, governmental and non-governmental, in liaison with ISO and IEC, also take part in the work.;;;2026-07-13 17:35:21.078358;A.6.1;Screening;Background verification checks on all candidates to become personnel should be carried out prior to joining the organisation and on an ongoing basis taking into consideration applicable laws, regulations and ethics and be proportional to the business requirements, the classification of the information to be accessed and the perceived risks. ;A.6 People controls;A.6.1;Screening;Background verification checks on all candidates to become personnel should be carried out prior to joining the organisation and on an ongoing basis taking into consideration applicable laws, regulations and ethics and be proportional to the business requirements, the classification of the information to be accessed and the perceived risks. ;MANUAL;Manual check;manual_check;manual;False;Manual check;ISO27001;ISO/IEC 27001 Information Security Management Standard 2022
aws;ISO (the International Organization for Standardization) and IEC (the International Electrotechnical Commission) form the specialized system for worldwide standardization. National bodies that are members of ISO or IEC participate in the development of International Standards through technical committees established by the respective organization to deal with particular fields of technical activity. ISO and IEC technical committees collaborate in fields of mutual interest. Other international organizations, governmental and non-governmental, in liaison with ISO and IEC, also take part in the work.;;;2026-07-13 17:35:21.078358;A.6.2;Terms and Conditions Of Employment;The employment contractual agreements should state the personnel’s and the organisations responsibilities for information security. ;A.6 People controls;A.6.2;Terms and Conditions Of Employment;The employment contractual agreements should state the personnel’s and the organisations responsibilities for information security. ;MANUAL;Manual check;manual_check;manual;False;Manual check;ISO27001;ISO/IEC 27001 Information Security Management Standard 2022
aws;ISO (the International Organization for Standardization) and IEC (the International Electrotechnical Commission) form the specialized system for worldwide standardization. National bodies that are members of ISO or IEC participate in the development of International Standards through technical committees established by the respective organization to deal with particular fields of technical activity. ISO and IEC technical committees collaborate in fields of mutual interest. Other international organizations, governmental and non-governmental, in liaison with ISO and IEC, also take part in the work.;;;2026-07-13 17:35:21.078358;A.6.3;Information Security Awareness, Education And Training;Personnel of the organisation and relevant interested parties should receive appropriate information security awareness, education and training and regular updates of the organisations information security policy, topic-specific policies and procedures, as relevant for their job function.;A.6 People controls;A.6.3;Information Security Awareness, Education And Training;Personnel of the organisation and relevant interested parties should receive appropriate information security awareness, education and training and regular updates of the organisations information security policy, topic-specific policies and procedures, as relevant for their job function.;MANUAL;Manual check;manual_check;manual;False;Manual check;ISO27001;ISO/IEC 27001 Information Security Management Standard 2022
aws;ISO (the International Organization for Standardization) and IEC (the International Electrotechnical Commission) form the specialized system for worldwide standardization. National bodies that are members of ISO or IEC participate in the development of International Standards through technical committees established by the respective organization to deal with particular fields of technical activity. ISO and IEC technical committees collaborate in fields of mutual interest. Other international organizations, governmental and non-governmental, in liaison with ISO and IEC, also take part in the work.;;;2026-07-13 17:35:21.078358;A.6.4;Disciplinary Process;A disciplinary process should be formalised and communicated to take actions against personnel and other relevant interested parties who have committed an information security policy violation.;A.6 People controls;A.6.4;Disciplinary Process;A disciplinary process should be formalised and communicated to take actions against personnel and other relevant interested parties who have committed an information security policy violation.;MANUAL;Manual check;manual_check;manual;False;Manual check;ISO27001;ISO/IEC 27001 Information Security Management Standard 2022
aws;ISO (the International Organization for Standardization) and IEC (the International Electrotechnical Commission) form the specialized system for worldwide standardization. National bodies that are members of ISO or IEC participate in the development of International Standards through technical committees established by the respective organization to deal with particular fields of technical activity. ISO and IEC technical committees collaborate in fields of mutual interest. Other international organizations, governmental and non-governmental, in liaison with ISO and IEC, also take part in the work.;;;2026-07-13 17:35:21.078358;A.6.5;Responsibilities After Termination Or Change Of Employment;Information security responsibilities and duties that remain valid after termination or change of employment should be defined, enforced and communicated to relevant personnel and other interested parties.;A.6 People controls;A.6.5;Responsibilities After Termination Or Change Of Employment;Information security responsibilities and duties that remain valid after termination or change of employment should be defined, enforced and communicated to relevant personnel and other interested parties.;MANUAL;Manual check;manual_check;manual;False;Manual check;ISO27001;ISO/IEC 27001 Information Security Management Standard 2022
aws;ISO (the International Organization for Standardization) and IEC (the International Electrotechnical Commission) form the specialized system for worldwide standardization. National bodies that are members of ISO or IEC participate in the development of International Standards through technical committees established by the respective organization to deal with particular fields of technical activity. ISO and IEC technical committees collaborate in fields of mutual interest. Other international organizations, governmental and non-governmental, in liaison with ISO and IEC, also take part in the work.;;;2026-07-13 17:35:21.078358;A.6.6;Confidentiality Or Non-Disclosure Agreements;Confidentiality or non-disclosure agreements reflecting the organisation’s needs for the protection of information should be identified, documented, regularly reviewed and signed by personnel and other relevant interested parties.;A.6 People controls;A.6.6;Confidentiality Or Non-Disclosure Agreements;Confidentiality or non-disclosure agreements reflecting the organisation’s needs for the protection of information should be identified, documented, regularly reviewed and signed by personnel and other relevant interested parties.;MANUAL;Manual check;manual_check;manual;False;Manual check;ISO27001;ISO/IEC 27001 Information Security Management Standard 2022
aws;ISO (the International Organization for Standardization) and IEC (the International Electrotechnical Commission) form the specialized system for worldwide standardization. National bodies that are members of ISO or IEC participate in the development of International Standards through technical committees established by the respective organization to deal with particular fields of technical activity. ISO and IEC technical committees collaborate in fields of mutual interest. Other international organizations, governmental and non-governmental, in liaison with ISO and IEC, also take part in the work.;;;2026-07-13 17:35:21.078358;A.6.7;Remote Working;Security measures should be implemented when personnel are working remotely to protect information accessed, processed or stored outside the organisation’s premises.;A.6 People controls;A.6.7;Remote Working;Security measures should be implemented when personnel are working remotely to protect information accessed, processed or stored outside the organisation’s premises.;MANUAL;Manual check;manual_check;manual;False;Manual check;ISO27001;ISO/IEC 27001 Information Security Management Standard 2022
aws;ISO (the International Organization for Standardization) and IEC (the International Electrotechnical Commission) form the specialized system for worldwide standardization. National bodies that are members of ISO or IEC participate in the development of International Standards through technical committees established by the respective organization to deal with particular fields of technical activity. ISO and IEC technical committees collaborate in fields of mutual interest. Other international organizations, governmental and non-governmental, in liaison with ISO and IEC, also take part in the work.;;;2026-07-13 17:35:21.078358;A.6.8;Information Security Event Reporting;The organisation should provide a mechanism for personnel to report observed or suspected information security events through appropriate channels in a timely manner.;A.6 People controls;A.6.8;Information Security Event Reporting;The organisation should provide a mechanism for personnel to report observed or suspected information security events through appropriate channels in a timely manner.;MANUAL;Manual check;manual_check;manual;False;Manual check;ISO27001;ISO/IEC 27001 Information Security Management Standard 2022
aws;ISO (the International Organization for Standardization) and IEC (the International Electrotechnical Commission) form the specialized system for worldwide standardization. National bodies that are members of ISO or IEC participate in the development of International Standards through technical committees established by the respective organization to deal with particular fields of technical activity. ISO and IEC technical committees collaborate in fields of mutual interest. Other international organizations, governmental and non-governmental, in liaison with ISO and IEC, also take part in the work.;;;2026-07-13 17:35:21.078358;A.7.1;Physical Security Perimeters;To prevent unauthorised physical access, damage and interference to the organisations information and other associated assets.;A.7 Physical controls;A.7.1;Physical Security Perimeters;To prevent unauthorised physical access, damage and interference to the organisations information and other associated assets.;MANUAL;Manual check;manual_check;manual;False;Manual check;ISO27001;ISO/IEC 27001 Information Security Management Standard 2022
aws;ISO (the International Organization for Standardization) and IEC (the International Electrotechnical Commission) form the specialized system for worldwide standardization. National bodies that are members of ISO or IEC participate in the development of International Standards through technical committees established by the respective organization to deal with particular fields of technical activity. ISO and IEC technical committees collaborate in fields of mutual interest. Other international organizations, governmental and non-governmental, in liaison with ISO and IEC, also take part in the work.;;;2026-07-13 17:35:21.078358;A.7.2;Physical Entry;Secure areas should be protected by appropriate entry controls and access points.;A.7 Physical controls;A.7.2;Physical Entry;Secure areas should be protected by appropriate entry controls and access points.;MANUAL;Manual check;manual_check;manual;False;Manual check;ISO27001;ISO/IEC 27001 Information Security Management Standard 2022
aws;ISO (the International Organization for Standardization) and IEC (the International Electrotechnical Commission) form the specialized system for worldwide standardization. National bodies that are members of ISO or IEC participate in the development of International Standards through technical committees established by the respective organization to deal with particular fields of technical activity. ISO and IEC technical committees collaborate in fields of mutual interest. Other international organizations, governmental and non-governmental, in liaison with ISO and IEC, also take part in the work.;;;2026-07-13 17:35:21.078358;A.7.3;Securing Offices, Rooms And Facilities;Physical security for offices, rooms and facilities should be designed and implemented.;A.7 Physical controls;A.7.3;Securing Offices, Rooms And Facilities;Physical security for offices, rooms and facilities should be designed and implemented.;MANUAL;Manual check;manual_check;manual;False;Manual check;ISO27001;ISO/IEC 27001 Information Security Management Standard 2022
aws;ISO (the International Organization for Standardization) and IEC (the International Electrotechnical Commission) form the specialized system for worldwide standardization. National bodies that are members of ISO or IEC participate in the development of International Standards through technical committees established by the respective organization to deal with particular fields of technical activity. ISO and IEC technical committees collaborate in fields of mutual interest. Other international organizations, governmental and non-governmental, in liaison with ISO and IEC, also take part in the work.;;;2026-07-13 17:35:21.078358;A.7.4;Physical Security Monitoring;Premises should be continuously monitored for unauthorised physical access.;A.7 Physical controls;A.7.4;Physical Security Monitoring;Premises should be continuously monitored for unauthorised physical access.;MANUAL;Manual check;manual_check;manual;False;Manual check;ISO27001;ISO/IEC 27001 Information Security Management Standard 2022
aws;ISO (the International Organization for Standardization) and IEC (the International Electrotechnical Commission) form the specialized system for worldwide standardization. National bodies that are members of ISO or IEC participate in the development of International Standards through technical committees established by the respective organization to deal with particular fields of technical activity. ISO and IEC technical committees collaborate in fields of mutual interest. Other international organizations, governmental and non-governmental, in liaison with ISO and IEC, also take part in the work.;;;2026-07-13 17:35:21.078358;A.7.5;Protecting Against Physical and Environmental Threats;Protection against physical and environmental threats, such as natural disasters and other intentional or unintentional physical threats to infrastructure should be designed and implemented.;A.7 Physical controls;A.7.5;Protecting Against Physical and Environmental Threats;Protection against physical and environmental threats, such as natural disasters and other intentional or unintentional physical threats to infrastructure should be designed and implemented.;MANUAL;Manual check;manual_check;manual;False;Manual check;ISO27001;ISO/IEC 27001 Information Security Management Standard 2022
aws;ISO (the International Organization for Standardization) and IEC (the International Electrotechnical Commission) form the specialized system for worldwide standardization. National bodies that are members of ISO or IEC participate in the development of International Standards through technical committees established by the respective organization to deal with particular fields of technical activity. ISO and IEC technical committees collaborate in fields of mutual interest. Other international organizations, governmental and non-governmental, in liaison with ISO and IEC, also take part in the work.;;;2026-07-13 17:35:21.078358;A.7.6;Working In Secure Areas;Security measures for working in secure areas should be designed and implemented.;A.7 Physical controls;A.7.6;Working In Secure Areas;Security measures for working in secure areas should be designed and implemented.;MANUAL;Manual check;manual_check;manual;False;Manual check;ISO27001;ISO/IEC 27001 Information Security Management Standard 2022
aws;ISO (the International Organization for Standardization) and IEC (the International Electrotechnical Commission) form the specialized system for worldwide standardization. National bodies that are members of ISO or IEC participate in the development of International Standards through technical committees established by the respective organization to deal with particular fields of technical activity. ISO and IEC technical committees collaborate in fields of mutual interest. Other international organizations, governmental and non-governmental, in liaison with ISO and IEC, also take part in the work.;;;2026-07-13 17:35:21.078358;A.7.7;Clear Desk And Clear Screen;Clear desk rules for papers and removable storage media and clear screen rules for information processing facilities should be defined and appropriately enforced.;A.7 Physical controls;A.7.7;Clear Desk And Clear Screen;Clear desk rules for papers and removable storage media and clear screen rules for information processing facilities should be defined and appropriately enforced.;MANUAL;Manual check;manual_check;manual;False;Manual check;ISO27001;ISO/IEC 27001 Information Security Management Standard 2022
aws;ISO (the International Organization for Standardization) and IEC (the International Electrotechnical Commission) form the specialized system for worldwide standardization. National bodies that are members of ISO or IEC participate in the development of International Standards through technical committees established by the respective organization to deal with particular fields of technical activity. ISO and IEC technical committees collaborate in fields of mutual interest. Other international organizations, governmental and non-governmental, in liaison with ISO and IEC, also take part in the work.;;;2026-07-13 17:35:21.078358;A.7.8;Equipment Siting And Protection;Equipment should be sited securely and protected.;A.7 Physical controls;A.7.8;Equipment Siting And Protection;Equipment should be sited securely and protected.;MANUAL;Manual check;manual_check;manual;False;Manual check;ISO27001;ISO/IEC 27001 Information Security Management Standard 2022
aws;ISO (the International Organization for Standardization) and IEC (the International Electrotechnical Commission) form the specialized system for worldwide standardization. National bodies that are members of ISO or IEC participate in the development of International Standards through technical committees established by the respective organization to deal with particular fields of technical activity. ISO and IEC technical committees collaborate in fields of mutual interest. Other international organizations, governmental and non-governmental, in liaison with ISO and IEC, also take part in the work.;;;2026-07-13 17:35:21.078358;A.7.9;Security Of Assets Off-Premises;Off-site assets should be protected.;A.7 Physical controls;A.7.9;Security Of Assets Off-Premises;Off-site assets should be protected.;MANUAL;Manual check;manual_check;manual;False;Manual check;ISO27001;ISO/IEC 27001 Information Security Management Standard 2022
aws;ISO (the International Organization for Standardization) and IEC (the International Electrotechnical Commission) form the specialized system for worldwide standardization. National bodies that are members of ISO or IEC participate in the development of International Standards through technical committees established by the respective organization to deal with particular fields of technical activity. ISO and IEC technical committees collaborate in fields of mutual interest. Other international organizations, governmental and non-governmental, in liaison with ISO and IEC, also take part in the work.;;;2026-07-13 17:35:21.078358;A.7.10;Storage Media;Storage media should be managed through their life cycle of acquisition, use, transportation and disposal in accordance with the organisations classification scheme and handling requirements.;A.7 Physical controls;A.7.10;Storage Media;Storage media should be managed through their life cycle of acquisition, use, transportation and disposal in accordance with the organisations classification scheme and handling requirements.;MANUAL;Manual check;manual_check;manual;False;Manual check;ISO27001;ISO/IEC 27001 Information Security Management Standard 2022
aws;ISO (the International Organization for Standardization) and IEC (the International Electrotechnical Commission) form the specialized system for worldwide standardization. National bodies that are members of ISO or IEC participate in the development of International Standards through technical committees established by the respective organization to deal with particular fields of technical activity. ISO and IEC technical committees collaborate in fields of mutual interest. Other international organizations, governmental and non-governmental, in liaison with ISO and IEC, also take part in the work.;;;2026-07-13 17:35:21.078358;A.7.11;Supporting Utilities;Information processing facilities should be protected from power failures and other disruptions caused by failures in supporting utilities.;A.7 Physical controls;A.7.11;Supporting Utilities;Information processing facilities should be protected from power failures and other disruptions caused by failures in supporting utilities.;MANUAL;Manual check;manual_check;manual;False;Manual check;ISO27001;ISO/IEC 27001 Information Security Management Standard 2022
aws;ISO (the International Organization for Standardization) and IEC (the International Electrotechnical Commission) form the specialized system for worldwide standardization. National bodies that are members of ISO or IEC participate in the development of International Standards through technical committees established by the respective organization to deal with particular fields of technical activity. ISO and IEC technical committees collaborate in fields of mutual interest. Other international organizations, governmental and non-governmental, in liaison with ISO and IEC, also take part in the work.;;;2026-07-13 17:35:21.078358;A.7.12;Cabling Security;Cables carrying power, data or supporting information services should be protected from interception;A.7 Physical controls;A.7.12;Cabling Security;Cables carrying power, data or supporting information services should be protected from interception;MANUAL;Manual check;manual_check;manual;False;Manual check;ISO27001;ISO/IEC 27001 Information Security Management Standard 2022
aws;ISO (the International Organization for Standardization) and IEC (the International Electrotechnical Commission) form the specialized system for worldwide standardization. National bodies that are members of ISO or IEC participate in the development of International Standards through technical committees established by the respective organization to deal with particular fields of technical activity. ISO and IEC technical committees collaborate in fields of mutual interest. Other international organizations, governmental and non-governmental, in liaison with ISO and IEC, also take part in the work.;;;2026-07-13 17:35:21.078358;A.7.13;Equipment Maintenance;Equipment should be maintained correctly to ensure availability, integrity and confidentiality of information.;A.7 Physical controls;A.7.13;Equipment Maintenance;Equipment should be maintained correctly to ensure availability, integrity and confidentiality of information.;MANUAL;Manual check;manual_check;manual;False;Manual check;ISO27001;ISO/IEC 27001 Information Security Management Standard 2022
aws;ISO (the International Organization for Standardization) and IEC (the International Electrotechnical Commission) form the specialized system for worldwide standardization. National bodies that are members of ISO or IEC participate in the development of International Standards through technical committees established by the respective organization to deal with particular fields of technical activity. ISO and IEC technical committees collaborate in fields of mutual interest. Other international organizations, governmental and non-governmental, in liaison with ISO and IEC, also take part in the work.;;;2026-07-13 17:35:21.078358;A.7.14;Secure Disposal Or Re-Use Of Equipment;Items of equipment containing storage media should be verified to ensure that any sensitive data and licensed software has been removed or securely overwritten prior to disposal or re-use.;A.7 Physical controls;A.7.14;Secure Disposal Or Re-Use Of Equipment;Items of equipment containing storage media should be verified to ensure that any sensitive data and licensed software has been removed or securely overwritten prior to disposal or re-use.;MANUAL;Manual check;manual_check;manual;False;Manual check;ISO27001;ISO/IEC 27001 Information Security Management Standard 2022
aws;ISO (the International Organization for Standardization) and IEC (the International Electrotechnical Commission) form the specialized system for worldwide standardization. National bodies that are members of ISO or IEC participate in the development of International Standards through technical committees established by the respective organization to deal with particular fields of technical activity. ISO and IEC technical committees collaborate in fields of mutual interest. Other international organizations, governmental and non-governmental, in liaison with ISO and IEC, also take part in the work.;;;2026-07-13 17:35:21.078358;A.8.6;Capacity Management;The use of resources should be monitored and adjusted in line with current and expected capacity requirements.;A.8 Technological controls;A.8.6;Capacity Management;The use of resources should be monitored and adjusted in line with current and expected capacity requirements.;MANUAL;Manual check;manual_check;manual;False;Manual check;ISO27001;ISO/IEC 27001 Information Security Management Standard 2022
aws;ISO (the International Organization for Standardization) and IEC (the International Electrotechnical Commission) form the specialized system for worldwide standardization. National bodies that are members of ISO or IEC participate in the development of International Standards through technical committees established by the respective organization to deal with particular fields of technical activity. ISO and IEC technical committees collaborate in fields of mutual interest. Other international organizations, governmental and non-governmental, in liaison with ISO and IEC, also take part in the work.;;;2026-07-13 17:35:21.078358;A.8.8;Management of Technical Vulnerabilities;Information about technical vulnerabilities of information systems in use should be obtained, the organisations exposure to such vulnerabilities should be evaluated and appropriate measures should be taken.;A.8 Technological controls;A.8.8;Management of Technical Vulnerabilities;Information about technical vulnerabilities of information systems in use should be obtained, the organisations exposure to such vulnerabilities should be evaluated and appropriate measures should be taken.;MANUAL;Manual check;manual_check;manual;False;Manual check;ISO27001;ISO/IEC 27001 Information Security Management Standard 2022
aws;ISO (the International Organization for Standardization) and IEC (the International Electrotechnical Commission) form the specialized system for worldwide standardization. National bodies that are members of ISO or IEC participate in the development of International Standards through technical committees established by the respective organization to deal with particular fields of technical activity. ISO and IEC technical committees collaborate in fields of mutual interest. Other international organizations, governmental and non-governmental, in liaison with ISO and IEC, also take part in the work.;;;2026-07-13 17:35:21.078358;A.8.17;Clock Synchronisation;The clocks of information processing systems used by the organisation should be synchronised to approved time sources.;A.8 Technological controls;A.8.17;Clock Synchronisation;The clocks of information processing systems used by the organisation should be synchronised to approved time sources.;MANUAL;Manual check;manual_check;manual;False;Manual check;ISO27001;ISO/IEC 27001 Information Security Management Standard 2022
aws;ISO (the International Organization for Standardization) and IEC (the International Electrotechnical Commission) form the specialized system for worldwide standardization. National bodies that are members of ISO or IEC participate in the development of International Standards through technical committees established by the respective organization to deal with particular fields of technical activity. ISO and IEC technical committees collaborate in fields of mutual interest. Other international organizations, governmental and non-governmental, in liaison with ISO and IEC, also take part in the work.;;;2026-07-13 17:35:21.078358;A.8.18;Use of Privileged Utility Programs;The use of utility programs that can be capable of overriding system and application controls should be restricted and tightly controlled;A.8 Technological controls;A.8.18;Use of Privileged Utility Programs;The use of utility programs that can be capable of overriding system and application controls should be restricted and tightly controlled;MANUAL;Manual check;manual_check;manual;False;Manual check;ISO27001;ISO/IEC 27001 Information Security Management Standard 2022
aws;ISO (the International Organization for Standardization) and IEC (the International Electrotechnical Commission) form the specialized system for worldwide standardization. National bodies that are members of ISO or IEC participate in the development of International Standards through technical committees established by the respective organization to deal with particular fields of technical activity. ISO and IEC technical committees collaborate in fields of mutual interest. Other international organizations, governmental and non-governmental, in liaison with ISO and IEC, also take part in the work.;;;2026-07-13 17:35:21.078358;A.8.19;Installation of Software on Operational Systems;Procedures and measures should be implemented to securely manage software installation on operational systems.;A.8 Technological controls;A.8.19;Installation of Software on Operational Systems;Procedures and measures should be implemented to securely manage software installation on operational systems.;MANUAL;Manual check;manual_check;manual;False;Manual check;ISO27001;ISO/IEC 27001 Information Security Management Standard 2022
aws;ISO (the International Organization for Standardization) and IEC (the International Electrotechnical Commission) form the specialized system for worldwide standardization. National bodies that are members of ISO or IEC participate in the development of International Standards through technical committees established by the respective organization to deal with particular fields of technical activity. ISO and IEC technical committees collaborate in fields of mutual interest. Other international organizations, governmental and non-governmental, in liaison with ISO and IEC, also take part in the work.;;;2026-07-13 17:35:21.078358;A.8.25;Secure Development Life Cycle;Rules for the secure development of software and systems should be established and applied.;A.8 Technological controls;A.8.25;Secure Development Life Cycle;Rules for the secure development of software and systems should be established and applied.;MANUAL;Manual check;manual_check;manual;False;Manual check;ISO27001;ISO/IEC 27001 Information Security Management Standard 2022
aws;ISO (the International Organization for Standardization) and IEC (the International Electrotechnical Commission) form the specialized system for worldwide standardization. National bodies that are members of ISO or IEC participate in the development of International Standards through technical committees established by the respective organization to deal with particular fields of technical activity. ISO and IEC technical committees collaborate in fields of mutual interest. Other international organizations, governmental and non-governmental, in liaison with ISO and IEC, also take part in the work.;;;2026-07-13 17:35:21.078358;A.8.26;Application Security Requirements;Information security requirements should be identified, specified and approved when developing or acquiring applications.;A.8 Technological controls;A.8.26;Application Security Requirements;Information security requirements should be identified, specified and approved when developing or acquiring applications.;MANUAL;Manual check;manual_check;manual;False;Manual check;ISO27001;ISO/IEC 27001 Information Security Management Standard 2022
aws;ISO (the International Organization for Standardization) and IEC (the International Electrotechnical Commission) form the specialized system for worldwide standardization. National bodies that are members of ISO or IEC participate in the development of International Standards through technical committees established by the respective organization to deal with particular fields of technical activity. ISO and IEC technical committees collaborate in fields of mutual interest. Other international organizations, governmental and non-governmental, in liaison with ISO and IEC, also take part in the work.;;;2026-07-13 17:35:21.078358;A.8.29;Security Testing in Development and Acceptance;Security testing processes should be defined and implemented in the development life cycle.;A.8 Technological controls;A.8.29;Security Testing in Development and Acceptance;Security testing processes should be defined and implemented in the development life cycle.;MANUAL;Manual check;manual_check;manual;False;Manual check;ISO27001;ISO/IEC 27001 Information Security Management Standard 2022
aws;ISO (the International Organization for Standardization) and IEC (the International Electrotechnical Commission) form the specialized system for worldwide standardization. National bodies that are members of ISO or IEC participate in the development of International Standards through technical committees established by the respective organization to deal with particular fields of technical activity. ISO and IEC technical committees collaborate in fields of mutual interest. Other international organizations, governmental and non-governmental, in liaison with ISO and IEC, also take part in the work.;;;2026-07-13 17:35:21.078358;A.8.30;Outsourced Development;The organisation should direct, monitor and review the activities related to outsourced system development.;A.8 Technological controls;A.8.30;Outsourced Development;The organisation should direct, monitor and review the activities related to outsourced system development.;MANUAL;Manual check;manual_check;manual;False;Manual check;ISO27001;ISO/IEC 27001 Information Security Management Standard 2022
aws;ISO (the International Organization for Standardization) and IEC (the International Electrotechnical Commission) form the specialized system for worldwide standardization. National bodies that are members of ISO or IEC participate in the development of International Standards through technical committees established by the respective organization to deal with particular fields of technical activity. ISO and IEC technical committees collaborate in fields of mutual interest. Other international organizations, governmental and non-governmental, in liaison with ISO and IEC, also take part in the work.;;;2026-07-13 17:35:21.078358;A.8.31;Separation of Development, Test and Production Environments;Development, testing and production environments should be separated and secured.;A.8 Technological controls;A.8.31;Separation of Development, Test and Production Environments;Development, testing and production environments should be separated and secured.;MANUAL;Manual check;manual_check;manual;False;Manual check;ISO27001;ISO/IEC 27001 Information Security Management Standard 2022
aws;ISO (the International Organization for Standardization) and IEC (the International Electrotechnical Commission) form the specialized system for worldwide standardization. National bodies that are members of ISO or IEC participate in the development of International Standards through technical committees established by the respective organization to deal with particular fields of technical activity. ISO and IEC technical committees collaborate in fields of mutual interest. Other international organizations, governmental and non-governmental, in liaison with ISO and IEC, also take part in the work.;;;2026-07-13 17:35:21.078358;A.8.32;Change Management;Changes to information processing facilities and information systems should be subject to change management procedures.;A.8 Technological controls;A.8.32;Change Management;Changes to information processing facilities and information systems should be subject to change management procedures.;MANUAL;Manual check;manual_check;manual;False;Manual check;ISO27001;ISO/IEC 27001 Information Security Management Standard 2022
aws;ISO (the International Organization for Standardization) and IEC (the International Electrotechnical Commission) form the specialized system for worldwide standardization. National bodies that are members of ISO or IEC participate in the development of International Standards through technical committees established by the respective organization to deal with particular fields of technical activity. ISO and IEC technical committees collaborate in fields of mutual interest. Other international organizations, governmental and non-governmental, in liaison with ISO and IEC, also take part in the work.;;;2026-07-13 17:35:21.078358;A.8.33;Test Information;Test information should be appropriately selected, protected and managed.;A.8 Technological controls;A.8.33;Test Information;Test information should be appropriately selected, protected and managed.;MANUAL;Manual check;manual_check;manual;False;Manual check;ISO27001;ISO/IEC 27001 Information Security Management Standard 2022
aws;ISO (the International Organization for Standardization) and IEC (the International Electrotechnical Commission) form the specialized system for worldwide standardization. National bodies that are members of ISO or IEC participate in the development of International Standards through technical committees established by the respective organization to deal with particular fields of technical activity. ISO and IEC technical committees collaborate in fields of mutual interest. Other international organizations, governmental and non-governmental, in liaison with ISO and IEC, also take part in the work.;;;2026-07-13 17:35:21.078358;A.8.34;Protection of Information Systems During Audit Testing;Audit tests and other assurance activities involving assessment of operational systems should be planned and agreed between the tester and appropriate management.;A.8 Technological controls;A.8.34;Protection of Information Systems During Audit Testing;Audit tests and other assurance activities involving assessment of operational systems should be planned and agreed between the tester and appropriate management.;MANUAL;Manual check;manual_check;manual;False;Manual check;ISO27001;ISO/IEC 27001 Information Security Management Standard 2022
