AUTH_METHOD;TIMESTAMP;ACCOUNT_UID;ACCOUNT_NAME;ACCOUNT_EMAIL;ACCOUNT_ORGANIZATION_UID;ACCOUNT_ORGANIZATION_NAME;ACCOUNT_TAGS;FINDING_UID;PROVIDER;CHECK_ID;CHECK_TITLE;CHECK_TYPE;STATUS;STATUS_EXTENDED;MUTED;SERVICE_NAME;SUBSERVICE_NAME;SEVERITY;RESOURCE_TYPE;RESOURCE_UID;RESOURCE_NAME;RESOURCE_DETAILS;RESOURCE_TAGS;PARTITION;REGION;DESCRIPTION;RISK;RELATED_URL;REMEDIATION_RECOMMENDATION_TEXT;REMEDIATION_RECOMMENDATION_URL;REMEDIATION_CODE_NATIVEIAC;REMEDIATION_CODE_TERRAFORM;REMEDIATION_CODE_CLI;REMEDIATION_CODE_OTHER;COMPLIANCE;CATEGORIES;DEPENDS_ON;RELATED_TO;NOTES;PROWLER_VERSION;ADDITIONAL_URLS;ACCOUNT_OU_UID;ACCOUNT_OU_NAME
profile: None;2026-07-13 09:37:50.757461;735291151388;;;;;;prowler-aws-accessanalyzer_enabled-735291151388-ap-south-1-analyzer/unknown;aws;accessanalyzer_enabled;IAM Access Analyzer is enabled;Software and Configuration Checks/AWS Security Best Practices | Software and Configuration Checks/Industry and Regulatory Standards/AWS Foundational Security Best Practices;FAIL;IAM Access Analyzer in account 735291151388 is not enabled.;False;accessanalyzer;;low;Other;arn:aws:accessanalyzer:ap-south-1:735291151388:analyzer/unknown;analyzer/unknown;;;aws;ap-south-1;**IAM Access Analyzer** presence and status are evaluated per account and Region. An analyzer in `ACTIVE` state indicates continuous analysis of supported resources and IAM activity to identify external, internal, and unused access.;Without an active analyzer, visibility into unintended public, cross-account, or risky internal access is lost. Adversaries can exploit exposed S3, snapshots, KMS keys, or permissive role trusts for data exfiltration and escalation. Unused permissions persist, enlarging the attack surface. This degrades confidentiality and integrity.;;Enable **IAM Access Analyzer** across all accounts and active Regions (*or organization-wide*). Operate on least privilege: continuously review findings, remove unintended access, and trim unused permissions. Use archive rules sparingly, integrate reviews into change/CI/CD workflows, and enforce separation of duties on policy changes.;https://hub.prowler.com/check/accessanalyzer_enabled;"```yaml
Resources:
  example_resource:
    Type: AWS::AccessAnalyzer::Analyzer  # This resource enables IAM Access Analyzer
    Properties:
      AnalyzerName: example_resource
      Type: ACCOUNT  # This line fixes the security issue
```";"```hcl
resource ""aws_accessanalyzer_analyzer"" ""example_resource"" {
  analyzer_name = ""example_resource""
  type          = ""ACCOUNT"" # This line fixes the security issue
}
```";aws accessanalyzer create-analyzer --analyzer-name example_resource --type ACCOUNT;"1. In the AWS Console, open IAM
2. Go to Access analyzer > Analyzer settings
3. Confirm the desired Region
4. Click Create analyzer
5. Select Resource analysis - External access
6. Set Name to ""example_resource"" and Zone of trust to ""Current account""
7. Click Create";CIS-6.0: 2.19 | CIS-1.5: 1.20 | SecNumCloud-3.2: 9.3 | CIS-7.0: 2.18 | CIS-2.0: 1.20 | KISA-ISMS-P-2023-korean: 2.5.1, 2.5.5, 2.5.6, 2.10.2 | CIS-4.0.1: 1.20 | AWS-Account-Security-Onboarding: Enabled security services, Create analyzers in each active regions, Verify that events are present in SecurityHub aggregated view | ASD-Essential-Eight-Nov 2023: E8-4.4 | CCC-v2025.10: CCC.Core.CN05.AR04, CCC.IAM.CN11.AR01 | AWS-AI-Security-Framework-1.0: AISF-DATA-02 | CIS-3.0: 1.20 | ISO27001-2022: A.8.3 | NIS2: 3.2.3.e, 11.1.1, 11.2.1, 11.2.2.e | NIST-CSF-2.0: po_3, po_4, ov_2, ov_3, ac_1, ac_6 | KISA-ISMS-P-2023: 2.5.1, 2.5.5, 2.5.6, 2.10.2 | C5-2025: IAM-01.04B, IAM-06.01AC, IAM-10.01B, IAM-10.02B, INQ-04.01AC, PSS-08.03B, PSS-09.01AC | ProwlerThreatScore-1.0: 1.2.6 | CIS-5.0: 1.19 | CIS-1.4: 1.20;identity-access | trust-boundaries;;;;5.33.1;https://docs.aws.amazon.com/IAM/latest/UserGuide/access-analyzer-manage-external.html | https://aws.amazon.com/iam/access-analyzer/ | https://docs.aws.amazon.com/IAM/latest/UserGuide/access-analyzer-getting-started.html | https://docs.aws.amazon.com/access-analyzer/latest/APIReference/API_CreateAnalyzer.html | https://docs.aws.amazon.com/IAM/latest/UserGuide/what-is-access-analyzer.html | https://docs.aws.amazon.com/IAM/latest/UserGuide/access-analyzer-create-external.html | https://docs.aws.amazon.com/access-analyzer/latest/APIReference/Welcome.html | https://docs.aws.amazon.com/IAM/latest/UserGuide/access-analyzer-create-internal.html;;
profile: None;2026-07-13 09:37:50.757461;735291151388;;;;;;prowler-aws-account_maintain_current_contact_details-735291151388-ap-south-1-735291151388;aws;account_maintain_current_contact_details;AWS account contact information is current;Software and Configuration Checks/Industry and Regulatory Standards/AWS Foundational Security Best Practices;MANUAL;Login to the AWS Console. Choose your account name on the top right of the window -> My Account -> Contact Information.;False;account;;medium;Other;arn:aws:iam::735291151388:root;735291151388;;;aws;ap-south-1;**AWS account contact information** is current for the **primary contact** and the **alternate contacts** for `security`, `billing`, and `operations`, with accurate email addresses and phone numbers.;"Outdated or single-person contacts delay **security notifications**, slow **incident response**, and complicate **account recovery**.

AWS may throttle services during abuse mitigation, reducing **availability**. Missed alerts enable ongoing misuse, risking **data exfiltration** and unauthorized changes (**integrity**).";;"Adopt:
- **Primary** and **alternate contacts** for `security`, `billing`, `operations`
- Shared, monitored aliases and SMS-capable phone numbers (non-personal)
- Centralized management across accounts with periodic reviews
- **Least privilege** for who can modify contact data
- Regular reachability tests and documented ownership";https://hub.prowler.com/check/account_maintain_current_contact_details;;"```hcl
# Set the Security alternate contact for the AWS account
resource ""aws_account_alternate_contact"" ""<example_resource_name>"" {
  alternate_contact_type = ""SECURITY""  # Critical: ensures AWS can reach your security team
  email_address          = ""<SECURITY_EMAIL>""  # Critical: contact destination
  name                   = ""<SECURITY_CONTACT_NAME>""
  phone_number           = ""<SECURITY_PHONE>""
  title                  = ""Security""
}
```";"aws account put-alternate-contact --alternate-contact-type=SECURITY --email-address=<SECURITY_EMAIL> --name=""<SECURITY_CONTACT_NAME>"" --phone-number=""<SECURITY_PHONE>"" --title=""Security""";"1. Sign in to the AWS Management Console
2. Open Billing and Cost Management, then click your account name > Account
3. Under Contact information, click Edit, update details, then Update
4. Under Alternate contacts, click Edit
5. Enter Security contact name, email, and phone (use a team alias), then Update
6. Repeat for Billing and Operations if needed";CIS-6.0: 2.1 | CIS-1.5: 1.1 | CIS-7.0: 2.2 | CIS-2.0: 1.1 | KISA-ISMS-P-2023-korean: 2.10.2 | CIS-4.0.1: 1.1 | ENS-RD2022: op.ext.7.aws.am.1 | AWS-Account-Security-Onboarding: Billing, emergency, security contacts | AWS-AI-Security-Framework-1.0: AISF-GOV-03 | CIS-3.0: 1.1 | ISO27001-2022: A.5.5 | NIS2: 2.2.3, 3.5.3.a, 5.1.7.b | AWS-Well-Architected-Framework-Security-Pillar: SEC03-BP03, SEC10-BP01 | KISA-ISMS-P-2023: 2.10.2 | C5-2025: IAM-03.01AS, IAM-06.06B, SSO-05.06B, SIM-01.03B, INQ-02.01B | CIS-5.0: 1.1 | CIS-1.4: 1.1;;;;;5.33.1;https://repost.aws/knowledge-center/update-phone-number | https://support.stax.io/docs/accounts/update-aws-account-contact-details | https://maartenbruntink.nl/blog/2022/09/26/aws-account-hygiene-101-mass-updating-alternate-account-contacts/ | https://docs.aws.amazon.com/security-ir/latest/userguide/update-account-contact-info.html | https://docs.aws.amazon.com/accounts/latest/reference/manage-acct-update-contact-primary.html | https://repost.aws/knowledge-center/add-update-billing-contact | https://aws.amazon.com/blogs/security/update-the-alternate-security-contact-across-your-aws-accounts-for-timely-security-notifications/ | https://docs.aws.amazon.com/organizations/latest/userguide/orgs_manage_accounts_update_contacts.html | https://docs.aws.amazon.com/accounts/latest/reference/manage-acct-update-contact-alternate.html;;
profile: None;2026-07-13 09:37:50.757461;735291151388;;;;;;prowler-aws-account_maintain_different_contact_details_to_security_billing_and_operations-735291151388-ap-south-1-735291151388;aws;account_maintain_different_contact_details_to_security_billing_and_operations;AWS account has distinct Security, Billing, and Operations contact details, different from each other and from the root contact;Software and Configuration Checks/Industry and Regulatory Standards/AWS Foundational Security Best Practices | Software and Configuration Checks/Industry and Regulatory Standards/CIS AWS Foundations Benchmark;FAIL;SECURITY, BILLING and OPERATIONS contacts not found or they are not different between each other and between ROOT contact.;False;account;;medium;Other;arn:aws:iam::735291151388:root;735291151388;;;aws;ap-south-1;**AWS account alternate contacts** are defined for **Security**, **Billing**, and **Operations** with `name`, `email`, and `phone`. The finding evaluates that all three exist, are distinct from one another, and differ from the **primary (root) contact**.;Missing or shared contacts can delay response to abuse alerts, credential compromise, or billing anomalies, reducing **availability** (possible AWS traffic throttling) and raising **confidentiality** and **integrity** risk through extended exposure. If AWS cannot reach you, urgent mitigation may disrupt service.;;"Maintain distinct, monitored **Security**, **Billing**, and **Operations** alternate contacts that differ from the root contact.
- Use team aliases and 24x7 phones
- Review and test contact paths regularly
- Centralize at org level for consistency

Applies **operational resilience** and **separation of duties**.";https://hub.prowler.com/check/account_maintain_different_contact_details_to_security_billing_and_operations;;"```hcl
# Set distinct alternate contacts for SECURITY, BILLING, and OPERATIONS
# Critical: each resource sets a required contact type to satisfy the check

resource ""aws_account_alternate_contact"" ""security"" {
  alternate_contact_type = ""SECURITY""  # Sets SECURITY contact
  email_address          = ""security@example.com""
  name                   = ""Security Team""
  phone_number           = ""+1-555-0100""
  title                  = ""Security""
}

resource ""aws_account_alternate_contact"" ""billing"" {
  alternate_contact_type = ""BILLING""   # Sets BILLING contact
  email_address          = ""billing@example.com""
  name                   = ""Billing Team""
  phone_number           = ""+1-555-0101""
  title                  = ""Billing""
}

resource ""aws_account_alternate_contact"" ""operations"" {
  alternate_contact_type = ""OPERATIONS"" # Sets OPERATIONS contact
  email_address          = ""operations@example.com""
  name                   = ""Operations Team""
  phone_number           = ""+1-555-0102""
  title                  = ""Operations""
}
```";;"1. Sign in to the AWS Management Console with a user that can edit account contacts (root, or IAM with account:PutAlternateContact)
2. In the upper right, click your account name > Account
3. Scroll to ""Alternate contacts"" and click Edit
4. Add all three contacts with unique details:
   - Billing contact (distinct name, email, phone)
   - Operations contact (distinct name, email, phone)
   - Security contact (distinct name, email, phone)
5. Ensure each contact’s email/phone differs from each other and from the primary (root) contact, then click Update";KISA-ISMS-P-2023-korean: 2.10.2 | AWS-AI-Security-Framework-1.0: AISF-GOV-03 | ISO27001-2022: A.5.6 | KISA-ISMS-P-2023: 2.10.2 | C5-2025: OIS-04.03B, IAM-06.06B, SSO-05.06B, SIM-01.03B, INQ-02.01B;resilience;;;;5.33.1;https://registry.terraform.io/providers/hashicorp/aws/latest/docs/resources/account_alternate_contact | https://docs.aws.amazon.com/accounts/latest/reference/manage-acct-update-contact-alternate.html | https://builder.aws.com/content/2qRw97fe8JFwfk2AbpJ3sYNpNvM/aws-bulk-update-alternate-contacts-across-organization | https://github.com/aws-samples/aws-account-alternate-contact-with-terraform | https://trendmicro.com/trendaivisiononecloudriskmanagement/knowledge-base/aws/IAM/account-security-alternate-contacts.html | https://repost.aws/articles/ARDFbpt-bvQ8iuErnqVVcCXQ/managing-aws-organization-alternate-contacts-via-csv;;
profile: None;2026-07-13 09:37:50.757461;735291151388;;;;;;prowler-aws-account_security_contact_information_is_registered-735291151388-ap-south-1-735291151388;aws;account_security_contact_information_is_registered;AWS account has security alternate contact registered;Software and Configuration Checks/AWS Security Best Practices | Software and Configuration Checks/Industry and Regulatory Standards/AWS Foundational Security Best Practices;MANUAL;Login to the AWS Console. Choose your account name on the top right of the window -> My Account -> Alternate Contacts -> Security Section.;False;account;;medium;Other;arn:aws:iam::735291151388:root;735291151388;;;aws;ap-south-1;Account settings contain a **Security alternate contact** in Alternate Contacts (name, `EmailAddress`, `PhoneNumber`) for targeted AWS security notifications.;"Missing or outdated **security contact** can delay or prevent AWS advisories from reaching responders, increasing risk to:
- Confidentiality: data exfiltration from undetected compromise
- Integrity: unauthorized changes persist longer
- Availability: resource abuse (e.g., cryptomining) and outages";;"Define and maintain a **Security alternate contact**:
- Use a monitored alias (e.g., `security@domain`) and team phone
- Apply to every account (prefer Org-wide automation)
- Review after org/personnel changes and test delivery
- Document ownership and escalation paths
Align with **incident response** and **least privilege** principles.";https://hub.prowler.com/check/account_security_contact_information_is_registered;;"```hcl
# Set the SECURITY alternate contact for the current AWS account
resource ""aws_account_alternate_contact"" ""<example_resource_name>"" {
  alternate_contact_type = ""SECURITY""  # Critical: sets Security contact type
  email_address          = ""security@example.com""  # Contact email
  name                   = ""Security Team""         # Contact name
  phone_number           = ""+1-555-0100""          # Contact phone
}
```";aws account put-alternate-contact --alternate-contact-type SECURITY --email-address <EMAIL_ADDRESS> --name <CONTACT_NAME> --phone-number <PHONE_NUMBER>;"1. Sign in to the AWS Management Console as the root user or an admin with account:PutAlternateContact
2. Click your account name (top-right) and select My Account (or Account)
3. Scroll to Alternate Contacts and click Edit in the Security section
4. Enter Security Email, Name, and Phone Number
5. Click Update (or Save changes)";CIS-6.0: 2.2 | CIS-1.5: 1.2 | CIS-7.0: 2.3 | CIS-2.0: 1.2 | AWS-Foundational-Security-Best-Practices: Account.1 | KISA-ISMS-P-2023-korean: 2.10.2 | CIS-4.0.1: 1.2 | ENS-RD2022: op.ext.7.aws.am.1 | AWS-Account-Security-Onboarding: Billing, emergency, security contacts | PCI-4.0: A1.2.3.1 | AWS-AI-Security-Framework-1.0: AISF-GOV-03 | CIS-3.0: 1.2 | ISO27001-2022: A.5.5 | NIS2: 1.1.1.a, 1.2.3, 2.2.1, 3.1.2.d, 3.5.3.a, 5.1.7.b | AWS-Well-Architected-Framework-Security-Pillar: SEC03-BP03, SEC10-BP01 | KISA-ISMS-P-2023: 2.10.2 | C5-2025: OIS-06.01B, SSO-05.06B, SIM-01.03B | CIS-5.0: 1.2 | CIS-1.4: 1.2;;;;;5.33.1;https://registry.terraform.io/providers/hashicorp/aws/latest/docs/resources/account_alternate_contact | https://support.icompaas.com/support/solutions/articles/62000234161-1-2-ensure-security-contact-information-is-registered-manual- | https://www.plerion.com/cloud-knowledge-base/ensure-security-contact-information-is-registered | https://repost.aws/articles/ARDFbpt-bvQ8iuErnqVVcCXQ/managing-aws-organization-alternate-contacts-via-csv;;
profile: None;2026-07-13 09:37:50.757461;735291151388;;;;;;prowler-aws-awslambda_function_inside_vpc-735291151388-ap-south-1-CloudGuardian-S3PublicAccessRemediation;aws;awslambda_function_inside_vpc;Lambda function is deployed inside a VPC;Software and Configuration Checks/AWS Security Best Practices/Network Reachability | Software and Configuration Checks/Industry and Regulatory Standards/AWS Foundational Security Best Practices;FAIL;Lambda function CloudGuardian-S3PublicAccessRemediation is not inside a VPC;False;awslambda;;low;AwsLambdaFunction;arn:aws:lambda:ap-south-1:735291151388:function:CloudGuardian-S3PublicAccessRemediation;CloudGuardian-S3PublicAccessRemediation;;;aws;ap-south-1;"**AWS Lambda function** uses **VPC networking** with specified subnets and security groups, rather than the default Lambda-managed network.

Presence of a VPC association (`vpc_id`) indicates private connectivity to VPC resources.";"Without VPC attachment, functions lack network isolation and granular egress control, weakening **confidentiality** and **integrity**.

Traffic must use public endpoints, raising risks of data exfiltration and SSRF via unrestricted outbound. If private databases are required, missing VPC access can impact **availability**.";;"Attach functions to a VPC with private subnets and restrictive security groups to enforce **least privilege** and egress control.
- Prefer **VPC endpoints** for AWS services
- Use NAT only when necessary
- Spread subnets across AZs for resilience
- Govern with IAM conditions requiring `VpcIds`, `SubnetIds`, and `SecurityGroupIds`.";https://hub.prowler.com/check/awslambda_function_inside_vpc;"```yaml
AWSTemplateFormatVersion: '2010-09-09'
Resources:
  LambdaFunction:
    Type: AWS::Lambda::Function
    Properties:
      FunctionName: <example_resource_name>
      Role: <example_role_arn>
      Handler: index.handler
      Runtime: python3.12
      Code:
        S3Bucket: <example_code_bucket>
        S3Key: <example_code_key>
      # Critical: Attach the function to a VPC by specifying at least one subnet and one security group
      # This sets VpcConfig, which gives the function a VPC ID and makes the check PASS
      VpcConfig:
        SubnetIds:
          - <example_subnet_id>
        SecurityGroupIds:
          - <example_security_group_id>
```";"```hcl
resource ""aws_lambda_function"" ""example"" {
  function_name = ""<example_resource_name>""
  role          = ""<example_role_arn>""
  handler       = ""index.handler""
  runtime       = ""python3.12""
  filename      = ""<example_package.zip>""

  # Critical: VPC config attaches the function to a VPC, providing a VPC ID so the check passes
  vpc_config {
    subnet_ids         = [""<example_subnet_id>""]      # at least one subnet
    security_group_ids = [""<example_security_group_id>""]
  }
}
```";aws lambda update-function-configuration --function-name <example_resource_name> --vpc-config SubnetIds=<example_subnet_id>,SecurityGroupIds=<example_security_group_id>;"1. In the AWS Lambda console, open your function
2. Go to Configuration > VPC and click Edit
3. Select the target VPC
4. Choose at least one Subnet and one Security group
5. Click Save";AWS-Foundational-Security-Best-Practices: Lambda.3 | KISA-ISMS-P-2023-korean: 2.6.1, 2.10.2 | PCI-4.0: 1.2.8.20, 1.3.1.23, 1.3.2.23, 1.4.2.21, 1.5.1.20, A1.1.3.20 | CCC-v2025.10: CCC.SvlsComp.CN01.AR01 | AWS-AI-Security-Framework-1.0: AISF-RUNTIME-03 | PCI-3.2.1: 1.2, 1.2.1, 1.2.1.a, 1.2.1.b, 1.2.1.c, 1.3, 1.3.1, 1.3.2, 1.3.4, 2.2, 2.2.2 | ISO27001-2022: A.8.20, A.8.21, A.8.22 | KISA-ISMS-P-2023: 2.6.1, 2.10.2;trust-boundaries;;;;5.33.1;https://docs.aws.amazon.com/lambda/latest/dg/configuration-vpc.html | https://repost.aws/pt/knowledge-center/lambda-dedicated-vpc | https://www.trendmicro.com/trendaivisiononecloudriskmanagement/knowledge-base/aws/Lambda/function-in-vpc.html | https://docs.aws.amazon.com/securityhub/latest/userguide/lambda-controls.html#lambda-3 | https://stackoverflow.com/questions/55074793/how-can-we-force-aws-lamda-to-run-securely-in-a-vpc | https://www.techtarget.com/searchCloudComputing/answer/How-do-I-configure-AWS-Lambda-functions-in-a-VPC/;;
profile: None;2026-07-13 09:37:50.757461;735291151388;;;;;;prowler-aws-awslambda_function_invoke_api_operations_cloudtrail_logging_enabled-735291151388-ap-south-1-CloudGuardian-S3PublicAccessRemediation;aws;awslambda_function_invoke_api_operations_cloudtrail_logging_enabled;Lambda function Invoke API calls are recorded by CloudTrail;Software and Configuration Checks/AWS Security Best Practices | Software and Configuration Checks/Industry and Regulatory Standards/AWS Foundational Security Best Practices | TTPs/Defense Evasion;FAIL;Lambda function CloudGuardian-S3PublicAccessRemediation is not recorded by CloudTrail.;False;awslambda;;low;AwsLambdaFunction;arn:aws:lambda:ap-south-1:735291151388:function:CloudGuardian-S3PublicAccessRemediation;CloudGuardian-S3PublicAccessRemediation;;;aws;ap-south-1;"**AWS Lambda** function invocations are recorded as **CloudTrail data events** when trails include `AWS::Lambda::Function` resources.

The finding reflects whether a function's `Invoke` activity is being logged by an eligible trail.";Without Lambda `Invoke` data events, per-invocation accountability is lost. Adversaries or misused automation can run code without an audit trail, obscuring actor, time, and source. This hinders forensics and enables covert exfiltration or unauthorized changes, impacting **confidentiality** and **integrity**.;;Enable **CloudTrail data event logging** for `AWS::Lambda::Function` to capture `Invoke` calls across required Regions and accounts. Apply **least privilege** selectors to scope events, centralize logs with strong retention, and integrate alerts for anomalous invokes as part of **defense in depth**.;https://hub.prowler.com/check/awslambda_function_invoke_api_operations_cloudtrail_logging_enabled;"```yaml
Resources:
  <example_resource_name>:
    Type: AWS::CloudTrail::Trail
    Properties:
      S3BucketName: <example_resource_name>
      IsLogging: true
      EventSelectors:
        - DataResources:
            - Type: AWS::Lambda::Function  # Critical: enables Lambda data event logging
              Values:
                - arn:aws:lambda:<REGION>:<ACCOUNT_ID>:function  # Critical: logs Invoke events for all functions in the specified account/region
```";"```hcl
resource ""aws_cloudtrail"" ""<example_resource_name>"" {
  name           = ""<example_resource_name>""
  s3_bucket_name = ""<example_resource_name>""

  event_selector {
    data_resource {
      type   = ""AWS::Lambda::Function""  # Critical: enable Lambda data events
      values = [""arn:aws:lambda:<REGION>:<ACCOUNT_ID>:function""]  # Critical: capture Invoke for all functions in this account/region
    }
  }
}
```";"aws cloudtrail put-event-selectors --trail-name <example_resource_name> --advanced-event-selectors '[{""FieldSelectors"":[{""Field"":""eventCategory"",""Equals"":[""Data""]},{""Field"":""resources.type"",""Equals"":[""AWS::Lambda::Function""]}]}]'";"1. In the AWS Console, go to CloudTrail > Trails
2. Select your trail and click Edit or Event logging
3. Under Data events, choose Add data event selector (or Edit)
4. Select Lambda function and choose to log data events for all functions (or specify functions)
5. Save changes";KISA-ISMS-P-2023-korean: 2.9.4, 2.10.2 | CCC-v2025.10: CCC.Core.CN04.AR02, CCC.Logging.CN01.AR02 | AWS-AI-Security-Framework-1.0: AISF-RUNTIME-03 | ISO27001-2022: A.8.15 | NIS2: 3.2.3.c | AWS-Well-Architected-Framework-Security-Pillar: SEC04-BP01 | KISA-ISMS-P-2023: 2.9.4, 2.10.2 | C5-2025: AM-01.01AC, OPS-11.02AC, OPS-15.01B, OPS-15.02B, OPS-15.03B, OPS-15.01AC, OPS-26.05B, OPS-26.01AS, SSO-05.01AC, SIM-03.07B, COM-04.01AC, PSS-04.05B | SOC2: cc_a_1_1 | AWS-Well-Architected-Framework-Reliability-Pillar: REL06-BP01;logging;;;;5.33.1;https://docs.aws.amazon.com/lambda/latest/dg/logging-using-cloudtrail.html | https://support.icompaas.com/support/solutions/articles/62000127055-ensure-lambda-functions-invoke-api-operations-are-being-recorded-by-cloudtrail;;
profile: None;2026-07-13 09:37:50.757461;735291151388;;;;;;prowler-aws-awslambda_function_not_publicly_accessible-735291151388-ap-south-1-CloudGuardian-S3PublicAccessRemediation;aws;awslambda_function_not_publicly_accessible;Lambda function resource-based policy does not allow public access;Software and Configuration Checks/AWS Security Best Practices/Network Reachability | Software and Configuration Checks/Industry and Regulatory Standards/AWS Foundational Security Best Practices;PASS;Lambda function CloudGuardian-S3PublicAccessRemediation has a resource-based policy without public access.;False;awslambda;;critical;AwsLambdaFunction;arn:aws:lambda:ap-south-1:735291151388:function:CloudGuardian-S3PublicAccessRemediation;CloudGuardian-S3PublicAccessRemediation;;;aws;ap-south-1;**AWS Lambda** function resource-based policies are assessed for **public access**. The finding identifies policies with wildcard or empty `Principal` that allow actions like `lambda:InvokeFunction` to any principal.;"**Public invocation** lets outsiders run code under the function's IAM role.

Impacts:
- **Confidentiality**: data exfiltration via backend access
- **Integrity**: unauthorized state changes from side effects
- **Availability/cost**: invocation floods causing throttling and spend spikes";;Remove public principals from function policies. Grant access only to specific accounts, roles, or services using fixed ARNs and **least privilege**. Add conditions like `AWS:SourceAccount` and `AWS:SourceArn` to constrain service triggers. Enforce **separation of duties** and monitor access for **defense in depth**.;https://hub.prowler.com/check/awslambda_function_not_publicly_accessible;"```yaml
# CloudFormation: restrict Lambda permission to a non-public principal
Resources:
  <example_resource_name>Permission:
    Type: AWS::Lambda::Permission
    Properties:
      Action: lambda:InvokeFunction
      FunctionName: <example_resource_name>
      Principal: 123456789012  # Critical: not ""*""; limits invoke permission to a specific account to prevent public access
```";"```hcl
# Restrict Lambda permission to a non-public principal
resource ""aws_lambda_permission"" ""<example_resource_name>"" {
  statement_id  = ""AllowSpecificPrincipal""
  action        = ""lambda:InvokeFunction""
  function_name = ""<example_resource_name>""
  principal     = ""123456789012""  # Critical: not ""*""; prevents public access
}
```";aws lambda remove-permission --function-name <example_function_name> --statement-id <example_statement_id>;"1. Open the AWS Lambda console and select the function
2. Go to Configuration > Permissions
3. Under Resource-based policy, view the policy statements
4. Find any statement with Principal set to ""*"" (or { ""AWS"": ""*"" })
5. Delete that statement and save
6. If access is needed, re-add a permission for a specific principal only (for example, an AWS account ID or a service principal)";FedRAMP-Low-Revision-4: ac-3, ac-17, cm-2, sc-7 | CIS-7.0: 2.21 | AWS-Foundational-Security-Best-Practices: Lambda.1 | KISA-ISMS-P-2023-korean: 2.6.1, 2.10.2 | ENS-RD2022: op.acc.4.aws.iam.1 | CISA: your-systems-3, your-data-2 | NIST-800-171-Revision-2: 3_1_1, 3_1_2, 3_1_3, 3_1_14, 3_13_1, 3_13_2, 3_13_5 | PCI-4.0: 1.2.8.19, 1.3.1.22, 1.3.2.22, 1.4.2.20, 1.5.1.19, 10.3.2.13, 3.5.1.3.18, A1.1.2.9, A1.1.3.19, A3.4.1.11 | FedRamp-Moderate-Revision-4: ac-3, ac-4, ac-6, ac-17-1, cm-2, sc-7-3, sc-7 | CCC-v2025.10: CCC.Core.CN05.AR01, CCC.SvlsComp.CN01.AR01 | MITRE-ATTACK: T1190 | AWS-AI-Security-Framework-1.0: AISF-RUNTIME-03 | PCI-3.2.1: 1.2, 1.2.1, 1.2.1.a, 1.2.1.b, 1.2.1.c, 1.3, 1.3.1, 1.3.2, 1.3.4, 2.2, 2.2.2, 7.2, 7.2.1 | ISO27001-2022: A.8.1 | NIST-800-53-Revision-4: ac_4, sc_7_3, sc_7 | NIST-CSF-1.1: ac_3, ac_5, pt_4 | AWS-Well-Architected-Framework-Security-Pillar: SEC03-BP07, SEC03-BP08, SEC05-BP01, SEC06-BP02 | NIST-CSF-2.0: ac_7 | KISA-ISMS-P-2023: 2.6.1, 2.10.2 | C5-2025: PS-03.02B, IAM-10.01B, COS-02.01B | NIST-800-53-Revision-5: ac_2_6, ac_3, ac_3_7, ac_4_21, ac_6, ac_17_b, ac_17_1, ac_17_4_a, ac_17_9, ac_17_10, mp_2, sc_7_2, sc_7_3, sc_7_9_a, sc_7_11, sc_7_12, sc_7_16, sc_7_20, sc_7_21, sc_7_24_b, sc_7_a, sc_7_b, sc_7_c, sc_25 | RBI-Cyber-Security-Framework: annex_i_1_3 | ProwlerThreatScore-1.0: 2.3.3 | HIPAA: 164_308_a_1_ii_b, 164_308_a_3_i, 164_312_a_1, 164_312_e_1 | GxP-21-CFR-Part-11: 11.10-d, 11.10-g | FFIEC: d3-pc-im-b-1;internet-exposed;;;It gives a false positive if the function is exposed publicly by an other public resource like an ALB or API Gateway in an AWS Account when an AWS account ID is set as the principal of the policy.;5.33.1;https://docs.aws.amazon.com/config/latest/developerguide/lambda-function-public-access-prohibited.html | https://docs.aws.amazon.com/lambda/latest/dg/access-control-resource-based.html | https://docs.aws.amazon.com/securityhub/latest/userguide/lambda-controls.html | https://www.trendmicro.com/trendaivisiononecloudriskmanagement/knowledge-base/aws/Lambda/function-exposed.html;;
profile: None;2026-07-13 09:37:50.757461;735291151388;;;;;;prowler-aws-backup_vaults_exist-735291151388-ap-south-1-735291151388;aws;backup_vaults_exist;At least one AWS Backup vault exists;Software and Configuration Checks/AWS Security Best Practices | Software and Configuration Checks/Industry and Regulatory Standards/AWS Foundational Security Best Practices;FAIL;No Backup Vault exist.;False;backup;;low;AwsBackupBackupVault;arn:aws:backup:ap-south-1:735291151388:backup-vault;735291151388;;;aws;ap-south-1;**AWS Backup** in the account/region includes at least one **backup vault** that stores and organizes recovery points for use by backup plans and copies.;Without a vault, recovery points cannot be created or retained in AWS Backup, degrading **availability** and **integrity**. Data may be irrecoverable after deletion, ransomware, or misconfiguration, and RPO/RTO targets may be missed during incidents.;;Create and maintain a **backup vault** in each required region. Enforce **least privilege** access, encrypt with **KMS CMKs**, and enable **Vault Lock** to prevent tampering. Use lifecycle rules and cross-region/cross-account copies, and regularly test restores for **defense in depth**.;https://hub.prowler.com/check/backup_vaults_exist;"```yaml
# CloudFormation: create a Backup Vault
Resources:
  BackupVault:
    Type: AWS::Backup::BackupVault
    Properties:
      VaultName: <example_resource_name>  # Critical: creates a backup vault to satisfy the check
```";"```hcl
# Create a Backup Vault
resource ""aws_backup_vault"" ""<example_resource_name>"" {
  name = ""<example_resource_name>"" # Critical: ensures at least one backup vault exists
}
```";aws backup create-backup-vault --backup-vault-name <example_resource_name>;"1. Sign in to the AWS Management Console and open the AWS Backup console
2. In the left navigation pane, select Backup vaults
3. Click Create backup vault
4. Enter a name (e.g., <example_resource_name>)
5. Click Create backup vault";SecNumCloud-3.2: 12.5, 17.6 | AWS-Foundational-Technical-Review: BAR-001 | KISA-ISMS-P-2023-korean: 2.9.3, 2.12.1 | ENS-RD2022: mp.info.6.aws.bcku.1 | ASD-Essential-Eight-Nov 2023: E8-8.1 | CCC-v2025.10: CCC.Core.CN08.AR01, CCC.Core.CN14.AR01, CCC.Core.CN14.AR02, CCC.Core.CN14.AR03 | ISO27001-2022: A.8.13 | NIS2: 3.6.2, 4.1.2.f, 4.1.2.g, 4.2.2.b, 4.2.2.e, 12.1.2.c, 12.2.2.b | NIST-CSF-2.0: be_5, ds_3, ip_4, rc_rp_1 | KISA-ISMS-P-2023: 2.9.3, 2.12.1 | C5-2025: OPS-06.01B, OPS-07.01B, OPS-08.01B, OPS-09.02B, CRY-16.02B, DEV-11.02B, BCM-01.01B, BCM-01.02B, BCM-02.01B | FedRAMP-20x-KSI-Low-25.05C: ksi-rpl;resilience;;;;5.33.1;https://docs.aws.amazon.com/aws-backup/latest/devguide/vaults.html;;
profile: None;2026-07-13 09:37:50.757461;735291151388;;;;;;prowler-aws-bedrock_model_invocation_logging_enabled-735291151388-ap-south-1-model-invocation-logging;aws;bedrock_model_invocation_logging_enabled;Amazon Bedrock model invocation logging is enabled;Software and Configuration Checks/AWS Security Best Practices | Software and Configuration Checks/Industry and Regulatory Standards/AWS Foundational Security Best Practices;FAIL;Bedrock Model Invocation Logging is disabled.;False;bedrock;;medium;Other;arn:aws:bedrock:ap-south-1:735291151388:model-invocation-logging;model-invocation-logging;;;aws;ap-south-1;**Bedrock** model invocation logging captures request, response, and metadata for `Converse`, `ConverseStream`, `InvokeModel`, and `InvokeModelWithResponseStream` calls per Region, delivering records to **CloudWatch Logs** and/or **S3** when configured.;"Without **invocation logs**, you lose **auditability** and **forensic visibility** into model activity.

Credential misuse or **prompt injection/jailbreak** attempts may go unnoticed, enabling data exfiltration and unauthorized spend. Missing traceability weakens **integrity** controls and slows incident response.";;"Enable **model invocation logging** and route events to **CloudWatch Logs** and/or **S3**.

Enforce **least privilege** on log access, use encryption, and set retention/lifecycle policies. Monitor for anomalies and alerts to support **defense in depth** and **separation of duties**.";https://hub.prowler.com/check/bedrock_model_invocation_logging_enabled;;;"aws bedrock put-model-invocation-logging-configuration --logging-config '{""s3Config"":{""bucketName"":""<example_resource_name>""},""textDataDeliveryEnabled"":true}'";"1. Open the Amazon Bedrock console in the target Region
2. Go to Settings > Model invocation logging
3. Toggle Logging to On
4. Select Amazon S3 as the destination and choose <example_resource_name> bucket
5. Under Data types, select Text
6. Click Save";KISA-ISMS-P-2023-korean: 2.9.4, 2.10.2 | CCC-v2025.10: CCC.GenAI.CN05.AR01 | AWS-AI-Security-Framework-1.0: AISF-AI-05 | ISO27001-2022: A.8.15 | NIS2: 3.2.3.c | KISA-ISMS-P-2023: 2.9.4, 2.10.2 | C5-2025: AM-01.01AC, OPS-11.02AC, OPS-15.01B, OPS-15.02B, OPS-15.03B, OPS-15.01AC, OPS-26.05B, OPS-26.01AS, SSO-05.01AC, PSS-04.05B | SOC2: cc_a_1_1;logging | forensics-ready | gen-ai;;;;5.33.1;https://docs.aws.amazon.com/bedrock/latest/userguide/model-invocation-logging.html#model-invocation-logging-console | https://www.trendmicro.com/trendaivisiononecloudriskmanagement/knowledge-base/aws/Bedrock/enable-model-invocation-logging.html | https://docs.aws.amazon.com/bedrock/latest/userguide/model-invocation-logging.html;;
profile: None;2026-07-13 09:37:50.757461;735291151388;;;;;;prowler-aws-cloudtrail_bedrock_logging_enabled-735291151388-ap-south-1-cloudguardian-trail;aws;cloudtrail_bedrock_logging_enabled;CloudTrail logs Amazon Bedrock API calls for security auditing;Software and Configuration Checks/AWS Security Best Practices;PASS;Trail cloudguardian-trail from home region ap-south-1 has management events enabled to log Amazon Bedrock control-plane API calls.;False;cloudtrail;;medium;AwsCloudTrailTrail;arn:aws:cloudtrail:ap-south-1:735291151388:trail/cloudguardian-trail;cloudguardian-trail;;;aws;ap-south-1;"**At least one actively logging CloudTrail trail** records **Amazon Bedrock API activity** through management events or advanced event selectors targeting Bedrock resources.

This check covers **control-plane** operations such as configuration changes through CloudTrail management events and can also cover **data-plane** Bedrock events when advanced event selectors target Bedrock resource types.";"Without CloudTrail logging for Bedrock control-plane operations, changes to prompts, guardrails, agents, flows, or knowledge bases can become invisible, weakening forensics and incident response. Management events do not capture `InvokeModel`; pair this control with `bedrock_model_invocation_logging_enabled` or Bedrock data event selectors for invocation visibility.";;"Enable CloudTrail logging for Amazon Bedrock on **at least one actively logging trail**. At minimum, enable **management events** to capture Bedrock control-plane operations. For invocation-level and other data-plane visibility, add **advanced event selectors** targeting Bedrock resource types or pair this control with `bedrock_model_invocation_logging_enabled`.

For broader region coverage, pair this control with a separate multi-region CloudTrail check. Centralize logs in an encrypted bucket or CloudWatch Logs to support **defense in depth** and forensic readiness for AI workloads.";https://hub.prowler.com/check/cloudtrail_bedrock_logging_enabled;"```yaml
# CloudFormation: enable Bedrock data event logging on an actively logging trail
Resources:
  ExampleTrail:
    Type: AWS::CloudTrail::Trail
    Properties:
      TrailName: <example_resource_name>
      S3BucketName: <example_resource_name>
      IsLogging: true
      AdvancedEventSelectors:
        - Name: Bedrock data events
          FieldSelectors:
            - Field: eventCategory
              Equals:
                - Data
            - Field: resources.type          # CRITICAL: target Bedrock resources
              Equals:
                - AWS::Bedrock::Model
                - AWS::Bedrock::Guardrail
                - AWS::Bedrock::AgentAlias
                - AWS::Bedrock::FlowAlias
                - AWS::Bedrock::InlineAgent
                - AWS::Bedrock::KnowledgeBase
                - AWS::Bedrock::Prompt
```";"```hcl
# Terraform: enable Bedrock data event logging on an actively logging trail
resource ""aws_cloudtrail"" ""example_resource"" {
  name           = ""example_resource""
  s3_bucket_name = ""example_resource""

  advanced_event_selector {
    name = ""Bedrock data events""
    field_selector {
      field  = ""eventCategory""
      equals = [""Data""]
    }
    field_selector {
      field  = ""resources.type""                # CRITICAL: target Bedrock resources
      equals = [""AWS::Bedrock::Model"", ""AWS::Bedrock::Guardrail"", ""AWS::Bedrock::AgentAlias"", ""AWS::Bedrock::FlowAlias"", ""AWS::Bedrock::InlineAgent"", ""AWS::Bedrock::KnowledgeBase"", ""AWS::Bedrock::Prompt""]
    }
  }
}
```";"aws cloudtrail put-event-selectors --trail-name <example_resource_name> --advanced-event-selectors '[{""Name"":""Bedrock data events"",""FieldSelectors"":[{""Field"":""eventCategory"",""Equals"":[""Data""]},{""Field"":""resources.type"",""Equals"":[""AWS::Bedrock::Model"",""AWS::Bedrock::Guardrail"",""AWS::Bedrock::AgentAlias"",""AWS::Bedrock::FlowAlias"",""AWS::Bedrock::InlineAgent"",""AWS::Bedrock::KnowledgeBase"",""AWS::Bedrock::Prompt""]}]}]'";"1. In the AWS Console, open CloudTrail and select a trail that is actively logging
2. Edit the trail and enable Management events to capture Bedrock control-plane operations, or add Bedrock advanced data event selectors for data-plane visibility
3. If using data events, select the Bedrock resource types you want to log
4. Save changes and confirm the trail remains in logging state";SecNumCloud-3.2: 12.6 | FedRamp-Moderate-Revision-4: au-2-a-d, au-12-a-c | CCC-v2025.10: CCC.AuditLog.CN02.AR01 | ISO27001-2022: A.8.15 | AWS-Well-Architected-Framework-Security-Pillar: SEC04-BP01 | NIST-CSF-2.0: pt_1, ae_3, cm_3 | KISA-ISMS-P-2023: 2.9.4 | C5-2025: OPS-12.01B, OPS-15.01B | NIST-800-53-Revision-5: au_2_b, au_12_a, au_12_c | SOC2: cc_7_2 | HIPAA: 164_308_a_1_ii_d, 164_312_b | FFIEC: d2-ma-ma-b-2;logging | forensics-ready | gen-ai;;cloudtrail_multi_region_enabled_logging_management_events | bedrock_model_invocation_logging_enabled;"This check passes when CloudTrail captures Bedrock control-plane activity via management events or Bedrock data events via advanced selectors. It does not require multi-region coverage, and it does not by itself guarantee `InvokeModel` visibility unless Bedrock data events are selected; use `bedrock_model_invocation_logging_enabled` for model invocation logs. Additional advanced selector filters such as `eventName` or `resources.ARN` can further narrow effective coverage and should be reviewed explicitly.";5.33.1;https://docs.aws.amazon.com/bedrock/latest/userguide/logging-using-cloudtrail.html | https://docs.aws.amazon.com/awscloudtrail/latest/userguide/logging-data-events-with-cloudtrail.html;;
profile: None;2026-07-13 09:37:50.757461;735291151388;;;;;;prowler-aws-cloudtrail_cloudwatch_logging_enabled-735291151388-ap-south-1-cloudguardian-trail;aws;cloudtrail_cloudwatch_logging_enabled;CloudTrail trail has delivered logs to CloudWatch Logs in the last 24 hours;Software and Configuration Checks/AWS Security Best Practices | Software and Configuration Checks/Industry and Regulatory Standards/AWS Foundational Security Best Practices | Software and Configuration Checks/Industry and Regulatory Standards/CIS AWS Foundations Benchmark;FAIL;Single region trail cloudguardian-trail has not been logging in the last 24h or is not configured to deliver logs.;False;cloudtrail;;low;AwsCloudTrailTrail;arn:aws:cloudtrail:ap-south-1:735291151388:trail/cloudguardian-trail;cloudguardian-trail;;;aws;ap-south-1;**CloudTrail trails** are configured to send events to **CloudWatch Logs**, and show recent delivery within the last `24h`. Trails without integration or without recent CloudWatch delivery are identified, across single-Region and multi-Region trails.;"Missing or stale CloudWatch delivery weakens visibility and delays detection, impacting confidentiality and integrity. Adversaries can:
- Hide **privilege escalation**
- Perform unauthorized **resource changes**
- Exfiltrate data via API misuse";;Integrate every trail with **CloudWatch Logs** and maintain continuous, near-real-time delivery. Enforce **least privilege** on the delivery role, prefer **multi-Region** coverage, and implement **metric filters and alerts** for sensitive actions. Centralize retention to support **defense in depth**.;https://hub.prowler.com/check/cloudtrail_cloudwatch_logging_enabled;"```yaml
# CloudFormation: enable CloudTrail delivery to CloudWatch Logs
Resources:
  <example_resource_name>:
    Type: AWS::CloudTrail::Trail
    Properties:
      S3BucketName: ""<example_resource_name>""
      CloudWatchLogsLogGroupArn: ""<cloudwatch_log_group_arn>""  # CRITICAL: sends CloudTrail events to CloudWatch Logs
      CloudWatchLogsRoleArn: ""<cloudwatch_logs_role_arn>""      # CRITICAL: role CloudTrail assumes to deliver events
```";"```hcl
# Terraform: enable CloudTrail delivery to CloudWatch Logs
resource ""aws_cloudtrail"" ""<example_resource_name>"" {
  name                       = ""<example_resource_name>""
  s3_bucket_name             = ""<example_resource_name>""
  cloud_watch_logs_group_arn = ""<cloudwatch_log_group_arn>""  # CRITICAL: sends CloudTrail events to CloudWatch Logs
  cloud_watch_logs_role_arn  = ""<cloudwatch_logs_role_arn>""   # CRITICAL: role CloudTrail assumes to deliver events
}
```";aws cloudtrail update-trail --name <trail_name> --cloud-watch-logs-log-group-arn <cloudwatch_log_group_arn> --cloud-watch-logs-role-arn <cloudwatch_logs_role_arn>;"1. In AWS Console, go to CloudTrail > Trails and select the trail
2. In the CloudWatch Logs section, click Edit
3. Set CloudWatch Logs to Enabled
4. Choose an existing Log group (or create new) and select an IAM role with permissions for CreateLogStream/PutLogEvents
5. Click Save changes
6. After a few minutes, verify events appear in the chosen CloudWatch Logs log group";CIS-1.5: 3.4 | ISO27001-2013: A.12.4.Q | SecNumCloud-3.2: 12.6 | CIS-2.0: 3.4 | AWS-Foundational-Security-Best-Practices: CloudTrail.5 | KISA-ISMS-P-2023-korean: 2.9.4, 2.10.1, 2.10.2, 2.11.3 | ENS-RD2022: op.exp.8.r1.aws.ct.7, op.mon.3.aws.cwl.1 | NIST-800-171-Revision-2: 3_3_1, 3_3_2, 3_3_3, 3_3_5, 3_6_1, 3_6_2, 3_12_4 | PCI-4.0: 10.2.1.1.10, 10.2.1.2.8, 10.2.1.3.8, 10.2.1.4.8, 10.2.1.5.8, 10.2.1.6.8, 10.2.1.7.8, 10.2.1.8, 10.2.2.8, 10.3.1.8, 10.4.1.1.3, 10.6.3.10, 11.5.2.4, 11.6.1.4, 12.10.5.4, 5.3.4.9, A1.2.1.10, A3.3.1.6, A3.5.1.6 | FedRamp-Moderate-Revision-4: ac-2-4, ac-2-g, au-2-a-d, au-3, au-6-1-3, au-7-1, au-12-a-c, si-4-a-b-c | CCC-v2025.10: CCC.Core.CN09.AR02, CCC.Core.CN04.AR01, CCC.Core.CN04.AR02, CCC.Core.CN04.AR03, CCC.AuditLog.CN02.AR01, CCC.Logging.CN01.AR02, CCC.LB.CN04.AR01 | AWS-AI-Security-Framework-1.0: AISF-DETECT-01 | PCI-3.2.1: 3.2, 3.2.3, 3.4, 3.4.d, 10.1, 10.2, 10.2.1, 10.2.2, 10.2.3, 10.2.4, 10.2.6, 10.2.7, 10.3, 10.3.1, 10.3.2, 10.3.3, 10.3.4, 10.3.5, 10.3.6, 10.5, 10.5.3, 10.5.4 | ISO27001-2022: A.8.15, A.8.16 | NIST-800-53-Revision-4: ac_2_4, ac_2, au_2, au_3, au_6_1, au_6_3, au_7_1, au_12, ca_7, si_4_2, si_4_4, si_4_5, si_4 | NIS2: 3.2.3.c, 3.2.3.g, 3.4.2.c | NIST-CSF-1.1: ae_1, ae_3, cm_2, cm_5, cp_4, ra_5, sc_4, pt_1 | GDPR: article_25, article_30 | AWS-Well-Architected-Framework-Security-Pillar: SEC04-BP01 | NIST-CSF-2.0: ip_8, ae_1, ae_3, cm_1, cm_3, cm_7 | KISA-ISMS-P-2023: 2.9.4, 2.10.1, 2.10.2, 2.11.3 | C5-2025: OIS-04.01AC, OIS-05.02B, AM-01.01AC, OPS-11.02AC, OPS-13.01B, OPS-13.02B, OPS-15.01B, OPS-15.02B, OPS-15.03B, OPS-15.01AC, OPS-26.05B, OPS-26.01AS, IAM-07.04B, SSO-05.01AC, SIM-02.01B, SIM-03.07B, COM-04.01AC, PSS-04.01B, PSS-04.05B, PSS-12.03AC | NIST-800-53-Revision-5: ac_2_4, ac_3_1, ac_3_10, ac_4_26, ac_6_9, au_2_b, au_3_a, au_3_b, au_3_c, au_3_d, au_3_e, au_3_f, au_4_1, au_6_1, au_6_3, au_6_4, au_6_5, au_6_6, au_6_9, au_7_1, au_8_b, au_9_7, au_10, au_12_a, au_12_c, au_12_1, au_12_2, au_12_3, au_12_4, au_14_a, au_14_b, au_14_3, au_16, ca_7_b, cm_5_1_b, cm_6_a, cm_9_b, ia_3_3_b, ma_4_1_a, pm_14_a_1, pm_14_b, pm_31, sc_7_9_b, si_1_1_c, si_3_8_b, si_4_2, si_4_17, si_4_20, si_7_8, si_10_1_c | SOC2: cc_7_2, cc_7_3, cc_a_1_1, pi_1_3 | RBI-Cyber-Security-Framework: annex_i_7_4 | AWS-Well-Architected-Framework-Reliability-Pillar: REL06-BP01 | CIS-1.4: 3.4 | HIPAA: 164_308_a_1_ii_d, 164_308_a_6_ii, 164_312_b, 164_312_e_2_i | GxP-21-CFR-Part-11: 11.10-e, 11.10-k, 11.300-d | FFIEC: d2-is-is-b-1, d2-ma-ma-b-1, d2-ma-ma-b-2, d3-dc-an-b-3, d3-dc-an-b-4, d3-dc-an-b-5, d3-dc-ev-b-1, d3-pc-im-b-3, d3-pc-im-b-7, d5-dr-de-b-3 | FedRAMP-20x-KSI-Low-25.05C: ksi-mla;logging | forensics-ready;;;;5.33.1;https://docs.aws.amazon.com/awscloudtrail/latest/userguide/send-cloudtrail-events-to-cloudwatch-logs.html;;
profile: None;2026-07-13 09:37:50.757461;735291151388;;;;;;prowler-aws-cloudtrail_kms_encryption_enabled-735291151388-ap-south-1-cloudguardian-trail;aws;cloudtrail_kms_encryption_enabled;CloudTrail trail logs are encrypted at rest with a KMS key;Software and Configuration Checks/AWS Security Best Practices | Software and Configuration Checks/Industry and Regulatory Standards/AWS Foundational Security Best Practices | Software and Configuration Checks/Industry and Regulatory Standards/CIS AWS Foundations Benchmark;FAIL;Single region trail cloudguardian-trail has encryption disabled.;False;cloudtrail;;medium;AwsCloudTrailTrail;arn:aws:cloudtrail:ap-south-1:735291151388:trail/cloudguardian-trail;cloudguardian-trail;;;aws;ap-south-1;**AWS CloudTrail trails** are evaluated for use of **SSE-KMS** with a customer-managed KMS key to encrypt delivered log files at rest in S3. Trails without a configured KMS key are identified. *Applies to single-Region and multi-Region trails.*;Absent a **customer-managed KMS key**, log protection relies only on storage permissions. Bucket misconfigurations or stolen credentials can expose audit data, aiding evasion and lateral movement. Missing key-level controls, rotation, and usage audit weaken **confidentiality** and **forensic integrity**.;;Enable **SSE-KMS** on every trail using a **customer-managed KMS key**. Apply **least privilege** so only authorized roles can `Decrypt`, and enforce **separation of duties** between key admins and log readers. Rotate keys and monitor key usage to provide **defense in depth** for CloudTrail data.;https://hub.prowler.com/check/cloudtrail_kms_encryption_enabled;"```yaml
# CloudFormation: enable KMS encryption for an existing/new CloudTrail
Resources:
  <example_resource_name>:
    Type: AWS::CloudTrail::Trail
    Properties:
      S3BucketName: <example_resource_name>
      KmsKeyId: <example_resource_id>  # Critical: sets the KMS key to encrypt CloudTrail logs at rest
```";"```hcl
# Enable KMS encryption for CloudTrail
resource ""aws_cloudtrail"" ""<example_resource_name>"" {
  name           = ""<example_resource_name>""
  s3_bucket_name = ""<example_resource_name>""
  kms_key_id     = ""<example_resource_id>"" # Critical: uses this KMS key to encrypt CloudTrail logs
}
```";aws cloudtrail update-trail --name <trail_name> --kms-key-id <kms_key_arn_or_id>;"1. In the AWS Console, go to CloudTrail > Trails
2. Select the trail <trail_name>, click Edit
3. Under Log file encryption, choose Use a KMS key and select <cloudtrail_kms_key>
4. Click Save changes";CIS-6.0: 4.5 | CIS-1.5: 3.7 | FedRAMP-Low-Revision-4: au-9 | SecNumCloud-3.2: 12.7 | AWS-Foundational-Technical-Review: SDAT-002 | CIS-7.0: 4.5 | CIS-2.0: 3.7 | AWS-Foundational-Security-Best-Practices: CloudTrail.2 | KISA-ISMS-P-2023-korean: 2.7.2, 2.10.1, 2.10.2 | CIS-4.0.1: 3.5 | ENS-RD2022: op.exp.8.r4.aws.ct.4, op.exp.8.r4.aws.ct.7 | CISA: your-systems-3, your-data-1 | GxP-EU-Annex-11: 7.1-data-storage-damage-protection | NIST-800-171-Revision-2: 3_3_8, 3_13_11, 3_13_16 | PCI-4.0: 10.3.2.4, 10.3.3.6, 10.3.4.5, 3.5.1.5, 8.3.2.9, A1.2.1.11 | FedRamp-Moderate-Revision-4: au-9, sc-28 | CCC-v2025.10: CCC.Core.CN09.AR01, CCC.Core.CN09.AR02, CCC.Core.CN02.AR01 | AWS-AI-Security-Framework-1.0: AISF-INFRA-05, AISF-DETECT-01 | CIS-3.0: 3.5 | PCI-3.2.1: 3.4, 3.4.1, 3.4.1.a, 3.4.1.c, 3.4.a, 3.4.b, 3.4.d, 8.2, 8.2.1, 8.2.1.a | ISO27001-2022: A.8.11, A.8.15, A.8.16, A.8.24 | NIST-800-53-Revision-4: au_9, sc_28 | NIS2: 9.2.a | NIST-CSF-1.1: ds_1 | GDPR: article_25, article_30, article_32 | AWS-Well-Architected-Framework-Security-Pillar: SEC08-BP02 | NIST-CSF-2.0: ds_1, ds_5, pt_1, pt_4 | KISA-ISMS-P-2023: 2.7.2, 2.10.1, 2.10.2 | C5-2025: OIS-08.02B, OPS-11.02AC, OPS-13.03B, OPS-26.01AS, OPS-31.01B, IAM-07.03B, IAM-08.06B, CRY-01.02AC, CRY-05.02B, CRY-05.01AC, CRY-10.01AC, CRY-11.01B, SIM-03.06B, SIM-03.07B, COM-04.01AC, PSS-04.04B, PSS-12.02B, PSS-12.03AC | NIST-800-53-Revision-5: au_9_3, cm_6_a, cm_9_b, cp_9_d, sc_8_3, sc_8_4, sc_13_a, sc_28_1, si_19_4 | RBI-Cyber-Security-Framework: annex_i_1_3 | ProwlerThreatScore-1.0: 4.2.3 | CIS-5.0: 3.5 | CIS-1.4: 3.7 | HIPAA: 164_308_a_1_ii_b, 164_308_a_1_ii_d, 164_308_a_4_ii_a, 164_312_a_2_iv, 164_312_c_1, 164_312_c_2, 164_312_e_2_ii | GxP-21-CFR-Part-11: 11.10-c, 11.30 | FedRAMP-20x-KSI-Low-25.05C: ksi-mla, ksi-svc;encryption;;;;5.33.1;https://docs.aws.amazon.com/awscloudtrail/latest/userguide/encrypting-cloudtrail-log-files-with-aws-kms.html | https://trendmicro.com/trendaivisiononecloudriskmanagement/knowledge-base/aws/CloudTrail/cloudtrail-logs-encrypted.html | https://www.stream.security/rules/ensure-cloudtrail-logs-are-encrypted-at-rest | https://www.clouddefense.ai/compliance-rules/cis-v130/logging/cis-v130-3-7;;
profile: None;2026-07-13 09:37:50.757461;735291151388;;;;;;prowler-aws-cloudtrail_log_file_validation_enabled-735291151388-ap-south-1-cloudguardian-trail;aws;cloudtrail_log_file_validation_enabled;CloudTrail trail has log file validation enabled;Software and Configuration Checks/AWS Security Best Practices | Software and Configuration Checks/Industry and Regulatory Standards/AWS Foundational Security Best Practices | Software and Configuration Checks/Industry and Regulatory Standards/CIS AWS Foundations Benchmark;FAIL;Single region trail cloudguardian-trail has log file validation disabled.;False;cloudtrail;;medium;AwsCloudTrailTrail;arn:aws:cloudtrail:ap-south-1:735291151388:trail/cloudguardian-trail;cloudguardian-trail;;;aws;ap-south-1;"**AWS CloudTrail trails** are evaluated for **log file integrity validation** being enabled (`LogFileValidationEnabled`).

When enabled, CloudTrail generates signed digest files to verify that S3-delivered log files remain unchanged.";"Without validation, adversaries can alter, forge, or delete audit entries without detection, compromising log **integrity** and non-repudiation.

This impairs investigations, enables alert evasion, and obscures unauthorized changes across regions or accounts.";;"Enable **log file integrity validation** on all trails (`LogFileValidationEnabled=true`).

Enforce **least privilege** on the logs bucket, retain and protect digest files (e.g., S3 Object Lock/MFA Delete), and monitor validation results to support **defense in depth**.";https://hub.prowler.com/check/cloudtrail_log_file_validation_enabled;"```yaml
# CloudFormation: Enable log file validation on a CloudTrail trail
Resources:
  <example_resource_name>:
    Type: AWS::CloudTrail::Trail
    Properties:
      S3BucketName: <example_resource_name>
      EnableLogFileValidation: true  # Critical: enables integrity validation for delivered log files
```";"```hcl
# Enable log file validation on a CloudTrail trail
resource ""aws_cloudtrail"" ""<example_resource_name>"" {
  name               = ""<example_resource_name>""
  s3_bucket_name     = ""<example_resource_name>""
  enable_log_file_validation = true  # Critical: ensures CloudTrail writes signed digests to detect tampering
}
```";aws cloudtrail update-trail --name <trail_name> --enable-log-file-validation;"1. Open the AWS Console and go to CloudTrail
2. Click Trails and select <trail_name>
3. Click Edit
4. In Additional/Advanced settings, check Enable log file validation
5. Click Save changes";CIS-6.0: 4.2 | CIS-1.5: 3.2 | FedRAMP-Low-Revision-4: ac-2, au-2, au-9 | SecNumCloud-3.2: 10.4, 12.7, 16.6 | CIS-7.0: 4.2 | CIS-2.0: 3.2 | AWS-Foundational-Security-Best-Practices: CloudTrail.4 | KISA-ISMS-P-2023-korean: 2.9.4, 2.10.1, 2.10.2 | CIS-4.0.1: 3.2 | ENS-RD2022: op.exp.8.aws.ct.3 | CISA: your-systems-3 | NIST-800-171-Revision-2: 3_3_8, 3_13_1 | PCI-4.0: 10.3.2.5, 10.3.3.7, 10.3.4.6, A1.2.1.12 | FedRamp-Moderate-Revision-4: au-9, si-7-1, si-7 | CCC-v2025.10: CCC.Core.CN09.AR01, CCC.Core.CN09.AR02, CCC.Core.CN09.AR03, CCC.Core.CN04.AR01, CCC.AuditLog.CN01.AR01, CCC.AuditLog.CN01.AR02 | AWS-AI-Security-Framework-1.0: AISF-DETECT-01 | CIS-3.0: 3.2 | PCI-3.2.1: 10.5, 10.5.2, 10.5.5 | ISO27001-2022: A.8.15, A.8.16 | NIST-800-53-Revision-4: si_7_1, si_7 | NIS2: 3.4.2.d | NIST-CSF-1.1: ds_6, ds_7 | GDPR: article_25, article_32 | AWS-Well-Architected-Framework-Security-Pillar: SEC06-BP01, SEC06-BP06 | NIST-CSF-2.0: ds_6, pt_1 | KISA-ISMS-P-2023: 2.9.4, 2.10.1, 2.10.2 | C5-2025: AM-01.01AC, OPS-11.02AC, OPS-13.01AC, OPS-15.02AC, OPS-26.05B, OPS-26.01AS, DEV-08.02B, SIM-01.02AC, SIM-03.07B, COM-04.01AC, PSS-12.03AC | NIST-800-53-Revision-5: au_9_a, cm_6_a, cm_9_b, pm_11_b, pm_17_b, sa_1_1, sa_10_1, sc_16_1, si_1_a_2, si_4_d, si_7_1, si_7_3, si_7_7, si_7_a | SOC2: cc_7_3, pi_1_3 | ProwlerThreatScore-1.0: 3.1.2 | CIS-5.0: 3.2 | CIS-1.4: 3.2 | HIPAA: 164_308_a_1_ii_b, 164_308_a_1_ii_d, 164_312_b, 164_312_c_1, 164_312_c_2 | GxP-21-CFR-Part-11: 11.10-a, 11.30 | FedRAMP-20x-KSI-Low-25.05C: ksi-cmt, ksi-mla;logging | forensics-ready;;;;5.33.1;https://docs.aws.amazon.com/awscloudtrail/latest/userguide/cloudtrail-log-file-validation-intro.html | https://docs.aws.amazon.com/awscloudtrail/latest/userguide/cloudtrail-log-file-validation-enabling.html | https://www.trendmicro.com/trendaivisiononecloudriskmanagement/knowledge-base/aws/CloudTrail/cloudtrail-log-file-integrity-validation.html | https://deepwiki.com/acantril/learn-cantrill-io-labs/7.1-cloudtrail-log-file-integrity;;
profile: None;2026-07-13 09:37:50.757461;735291151388;;;;;;prowler-aws-cloudtrail_logs_s3_bucket_access_logging_enabled-735291151388-ap-south-1-cloudguardian-trail;aws;cloudtrail_logs_s3_bucket_access_logging_enabled;CloudTrail trail destination S3 bucket has access logging enabled;Software and Configuration Checks/AWS Security Best Practices | Software and Configuration Checks/Industry and Regulatory Standards/AWS Foundational Security Best Practices | Software and Configuration Checks/Industry and Regulatory Standards/CIS AWS Foundations Benchmark;FAIL;Single region Trail cloudguardian-trail S3 bucket access logging is not enabled for bucket cloudguardian-data-dd2b6927.;False;cloudtrail;;medium;AwsCloudTrailTrail;arn:aws:cloudtrail:ap-south-1:735291151388:trail/cloudguardian-trail;cloudguardian-trail;;;aws;ap-south-1;"CloudTrail trails deliver logs to an S3 bucket; this evaluates whether that bucket has **S3 server access logging** enabled to record requests against it.

*If the destination bucket is outside the account or audit scope, a manual review is indicated.*";Without access logging on the CloudTrail logs bucket, access and changes to log files lack an independent audit trail. Attackers could read, delete, or replace logs without attribution, undermining **log confidentiality** and **integrity**, and slowing **incident response**.;;Enable **S3 server access logging** on the CloudTrail logs bucket and write logs to a separate, tightly controlled bucket. Apply **least privilege**, enable **versioning**, and consider **Object Lock** to deter tampering. Centralize monitoring to support defense-in-depth and rapid investigation.;https://hub.prowler.com/check/cloudtrail_logs_s3_bucket_access_logging_enabled;"```yaml
# CloudFormation: enable S3 access logging on the CloudTrail destination bucket
Resources:
  <example_log_bucket_name>:
    Type: AWS::S3::Bucket

  <example_cloudtrail_bucket>:
    Type: AWS::S3::Bucket
    Properties:
      LoggingConfiguration:
        DestinationBucketName: !Ref <example_log_bucket_name>  # Critical: turns on server access logging to this destination bucket
        # This enables access logging so the check passes
```";"```hcl
# Enable access logging on the CloudTrail S3 bucket
resource ""aws_s3_bucket"" ""<example_log_bucket_name>"" {
  bucket = ""<example_log_bucket_name>""
}

resource ""aws_s3_bucket"" ""<example_bucket_name>"" {
  bucket = ""<example_bucket_name>""
}

resource ""aws_s3_bucket_logging"" ""<example_resource_name>"" {
  bucket        = aws_s3_bucket.<example_bucket_name>.id
  target_bucket = aws_s3_bucket.<example_log_bucket_name>.id  # Critical: enables server access logging to the target bucket
}
```";"aws s3api put-bucket-logging --bucket <CLOUDTRAIL_BUCKET_NAME> --bucket-logging-status ""{\""LoggingEnabled\"":{\""TargetBucket\"":\""<TARGET_BUCKET_NAME>\""}}""";"1. In the AWS Console, go to S3 and open the bucket used by your CloudTrail trail
2. Select the Properties tab
3. In Server access logging, click Edit
4. Enable logging and choose a different destination S3 bucket for the logs
5. Click Save changes";CIS-6.0: 4.4 | CIS-1.5: 3.6 | ISO27001-2013: A.12.4.O | SecNumCloud-3.2: 12.7 | CIS-7.0: 4.4 | CIS-2.0: 3.6 | AWS-Foundational-Security-Best-Practices: CloudTrail.7 | KISA-ISMS-P-2023-korean: 2.9.4, 2.10.1, 2.10.2, 2.11.3 | CIS-4.0.1: 3.4 | ENS-RD2022: op.exp.8.r1.aws.ct.6, op.exp.8.r4.aws.ct.5 | AWS-Account-Security-Onboarding: Send S3 access logs for critical buckets to separate S3 bucket, Confirm that logs are present in S3 bucket and SIEM | CCC-v2025.10: CCC.Core.CN09.AR01, CCC.AuditLog.CN04.AR01 | AWS-AI-Security-Framework-1.0: AISF-DETECT-01 | CIS-3.0: 3.4 | ISO27001-2022: A.8.15, A.8.16 | NIS2: 3.2.3.c, 11.1.1, 11.2.2.f | GDPR: article_25 | AWS-Well-Architected-Framework-Security-Pillar: SEC04-BP01 | NIST-CSF-2.0: pt_1 | KISA-ISMS-P-2023: 2.9.4, 2.10.1, 2.10.2, 2.11.3 | C5-2025: AM-01.01AC, OPS-11.02AC, OPS-15.01B, OPS-15.02B, OPS-15.03B, OPS-15.01AC, OPS-26.05B, OPS-26.01AS, IAM-07.04B, IAM-10.01B, SSO-05.01AC, SIM-03.07B, COM-04.01AC, INQ-04.01AC, PSS-04.05B, PSS-12.03AC | SOC2: cc_a_1_1 | ProwlerThreatScore-1.0: 3.1.3 | CIS-5.0: 3.4 | CIS-1.4: 3.6;logging | forensics-ready;;;;5.33.1;https://docs.aws.amazon.com/securityhub/latest/userguide/cloudtrail-controls.html | https://docs.aws.amazon.com/AmazonS3/latest/dev/security-best-practices.html;;
profile: None;2026-07-13 09:37:50.757461;735291151388;;;;;;prowler-aws-cloudtrail_logs_s3_bucket_is_not_publicly_accessible-735291151388-ap-south-1-cloudguardian-trail;aws;cloudtrail_logs_s3_bucket_is_not_publicly_accessible;CloudTrail trail S3 bucket is not publicly accessible;Software and Configuration Checks/AWS Security Best Practices/Network Reachability | Software and Configuration Checks/Industry and Regulatory Standards/AWS Foundational Security Best Practices | Software and Configuration Checks/Industry and Regulatory Standards/CIS AWS Foundations Benchmark | Effects/Data Exposure;PASS;S3 Bucket cloudguardian-data-dd2b6927 from single region trail cloudguardian-trail is not publicly accessible.;False;cloudtrail;;critical;AwsS3Bucket;arn:aws:cloudtrail:ap-south-1:735291151388:trail/cloudguardian-trail;cloudguardian-trail;;;aws;ap-south-1;"CloudTrail log destination **S3 buckets** are inspected for ACL grants that expose data to the public `AllUsers` group.

Buckets hosted in other accounts are flagged for out-of-scope review.";"Exposed CloudTrail logs erode **confidentiality** and **integrity**.

Adversaries can harvest API activity to map accounts, roles, and keys, enabling **reconnaissance** and evasion. If write is allowed, logs can be **poisoned** or deleted, thwarting investigations and compromising incident timelines.";;"Apply **least privilege** to the log bucket:
- Enable S3 `Block Public Access` (account and bucket)
- Remove `AllUsers`/`AuthenticatedUsers` ACLs; avoid wildcard principals
- Permit only CloudTrail and constrain with `aws:SourceArn`

Use a dedicated private bucket and monitor for permission changes.";https://hub.prowler.com/check/cloudtrail_logs_s3_bucket_is_not_publicly_accessible;"```yaml
# CloudFormation: ensure the CloudTrail S3 bucket ACL is not public
Resources:
  CloudTrailLogsBucket:
    Type: AWS::S3::Bucket
    Properties:
      BucketName: <example_resource_name>
      AccessControl: Private  # CRITICAL: sets bucket ACL to private, removing any AllUsers (public) grants
```";"```hcl
# Ensure the CloudTrail S3 bucket ACL is private
resource ""aws_s3_bucket_acl"" ""fix_cloudtrail_logs_bucket"" {
  bucket = ""<example_resource_name>""
  acl    = ""private""  # CRITICAL: removes any public (AllUsers) ACL grants
}
```";aws s3api put-bucket-acl --bucket <example_resource_name> --acl private;"1. Open the AWS S3 Console
2. Select the bucket used by CloudTrail
3. Go to Permissions > Access control list (ACL)
4. Click Edit under Public access, remove any grants to ""Everyone (public access)"" (uncheck Read/Write)
5. Save changes";CIS-1.5: 3.3 | ISO27001-2013: A.12.4.S, A.12.6.J | SecNumCloud-3.2: 12.7 | CIS-2.0: 3.3 | AWS-Foundational-Security-Best-Practices: CloudTrail.6 | KISA-ISMS-P-2023-korean: 2.6.1, 2.10.1 | ENS-RD2022: op.exp.8.aws.ct.4, op.exp.8.r4.aws.ct.2, op.exp.8.r4.aws.ct.6 | CCC-v2025.10: CCC.Core.CN09.AR01, CCC.AuditLog.CN09.AR01, CCC.AuditLog.CN10.AR01, CCC.AuditLog.CN10.AR02, CCC.Logging.CN04.AR01, CCC.Logging.CN05.AR01, CCC.Logging.CN05.AR02 | AWS-AI-Security-Framework-1.0: AISF-DETECT-01 | ISO27001-2022: A.8.1, A.8.15, A.8.16 | NIS2: 3.2.3.c | GDPR: article_25 | AWS-Well-Architected-Framework-Security-Pillar: SEC03-BP07 | NIST-CSF-2.0: ds_5, pt_1 | KISA-ISMS-P-2023: 2.6.1, 2.10.1 | C5-2025: AM-01.01AC, PS-03.02B, OPS-11.01AC, OPS-11.02AC, OPS-13.03B, OPS-26.05B, OPS-26.01AS, IAM-10.01B, COS-02.01B, SIM-03.06B, SIM-03.07B, COM-04.01AC, PSS-12.03AC | ProwlerThreatScore-1.0: 2.2.5 | CIS-1.4: 3.3;internet-exposed;s3_bucket_public_access;;;5.33.1;https://www.trendmicro.com/trendaivisiononecloudriskmanagement/knowledge-base/aws/CloudTrail/cloudtrail-bucket-publicly-accessible.html | https://docs.aws.amazon.com/AmazonS3/latest/userguide/access-control-block-public-access.html | https://docs.aws.amazon.com/config/latest/developerguide/cloudtrail-s3-bucket-public-access-prohibited.html | https://docs.panther.com/alerts/alert-runbooks/built-in-policies/aws-cloudtrail-logs-s3-bucket-not-publicly-accessible;;
profile: None;2026-07-13 09:37:50.757461;735291151388;;;;;;prowler-aws-cloudtrail_multi_region_enabled-735291151388-ap-south-1-cloudguardian-trail;aws;cloudtrail_multi_region_enabled;Region has at least one CloudTrail trail logging;Software and Configuration Checks/AWS Security Best Practices | Software and Configuration Checks/Industry and Regulatory Standards/AWS Foundational Security Best Practices | Software and Configuration Checks/Industry and Regulatory Standards/CIS AWS Foundations Benchmark;PASS;Trail cloudguardian-trail is not multiregion and it is logging.;False;cloudtrail;;high;AwsCloudTrailTrail;arn:aws:cloudtrail:ap-south-1:735291151388:trail/cloudguardian-trail;cloudguardian-trail;;;aws;ap-south-1;**AWS CloudTrail** has at least one trail with `logging` enabled in every region. A **multi-region trail** or a regional trail counts for coverage in that region.;"Missing coverage in any region creates **visibility gaps**.

Attackers can use lesser-monitored regions to run API actions, hide **unauthorized changes**, and exfiltrate data without audit trails, weakening **detective controls**, hindering **forensics**, and delaying response (confidentiality and integrity).";;"Use a **multi-region CloudTrail trail** or per-region trails so `logging` is active in every region, including unused ones.

Centralize logs, enforce **least privilege** to log stores, and add **defense-in-depth** with encryption, integrity validation, and retention. Continuously monitor trail health to catch gaps.";https://hub.prowler.com/check/cloudtrail_multi_region_enabled;"```yaml
# CloudFormation: Create a multi-region CloudTrail and start logging
Resources:
  <example_resource_name>:
    Type: AWS::CloudTrail::Trail
    Properties:
      TrailName: <example_resource_name>
      S3BucketName: <example_resource_name>
      IsMultiRegionTrail: true  # Critical: applies the trail to all regions
      IsLogging: true           # Critical: ensures the trail is logging
```";"```hcl
# Terraform: Multi-region CloudTrail with logging enabled
resource ""aws_cloudtrail"" ""<example_resource_name>"" {
  name           = ""<example_resource_name>""
  s3_bucket_name = ""<example_resource_name>""

  is_multi_region_trail = true  # Critical: applies the trail to all regions
  enable_logging        = true  # Critical: ensures the trail is logging
}
```";;"1. In the AWS Console, go to CloudTrail > Trails
2. If no trail exists: Click Create trail, enter a name, choose an S3 bucket, set Apply trail to all regions = Yes, then Create (logging starts)
3. If a trail exists: Select it, click Edit, set Apply trail to all regions = Yes, Save
4. If Status shows Not logging, click Start logging";CIS-6.0: 4.1 | CIS-1.5: 3.1 | FedRAMP-Low-Revision-4: ac-2, au-2, ca-7 | ISO27001-2013: A.12.4.T | SecNumCloud-3.2: 12.2, 12.6, 14.2, 16.6 | CIS-7.0: 4.1 | CIS-2.0: 3.1 | AWS-Foundational-Security-Best-Practices: CloudTrail.1 | KISA-ISMS-P-2023-korean: 2.9.4, 2.10.1, 2.10.2 | CIS-4.0.1: 3.1 | ENS-RD2022: op.acc.6.r5.aws.iam.1, op.exp.5.aws.ct.1, op.exp.8.aws.ct.1, op.exp.8.aws.ct.6, op.exp.9.aws.ct.1, op.mon.1.aws.ct.1 | CISA: your-systems-3, your-data-2 | AWS-Account-Security-Onboarding: Enable as part of Organization trail | GxP-EU-Annex-11: 1-risk-management, 4.2-validation-documentation-change-control | NIST-800-171-Revision-2: 3_1_12, 3_3_1, 3_3_2, 3_3_3, 3_4_1, 3_6_1, 3_6_2, 3_13_1, 3_13_2, 3_14_6, 3_14_7 | PCI-4.0: 10.2.1.1.22, 10.2.1.2.19, 10.2.1.3.19, 10.2.1.4.19, 10.2.1.5.19, 10.2.1.6.19, 10.2.1.7.19, 10.2.1.19, 10.2.2.19, 10.3.1.19, 10.6.3.24, 5.3.4.22, A1.2.1.23 | FedRamp-Moderate-Revision-4: ac-2-4, ac-2-g, au-2-a-d, au-3, au-6-1-3, au-12-a-c, ca-7-a-b, si-4-16, si-4-2, si-4-4, si-4-5 | CCC-v2025.10: CCC.Core.CN09.AR02, CCC.Core.CN04.AR01, CCC.Core.CN04.AR03, CCC.AuditLog.CN02.AR01, CCC.AuditLog.CN05.AR01, CCC.Logging.CN01.AR01, CCC.IAM.CN10.AR02 | AWS-AI-Security-Framework-1.0: AISF-DETECT-01 | CIS-3.0: 3.1 | PCI-3.2.1: 3.2, 3.2.3, 3.4, 3.4.d, 10.1, 10.2, 10.2.1, 10.2.2, 10.2.3, 10.2.4, 10.2.6, 10.2.7, 10.3, 10.3.1, 10.3.2, 10.3.3, 10.3.4, 10.3.5, 10.3.6, 10.5, 10.5.4 | NIST-800-53-Revision-4: ac_2_4, ac_2, au_2, au_3, au_12, cm_2 | NIST-CSF-1.1: ae_1, ae_3, ae_4, cm_1, cm_3, cm_6, cm_7, am_3, ac_6, ds_5, ma_2, pt_1 | GDPR: article_25, article_30 | AWS-Well-Architected-Framework-Security-Pillar: SEC04-BP02, SEC04-BP03 | KISA-ISMS-P-2023: 2.9.4, 2.10.1, 2.10.2 | C5-2025: OIS-05.01B, OIS-05.02B, PS-02.01B, PS-02.01AS, PS-02.02AS, OPS-15.03B, IAM-07.04B, DEV-08.02B, SIM-03.06B, SIM-03.07B, COM-04.01AC, PSS-12.03AC | NIST-800-53-Revision-5: ac_2_4, ac_3_1, ac_3_10, ac_4_26, ac_6_9, au_2_b, au_3_1, au_3_a, au_3_b, au_3_c, au_3_d, au_3_e, au_3_f, au_6_3, au_6_4, au_6_6, au_6_9, au_8_b, au_10, au_12_a, au_12_c, au_12_1, au_12_2, au_12_3, au_12_4, au_14_a, au_14_b, au_14_3, ca_7_b, cm_5_1_b, cm_6_a, cm_9_b, ia_3_3_b, ma_4_1_a, pm_14_a_1, pm_14_b, pm_31, sc_7_9_b, si_1_1_c, si_3_8_b, si_4_2, si_4_17, si_4_20, si_7_8, si_10_1_c | SOC2: cc_2_1, cc_7_2, cc_a_1_1, pi_1_3 | RBI-Cyber-Security-Framework: annex_i_7_4 | ProwlerThreatScore-1.0: 3.1.1 | CIS-5.0: 3.1 | CIS-1.4: 3.1 | HIPAA: 164_308_a_1_ii_d, 164_308_a_3_ii_a, 164_308_a_6_ii, 164_312_b, 164_312_e_2_i | GxP-21-CFR-Part-11: 11.10-e, 11.10-k, 11.300-d | FFIEC: d2-ma-ma-b-1, d2-ma-ma-b-2, d3-dc-an-b-3, d3-dc-an-b-4, d3-dc-an-b-5, d3-dc-ev-b-1, d3-dc-ev-b-3, d3-pc-im-b-3, d3-pc-im-b-7, d5-dr-de-b-3 | FedRAMP-20x-KSI-Low-25.05C: ksi-cmt, ksi-mla, ksi-mla-07;logging | forensics-ready;;;;5.33.1;https://docs.aws.amazon.com/awscloudtrail/latest/userguide/cloudtrailconcepts.html#cloudtrail-concepts-management-events;;
profile: None;2026-07-13 09:37:50.757461;735291151388;;;;;;prowler-aws-cloudtrail_multi_region_enabled_logging_management_events-735291151388-ap-south-1-cloudguardian-trail;aws;cloudtrail_multi_region_enabled_logging_management_events;CloudTrail trail logs management events for read and write operations;Software and Configuration Checks/AWS Security Best Practices | Software and Configuration Checks/Industry and Regulatory Standards/AWS Foundational Security Best Practices | Software and Configuration Checks/Industry and Regulatory Standards/CIS AWS Foundations Benchmark;PASS;Trail cloudguardian-trail in region ap-south-1 is logging and have management events enabled.;False;cloudtrail;;low;AwsCloudTrailTrail;arn:aws:cloudtrail:ap-south-1:735291151388:trail/cloudguardian-trail;cloudguardian-trail;;;aws;ap-south-1;**CloudTrail trails** record **management events** (`read` and `write`) in every AWS region and are actively logging, using a multi-region trail or per-region coverage.;"Without region-wide management event logging, changes to identities, networking, and audit settings can go untracked.

Adversaries can operate in overlooked regions to create resources, modify permissions, or disable logging, undermining **integrity**, **confidentiality**, and incident response.";;"Enable a **multi-region CloudTrail** that logs **management events** for `read` and `write` in all regions.

Centralize logs in a separate, locked-down account; apply **least privilege**, encryption, retention, and integrity validation; and protect trails and storage with tamper-evident, deny-delete controls for **defense-in-depth**.";https://hub.prowler.com/check/cloudtrail_multi_region_enabled_logging_management_events;"```yaml
# CloudFormation: enable multi-region and log management events (read & write)
Resources:
  <example_resource_name>:
    Type: AWS::CloudTrail::Trail
    Properties:
      S3BucketName: <example_resource_name>
      IsMultiRegionTrail: true  # CRITICAL: apply the trail to all regions
      EventSelectors:
        - IncludeManagementEvents: true  # CRITICAL: log management events
          ReadWriteType: All             # CRITICAL: log both read and write
```";"```hcl
# Terraform: enable multi-region and log management events (read & write)
resource ""aws_cloudtrail"" ""<example_resource_name>"" {
  name           = ""<example_resource_name>""
  s3_bucket_name = ""<example_resource_name>""

  is_multi_region_trail = true  # CRITICAL: apply the trail to all regions

  event_selector {
    include_management_events = true  # CRITICAL: log management events
    read_write_type           = ""All"" # CRITICAL: log both read & write
  }
}
```";;"1. In the AWS Console, go to CloudTrail > Trails and select your trail
2. Click Edit
3. Set Apply trail to all regions to Yes
4. Under Management events, set Read/write events to All
5. Click Save changes
6. If Logging is Off, click Start logging";SecNumCloud-3.2: 12.2, 12.6 | KISA-ISMS-P-2023-korean: 2.9.4, 2.10.1, 2.10.2, 2.11.3 | AWS-Account-Security-Onboarding: Enable as part of Organization trail | CCC-v2025.10: CCC.Core.CN04.AR01, CCC.Core.CN04.AR02, CCC.AuditLog.CN02.AR01, CCC.Logging.CN01.AR01, CCC.IAM.CN10.AR02 | AWS-AI-Security-Framework-1.0: AISF-DETECT-01 | ISO27001-2022: A.8.15, A.8.16 | NIS2: 3.1.2.a, 3.2.3.c, 3.4.2.c | NIST-CSF-2.0: po_4, ov_3, pt_1, ae_1, ae_3, cm_1, cm_3, dp_4 | KISA-ISMS-P-2023: 2.9.4, 2.10.1, 2.10.2, 2.11.3 | C5-2025: OIS-05.02B, AM-01.01AC, PS-02.01B, PS-02.01AS, PS-02.02AS, OPS-11.02AC, OPS-12.01B, OPS-13.02B, OPS-13.01AC, OPS-13.03AC, OPS-15.01B, OPS-15.02B, OPS-15.03B, OPS-15.01AC, OPS-26.05B, OPS-26.01AS, IAM-07.04B, DEV-08.02B, SSO-05.01AC, SIM-03.06B, SIM-03.07B, COM-04.01AC, PSS-04.05B, PSS-12.02AC, PSS-12.03AC;logging | forensics-ready;;;;5.33.1;https://docs.aws.amazon.com/awscloudtrail/latest/userguide/cloudtrail-concepts.html#cloudtrail-concepts-management-events | https://docs.aws.amazon.com/awscloudtrail/latest/userguide/receive-cloudtrail-log-files-from-multiple-regions.html;;
profile: None;2026-07-13 09:37:50.757461;735291151388;;;;;;prowler-aws-cloudtrail_s3_dataevents_read_enabled-735291151388-ap-south-1-735291151388;aws;cloudtrail_s3_dataevents_read_enabled;CloudTrail trail records S3 object-level read events for all S3 buckets;Software and Configuration Checks/AWS Security Best Practices | Software and Configuration Checks/Industry and Regulatory Standards/AWS Foundational Security Best Practices;FAIL;No CloudTrail trails have a data event to record all S3 object-level API operations.;False;cloudtrail;;low;AwsCloudTrailTrail;arn:aws:cloudtrail:ap-south-1:735291151388:trail;735291151388;;;aws;ap-south-1;**CloudTrail trails** log **S3 object-level read data events** for all buckets, capturing object access (for example `GetObject`) via selectors targeting `AWS::S3::Object`;Without **object-level read logging**, S3 access is opaque. Attackers or insiders can exfiltrate data via `GetObject` without audit trails, eroding **confidentiality** and hindering **forensics**, anomaly detection, and incident response.;;Enable CloudTrail **data events** for S3 objects with `ReadOnly` (or `All`) across all current and future buckets. Use a multi-Region trail, centralize logs in an encrypted bucket with lifecycle retention, and integrate monitoring/alerts to support **defense in depth** and accountable access.;https://hub.prowler.com/check/cloudtrail_s3_dataevents_read_enabled;"```yaml
# CloudFormation: enable S3 object-level READ data events for all buckets on a trail
Resources:
  <example_resource_name>:
    Type: AWS::CloudTrail::Trail
    Properties:
      S3BucketName: <example_resource_name>
      EventSelectors:
        - ReadWriteType: ReadOnly        # CRITICAL: log read-only data events
          DataResources:
            - Type: AWS::S3::Object      # CRITICAL: target S3 object-level events
              Values:
                - arn:aws:s3             # CRITICAL: applies to all S3 buckets/objects
```";"```hcl
# Terraform: enable S3 object-level READ data events for all buckets on a trail
resource ""aws_cloudtrail"" ""<example_resource_name>"" {
  name           = ""<example_resource_name>""
  s3_bucket_name = ""<example_resource_name>""

  event_selector {
    read_write_type = ""ReadOnly""                 # CRITICAL: log read-only data events
    data_resource {
      type   = ""AWS::S3::Object""                 # CRITICAL: target S3 object-level events
      values = [""arn:aws:s3""]                    # CRITICAL: apply to all S3 buckets/objects
    }
  }
}
```";"aws cloudtrail put-event-selectors --trail-name <example_resource_name> --event-selectors '[{""ReadWriteType"":""ReadOnly"",""DataResources"":[{""Type"":""AWS::S3::Object"",""Values"":[""arn:aws:s3""]}]}]'";"1. In the AWS Console, open CloudTrail and select Trails
2. Open your trail and go to the Data events section
3. Add data event for S3 and choose All current and future S3 buckets
4. Select only Read events (or All if Read-only is unavailable)
5. Save changes";CIS-6.0: 4.9 | CIS-1.5: 3.11 | FedRAMP-Low-Revision-4: ac-2, au-2, ca-7 | SecNumCloud-3.2: 12.6 | CIS-7.0: 4.9 | CIS-2.0: 3.11 | KISA-ISMS-P-2023-korean: 2.9.4, 2.10.1, 2.10.2, 2.11.3 | CIS-4.0.1: 3.9 | ENS-RD2022: op.exp.8.r1.aws.ct.2, op.exp.8.r1.aws.ct.3, op.exp.8.r1.aws.ct.4 | CISA: your-systems-3, your-data-2 | AWS-Account-Security-Onboarding: Confirm that logs are present in S3 bucket and SIEM | GxP-EU-Annex-11: 8.2-printouts-data-changes, 9-audit-trails, 12.4-security-audit-trail | NIST-800-171-Revision-2: 3_1_12, 3_3_1, 3_3_2, 3_3_3, 3_13_1, 3_14_6, 3_14_7 | FedRamp-Moderate-Revision-4: ac-2-4, ac-2-g, au-2-a-d, au-3, au-6-1-3, au-12-a-c, ca-7-a-b, si-4-16, si-4-2, si-4-4, si-4-5 | CCC-v2025.10: CCC.Core.CN04.AR03, CCC.AuditLog.CN02.AR01, CCC.AuditLog.CN05.AR01 | CIS-3.0: 3.9 | PCI-3.2.1: 10.1, 10.2, 10.2.1, 10.2.2, 10.2.3, 10.2.4, 10.2.6, 10.2.7, 10.3, 10.3.1, 10.3.2, 10.3.3, 10.3.4, 10.3.5, 10.3.6, 10.5, 10.5.4 | ISO27001-2022: A.8.15, A.8.16 | NIST-800-53-Revision-4: ac_2, au_2, au_3, au_12 | NIS2: 3.2.3.c, 3.2.3.g, 3.4.2.c | NIST-CSF-1.1: ae_3, ae_4, cm_1, cm_3, cm_6, cm_7, ds_5 | GDPR: article_30 | AWS-Well-Architected-Framework-Security-Pillar: SEC04-BP01 | KISA-ISMS-P-2023: 2.9.4, 2.10.1, 2.10.2, 2.11.3 | C5-2025: AM-01.01AC, OPS-11.02AC, OPS-15.01B, OPS-15.02B, OPS-15.03B, OPS-15.01AC, OPS-26.05B, OPS-26.01AS, IAM-07.04B, SSO-05.01AC, SIM-03.07B, COM-04.01AC, PSS-04.05B, PSS-12.03AC | NIST-800-53-Revision-5: ac_2_4, ac_3_1, ac_3_10, ac_4_26, ac_6_9, au_2_b, au_3_a, au_3_b, au_3_c, au_3_d, au_3_e, au_3_f, au_6_3, au_6_4, au_6_6, au_6_9, au_8_b, au_10, au_12_a, au_12_c, au_12_1, au_12_2, au_12_3, au_12_4, au_14_a, au_14_b, au_14_3, ca_7_b, cm_5_1_b, cm_6_a, cm_9_b, ia_3_3_b, ma_4_1_a, pm_14_a_1, pm_14_b, pm_31, sc_7_9_b, si_1_1_c, si_3_8_b, si_4_2, si_4_17, si_4_20, si_7_8, si_10_1_c | SOC2: cc_2_1, cc_7_2 | RBI-Cyber-Security-Framework: annex_i_7_4 | ProwlerThreatScore-1.0: 3.1.6 | CIS-5.0: 3.9 | CIS-1.4: 3.11 | HIPAA: 164_308_a_1_ii_d, 164_308_a_3_ii_a, 164_308_a_6_ii, 164_312_a_2_i, 164_312_b, 164_312_e_2_i | GxP-21-CFR-Part-11: 11.10-e, 11.10-k | FFIEC: d2-ma-ma-b-1, d2-ma-ma-b-2, d3-dc-an-b-3, d3-dc-an-b-4, d3-dc-ev-b-1, d5-dr-de-b-3 | FedRAMP-20x-KSI-Low-25.05C: ksi-cmt, ksi-mla;logging | forensics-ready;;;;5.33.1;https://awswala.medium.com/enable-cloudtrail-data-events-logging-for-objects-in-an-s3-bucket-33cade51ae2b | https://docs.aws.amazon.com/securityhub/latest/userguide/s3-controls.html#s3-23 | https://docs.aws.amazon.com/AmazonS3/latest/userguide/enable-cloudtrail-logging-for-s3.html | https://www.plerion.com/cloud-knowledge-base/ensure-object-level-logging-for-read-events-enabled-for-s3-bucket;;
profile: None;2026-07-13 09:37:50.757461;735291151388;;;;;;prowler-aws-cloudtrail_s3_dataevents_write_enabled-735291151388-ap-south-1-735291151388;aws;cloudtrail_s3_dataevents_write_enabled;CloudTrail trail records all S3 object-level API operations for all buckets;Software and Configuration Checks/AWS Security Best Practices | Software and Configuration Checks/Industry and Regulatory Standards/AWS Foundational Security Best Practices | Software and Configuration Checks/Industry and Regulatory Standards/CIS AWS Foundations Benchmark;FAIL;No CloudTrail trails have a data event to record all S3 object-level API operations.;False;cloudtrail;;low;AwsCloudTrailTrail;arn:aws:cloudtrail:ap-south-1:735291151388:trail;735291151388;;;aws;ap-south-1;**CloudTrail trails** include **S3 object-level data events** for **write (or all) operations** across **all current and future buckets**, via classic or advanced selectors. This records actions like `PutObject`, `DeleteObject`, and multipart uploads at the object level.;Without object-level write logging, unauthorized or accidental changes and deletions can go unobserved, undermining data **integrity** and **availability**. Forensics lose visibility into who modified or removed objects, hindering detection of ransomware, rogue automation, or insider tampering.;;Enable **CloudTrail S3 data events** for object-level **write** (and *optionally* read) across all buckets on a multi-Region trail. Apply **least privilege** to log storage, set **lifecycle** retention, and integrate alerts. Use **advanced selectors** to target sensitive buckets/operations for cost control and **defense in depth**.;https://hub.prowler.com/check/cloudtrail_s3_dataevents_write_enabled;"```yaml
Resources:
  <example_resource_name>:
    Type: AWS::CloudTrail::Trail
    Properties:
      TrailName: <example_resource_name>
      S3BucketName: <example_resource_name>
      EventSelectors:
        - ReadWriteType: WriteOnly
          DataResources:
            - Type: AWS::S3::Object
              Values:
                - arn:aws:s3  # Critical: enables S3 object-level write data events for all buckets, fixing the check
```";"```hcl
resource ""aws_cloudtrail"" ""<example_resource_name>"" {
  name           = ""<example_resource_name>""
  s3_bucket_name = ""<example_resource_name>""

  event_selector {
    read_write_type = ""WriteOnly""
    data_resource {
      type   = ""AWS::S3::Object""
      values = [""arn:aws:s3""]  # Critical: logs S3 object-level write events for all buckets to pass the check
    }
  }
}
```";"aws cloudtrail put-event-selectors --trail-name <example_resource_name> --event-selectors '[{""ReadWriteType"":""WriteOnly"",""DataResources"":[{""Type"":""AWS::S3::Object"",""Values"":[""arn:aws:s3""]}]}]'";"1. In the AWS Console, open CloudTrail and go to Trails
2. Select <your trail> and click Edit under Data events
3. For Data event source, choose S3
4. Select All current and future S3 buckets
5. Check Write events (or All events)
6. Click Save changes";CIS-6.0: 4.8 | CIS-1.5: 3.10 | FedRAMP-Low-Revision-4: ac-2, au-2, ca-7 | SecNumCloud-3.2: 12.6 | CIS-7.0: 4.8 | CIS-2.0: 3.10 | KISA-ISMS-P-2023-korean: 2.9.4, 2.10.1, 2.10.2, 2.11.3 | CIS-4.0.1: 3.8 | ENS-RD2022: op.exp.8.aws.ct.4, op.exp.8.r1.aws.ct.2, op.exp.8.r1.aws.ct.3, op.exp.8.r1.aws.ct.4 | CISA: your-systems-3, your-data-2 | AWS-Account-Security-Onboarding: Send S3 access logs for critical buckets to separate S3 bucket, Confirm that logs are present in S3 bucket and SIEM | GxP-EU-Annex-11: 8.2-printouts-data-changes, 9-audit-trails, 12.4-security-audit-trail | NIST-800-171-Revision-2: 3_1_12, 3_3_1, 3_3_2, 3_3_3, 3_13_1, 3_14_6, 3_14_7 | PCI-4.0: 10.2.1.1.7, 10.2.1.2.7, 10.2.1.3.7, 10.2.1.4.7, 10.2.1.5.7, 10.2.1.6.7, 10.2.1.7.7, 10.2.1.7, 10.2.2.7, 10.3.1.7, 10.6.3.7, 5.3.4.7, A1.2.1.7 | FedRamp-Moderate-Revision-4: ac-2-4, ac-2-g, au-2-a-d, au-3, au-6-1-3, au-12-a-c, ca-7-a-b, si-4-16, si-4-2, si-4-4, si-4-5 | CCC-v2025.10: CCC.Core.CN04.AR02, CCC.AuditLog.CN02.AR01, CCC.AuditLog.CN05.AR01 | CIS-3.0: 3.8 | ISO27001-2022: A.8.15, A.8.16 | NIST-800-53-Revision-4: ac_2, au_2, au_3, au_12 | NIS2: 3.2.3.c, 3.2.3.g | NIST-CSF-1.1: ae_3, ae_4, cm_1, cm_3, cm_6, cm_7, ds_5 | GDPR: article_30 | AWS-Well-Architected-Framework-Security-Pillar: SEC04-BP01 | KISA-ISMS-P-2023: 2.9.4, 2.10.1, 2.10.2, 2.11.3 | C5-2025: OPS-11.02AC, OPS-15.01B, OPS-15.02B, OPS-15.03B, OPS-15.01AC, OPS-26.05B, OPS-26.01AS, IAM-07.04B, SSO-05.01AC, SIM-03.07B, COM-04.01AC, PSS-04.05B, PSS-12.03AC | NIST-800-53-Revision-5: ac_2_4, ac_3_1, ac_3_10, ac_4_26, ac_6_9, au_2_b, au_3_a, au_3_b, au_3_c, au_3_d, au_3_e, au_3_f, au_6_3, au_6_4, au_6_6, au_6_9, au_8_b, au_10, au_12_a, au_12_c, au_12_1, au_12_2, au_12_3, au_12_4, au_14_a, au_14_b, au_14_3, ca_7_b, cm_5_1_b, cm_6_a, cm_9_b, ia_3_3_b, ma_4_1_a, pm_14_a_1, pm_14_b, pm_31, sc_7_9_b, si_1_1_c, si_3_8_b, si_4_2, si_4_17, si_4_20, si_7_8, si_10_1_c | SOC2: cc_2_1, cc_7_2, pi_1_2 | RBI-Cyber-Security-Framework: annex_i_7_4 | ProwlerThreatScore-1.0: 3.1.5 | CIS-5.0: 3.8 | CIS-1.4: 3.10 | HIPAA: 164_308_a_1_ii_d, 164_308_a_3_ii_a, 164_308_a_6_ii, 164_312_a_2_i, 164_312_b, 164_312_e_2_i | GxP-21-CFR-Part-11: 11.10-e, 11.10-k | FFIEC: d2-ma-ma-b-1, d2-ma-ma-b-2, d3-dc-an-b-3, d3-dc-an-b-4, d3-dc-ev-b-1, d5-dr-de-b-3 | FedRAMP-20x-KSI-Low-25.05C: ksi-cmt, ksi-mla;logging | forensics-ready;;;;5.33.1;https://docs.aws.amazon.com/awscloudtrail/latest/userguide/logging-data-events-with-cloudtrail.html | https://docs.aws.amazon.com/AmazonS3/latest/userguide/enable-cloudtrail-logging-for-s3.html | https://www.go2share.net/article/s3-bucket-logging | https://docs.amazonaws.cn/en_us/AmazonS3/latest/userguide/cloudtrail-logging-s3-info.html | https://docs.aws.amazon.com/securityhub/latest/userguide/s3-controls.html#s3-22;;
profile: None;2026-07-13 09:37:50.757461;735291151388;;;;;;prowler-aws-cloudwatch_changes_to_network_acls_alarm_configured-735291151388-ap-south-1-735291151388;aws;cloudwatch_changes_to_network_acls_alarm_configured;CloudWatch log metric filter and alarm exist for Network ACL (NACL) change events;Software and Configuration Checks/Industry and Regulatory Standards/CIS AWS Foundations Benchmark | Software and Configuration Checks/AWS Security Best Practices/Runtime Behavior Analysis;FAIL;No CloudWatch log groups found with metric filters or alarms associated.;False;cloudwatch;;medium;AwsCloudWatchAlarm;arn:aws:logs:ap-south-1:735291151388:log-group;735291151388;;;aws;ap-south-1;CloudTrail records for **Network ACL changes** are matched by a CloudWatch Logs metric filter with an associated alarm for events like `CreateNetworkAcl`, `CreateNetworkAclEntry`, `DeleteNetworkAcl`, `DeleteNetworkAclEntry`, `ReplaceNetworkAclEntry`, and `ReplaceNetworkAclAssociation`.;Absent monitoring of **NACL changes** reduces detection of policy tampering, risking loss of **confidentiality** (opened ingress/egress), degraded network **integrity** (lateral movement, bypassed segmentation), and reduced **availability** (traffic blackholes or lockouts).;;Implement a CloudWatch Logs metric filter and alarm for NACL change events from CloudTrail and route alerts to responders. Enforce **least privilege** on NACL management, require **change control**, and use **defense in depth** with configuration monitoring and flow logs to validate and monitor network posture.;https://hub.prowler.com/check/cloudwatch_changes_to_network_acls_alarm_configured;"```yaml
# CloudFormation to alert on NACL changes
Resources:
  MetricFilter:
    Type: AWS::Logs::MetricFilter
    Properties:
      LogGroupName: ""<example_resource_name>""  # CRITICAL: CloudTrail log group to monitor
      FilterPattern: '{ ($.eventName = CreateNetworkAcl) || ($.eventName = CreateNetworkAclEntry) || ($.eventName = DeleteNetworkAcl) || ($.eventName = DeleteNetworkAclEntry) || ($.eventName = ReplaceNetworkAclEntry) || ($.eventName = ReplaceNetworkAclAssociation) }'  # CRITICAL: detects NACL changes
      MetricTransformations:
        - MetricValue: ""1""
          MetricNamespace: ""CISBenchmark""
          MetricName: ""nacl_changes""

  NaclChangesAlarm:
    Type: AWS::CloudWatch::Alarm
    Properties:
      AlarmName: ""nacl_changes""
      ComparisonOperator: GreaterThanOrEqualToThreshold
      EvaluationPeriods: 1
      MetricName: ""nacl_changes""   # CRITICAL: alarm targets the metric from the filter
      Namespace: ""CISBenchmark""
      Period: 300
      Statistic: Sum
      Threshold: 1
```";"```hcl
# CloudWatch metric filter and alarm for NACL changes
resource ""aws_cloudwatch_log_metric_filter"" ""nacl"" {
  name           = ""nacl_changes""
  log_group_name = ""<example_resource_name>""  # CloudTrail log group
  pattern        = ""{ ($.eventName = CreateNetworkAcl) || ($.eventName = CreateNetworkAclEntry) || ($.eventName = DeleteNetworkAcl) || ($.eventName = DeleteNetworkAclEntry) || ($.eventName = ReplaceNetworkAclEntry) || ($.eventName = ReplaceNetworkAclAssociation) }""  # CRITICAL: detects NACL changes

  metric_transformation {
    name      = ""nacl_changes""
    namespace = ""CISBenchmark""
    value     = ""1""
  }
}

resource ""aws_cloudwatch_metric_alarm"" ""nacl"" {
  alarm_name          = ""nacl_changes""
  comparison_operator = ""GreaterThanOrEqualToThreshold""
  evaluation_periods  = 1
  metric_name         = ""nacl_changes""   # CRITICAL: alarm targets the metric from the filter
  namespace           = ""CISBenchmark""
  period              = 300
  statistic           = ""Sum""
  threshold           = 1
}
```";;"1. In the AWS Console, go to CloudWatch > Log groups and open the CloudTrail log group
2. Metric filters tab > Create metric filter
3. Set Filter pattern to:
   { ($.eventName = CreateNetworkAcl) || ($.eventName = CreateNetworkAclEntry) || ($.eventName = DeleteNetworkAcl) || ($.eventName = DeleteNetworkAclEntry) || ($.eventName = ReplaceNetworkAclEntry) || ($.eventName = ReplaceNetworkAclAssociation) }
4. Next > Filter name: nacl_changes; Metric namespace: CISBenchmark; Metric name: nacl_changes; Metric value: 1 > Create metric filter
5. Select the new metric filter > Create alarm
6. Set Statistic: Sum, Period: 5 minutes, Threshold type: Static, Condition: Greater/Equal, Threshold: 1
7. Next through actions (optional) > Name: nacl_changes > Create alarm";CIS-6.0: 5.11 | CIS-1.5: 4.11 | FedRAMP-Low-Revision-4: ac-2, ca-7, ir-4 | ISO27001-2013: A.12.4.D | SecNumCloud-3.2: 12.9 | CIS-7.0: 5.11 | CIS-2.0: 4.11 | KISA-ISMS-P-2023-korean: 2.9.4, 2.10.1, 2.10.2, 2.11.3 | CIS-4.0.1: 4.11 | NIST-800-171-Revision-2: 3_6_1, 3_6_2, 3_12_4 | FedRamp-Moderate-Revision-4: ac-2-4, au-6-1-3, au-7-1, ca-7-a-b, ir-4-1, ir-4-1, si-4-2, si-4-4, si-4-5, si-4-a-b-c | CCC-v2025.10: CCC.Core.CN09.AR03, CCC.Core.CN04.AR01 | MITRE-ATTACK: T1496 | AWS-AI-Security-Framework-1.0: AISF-DETECT-05 | CIS-3.0: 4.11 | ISO27001-2022: A.8.15, A.8.16 | NIST-800-53-Revision-4: ac_2_4, au_6_1, au_6_3, au_7_1, ca_7, ir_4_1, si_4_2, si_4_4, si_4_5, si_4 | NIS2: 2.2.3, 3.2.3.a, 3.2.3.c, 3.2.3.f, 6.4.1 | NIST-CSF-1.1: ae_5, cm_2, cm_5, cp_4, ra_5 | AWS-Well-Architected-Framework-Security-Pillar: SEC04-BP04 | NIST-CSF-2.0: ra_5, cm_1, dp_4 | KISA-ISMS-P-2023: 2.9.4, 2.10.1, 2.10.2, 2.11.3 | C5-2025: OIS-04.03B, OIS-04.01AC, OIS-04.02AC, HR-03.02AC, AM-09.03AC, OPS-11.02AC, OPS-13.03AC, OPS-26.05B, OPS-26.01AS, OPS-26.06B, PSS-04.01B | NIST-800-53-Revision-5: au_6_1, au_6_5, au_12_3, au_14_a, au_14_b, ca_2_2, ca_7, ca_7_b, pm_14_a_1, pm_14_b, pm_31, sc_36_1_a, si_2_a, si_4_12, si_5_1, si_5_b | SOC2: cc_5_2, cc_7_2, cc_7_3, cc_7_4 | ProwlerThreatScore-1.0: 3.3.12 | CIS-5.0: 4.11 | CIS-1.4: 4.11 | HIPAA: 164_308_a_6_i | FFIEC: d5-dr-de-b-1, d5-dr-de-b-3 | FedRAMP-20x-KSI-Low-25.05C: ksi-cmt;logging;;;Logging and Monitoring;5.33.1;https://docs.aws.amazon.com/awscloudtrail/latest/userguide/cloudwatch-alarms-for-cloudtrail.html | https://support.icompaas.com/support/solutions/articles/62000084031-ensure-a-log-metric-filter-and-alarm-exist-for-changes-to-network-access-control-lists-nacl- | https://www.trendmicro.com/trendaivisiononecloudriskmanagement/knowledge-base/aws/CloudWatchLogs/network-acl-changes-alarm.html | https://support.icompaas.com/support/solutions/articles/62000233134-4-11-ensure-network-access-control-list-nacl-changes-are-monitored-manual-;;
profile: None;2026-07-13 09:37:50.757461;735291151388;;;;;;prowler-aws-cloudwatch_changes_to_network_gateways_alarm_configured-735291151388-ap-south-1-735291151388;aws;cloudwatch_changes_to_network_gateways_alarm_configured;CloudWatch Logs metric filter and alarm exist for changes to network gateways;Software and Configuration Checks/Industry and Regulatory Standards/CIS AWS Foundations Benchmark | Software and Configuration Checks/AWS Security Best Practices/Runtime Behavior Analysis | Software and Configuration Checks/AWS Security Best Practices/Network Reachability | TTPs/Command and Control;FAIL;No CloudWatch log groups found with metric filters or alarms associated.;False;cloudwatch;;medium;AwsCloudWatchAlarm;arn:aws:logs:ap-south-1:735291151388:log-group;735291151388;;;aws;ap-south-1;CloudWatch log metric filters and alarms for **network gateway changes** are identified by matching CloudTrail events such as `CreateCustomerGateway`, `DeleteCustomerGateway`, `AttachInternetGateway`, `CreateInternetGateway`, `DeleteInternetGateway`, and `DetachInternetGateway` in log groups that receive trail logs.;Without this monitoring, gateway changes can expose private networks to the Internet or break connectivity. Adversaries or mistakes can enable data exfiltration, bypass network inspection, and trigger outages via deletions or detachments, impacting **confidentiality** and **availability**.;;Send CloudTrail to CloudWatch Logs and create a metric filter for the listed gateway events with an alarm that notifies responders. Enforce **least privilege** for gateway modifications, require change approvals, and route alerts to monitored channels as part of **defense in depth**.;https://hub.prowler.com/check/cloudwatch_changes_to_network_gateways_alarm_configured;"```yaml
# CloudFormation: Create metric filter and alarm for network gateway changes
Resources:
  NetworkGatewayMetricFilter:
    Type: AWS::Logs::MetricFilter
    Properties:
      LogGroupName: <example_resource_name>
      FilterPattern: '{ ($.eventName = CreateCustomerGateway) || ($.eventName = DeleteCustomerGateway) || ($.eventName = AttachInternetGateway) || ($.eventName = CreateInternetGateway) || ($.eventName = DeleteInternetGateway) || ($.eventName = DetachInternetGateway) }'  # Critical: matches gateway change events
      MetricTransformations:
        - MetricName: <example_resource_name>
          MetricNamespace: <example_resource_name>
          MetricValue: ""1""

  NetworkGatewayAlarm:
    Type: AWS::CloudWatch::Alarm
    Properties:
      ComparisonOperator: GreaterThanOrEqualToThreshold
      EvaluationPeriods: 1
      MetricName: <example_resource_name>  # Critical: alarm targets the metric created by the filter
      Namespace: <example_resource_name>
      Period: 300
      Statistic: Sum
      Threshold: 1
```";"```hcl
# CloudWatch Logs metric filter for network gateway changes
resource ""aws_cloudwatch_log_metric_filter"" ""<example_resource_name>"" {
  name           = ""<example_resource_name>""
  log_group_name = ""<example_resource_name>""
  pattern        = ""{ ($.eventName = CreateCustomerGateway) || ($.eventName = DeleteCustomerGateway) || ($.eventName = AttachInternetGateway) || ($.eventName = CreateInternetGateway) || ($.eventName = DeleteInternetGateway) || ($.eventName = DetachInternetGateway) }"" # Critical: matches gateway change events

  metric_transformation {
    name      = ""<example_resource_name>""
    namespace = ""<example_resource_name>""
    value     = ""1""
  }
}

# Alarm on the metric filter
resource ""aws_cloudwatch_metric_alarm"" ""<example_resource_name>"" {
  alarm_name          = ""<example_resource_name>""
  comparison_operator = ""GreaterThanOrEqualToThreshold""
  evaluation_periods  = 1
  metric_name         = ""<example_resource_name>""   # Critical: must match metric from the filter
  namespace           = ""<example_resource_name>""
  period              = 300
  statistic           = ""Sum""
  threshold           = 1
}
```";;"1. In the AWS Console, go to CloudWatch > Logs > Log groups and open the CloudTrail log group
2. Create metric filter:
   - Filter pattern: { ($.eventName = CreateCustomerGateway) || ($.eventName = DeleteCustomerGateway) || ($.eventName = AttachInternetGateway) || ($.eventName = CreateInternetGateway) || ($.eventName = DeleteInternetGateway) || ($.eventName = DetachInternetGateway) }
   - Metric name: <example_resource_name>
   - Metric namespace: <example_resource_name>
   - Metric value: 1
3. From the filter, choose Create alarm:
   - Statistic: Sum, Period: 5 minutes, Threshold: >= 1, Evaluation periods: 1
   - Create the alarm (actions optional)
";CIS-6.0: 5.12 | CIS-1.5: 4.12 | FedRAMP-Low-Revision-4: ir-4 | ISO27001-2013: A.12.4.C | SecNumCloud-3.2: 12.9 | CIS-7.0: 5.12 | CIS-2.0: 4.12 | KISA-ISMS-P-2023-korean: 2.9.4, 2.10.1, 2.10.2, 2.11.3 | CIS-4.0.1: 4.12 | NIST-800-171-Revision-2: 3_6_1, 3_6_2, 3_12_4 | FedRamp-Moderate-Revision-4: ac-2-4, au-6-1-3, au-7-1, ca-7-a-b, ir-4-1, ir-4-1, si-4-2, si-4-4, si-4-5, si-4-a-b-c | CCC-v2025.10: CCC.Core.CN09.AR03, CCC.Core.CN04.AR01 | MITRE-ATTACK: T1496 | CIS-3.0: 4.12 | ISO27001-2022: A.8.15, A.8.16 | NIST-800-53-Revision-4: ac_2_4, au_6_1, au_6_3, au_7_1, ca_7, ir_4_1, si_4_2, si_4_4, si_4_5, si_4 | NIS2: 2.2.3, 3.2.3.a, 3.2.3.c, 3.2.3.f, 3.2.4, 6.4.1 | NIST-CSF-1.1: ae_5, cm_2, cm_5, cp_4, ra_5 | AWS-Well-Architected-Framework-Security-Pillar: SEC04-BP04 | NIST-CSF-2.0: ra_5, ae_2, ae_3, cm_1, dp_4 | KISA-ISMS-P-2023: 2.9.4, 2.10.1, 2.10.2, 2.11.3 | C5-2025: OIS-04.03B, OIS-04.01AC, OIS-04.02AC, HR-03.02AC, AM-09.03AC, OPS-11.02AC, OPS-13.03AC, OPS-26.05B, OPS-26.01AS, OPS-26.06B, COS-03.02B, PSS-04.01B | NIST-800-53-Revision-5: au_6_1, au_6_5, au_12_3, au_14_a, au_14_b, ca_2_2, ca_7, ca_7_b, pm_14_a_1, pm_14_b, pm_31, sc_36_1_a, si_2_a, si_4_12, si_5_1, si_5_b | SOC2: cc_5_2, cc_7_2, cc_7_3, cc_7_4 | ProwlerThreatScore-1.0: 3.3.13 | CIS-5.0: 4.12 | CIS-1.4: 4.12 | HIPAA: 164_308_a_6_i | FFIEC: d5-dr-de-b-1, d5-dr-de-b-3 | FedRAMP-20x-KSI-Low-25.05C: ksi-cmt;logging;;;Logging and Monitoring;5.33.1;https://docs.aws.amazon.com/awscloudtrail/latest/userguide/cloudwatch-alarms-for-cloudtrail.html | https://support.icompaas.com/support/solutions/articles/62000083807-ensure-a-log-metric-filter-and-alarm-exist-for-changes-to-network-gateways | https://docs.aws.amazon.com/securityhub/latest/userguide/cloudwatch-controls.html#cloudwatch-12 | https://paper.bobylive.com/Security/CIS/CIS_Amazon_Web_Services_Foundations_Benchmark_v1_3_0.pdf;;
profile: None;2026-07-13 09:37:50.757461;735291151388;;;;;;prowler-aws-cloudwatch_changes_to_network_route_tables_alarm_configured-735291151388-ap-south-1-735291151388;aws;cloudwatch_changes_to_network_route_tables_alarm_configured;Account monitors VPC route table changes with a CloudWatch Logs metric filter and alarm;Software and Configuration Checks/Industry and Regulatory Standards/CIS AWS Foundations Benchmark | Software and Configuration Checks/AWS Security Best Practices | TTPs/Defense Evasion | Effects/Data Exfiltration;FAIL;No CloudWatch log groups found with metric filters or alarms associated.;False;cloudwatch;;medium;AwsCloudWatchAlarm;arn:aws:logs:ap-south-1:735291151388:log-group;735291151388;;;aws;ap-south-1;**VPC route table changes** are captured from **CloudTrail logs** by a **CloudWatch Logs metric filter** with an associated **alarm** for events like `CreateRoute`, `CreateRouteTable`, `ReplaceRoute`, `ReplaceRouteTableAssociation`, `DeleteRoute`, `DeleteRouteTable`, and `DisassociateRouteTable`.;Without monitoring of **route table changes**, unauthorized or accidental edits can redirect traffic, bypass inspection, or blackhole routes, impacting **confidentiality** (exfiltration), **integrity** (tampered paths), and **availability** (outages from misrouted traffic).;;Implement a **CloudWatch Logs metric filter and alarm** on CloudTrail for these route table events and notify responders. Enforce **least privilege** for route modifications, require **change control**, and apply **defense in depth** with VPC Flow Logs and guardrails to prevent and quickly contain unsafe routing changes.;https://hub.prowler.com/check/cloudwatch_changes_to_network_route_tables_alarm_configured;"```yaml
# CloudFormation: Metric filter + alarm for VPC route table changes
Resources:
  RouteTableChangeMetricFilter:
    Type: AWS::Logs::MetricFilter
    Properties:
      LogGroupName: ""<example_resource_name>""
      # CRITICAL: Detect EC2 route table change events in CloudTrail logs
      # Includes eventSource and the required eventNames
      FilterPattern: '{($.eventSource = ec2.amazonaws.com) && (($.eventName = CreateRoute) || ($.eventName = CreateRouteTable) || ($.eventName = ReplaceRoute) || ($.eventName = ReplaceRouteTableAssociation) || ($.eventName = DeleteRouteTable) || ($.eventName = DeleteRoute) || ($.eventName = DisassociateRouteTable))}'
      MetricTransformations:
        - MetricValue: ""1""
          MetricNamespace: ""<example_resource_name>""
          MetricName: ""<example_resource_name>""

  RouteTableChangeAlarm:
    Type: AWS::CloudWatch::Alarm
    Properties:
      # CRITICAL: Alarm on the metric from the filter above
      Namespace: ""<example_resource_name>""
      MetricName: ""<example_resource_name>""
      ComparisonOperator: GreaterThanOrEqualToThreshold
      EvaluationPeriods: 1
      Period: 300
      Statistic: Sum
      Threshold: 1
```";"```hcl
# Metric filter + alarm for VPC route table changes
resource ""aws_cloudwatch_log_metric_filter"" ""routes"" {
  name           = ""<example_resource_name>""
  log_group_name = ""<example_resource_name>""
  # CRITICAL: Detect EC2 route table change events in CloudTrail logs
  pattern = ""{($.eventSource = ec2.amazonaws.com) && (($.eventName = CreateRoute) || ($.eventName = CreateRouteTable) || ($.eventName = ReplaceRoute) || ($.eventName = ReplaceRouteTableAssociation) || ($.eventName = DeleteRouteTable) || ($.eventName = DeleteRoute) || ($.eventName = DisassociateRouteTable))}""

  metric_transformation {
    name      = ""<example_resource_name>""
    namespace = ""<example_resource_name>""
    value     = ""1""
  }
}

resource ""aws_cloudwatch_metric_alarm"" ""routes"" {
  alarm_name          = ""<example_resource_name>""
  # CRITICAL: Alarm targets the metric from the filter above
  metric_name         = ""<example_resource_name>""
  namespace           = ""<example_resource_name>""
  comparison_operator = ""GreaterThanOrEqualToThreshold""
  evaluation_periods  = 1
  period              = 300
  statistic           = ""Sum""
  threshold           = 1
}
```";;"1. In the AWS console, open CloudWatch > Log groups and select your CloudTrail log group
2. Go to Metric filters > Create metric filter
3. Set Filter pattern to:
   {($.eventSource = ec2.amazonaws.com) && (($.eventName = CreateRoute) || ($.eventName = CreateRouteTable) || ($.eventName = ReplaceRoute) || ($.eventName = ReplaceRouteTableAssociation) || ($.eventName = DeleteRouteTable) || ($.eventName = DeleteRoute) || ($.eventName = DisassociateRouteTable))}
4. Name the metric and set Metric value to 1; choose any namespace/name
5. Create the filter
6. From the filter, click Create alarm
7. Set Statistic: Sum, Period: 5 minutes, Threshold type: Static, Threshold: 1, Whenever: Greater/Equal
8. Create the alarm (notifications optional)";CIS-6.0: 5.13 | CIS-1.5: 4.13 | FedRAMP-Low-Revision-4: ir-4 | ISO27001-2013: A.12.4.B | SecNumCloud-3.2: 12.9 | CIS-7.0: 5.13 | CIS-2.0: 4.13 | KISA-ISMS-P-2023-korean: 2.9.4, 2.10.1, 2.10.2, 2.11.3 | CIS-4.0.1: 4.13 | NIST-800-171-Revision-2: 3_6_1, 3_6_2, 3_12_4 | FedRamp-Moderate-Revision-4: ac-2-4, au-6-1-3, au-7-1, ca-7-a-b, ir-4-1, ir-4-1, si-4-2, si-4-4, si-4-5, si-4-a-b-c | CCC-v2025.10: CCC.Core.CN09.AR03, CCC.Core.CN04.AR01 | MITRE-ATTACK: T1496 | CIS-3.0: 4.13 | NIST-800-53-Revision-4: ac_2_4, au_6_1, au_6_3, au_7_1, ca_7, ir_4_1, si_4_2, si_4_4, si_4_5, si_4 | NIS2: 2.2.3, 3.2.3.a, 3.2.3.f, 3.2.4, 6.4.1 | NIST-CSF-1.1: ae_5, cm_2, cm_5, cp_4, ra_5 | AWS-Well-Architected-Framework-Security-Pillar: SEC04-BP04 | NIST-CSF-2.0: ae_2, ae_3, cm_1, dp_4 | KISA-ISMS-P-2023: 2.9.4, 2.10.1, 2.10.2, 2.11.3 | C5-2025: OIS-04.03B, OIS-04.01AC, OIS-04.02AC, HR-03.02AC, AM-09.03AC, OPS-13.03AC, OPS-26.06B, COS-03.02B, PSS-04.01B | NIST-800-53-Revision-5: au_6_1, au_6_5, au_12_3, au_14_a, au_14_b, ca_2_2, ca_7, ca_7_b, pm_14_a_1, pm_14_b, pm_31, sc_36_1_a, si_2_a, si_4_12, si_5_1, si_5_b | SOC2: cc_5_2, cc_7_2, cc_7_3, cc_7_4 | ProwlerThreatScore-1.0: 3.3.14 | CIS-5.0: 4.13 | CIS-1.4: 4.13 | HIPAA: 164_308_a_6_i | FFIEC: d5-dr-de-b-1, d5-dr-de-b-3 | FedRAMP-20x-KSI-Low-25.05C: ksi-cmt;logging;;;Logging and Monitoring;5.33.1;https://docs.aws.amazon.com/awscloudtrail/latest/userguide/cloudwatch-alarms-for-cloudtrail.html;;
profile: None;2026-07-13 09:37:50.757461;735291151388;;;;;;prowler-aws-cloudwatch_changes_to_vpcs_alarm_configured-735291151388-ap-south-1-735291151388;aws;cloudwatch_changes_to_vpcs_alarm_configured;AWS account has a CloudWatch Logs metric filter and alarm for VPC changes;Software and Configuration Checks/Industry and Regulatory Standards/CIS AWS Foundations Benchmark;FAIL;No CloudWatch log groups found with metric filters or alarms associated.;False;cloudwatch;;medium;AwsCloudWatchAlarm;arn:aws:logs:ap-south-1:735291151388:log-group;735291151388;;;aws;ap-south-1;**CloudTrail events** for **VPC configuration changes** are captured in CloudWatch Logs with a metric filter and an associated alarm. The filter targets actions like `CreateVpc`, `DeleteVpc`, `ModifyVpcAttribute`, and VPC peering operations to surface when network topology is altered.;Without alerting on VPC changes, unauthorized or accidental edits to routes, peering, or attributes can go unnoticed, exposing private networks and enabling data exfiltration (C), lateral movement and traffic tampering (I), and outages from misrouted or bridged networks (A).;;Create a CloudWatch Logs metric filter and alarm on CloudTrail for critical **VPC change events**, and notify responders. Apply **least privilege** to network changes, require change approvals, and use **defense in depth** (segmentation, route controls) to prevent and contain unauthorized modifications.;https://hub.prowler.com/check/cloudwatch_changes_to_vpcs_alarm_configured;"```yaml
# CloudFormation: Create a metric filter and alarm for VPC changes
Resources:
  VPCChangesMetricFilter:
    Type: AWS::Logs::MetricFilter
    Properties:
      LogGroupName: <example_log_group_name>
      FilterPattern: '{ ($.eventName = CreateVpc) || ($.eventName = DeleteVpc) || ($.eventName = ModifyVpcAttribute) || ($.eventName = AcceptVpcPeeringConnection) || ($.eventName = CreateVpcPeeringConnection) || ($.eventName = DeleteVpcPeeringConnection) || ($.eventName = RejectVpcPeeringConnection) || ($.eventName = AttachClassicLinkVpc) || ($.eventName = DetachClassicLinkVpc) || ($.eventName = DisableVpcClassicLink) || ($.eventName = EnableVpcClassicLink) }' # Critical: matches VPC change events
      MetricTransformations:
        - MetricName: vpc_changes_metric
          MetricNamespace: CISBenchmark
          MetricValue: ""1""  # Critical: emits a metric on matching events

  VPCChangesAlarm:
    Type: AWS::CloudWatch::Alarm
    Properties:
      MetricName: vpc_changes_metric  # Critical: alarm monitors the metric above
      Namespace: CISBenchmark
      Statistic: Sum
      Period: 300
      EvaluationPeriods: 1
      Threshold: 1
      ComparisonOperator: GreaterThanOrEqualToThreshold
```";"```hcl
# Metric filter for VPC changes
resource ""aws_cloudwatch_log_metric_filter"" ""<example_resource_name>"" {
  name           = ""<example_resource_name>""
  log_group_name = ""<example_log_group_name>""
  pattern        = ""{ ($.eventName = CreateVpc) || ($.eventName = DeleteVpc) || ($.eventName = ModifyVpcAttribute) || ($.eventName = AcceptVpcPeeringConnection) || ($.eventName = CreateVpcPeeringConnection) || ($.eventName = DeleteVpcPeeringConnection) || ($.eventName = RejectVpcPeeringConnection) || ($.eventName = AttachClassicLinkVpc) || ($.eventName = DetachClassicLinkVpc) || ($.eventName = DisableVpcClassicLink) || ($.eventName = EnableVpcClassicLink) }"" # Critical: matches VPC change events

  metric_transformation {
    name      = ""<example_resource_name>""   # Critical: metric created by the filter
    namespace = ""CISBenchmark""
    value     = ""1""
  }
}

# Alarm on the VPC changes metric
resource ""aws_cloudwatch_metric_alarm"" ""<example_resource_name>"" {
  metric_name        = ""<example_resource_name>""  # Critical: alarm monitors the filter's metric
  namespace          = ""CISBenchmark""
  statistic          = ""Sum""
  period             = 300
  evaluation_periods = 1
  threshold          = 1
  comparison_operator = ""GreaterThanOrEqualToThreshold""
}
```";;"1. In the AWS Console, go to CloudWatch > Log groups and open the CloudTrail log group
2. Choose Create metric filter
3. For Filter pattern, paste:
   { ($.eventName = CreateVpc) || ($.eventName = DeleteVpc) || ($.eventName = ModifyVpcAttribute) || ($.eventName = AcceptVpcPeeringConnection) || ($.eventName = CreateVpcPeeringConnection) || ($.eventName = DeleteVpcPeeringConnection) || ($.eventName = RejectVpcPeeringConnection) || ($.eventName = AttachClassicLinkVpc) || ($.eventName = DetachClassicLinkVpc) || ($.eventName = DisableVpcClassicLink) || ($.eventName = EnableVpcClassicLink) }
4. Name the filter and set Metric namespace to CISBenchmark, Metric name to vpc_changes_metric, Metric value to 1; create the filter
5. Select the new filter and choose Create alarm
6. Set Statistic to Sum, Period 5 minutes, Threshold type Static, Whenever Greater/Equal 1, Evaluation periods 1
7. Create the alarm (actions/notifications are optional and not required for pass)
";CIS-6.0: 5.14 | CIS-1.5: 4.14 | FedRAMP-Low-Revision-4: ir-4 | ISO27001-2013: A.12.4.A | SecNumCloud-3.2: 12.9 | CIS-7.0: 5.14 | CIS-2.0: 4.14 | KISA-ISMS-P-2023-korean: 2.9.4, 2.10.1, 2.10.2, 2.11.3 | CIS-4.0.1: 4.14 | NIST-800-171-Revision-2: 3_6_1, 3_6_2, 3_12_4 | FedRamp-Moderate-Revision-4: ac-2-4, au-6-1-3, au-7-1, ca-7-a-b, ir-4-1, ir-4-1, si-4-2, si-4-4, si-4-5, si-4-a-b-c | CCC-v2025.10: CCC.Core.CN09.AR03, CCC.Core.CN04.AR01 | MITRE-ATTACK: T1496 | AWS-AI-Security-Framework-1.0: AISF-DETECT-05 | CIS-3.0: 4.14 | ISO27001-2022: A.8.15, A.8.16, A.8.20, A.8.21, A.8.22 | NIST-800-53-Revision-4: ac_2_4, au_6_1, au_6_3, au_7_1, ca_7, ir_4_1, si_4_2, si_4_4, si_4_5, si_4 | NIS2: 2.2.3, 3.2.3.c, 3.2.3.f, 3.2.4, 6.4.1 | NIST-CSF-1.1: ae_5, cm_2, cm_5, cp_4, ra_5 | AWS-Well-Architected-Framework-Security-Pillar: SEC04-BP04 | NIST-CSF-2.0: ra_5, ae_2, cm_1 | KISA-ISMS-P-2023: 2.9.4, 2.10.1, 2.10.2, 2.11.3 | C5-2025: OIS-04.03B, OIS-04.01AC, OIS-04.02AC, HR-03.02AC, AM-09.03AC, OPS-11.02AC, OPS-13.03AC, OPS-26.05B, OPS-26.01AS, OPS-26.06B, COS-03.02B, PSS-04.01B | NIST-800-53-Revision-5: au_6_1, au_6_5, au_12_3, au_14_a, au_14_b, ca_2_2, ca_7, ca_7_b, pm_14_a_1, pm_14_b, pm_31, sc_36_1_a, si_2_a, si_4_12, si_5_1, si_5_b | SOC2: cc_5_2, cc_7_2, cc_7_3, cc_7_4 | ProwlerThreatScore-1.0: 3.3.15 | CIS-5.0: 4.14 | CIS-1.4: 4.14 | HIPAA: 164_308_a_6_i | FFIEC: d5-dr-de-b-1, d5-dr-de-b-3 | FedRAMP-20x-KSI-Low-25.05C: ksi-cmt;logging;;;Logging and Monitoring;5.33.1;https://docs.aws.amazon.com/awscloudtrail/latest/userguide/cloudwatch-alarms-for-cloudtrail.html;;
profile: None;2026-07-13 09:37:50.757461;735291151388;;;;;;prowler-aws-cloudwatch_log_metric_filter_and_alarm_for_aws_config_configuration_changes_enabled-735291151388-ap-south-1-735291151388;aws;cloudwatch_log_metric_filter_and_alarm_for_aws_config_configuration_changes_enabled;CloudWatch Logs metric filter and alarm exist for AWS Config configuration changes;Software and Configuration Checks/Industry and Regulatory Standards/CIS AWS Foundations Benchmark | Software and Configuration Checks/AWS Security Best Practices/Runtime Behavior Analysis | TTPs/Defense Evasion;FAIL;No CloudWatch log groups found with metric filters or alarms associated.;False;cloudwatch;;medium;AwsCloudWatchAlarm;arn:aws:logs:ap-south-1:735291151388:log-group;735291151388;;;aws;ap-south-1;CloudTrail logs in **CloudWatch Logs** are inspected for a metric filter and alarm that track **AWS Config configuration changes**, specifically `StopConfigurationRecorder`, `DeleteDeliveryChannel`, `PutDeliveryChannel`, and `PutConfigurationRecorder` events from `config.amazonaws.com`.;"Without alerting on **AWS Config changes**, actions like `StopConfigurationRecorder` or `DeleteDeliveryChannel` can silently suspend recording and delivery.

This degrades the **integrity** and **availability** of configuration audit data, enabling undetected changes and delaying incident response.";;Create a **CloudWatch Logs metric filter and alarm** for `config.amazonaws.com` events (`StopConfigurationRecorder`, `DeleteDeliveryChannel`, `PutDeliveryChannel`, `PutConfigurationRecorder`). Route CloudTrail to Logs, notify responders, and enforce **least privilege** and **separation of duties** on Config changes to prevent abuse.;https://hub.prowler.com/check/cloudwatch_log_metric_filter_and_alarm_for_aws_config_configuration_changes_enabled;"```yaml
# CloudFormation: Create metric filter and alarm for AWS Config changes
Resources:
  ConfigChangeMetricFilter:
    Type: AWS::Logs::MetricFilter
    Properties:
      LogGroupName: <example_resource_name>
      FilterPattern: ""{($.eventSource = config.amazonaws.com) && (($.eventName=StopConfigurationRecorder)||($.eventName=DeleteDeliveryChannel)||($.eventName=PutDeliveryChannel)||($.eventName=PutConfigurationRecorder))}""  # Critical: detects AWS Config configuration change events
      MetricTransformations:
        - MetricName: aws_config_changes_metric  # Critical: metric used by the alarm
          MetricNamespace: CISBenchmark
          MetricValue: ""1""

  ConfigChangeAlarm:
    Type: AWS::CloudWatch::Alarm
    Properties:
      AlarmName: aws_config_changes_alarm
      MetricName: aws_config_changes_metric  # Critical: ties alarm to the metric filter
      Namespace: CISBenchmark
      ComparisonOperator: GreaterThanOrEqualToThreshold
      EvaluationPeriods: 1
      Period: 300
      Statistic: Sum
      Threshold: 1  # Critical: alarm on first occurrence
```";"```hcl
# CloudWatch Logs metric filter for AWS Config changes
resource ""aws_cloudwatch_log_metric_filter"" ""config_change"" {
  name           = ""aws_config_changes_metric""
  log_group_name = ""<example_resource_name>""
  pattern        = ""{($.eventSource = config.amazonaws.com) && (($.eventName=StopConfigurationRecorder)||($.eventName=DeleteDeliveryChannel)||($.eventName=PutDeliveryChannel)||($.eventName=PutConfigurationRecorder))}"" # Critical: detects AWS Config configuration change events

  metric_transformation {
    name      = ""aws_config_changes_metric""   # Critical: metric used by the alarm
    namespace = ""CISBenchmark""
    value     = ""1""
  }
}

# Alarm for the above metric
resource ""aws_cloudwatch_metric_alarm"" ""config_change"" {
  alarm_name          = ""aws_config_changes_alarm""
  metric_name         = ""aws_config_changes_metric""   # Critical: ties alarm to the metric filter
  namespace           = ""CISBenchmark""
  comparison_operator = ""GreaterThanOrEqualToThreshold""
  evaluation_periods  = 1
  period              = 300
  statistic           = ""Sum""
  threshold           = 1  # Critical: alarm on first occurrence
}
```";;"1. Open the CloudWatch console and go to Logs > Log groups
2. Select the CloudTrail log group that receives trail events
3. Create a metric filter with pattern:
   {($.eventSource = config.amazonaws.com) && (($.eventName=StopConfigurationRecorder)||($.eventName=DeleteDeliveryChannel)||($.eventName=PutDeliveryChannel)||($.eventName=PutConfigurationRecorder))}
   - Metric name: aws_config_changes_metric
   - Namespace: CISBenchmark
   - Value: 1
4. From the created metric filter, choose Create alarm
5. Set: Sum, Period 5 minutes, Threshold >= 1, Evaluation periods 1
6. Create the alarm (actions/notifications optional)";CIS-6.0: 5.9 | CIS-1.5: 4.9 | ISO27001-2013: A.12.4.F | SecNumCloud-3.2: 12.9 | CIS-7.0: 5.9 | CIS-2.0: 4.9 | KISA-ISMS-P-2023-korean: 2.10.1, 2.10.2, 2.11.3 | CIS-4.0.1: 4.9 | CCC-v2025.10: CCC.Core.CN04.AR01 | MITRE-ATTACK: T1496 | CIS-3.0: 4.9 | ISO27001-2022: A.8.15, A.8.16 | NIS2: 2.2.3, 3.2.3.c, 3.2.3.f, 3.2.3.g, 3.5.4, 7.2.b | NIST-CSF-1.1: cm_2, ra_5, sc_4 | GDPR: article_25 | AWS-Well-Architected-Framework-Security-Pillar: SEC04-BP04 | NIST-CSF-2.0: ov_3, ra_5, ip_8, pt_1, ae_1, ae_2, ae_3, cm_1, cm_7, dp_4 | KISA-ISMS-P-2023: 2.10.1, 2.10.2, 2.11.3 | C5-2025: OIS-04.03B, OIS-04.01AC, OIS-04.02AC, HR-03.02AC, AM-01.01AC, AM-09.03AC, OPS-11.02AC, OPS-13.03AC, OPS-26.05B, OPS-26.01AS, OPS-26.06B, PSS-04.01B | SOC2: cc_5_2 | ProwlerThreatScore-1.0: 3.3.10 | CIS-5.0: 4.9 | CIS-1.4: 4.9 | FedRAMP-20x-KSI-Low-25.05C: ksi-cmt;logging;;;Logging and Monitoring;5.33.1;https://docs.aws.amazon.com/awscloudtrail/latest/userguide/cloudwatch-alarms-for-cloudtrail.html;;
profile: None;2026-07-13 09:37:50.757461;735291151388;;;;;;prowler-aws-cloudwatch_log_metric_filter_and_alarm_for_cloudtrail_configuration_changes_enabled-735291151388-ap-south-1-735291151388;aws;cloudwatch_log_metric_filter_and_alarm_for_cloudtrail_configuration_changes_enabled;CloudWatch Logs metric filter and alarm exist for CloudTrail configuration changes;Software and Configuration Checks/Industry and Regulatory Standards/CIS AWS Foundations Benchmark | Software and Configuration Checks/AWS Security Best Practices | TTPs/Defense Evasion;FAIL;No CloudWatch log groups found with metric filters or alarms associated.;False;cloudwatch;;medium;AwsCloudWatchAlarm;arn:aws:logs:ap-south-1:735291151388:log-group;735291151388;;;aws;ap-south-1;"**CloudTrail logs** include a **metric filter** for trail configuration events (`CreateTrail`, `UpdateTrail`, `DeleteTrail`, `StartLogging`, `StopLogging`) with an associated **CloudWatch alarm** to alert on matches.

Evaluates the presence of this filter-and-alarm monitoring.";"Absent this monitoring, logging can be stopped or altered without notice, eroding visibility.

That enables covert activity and data exfiltration without audit evidence, harming confidentiality, the integrity of records, and the availability of reliable logs for detection and forensics.";;"Implement a **metric filter** for trail configuration events and a linked **alarm** that notifies response channels.

Apply **least privilege** and **separation of duties** for trail changes, add **defense in depth** with centralized logging and validation, and regularly test that alerts fire.";https://hub.prowler.com/check/cloudwatch_log_metric_filter_and_alarm_for_cloudtrail_configuration_changes_enabled;"```yaml
Resources:
  CloudTrailCfgMetricFilter:
    Type: AWS::Logs::MetricFilter
    Properties:
      LogGroupName: <example_resource_name> # CRITICAL: CloudTrail log group to monitor
      FilterPattern: ""{($.eventName = CreateTrail) || ($.eventName = UpdateTrail) || ($.eventName = DeleteTrail) || ($.eventName = StartLogging) || ($.eventName = StopLogging)}"" # CRITICAL: Detects CloudTrail config changes
      MetricTransformations:
        - MetricName: <example_resource_name>  # CRITICAL: Metric created by the filter
          MetricNamespace: <example_resource_name>
          MetricValue: ""1""

  CloudTrailCfgAlarm:
    Type: AWS::CloudWatch::Alarm
    Properties:
      MetricName: <example_resource_name>      # CRITICAL: Alarm uses metric from filter
      Namespace: <example_resource_name>
      ComparisonOperator: GreaterThanOrEqualToThreshold
      EvaluationPeriods: 1
      Period: 300
      Statistic: Sum
      Threshold: 1
```";"```hcl
resource ""aws_cloudwatch_log_metric_filter"" ""cfg"" {
  name           = ""<example_resource_name>""
  log_group_name = ""<example_resource_name>"" # CRITICAL: CloudTrail log group
  pattern        = ""{($.eventName = CreateTrail) || ($.eventName = UpdateTrail) || ($.eventName = DeleteTrail) || ($.eventName = StartLogging) || ($.eventName = StopLogging)}"" # CRITICAL: Detects CloudTrail config changes

  metric_transformation {
    name      = ""<example_resource_name>""   # CRITICAL: Metric created by filter
    namespace = ""<example_resource_name>""
    value     = ""1""
  }
}

resource ""aws_cloudwatch_metric_alarm"" ""cfg"" {
  metric_name         = ""<example_resource_name>"" # CRITICAL: Uses metric from filter
  namespace           = ""<example_resource_name>""
  comparison_operator = ""GreaterThanOrEqualToThreshold""
  evaluation_periods  = 1
  period              = 300
  statistic           = ""Sum""
  threshold           = 1
}
```";;"1. In the AWS Console, go to CloudWatch > Log groups and open the log group used by CloudTrail
2. Create metric filter: Actions > Create metric filter
   - Filter pattern: {($.eventName = CreateTrail) || ($.eventName = UpdateTrail) || ($.eventName = DeleteTrail) || ($.eventName = StartLogging) || ($.eventName = StopLogging)}
   - Metric name: <example_resource_name>, Namespace: <example_resource_name>, Value: 1
   - Create metric filter
3. From the Metric filters tab, select the new filter and choose Create alarm
   - Threshold: Greater/Equal 1, Period: 5 minutes, Evaluation periods: 1
   - Create alarm";CIS-6.0: 5.5 | CIS-1.5: 4.5 | ISO27001-2013: A.12.4.J | SecNumCloud-3.2: 12.9 | CIS-7.0: 5.5 | CIS-2.0: 4.5 | KISA-ISMS-P-2023-korean: 2.10.1, 2.10.2, 2.11.3 | CIS-4.0.1: 4.5 | ENS-RD2022: op.exp.8.aws.ct.2, op.exp.8.r1.aws.ct.2, op.exp.8.r1.aws.ct.3 | CISA: your-data-2 | AWS-Account-Security-Onboarding: Critical alert on cloudtrail settings changes | CCC-v2025.10: CCC.Core.CN09.AR02, CCC.Core.CN09.AR03, CCC.Core.CN04.AR01, CCC.AuditLog.CN03.AR01, CCC.Logging.CN07.AR01, CCC.LB.CN04.AR01 | MITRE-ATTACK: T1496 | CIS-3.0: 4.5 | ISO27001-2022: A.8.15, A.8.16 | NIS2: 2.2.3, 3.2.3.c, 3.2.3.f, 3.2.3.g, 3.2.4, 3.5.4, 7.2.b | NIST-CSF-1.1: cm_2, ra_5, sc_4 | GDPR: article_25 | AWS-Well-Architected-Framework-Security-Pillar: SEC04-BP04 | NIST-CSF-2.0: ov_3, ra_5, ip_8, pt_1, ae_1, ae_2, ae_3, cm_1, cm_3, cm_7, dp_4 | KISA-ISMS-P-2023: 2.10.1, 2.10.2, 2.11.3 | C5-2025: OIS-04.03B, OIS-04.01AC, OIS-04.02AC, HR-03.02AC, AM-01.01AC, AM-09.03AC, OPS-11.02AC, OPS-13.03AC, OPS-26.05B, OPS-26.01AS, OPS-26.06B, SIM-03.07B, COM-04.01AC, PSS-04.01B | SOC2: cc_5_2 | ProwlerThreatScore-1.0: 3.3.6 | CIS-5.0: 4.5 | CIS-1.4: 4.5 | FedRAMP-20x-KSI-Low-25.05C: ksi-cmt;logging;;;Logging and Monitoring;5.33.1;https://docs.aws.amazon.com/awscloudtrail/latest/userguide/cloudwatch-alarms-for-cloudtrail.html;;
profile: None;2026-07-13 09:37:50.757461;735291151388;;;;;;prowler-aws-cloudwatch_log_metric_filter_authentication_failures-735291151388-ap-south-1-735291151388;aws;cloudwatch_log_metric_filter_authentication_failures;Account has a CloudWatch Logs metric filter and alarm for AWS Management Console authentication failures;Software and Configuration Checks/Industry and Regulatory Standards/CIS AWS Foundations Benchmark | Software and Configuration Checks/Industry and Regulatory Standards/AWS Foundational Security Best Practices | Software and Configuration Checks/AWS Security Best Practices/Runtime Behavior Analysis | TTPs/Initial Access | TTPs/Credential Access;FAIL;No CloudWatch log groups found with metric filters or alarms associated.;False;cloudwatch;;medium;AwsCloudWatchAlarm;arn:aws:logs:ap-south-1:735291151388:log-group;735291151388;;;aws;ap-south-1;"CloudWatch Logs metric filter and alarm for **AWS Management Console authentication failures**, sourced from CloudTrail (`eventName=ConsoleLogin`, `errorMessage=""Failed authentication""`).

Identifies whether these failures are converted into a metric and actively monitored by an alarm.";"Absent visibility into failed console logins enables undetected **brute-force** and **credential-stuffing** attempts, extending attacker dwell time.

Successful guesses can grant console access, risking data confidentiality, configuration integrity, and availability through destructive changes.";;"Implement a log metric filter for `ConsoleLogin` failures and attach a **CloudWatch alarm** with actionable notifications. Tune thresholds to reduce noise and route alerts to incident response.

Apply **least privilege** and enforce **MFA** to limit impact, and correlate alerts with source IP and user context.";https://hub.prowler.com/check/cloudwatch_log_metric_filter_authentication_failures;"```yaml
# CloudFormation: Metric filter and alarm for console authentication failures
Resources:
  MetricFilter:
    Type: AWS::Logs::MetricFilter
    Properties:
      LogGroupName: ""<example_resource_name>""
      FilterPattern: '{ ($.eventName = ConsoleLogin) && ($.errorMessage = ""Failed authentication"") }'  # Critical: matches failed console login events
      MetricTransformations:
        - MetricValue: ""1""
          MetricNamespace: ""<example_resource_name>""  # Critical: creates metric namespace
          MetricName: ""<example_resource_name>""       # Critical: creates metric name

  Alarm:
    Type: AWS::CloudWatch::Alarm
    Properties:
      MetricName: ""<example_resource_name>""   # Critical: alarm targets metric from filter
      Namespace: ""<example_resource_name>""    # Critical: must match metric's namespace
      ComparisonOperator: GreaterThanOrEqualToThreshold
      EvaluationPeriods: 1
      Period: 300
      Statistic: Sum
      Threshold: 1
```";"```hcl
# Metric filter and alarm for console authentication failures
resource ""aws_cloudwatch_log_metric_filter"" ""metric"" {
  name           = ""<example_resource_name>""
  log_group_name = ""<example_resource_name>""
  pattern        = ""{($.eventName = ConsoleLogin) && ($.errorMessage = \""Failed authentication\"") }"" # Critical: detects failed console logins

  metric_transformation {
    name      = ""<example_resource_name>""   # Critical: metric created by filter
    namespace = ""<example_resource_name>""   # Critical: metric namespace
    value     = ""1""
  }
}

resource ""aws_cloudwatch_metric_alarm"" ""alarm"" {
  metric_name          = aws_cloudwatch_log_metric_filter.metric.metric_transformation[0].name   # Critical: alarm references the filter's metric
  namespace            = aws_cloudwatch_log_metric_filter.metric.metric_transformation[0].namespace # Critical: must match
  comparison_operator  = ""GreaterThanOrEqualToThreshold""
  evaluation_periods   = 1
  period               = 300
  statistic            = ""Sum""
  threshold            = 1
}
```";;"1. In the AWS Console, open CloudWatch
2. Go to Logs > Log groups and select the CloudTrail log group receiving events
3. Open the Metric filters tab > Create metric filter
   - Filter pattern: { ($.eventName = ConsoleLogin) && ($.errorMessage = ""Failed authentication"") }
   - Assign any metric name and namespace, value 1, then create
4. On the created metric filter, select it and choose Create alarm
   - Statistic: Sum, Period: 5 minutes, Threshold type: Static, Threshold: >= 1
   - Create the alarm";CIS-6.0: 5.6 | CIS-1.5: 4.6 | ISO27001-2013: A.12.4.I | SecNumCloud-3.2: 12.9 | CIS-7.0: 5.6 | CIS-2.0: 4.6 | KISA-ISMS-P-2023-korean: 2.10.1, 2.10.2, 2.11.3 | CIS-4.0.1: 4.6 | ENS-RD2022: op.exp.8.aws.ct.5 | AWS-Account-Security-Onboarding: Alert on rise of ConsoleLoginFailures events | CCC-v2025.10: CCC.Core.CN04.AR01, CCC.IAM.CN10.AR01, CCC.IAM.CN10.AR02 | MITRE-ATTACK: T1496 | AWS-AI-Security-Framework-1.0: AISF-DETECT-05 | CIS-3.0: 4.6 | ISO27001-2022: A.8.15, A.8.16 | NIS2: 3.2.3.c, 3.2.3.d, 3.2.3.g, 3.5.4, 7.2.b | NIST-CSF-1.1: cm_2, ra_5, sc_4 | GDPR: article_25 | AWS-Well-Architected-Framework-Security-Pillar: SEC04-BP04 | NIST-CSF-2.0: ra_5, ip_7, ip_8, pt_1, ae_2, cm_1, cm_3, cm_7, dp_4 | KISA-ISMS-P-2023: 2.10.1, 2.10.2, 2.11.3 | C5-2025: OIS-04.01AC, OIS-04.02AC, HR-03.02AC, AM-01.01AC, AM-09.03AC, OPS-11.02AC, OPS-26.05B, OPS-26.01AS, OPS-26.06B, IAM-03.01AC, PSS-04.01B | SOC2: pi_1_3 | ProwlerThreatScore-1.0: 3.3.7 | CIS-5.0: 4.6 | CIS-1.4: 4.6 | HIPAA: 164_308_a_5_ii_c, 164_308_a_6_i, 164_308_a_6_ii;logging;;;Logging and Monitoring;5.33.1;https://docs.aws.amazon.com/awscloudtrail/latest/userguide/cloudwatch-alarms-for-cloudtrail.html | https://www.intelligentdiscovery.io/controls/cloudwatch/cloudwatch-alarm-signin-failures | https://www.trendmicro.com/trendaivisiononecloudriskmanagement/knowledge-base/aws/CloudWatchLogs/console-sign-in-failures-alarm.html | https://newsletter.simpleaws.dev/p/cloudtrail-cloudwatch-logs-login-detection-alert;;
profile: None;2026-07-13 09:37:50.757461;735291151388;;;;;;prowler-aws-cloudwatch_log_metric_filter_aws_organizations_changes-735291151388-ap-south-1-735291151388;aws;cloudwatch_log_metric_filter_aws_organizations_changes;CloudWatch Logs metric filter and alarm exist for AWS Organizations changes;Software and Configuration Checks/Industry and Regulatory Standards/CIS AWS Foundations Benchmark | Software and Configuration Checks/AWS Security Best Practices/Runtime Behavior Analysis | TTPs/Privilege Escalation;FAIL;No CloudWatch log groups found with metric filters or alarms associated.;False;cloudwatch;;medium;AwsCloudWatchAlarm;arn:aws:logs:ap-south-1:735291151388:log-group;735291151388;;;aws;ap-south-1;"**CloudWatch Logs** metric filters and alarms monitor **AWS Organizations** change events recorded by CloudTrail, including actions like `CreateAccount`, `AttachPolicy`, `MoveAccount`, and `UpdateOrganizationalUnit`.

The evaluation looks for a filter on the trail log group matching `organizations.amazonaws.com` events and an alarm linked to that metric.";Without alerting on **AWS Organizations changes**, attackers or misconfigurations can silently alter governance, enabling unauthorized access and policy bypass. They could create/remove accounts, change or detach SCPs, or delete the organization, risking data exposure (C), privilege escalation (I), and service disruption (A).;;Send CloudTrail events to **CloudWatch Logs**, add a metric filter for `organizations.amazonaws.com` change events, and attach an alarm that notifies responders. Enforce **least privilege** and **separation of duties** for org admins, require MFA and approvals, and regularly test alerts to ensure timely detection and response.;https://hub.prowler.com/check/cloudwatch_log_metric_filter_aws_organizations_changes;"```yaml
# CloudFormation: CloudWatch Logs metric filter and alarm for AWS Organizations changes
Resources:
  OrganizationsChangesMetricFilter:
    Type: AWS::Logs::MetricFilter
    Properties:
      LogGroupName: <example_log_group_name>
      FilterPattern: '{ ($.eventSource = organizations.amazonaws.com) && (($.eventName = ""AcceptHandshake"") || ($.eventName = ""AttachPolicy"") || ($.eventName = ""CancelHandshake"") || ($.eventName = ""CreateAccount"") || ($.eventName = ""CreateOrganization"") || ($.eventName = ""CreateOrganizationalUnit"") || ($.eventName = ""CreatePolicy"") || ($.eventName = ""DeclineHandshake"") || ($.eventName = ""DeleteOrganization"") || ($.eventName = ""DeleteOrganizationalUnit"") || ($.eventName = ""DeletePolicy"") || ($.eventName = ""EnableAllFeatures"") || ($.eventName = ""EnablePolicyType"") || ($.eventName = ""InviteAccountToOrganization"") || ($.eventName = ""LeaveOrganization"") || ($.eventName = ""DetachPolicy"") || ($.eventName = ""DisablePolicyType"") || ($.eventName = ""MoveAccount"") || ($.eventName = ""RemoveAccountFromOrganization"") || ($.eventName = ""UpdateOrganizationalUnit"") || ($.eventName = ""UpdatePolicy"")) }'  # Critical: matches AWS Organizations change events
      MetricTransformations:
        - MetricValue: ""1""
          MetricNamespace: CISBenchmark
          MetricName: <example_resource_name>  # Critical: creates metric used by the alarm

  OrganizationsChangesAlarm:
    Type: AWS::CloudWatch::Alarm
    Properties:
      ComparisonOperator: GreaterThanOrEqualToThreshold
      EvaluationPeriods: 1
      MetricName: <example_resource_name>   # Critical: alarms on the metric from the filter
      Namespace: CISBenchmark               # Critical: must match the metric filter namespace
      Period: 300
      Statistic: Sum
      Threshold: 1
```";"```hcl
# CloudWatch Logs metric filter for AWS Organizations changes
resource ""aws_cloudwatch_log_metric_filter"" ""organizations_changes"" {
  name           = ""<example_resource_name>""
  log_group_name = ""<example_log_group_name>""
  pattern        = ""{ ($.eventSource = organizations.amazonaws.com) && (($.eventName = \""AcceptHandshake\"") || ($.eventName = \""AttachPolicy\"") || ($.eventName = \""CancelHandshake\"") || ($.eventName = \""CreateAccount\"") || ($.eventName = \""CreateOrganization\"") || ($.eventName = \""CreateOrganizationalUnit\"") || ($.eventName = \""CreatePolicy\"") || ($.eventName = \""DeclineHandshake\"") || ($.eventName = \""DeleteOrganization\"") || ($.eventName = \""DeleteOrganizationalUnit\"") || ($.eventName = \""DeletePolicy\"") || ($.eventName = \""EnableAllFeatures\"") || ($.eventName = \""EnablePolicyType\"") || ($.eventName = \""InviteAccountToOrganization\"") || ($.eventName = \""LeaveOrganization\"") || ($.eventName = \""DetachPolicy\"") || ($.eventName = \""DisablePolicyType\"") || ($.eventName = \""MoveAccount\"") || ($.eventName = \""RemoveAccountFromOrganization\"") || ($.eventName = \""UpdateOrganizationalUnit\"") || ($.eventName = \""UpdatePolicy\"")) }""  # Critical: matches AWS Organizations change events

  metric_transformation {
    name      = ""<example_resource_name>""   # Critical: metric created by the filter
    namespace = ""CISBenchmark""              # Critical: used by the alarm
    value     = ""1""
  }
}

# Alarm on the metric generated by the filter
resource ""aws_cloudwatch_metric_alarm"" ""organizations_changes"" {
  alarm_name          = ""<example_resource_name>""
  comparison_operator = ""GreaterThanOrEqualToThreshold""
  evaluation_periods  = 1
  metric_name         = ""<example_resource_name>""  # Critical: matches metric filter name
  namespace           = ""CISBenchmark""             # Critical: matches metric filter namespace
  period              = 300
  statistic           = ""Sum""
  threshold           = 1
}
```";;"1. Open CloudWatch > Logs > Log groups and select the CloudTrail log group for your trail
2. Choose Create metric filter and set Filter pattern to:
   { ($.eventSource = organizations.amazonaws.com) && (($.eventName = ""AcceptHandshake"") || ($.eventName = ""AttachPolicy"") || ($.eventName = ""CancelHandshake"") || ($.eventName = ""CreateAccount"") || ($.eventName = ""CreateOrganization"") || ($.eventName = ""CreateOrganizationalUnit"") || ($.eventName = ""CreatePolicy"") || ($.eventName = ""DeclineHandshake"") || ($.eventName = ""DeleteOrganization"") || ($.eventName = ""DeleteOrganizationalUnit"") || ($.eventName = ""DeletePolicy"") || ($.eventName = ""EnableAllFeatures"") || ($.eventName = ""EnablePolicyType"") || ($.eventName = ""InviteAccountToOrganization"") || ($.eventName = ""LeaveOrganization"") || ($.eventName = ""DetachPolicy"") || ($.eventName = ""DisablePolicyType"") || ($.eventName = ""MoveAccount"") || ($.eventName = ""RemoveAccountFromOrganization"") || ($.eventName = ""UpdateOrganizationalUnit"") || ($.eventName = ""UpdatePolicy"")) }
3. Assign a metric: Namespace = CISBenchmark, Metric name = OrganizationsChanges, Metric value = 1, then Create metric filter
4. On the metric filter, select Create alarm; set Statistic = Sum, Period = 5 minutes, Threshold type = Static, Threshold = 1, Evaluation periods = 1; Create alarm";CIS-6.0: 5.15 | CIS-1.5: 4.15 | SecNumCloud-3.2: 12.9 | CIS-7.0: 5.15 | CIS-2.0: 4.15 | KISA-ISMS-P-2023-korean: 2.10.1, 2.10.2, 2.11.3 | CIS-4.0.1: 4.15 | MITRE-ATTACK: T1496 | AWS-AI-Security-Framework-1.0: AISF-DETECT-05 | CIS-3.0: 4.15 | ISO27001-2022: A.8.15, A.8.16 | NIS2: 2.2.3, 3.2.2, 3.2.3.b, 3.2.3.c, 3.2.3.f, 3.2.3.g, 3.5.4, 7.2.b, 11.5.2.d | AWS-Well-Architected-Framework-Security-Pillar: SEC04-BP04 | NIST-CSF-2.0: ae_3, cm_7 | KISA-ISMS-P-2023: 2.10.1, 2.10.2, 2.11.3 | C5-2025: OIS-04.03B, OIS-04.01AC, OIS-04.02AC, HR-03.02AC, AM-01.01AC, AM-09.03AC, OPS-11.02AC, OPS-26.05B, OPS-26.01AS, OPS-26.06B, PSS-04.01B | SOC2: cc_5_2 | ProwlerThreatScore-1.0: 3.3.16 | CIS-5.0: 4.15 | CIS-1.4: 4.15 | FedRAMP-20x-KSI-Low-25.05C: ksi-cmt;logging;;;Logging and Monitoring;5.33.1;https://docs.aws.amazon.com/awscloudtrail/latest/userguide/cloudwatch-alarms-for-cloudtrail.html | https://support.icompaas.com/support/solutions/articles/62000228348-ensure-a-log-metric-filter-and-alarm-exist-for-aws-organizations-changes | https://www.plerion.com/cloud-knowledge-base/ensure-aws-organizations-changes-are-monitored | https://www.trendmicro.com/trendaivisiononecloudriskmanagement/knowledge-base/aws/CloudWatchLogs/organizations-changes-alarm.html;;
profile: None;2026-07-13 09:37:50.757461;735291151388;;;;;;prowler-aws-cloudwatch_log_metric_filter_disable_or_scheduled_deletion_of_kms_cmk-735291151388-ap-south-1-735291151388;aws;cloudwatch_log_metric_filter_disable_or_scheduled_deletion_of_kms_cmk;Account has a CloudWatch log metric filter and alarm for disabling or scheduled deletion of customer-managed KMS keys;Software and Configuration Checks/Industry and Regulatory Standards/CIS AWS Foundations Benchmark | Software and Configuration Checks/AWS Security Best Practices | Effects/Denial of Service;FAIL;No CloudWatch log groups found with metric filters or alarms associated.;False;cloudwatch;;medium;AwsCloudWatchAlarm;arn:aws:logs:ap-south-1:735291151388:log-group;735291151388;;;aws;ap-south-1;CloudTrail events delivered to CloudWatch are evaluated for a **metric filter and alarm** that monitor **KMS CMK state changes**, specifically `DisableKey` and `ScheduleKeyDeletion` from `kms.amazonaws.com`.;Missing alerts on **CMK disablement or scheduled deletion** undermines **availability** and **integrity**: encrypted data may become undecryptable, backups unusable, and recovery impossible. Attackers or insiders can change key states unnoticed, causing outages and irreversible data loss.;;"Establish **CloudWatch metric filters and alarms** for `DisableKey` and `ScheduleKeyDeletion` CloudTrail events to enable rapid response.
- Apply **least privilege** to KMS administration
- Enforce **change control** and separation of duties
- Use deletion waiting periods and monitor all regions";https://hub.prowler.com/check/cloudwatch_log_metric_filter_disable_or_scheduled_deletion_of_kms_cmk;"```yaml
# CloudFormation: Metric filter and alarm for KMS key disable/deletion
Resources:
  MetricFilter:
    Type: AWS::Logs::MetricFilter
    Properties:
      LogGroupName: <example_resource_name>
      # CRITICAL: Detect KMS DisableKey or ScheduleKeyDeletion events from CloudTrail logs
      # This pattern is what the check looks for
      FilterPattern: '{($.eventSource = kms.amazonaws.com) && (($.eventName=DisableKey)||($.eventName=ScheduleKeyDeletion)) }'
      MetricTransformations:
        - MetricValue: ""1""
          MetricNamespace: CISBenchmark
          MetricName: disable_or_delete_cmk_changes_metric

  Alarm:
    Type: AWS::CloudWatch::Alarm
    Properties:
      # CRITICAL: Alarm on the metric created by the filter above
      MetricName: disable_or_delete_cmk_changes_metric
      Namespace: CISBenchmark
      Statistic: Sum
      Period: 300
      EvaluationPeriods: 1
      Threshold: 1
      ComparisonOperator: GreaterThanOrEqualToThreshold
```";"```hcl
# Metric filter for KMS DisableKey or ScheduleKeyDeletion
resource ""aws_cloudwatch_log_metric_filter"" ""cmk"" {
  name           = ""<example_resource_name>""
  log_group_name = ""<example_resource_name>"" # CRITICAL: CloudTrail log group
  # CRITICAL: Detect KMS key disable or scheduled deletion events
  pattern = ""{($.eventSource = kms.amazonaws.com) && (($.eventName=DisableKey)||($.eventName=ScheduleKeyDeletion)) }""

  metric_transformation {
    name      = ""disable_or_delete_cmk_changes_metric"" # CRITICAL: metric used by alarm
    namespace = ""CISBenchmark""
    value     = ""1""
  }
}

# Alarm for the metric above
resource ""aws_cloudwatch_metric_alarm"" ""cmk"" {
  alarm_name          = ""<example_resource_name>""
  comparison_operator = ""GreaterThanOrEqualToThreshold""
  evaluation_periods  = 1
  metric_name         = ""disable_or_delete_cmk_changes_metric"" # CRITICAL: same metric name
  namespace           = ""CISBenchmark""
  period              = 300
  statistic           = ""Sum""
  threshold           = 1
}
```";;"1. Open the AWS Console and go to CloudWatch > Log groups
2. Select the CloudTrail log group that receives your trail events
3. Choose Create metric filter
4. In Filter pattern, paste: {($.eventSource = kms.amazonaws.com) && (($.eventName=DisableKey)||($.eventName=ScheduleKeyDeletion)) }
5. Name the metric (e.g., disable_or_delete_cmk_changes_metric), set Namespace to CISBenchmark, Value to 1, then Create
6. From the Metric filters tab, select the new filter and click Create alarm
7. Set Statistic: Sum, Period: 5 minutes, Threshold type: Static, Threshold: 1, Comparison: Greater/Equal
8. Create the alarm (notification actions optional and not required for pass)";CIS-6.0: 5.7 | CIS-1.5: 4.7 | ISO27001-2013: A.10.1.C, A.12.4.H | SecNumCloud-3.2: 12.9 | CIS-7.0: 5.7 | CIS-2.0: 4.7 | KISA-ISMS-P-2023-korean: 2.10.1, 2.10.2, 2.11.3 | CIS-4.0.1: 4.7 | ENS-RD2022: op.exp.10.aws.cmk.4, op.exp.10.aws.cmk.5 | CCC-v2025.10: CCC.Core.CN04.AR01, CCC.KeyMgmt.CN01.AR01 | MITRE-ATTACK: T1485, T1496 | AWS-AI-Security-Framework-1.0: AISF-DETECT-05 | CIS-3.0: 4.7 | ISO27001-2022: A.8.15, A.8.16 | NIS2: 3.2.3.c, 3.2.3.g, 3.5.4, 7.2.b | NIST-CSF-1.1: cm_2, ra_5, sc_4 | GDPR: article_25 | AWS-Well-Architected-Framework-Security-Pillar: SEC04-BP04 | NIST-CSF-2.0: ae_2, cm_7 | KISA-ISMS-P-2023: 2.10.1, 2.10.2, 2.11.3 | C5-2025: OIS-04.02AC, OIS-08.02B, HR-03.02AC, AM-01.01AC, AM-07.02B, AM-09.03AC, OPS-11.02AC, OPS-26.05B, OPS-26.01AS, OPS-26.06B, CRY-05.02B, PSS-04.01B | ProwlerThreatScore-1.0: 3.3.8 | CIS-5.0: 4.7 | CIS-1.4: 4.7;logging;;;Logging and Monitoring;5.33.1;https://docs.aws.amazon.com/kms/latest/developerguide/deleting-keys-creating-cloudwatch-alarm.html;;
profile: None;2026-07-13 09:37:50.757461;735291151388;;;;;;prowler-aws-cloudwatch_log_metric_filter_for_s3_bucket_policy_changes-735291151388-ap-south-1-735291151388;aws;cloudwatch_log_metric_filter_for_s3_bucket_policy_changes;CloudWatch log metric filter and alarm exist for S3 bucket policy changes;Software and Configuration Checks/Industry and Regulatory Standards/CIS AWS Foundations Benchmark | Software and Configuration Checks/AWS Security Best Practices/Runtime Behavior Analysis;FAIL;No CloudWatch log groups found with metric filters or alarms associated.;False;cloudwatch;;medium;AwsCloudWatchAlarm;arn:aws:logs:ap-south-1:735291151388:log-group;735291151388;;;aws;ap-south-1;"**CloudTrail** logs are assessed for a **CloudWatch metric filter** matching S3 bucket configuration changes (ACL, policy, CORS, lifecycle, replication; e.g., `PutBucketPolicy`, `DeleteBucketPolicy`) and for an associated **CloudWatch alarm**.";Without alerting on S3 policy and ACL changes, unauthorized modifications can go unnoticed, weakening **confidentiality** and **integrity**. Misuse could expose buckets publicly, grant write/delete access, or alter replication paths, enabling data exfiltration and destructive actions.;;Establish and maintain **metric filters** and **alarms** for S3 bucket policy, ACL, CORS, lifecycle, and replication changes. Route alerts to monitored channels and integrate with SIEM. Enforce **least privilege**, require change reviews, and use **defense in depth** to prevent and quickly detect unsafe bucket policy changes.;https://hub.prowler.com/check/cloudwatch_log_metric_filter_for_s3_bucket_policy_changes;"```yaml
# CloudFormation: CloudWatch metric filter and alarm for S3 bucket policy changes
Resources:
  <example_resource_name>MetricFilter:
    Type: AWS::Logs::MetricFilter
    Properties:
      LogGroupName: <example_resource_name>  # Critical: CloudTrail log group to monitor
      FilterPattern: '{($.eventSource=s3.amazonaws.com) && (($.eventName=PutBucketAcl) || ($.eventName=PutBucketPolicy) || ($.eventName=PutBucketCors) || ($.eventName=PutBucketLifecycle) || ($.eventName=PutBucketReplication) || ($.eventName=DeleteBucketPolicy) || ($.eventName=DeleteBucketCors) || ($.eventName=DeleteBucketLifecycle) || ($.eventName=DeleteBucketReplication))}'  # Critical: detects S3 bucket policy changes
      MetricTransformations:
        - MetricName: <example_resource_name>
          MetricNamespace: <example_resource_name>
          MetricValue: ""1""

  <example_resource_name>Alarm:
    Type: AWS::CloudWatch::Alarm
    Properties:
      AlarmName: <example_resource_name>
      Namespace: <example_resource_name>   # Critical: must match metric filter
      MetricName: <example_resource_name>  # Critical: must match metric filter
      ComparisonOperator: GreaterThanOrEqualToThreshold
      EvaluationPeriods: 1
      Period: 300
      Statistic: Sum
      Threshold: 1
```";"```hcl
# CloudWatch metric filter for S3 bucket policy changes
resource ""aws_cloudwatch_log_metric_filter"" ""<example_resource_name>"" {
  name           = ""<example_resource_name>""
  log_group_name = ""<example_resource_name>""
  # Critical: detects S3 bucket policy changes from CloudTrail logs
  pattern = ""{($.eventSource=s3.amazonaws.com) && (($.eventName=PutBucketAcl) || ($.eventName=PutBucketPolicy) || ($.eventName=PutBucketCors) || ($.eventName=PutBucketLifecycle) || ($.eventName=PutBucketReplication) || ($.eventName=DeleteBucketPolicy) || ($.eventName=DeleteBucketCors) || ($.eventName=DeleteBucketLifecycle) || ($.eventName=DeleteBucketReplication))}""

  metric_transformation {
    name      = ""<example_resource_name>""
    namespace = ""<example_resource_name>""
    value     = ""1""
  }
}

# Alarm on the metric filter
resource ""aws_cloudwatch_metric_alarm"" ""<example_resource_name>"" {
  alarm_name          = ""<example_resource_name>""
  metric_name         = ""<example_resource_name>""  # Critical: matches metric filter
  namespace           = ""<example_resource_name>""  # Critical: matches metric filter
  comparison_operator = ""GreaterThanOrEqualToThreshold""
  evaluation_periods  = 1
  period              = 300
  statistic           = ""Sum""
  threshold           = 1
}
```";;"1. Open the CloudWatch console and go to Logs > Log groups.
2. Select the CloudTrail log group that receives your trail events.
3. Create metric filter:
   - Choose Create metric filter.
   - Filter pattern:
     ```
     {($.eventSource=s3.amazonaws.com) && (($.eventName=PutBucketAcl) || ($.eventName=PutBucketPolicy) || ($.eventName=PutBucketCors) || ($.eventName=PutBucketLifecycle) || ($.eventName=PutBucketReplication) || ($.eventName=DeleteBucketPolicy) || ($.eventName=DeleteBucketCors) || ($.eventName=DeleteBucketLifecycle) || ($.eventName=DeleteBucketReplication))}
     ```
   - Set Metric name and Namespace (any values) and Metric value = 1. Save.
4. From the Metric filters tab, select the new filter and choose Create alarm.
5. Set: Statistic = Sum, Period = 5 minutes, Threshold type = Static, Condition = Greater/Equal, Threshold = 1, Evaluation periods = 1. Create alarm.";CIS-6.0: 5.8 | CIS-1.5: 4.8 | ISO27001-2013: A.12.4.G | SecNumCloud-3.2: 12.9 | CIS-7.0: 5.8 | CIS-2.0: 4.8 | KISA-ISMS-P-2023-korean: 2.10.1, 2.10.2, 2.11.3 | CIS-4.0.1: 4.8 | CCC-v2025.10: CCC.Core.CN04.AR01, CCC.AuditLog.CN03.AR02 | MITRE-ATTACK: T1496 | CIS-3.0: 4.8 | ISO27001-2022: A.8.15, A.8.16 | NIS2: 2.2.3, 3.2.3.b, 3.2.3.c, 3.2.3.f, 3.2.3.g, 3.5.4, 7.2.b | NIST-CSF-1.1: cm_2, ra_5, sc_4 | GDPR: article_25 | AWS-Well-Architected-Framework-Security-Pillar: SEC04-BP04 | NIST-CSF-2.0: pt_1, ae_1, ae_2, cm_7 | KISA-ISMS-P-2023: 2.10.1, 2.10.2, 2.11.3 | C5-2025: OIS-04.03B, OIS-04.01AC, OIS-04.02AC, HR-03.02AC, AM-01.01AC, AM-09.03AC, OPS-11.02AC, OPS-26.05B, OPS-26.01AS, OPS-26.06B, PSS-04.01B | SOC2: cc_5_2 | ProwlerThreatScore-1.0: 3.3.9 | CIS-5.0: 4.8 | CIS-1.4: 4.8 | FedRAMP-20x-KSI-Low-25.05C: ksi-cmt;logging;;;Logging and Monitoring;5.33.1;https://docs.aws.amazon.com/awscloudtrail/latest/userguide/cloudwatch-alarms-for-cloudtrail.html | https://support.icompaas.com/support/solutions/articles/62000086674-ensure-a-log-metric-filter-and-alarm-exist-for-s3-bucket-policy-changes;;
profile: None;2026-07-13 09:37:50.757461;735291151388;;;;;;prowler-aws-cloudwatch_log_metric_filter_policy_changes-735291151388-ap-south-1-735291151388;aws;cloudwatch_log_metric_filter_policy_changes;CloudWatch Logs metric filter and alarm exist for IAM policy changes;Software and Configuration Checks/Industry and Regulatory Standards/CIS AWS Foundations Benchmark | TTPs/Privilege Escalation;FAIL;No CloudWatch log groups found with metric filters or alarms associated.;False;cloudwatch;;medium;AwsCloudWatchAlarm;arn:aws:logs:ap-south-1:735291151388:log-group;735291151388;;;aws;ap-south-1;CloudWatch uses a metric filter and alarm to track **IAM policy changes** recorded by CloudTrail (e.g., `CreatePolicy`, `DeletePolicy`, version changes, inline policy edits, policy attach/detach). This finding reflects whether that filter and an associated alarm are present on the trail's log group.;Absent alerting on **IAM policy changes**, privilege modifications can go unnoticed, enabling **privilege escalation**, hidden backdoors, or permission revocations. This threatens **confidentiality** and **integrity**, and may impact **availability** if critical access is removed or misconfigured.;;"Create a metric filter for IAM policy create/update/delete and attach/detach events with an **alarm** to notify responders.
- Enforce **least privilege** and separation of duties for policy changes
- Require approvals and central logging across Regions/accounts
- Integrate alerts with incident response";https://hub.prowler.com/check/cloudwatch_log_metric_filter_policy_changes;"```yaml
# CloudFormation: Create metric filter and alarm for IAM policy changes
Resources:
  IAMPolicyChangeMetricFilter:
    Type: AWS::Logs::MetricFilter
    Properties:
      LogGroupName: <example_resource_name>  # IMPORTANT: CloudTrail log group to monitor
      # CRITICAL: Pattern matching IAM policy change events required by the check
      FilterPattern: '{($.eventName=DeleteGroupPolicy)||($.eventName=DeleteRolePolicy)||($.eventName=DeleteUserPolicy)||($.eventName=PutGroupPolicy)||($.eventName=PutRolePolicy)||($.eventName=PutUserPolicy)||($.eventName=CreatePolicy)||($.eventName=DeletePolicy)||($.eventName=CreatePolicyVersion)||($.eventName=DeletePolicyVersion)||($.eventName=AttachRolePolicy)||($.eventName=DetachRolePolicy)||($.eventName=AttachUserPolicy)||($.eventName=DetachUserPolicy)||($.eventName=AttachGroupPolicy)||($.eventName=DetachGroupPolicy)}'
      MetricTransformations:
        - MetricName: <example_resource_name>   # CRITICAL: Metric created from filter
          MetricNamespace: CISBenchmark        # CRITICAL: Namespace for the metric
          MetricValue: ""1""

  IAMPolicyChangeAlarm:
    Type: AWS::CloudWatch::Alarm
    Properties:
      AlarmName: <example_resource_name>
      # CRITICAL: Alarm on the metric created above when >= 1 event occurs
      MetricName: <example_resource_name>
      Namespace: CISBenchmark
      Statistic: Sum
      Period: 300
      EvaluationPeriods: 1
      Threshold: 1
      ComparisonOperator: GreaterThanOrEqualToThreshold
```";"```hcl
# Terraform: Metric filter and alarm for IAM policy changes
resource ""aws_cloudwatch_log_metric_filter"" ""<example_resource_name>"" {
  name           = ""<example_resource_name>""
  log_group_name = ""<example_resource_name>""  # CloudTrail log group

  # CRITICAL: Pattern matching IAM policy change events required by the check
  pattern = ""{($.eventName=DeleteGroupPolicy)||($.eventName=DeleteRolePolicy)||($.eventName=DeleteUserPolicy)||($.eventName=PutGroupPolicy)||($.eventName=PutRolePolicy)||($.eventName=PutUserPolicy)||($.eventName=CreatePolicy)||($.eventName=DeletePolicy)||($.eventName=CreatePolicyVersion)||($.eventName=DeletePolicyVersion)||($.eventName=AttachRolePolicy)||($.eventName=DetachRolePolicy)||($.eventName=AttachUserPolicy)||($.eventName=DetachUserPolicy)||($.eventName=AttachGroupPolicy)||($.eventName=DetachGroupPolicy)}""

  metric_transformation {
    name      = ""<example_resource_name>""      # CRITICAL: Metric created from filter
    namespace = ""CISBenchmark""                 # CRITICAL: Namespace for the metric
    value     = ""1""
  }
}

resource ""aws_cloudwatch_metric_alarm"" ""<example_resource_name>"" {
  alarm_name          = ""<example_resource_name>""
  # CRITICAL: Alarm on the metric when >= 1 event occurs
  metric_name         = aws_cloudwatch_log_metric_filter.<example_resource_name>.metric_transformation[0].name
  namespace           = aws_cloudwatch_log_metric_filter.<example_resource_name>.metric_transformation[0].namespace
  statistic           = ""Sum""
  period              = 300
  evaluation_periods  = 1
  threshold           = 1
  comparison_operator = ""GreaterThanOrEqualToThreshold""
}
```";;"1. Open the CloudWatch console > Logs > Log groups and select the CloudTrail log group
2. Create metric filter:
   - Filter pattern: {($.eventName=DeleteGroupPolicy)||($.eventName=DeleteRolePolicy)||($.eventName=DeleteUserPolicy)||($.eventName=PutGroupPolicy)||($.eventName=PutRolePolicy)||($.eventName=PutUserPolicy)||($.eventName=CreatePolicy)||($.eventName=DeletePolicy)||($.eventName=CreatePolicyVersion)||($.eventName=DeletePolicyVersion)||($.eventName=AttachRolePolicy)||($.eventName=DetachRolePolicy)||($.eventName=AttachUserPolicy)||($.eventName=DetachUserPolicy)||($.eventName=AttachGroupPolicy)||($.eventName=DetachGroupPolicy)}
   - Metric name: <example_resource_name>
   - Namespace: CISBenchmark
   - Metric value: 1
3. On the Metric filters tab, select the new filter and choose Create alarm
4. Set: Statistic=Sum, Period=5 minutes, Threshold type=Static, Greater/Equal, Threshold=1, Evaluation periods=1
5. Create the alarm";CIS-6.0: 5.4 | CIS-1.5: 4.4 | ISO27001-2013: A.12.4.K | SecNumCloud-3.2: 12.9 | CIS-7.0: 5.4 | CIS-2.0: 4.4 | KISA-ISMS-P-2023-korean: 2.10.1, 2.10.2, 2.11.3 | CIS-4.0.1: 4.4 | ENS-RD2022: op.exp.8.aws.ct.5 | CCC-v2025.10: CCC.Core.CN04.AR01 | MITRE-ATTACK: T1496 | AWS-AI-Security-Framework-1.0: AISF-DETECT-05 | CIS-3.0: 4.4 | PCI-3.2.1: 8.1, 8.1.2 | ISO27001-2022: A.8.15, A.8.16 | NIS2: 2.2.3, 3.2.2, 3.2.3.b, 3.2.3.c, 3.2.3.f, 3.2.3.g, 3.5.4, 7.2.b, 11.5.2.d | NIST-CSF-1.1: cm_2, ra_5, sc_4 | GDPR: article_25 | AWS-Well-Architected-Framework-Security-Pillar: SEC04-BP04 | NIST-CSF-2.0: ov_3, ae_2, cm_7 | KISA-ISMS-P-2023: 2.10.1, 2.10.2, 2.11.3 | C5-2025: OIS-04.03B, OIS-04.01AC, OIS-04.02AC, HR-03.02AC, AM-01.01AC, AM-09.03AC, OPS-11.02AC, OPS-26.05B, OPS-26.01AS, OPS-26.06B, PSS-04.01B | SOC2: cc_5_2, pi_1_3 | ProwlerThreatScore-1.0: 3.3.5 | CIS-5.0: 4.4 | CIS-1.4: 4.4 | FedRAMP-20x-KSI-Low-25.05C: ksi-cmt;logging;;;Logging and Monitoring;5.33.1;https://docs.aws.amazon.com/awscloudtrail/latest/userguide/cloudwatch-alarms-for-cloudtrail.html | https://www.intelligentdiscovery.io/controls/cloudwatch/cloudwatch-alarm-iam-policy-change;;
profile: None;2026-07-13 09:37:50.757461;735291151388;;;;;;prowler-aws-cloudwatch_log_metric_filter_root_usage-735291151388-ap-south-1-735291151388;aws;cloudwatch_log_metric_filter_root_usage;Account has a CloudWatch Logs metric filter and alarm for root account usage;Software and Configuration Checks/Industry and Regulatory Standards/CIS AWS Foundations Benchmark | Software and Configuration Checks/Industry and Regulatory Standards/AWS Foundational Security Best Practices | Software and Configuration Checks/AWS Security Best Practices | TTPs/Privilege Escalation;FAIL;No CloudWatch log groups found with metric filters or alarms associated.;False;cloudwatch;;medium;AwsCloudWatchAlarm;arn:aws:logs:ap-south-1:735291151388:log-group;735291151388;;;aws;ap-south-1;"**CloudTrail** logs in CloudWatch include a metric filter for **root account activity** (`{ $.userIdentity.type = ""Root"" && $.userIdentity.invokedBy NOT EXISTS && $.eventType != ""AwsServiceEvent"" }`) and a linked CloudWatch alarm that triggers when the filter matches.";"Without alerting on **root activity**, full-privilege actions can proceed unnoticed, impacting:
- confidentiality via data access/exfiltration
- integrity via policy/config tampering
- availability via deletions or shutdowns
Delayed detection increases blast radius and persistence.";;"Enable real-time alerts for **root activity** using a log metric filter and a high-priority alarm with notifications.

Reduce exposure: enforce **least privilege**, keep root for *break-glass* with MFA, disable root access keys, and route alerts into incident response for **defense in depth**.";https://hub.prowler.com/check/cloudwatch_log_metric_filter_root_usage;"```yaml
# CloudFormation: Create metric filter and alarm for root account usage
Resources:
  RootUsageMetricFilter:
    Type: AWS::Logs::MetricFilter
    Properties:
      LogGroupName: ""<example_resource_name>""
      FilterPattern: '{ $.userIdentity.type = ""Root"" && $.userIdentity.invokedBy NOT EXISTS && $.eventType != ""AwsServiceEvent"" }'  # CRITICAL: detects root user actions not invoked by services
      MetricTransformations:
        - MetricValue: ""1""
          MetricNamespace: ""<example_resource_name>""  # CRITICAL: metric namespace used by the alarm
          MetricName: ""<example_resource_name>""       # CRITICAL: metric name used by the alarm

  RootUsageAlarm:
    Type: AWS::CloudWatch::Alarm
    Properties:
      ComparisonOperator: GreaterThanOrEqualToThreshold
      EvaluationPeriods: 1
      MetricName: ""<example_resource_name>""   # CRITICAL: alarms on the metric created by the filter
      Namespace: ""<example_resource_name>""
      Period: 300
      Statistic: Sum
      Threshold: 1
```";"```hcl
# CloudWatch Logs metric filter for root account usage
resource ""aws_cloudwatch_log_metric_filter"" ""<example_resource_name>"" {
  name           = ""<example_resource_name>""
  log_group_name = ""<example_resource_name>""
  pattern        = ""{ $.userIdentity.type = \""Root\"" && $.userIdentity.invokedBy NOT EXISTS && $.eventType != \""AwsServiceEvent\"" }"" # CRITICAL: detects root user actions

  metric_transformation {
    name      = ""<example_resource_name>""     # CRITICAL: metric used by the alarm
    namespace = ""<example_resource_name>""
    value     = ""1""
  }
}

# Alarm on the root usage metric
resource ""aws_cloudwatch_metric_alarm"" ""<example_resource_name>"" {
  comparison_operator = ""GreaterThanOrEqualToThreshold""
  evaluation_periods  = 1
  metric_name         = ""<example_resource_name>""   # CRITICAL: matches metric filter
  namespace           = ""<example_resource_name>""
  period              = 300
  statistic           = ""Sum""
  threshold           = 1
}
```";;"1. In the AWS console, open CloudWatch > Logs > Log groups and select the CloudTrail log group
2. Go to Metric filters > Create metric filter
3. For Filter pattern, enter: { $.userIdentity.type = ""Root"" && $.userIdentity.invokedBy NOT EXISTS && $.eventType != ""AwsServiceEvent"" }
4. Click Next, set any Filter name, set Metric namespace and Metric name, set Metric value to 1, then Create metric filter
5. Select the new metric filter and click Create alarm
6. Set Period to 5 minutes, Statistic to Sum, Threshold type Static with value 1, Evaluation periods 1, then Create alarm";CIS-6.0: 5.3 | CIS-1.5: 4.3 | ISO27001-2013: A.12.4.L | SecNumCloud-3.2: 12.9 | CIS-7.0: 5.3 | CIS-2.0: 4.3 | KISA-ISMS-P-2023-korean: 2.10.1, 2.10.2, 2.11.3 | CIS-4.0.1: 4.3 | ENS-RD2022: op.exp.8.aws.ct.5, op.exp.8.aws.cw.1 | AWS-Account-Security-Onboarding: Critical alert on every root user activity | CCC-v2025.10: CCC.Core.CN04.AR01, CCC.IAM.CN10.AR01 | MITRE-ATTACK: T1496 | AWS-AI-Security-Framework-1.0: AISF-IAM-04, AISF-DETECT-05 | CIS-3.0: 4.3 | PCI-3.2.1: 7.2, 7.2.1 | ISO27001-2022: A.8.15, A.8.16 | NIS2: 2.3.1, 3.2.1, 3.2.2, 3.2.3.c, 3.2.3.e, 3.2.3.g, 3.5.4, 7.2.b, 9.2.c.vii | NIST-CSF-1.1: cm_2, ra_5, sc_4 | GDPR: article_25 | AWS-Well-Architected-Framework-Security-Pillar: SEC04-BP04 | NIST-CSF-2.0: ip_8, ae_2, cm_7, dp_4 | KISA-ISMS-P-2023: 2.10.1, 2.10.2, 2.11.3 | C5-2025: OIS-04.01AC, OIS-04.02AC, HR-03.02AC, AM-01.01AC, AM-09.03AC, OPS-11.02AC, OPS-26.05B, OPS-26.01AS, OPS-26.06B, IAM-03.01B, IAM-03.03B, IAM-06.04B, IAM-06.05B, PSS-04.01B | SOC2: pi_1_3 | ProwlerThreatScore-1.0: 3.3.4 | CIS-5.0: 4.3 | CIS-1.4: 4.3 | HIPAA: 164_308_a_6_i, 164_308_a_6_ii;logging;;;Logging and Monitoring;5.33.1;https://docs.aws.amazon.com/awscloudtrail/latest/userguide/cloudwatch-alarms-for-cloudtrail.html | https://www.trendmicro.com/trendaivisiononecloudriskmanagement/knowledge-base/aws/CloudWatchLogs/root-account-usage-alarm.html | https://asecure.cloud/a/root_account_login/ | https://support.icompaas.com/support/solutions/articles/62000083624-ensure-a-log-metric-filter-and-alarm-exist-for-usage-of-root-account | https://www.intelligentdiscovery.io/controls/cloudwatch/cloudwatch-alarm-root-account-usage | https://aws.amazon.com/blogs/security/how-to-receive-notifications-when-your-aws-accounts-root-access-keys-are-used/ | https://www.tenable.com/audits/items/CIS_Amazon_Web_Services_Foundations_v1.5.0_L1.audit:000adfb028a1475075a6b5d2117f53f4;;
profile: None;2026-07-13 09:37:50.757461;735291151388;;;;;;prowler-aws-cloudwatch_log_metric_filter_security_group_changes-735291151388-ap-south-1-735291151388;aws;cloudwatch_log_metric_filter_security_group_changes;CloudWatch Logs metric filter and alarm exist for security group changes;Software and Configuration Checks/Industry and Regulatory Standards/CIS AWS Foundations Benchmark | Software and Configuration Checks/AWS Security Best Practices/Runtime Behavior Analysis;FAIL;No CloudWatch log groups found with metric filters or alarms associated.;False;cloudwatch;;medium;AwsCloudWatchAlarm;arn:aws:logs:ap-south-1:735291151388:log-group;735291151388;;;aws;ap-south-1;**CloudTrail** events for **security group configuration changes** are monitored using a **CloudWatch Logs metric filter** with an associated **alarm**. The filter targets actions like `AuthorizeSecurityGroupIngress/Egress`, `RevokeSecurityGroupIngress/Egress`, `CreateSecurityGroup`, and `DeleteSecurityGroup` to surface any security group modifications.;Without alerting on **security group changes**, unauthorized or mistaken rules can expose services to the Internet, enabling brute force and lateral movement (**confidentiality, integrity**). Deletions or restrictive edits can break connectivity (**availability**). Delayed detection increases attacker dwell time and impact.;;"Establish real-time alerts for **security group modifications** by sending CloudTrail to CloudWatch, creating metric filters and alarms, and notifying responders.
- Enforce **least privilege** on SG changes
- Use change management and tagging
- Centralize logs, test alarms, and maintain runbooks
- Layer with NACLs and WAF for **defense in depth**";https://hub.prowler.com/check/cloudwatch_log_metric_filter_security_group_changes;"```yaml
# CloudFormation: Create metric filter and alarm for Security Group changes
Resources:
  MetricFilter:
    Type: AWS::Logs::MetricFilter
    Properties:
      LogGroupName: <example_log_group_name>
      # Critical: Matches Security Group change events required by the check
      # This publishes a metric when these events appear in CloudTrail logs
      FilterPattern: '{ ($.eventName = AuthorizeSecurityGroupIngress) || ($.eventName = AuthorizeSecurityGroupEgress) || ($.eventName = RevokeSecurityGroupIngress) || ($.eventName = RevokeSecurityGroupEgress) || ($.eventName = CreateSecurityGroup) || ($.eventName = DeleteSecurityGroup) }'
      MetricTransformations:
        - MetricName: <example_metric_name>
          MetricNamespace: <example_metric_namespace>
          MetricValue: ""1""

  Alarm:
    Type: AWS::CloudWatch::Alarm
    Properties:
      # Critical: Alarm on the metric to satisfy the requirement
      MetricName: <example_metric_name>
      Namespace: <example_metric_namespace>
      Statistic: Sum
      Period: 300
      EvaluationPeriods: 1
      Threshold: 1
      ComparisonOperator: GreaterThanOrEqualToThreshold
```";"```hcl
# Metric filter for Security Group changes
resource ""aws_cloudwatch_log_metric_filter"" ""sg"" {
  name           = ""<example_resource_name>""
  log_group_name = ""<example_log_group_name>""
  # Critical: Matches Security Group change events required by the check
  pattern = ""{ ($.eventName = AuthorizeSecurityGroupIngress) || ($.eventName = AuthorizeSecurityGroupEgress) || ($.eventName = RevokeSecurityGroupIngress) || ($.eventName = RevokeSecurityGroupEgress) || ($.eventName = CreateSecurityGroup) || ($.eventName = DeleteSecurityGroup) }""

  metric_transformation {
    name      = ""<example_metric_name>""
    namespace = ""<example_metric_namespace>""
    value     = ""1""
  }
}

# Alarm for the above metric
resource ""aws_cloudwatch_metric_alarm"" ""sg"" {
  alarm_name          = ""<example_resource_name>""
  # Critical: Alarm on the SG change metric to pass the control
  metric_name         = ""<example_metric_name>""
  namespace           = ""<example_metric_namespace>""
  statistic           = ""Sum""
  period              = 300
  evaluation_periods  = 1
  threshold           = 1
  comparison_operator = ""GreaterThanOrEqualToThreshold""
}
```";;"1. Open the CloudWatch console > Logs > Log groups, and select the CloudTrail log group
2. Create metric filter with this pattern:
   { ($.eventName = AuthorizeSecurityGroupIngress) || ($.eventName = AuthorizeSecurityGroupEgress) || ($.eventName = RevokeSecurityGroupIngress) || ($.eventName = RevokeSecurityGroupEgress) || ($.eventName = CreateSecurityGroup) || ($.eventName = DeleteSecurityGroup) }
3. Assign metric: name <example_metric_name>, namespace <example_metric_namespace>, value 1, then create the filter
4. From the metric filter, choose Create alarm and set: Statistic Sum, Period 5 minutes, Threshold type Static, Greater/Equal 1, Evaluation periods 1, then create the alarm";CIS-6.0: 5.10 | CIS-1.5: 4.10 | ISO27001-2013: A.12.4.E | SecNumCloud-3.2: 12.9 | CIS-7.0: 5.10 | CIS-2.0: 4.10 | KISA-ISMS-P-2023-korean: 2.10.1, 2.10.2, 2.11.3 | CIS-4.0.1: 4.10 | CCC-v2025.10: CCC.Core.CN04.AR01 | MITRE-ATTACK: T1496 | AWS-AI-Security-Framework-1.0: AISF-DETECT-05 | CIS-3.0: 4.10 | ISO27001-2022: A.8.15, A.8.16 | NIS2: 2.2.3, 3.2.2, 3.2.3.b, 3.2.3.c, 3.2.3.f, 3.2.3.g, 3.5.4, 11.5.2.d | NIST-CSF-1.1: cm_2, ra_5, sc_4 | GDPR: article_25 | AWS-Well-Architected-Framework-Security-Pillar: SEC04-BP04 | NIST-CSF-2.0: ov_3, ip_8, ae_1, ae_2, cm_7, dp_4 | KISA-ISMS-P-2023: 2.10.1, 2.10.2, 2.11.3 | C5-2025: OIS-04.03B, OIS-04.01AC, OIS-04.02AC, HR-03.02AC, AM-01.01AC, AM-09.03AC, OPS-11.02AC, OPS-26.05B, OPS-26.01AS, OPS-26.06B, PSS-04.01B | SOC2: cc_5_2 | ProwlerThreatScore-1.0: 3.3.11 | CIS-5.0: 4.10 | CIS-1.4: 4.10 | FedRAMP-20x-KSI-Low-25.05C: ksi-cmt;logging;;;Logging and Monitoring;5.33.1;https://docs.aws.amazon.com/awscloudtrail/latest/userguide/cloudwatch-alarms-for-cloudtrail.html | https://support.icompaas.com/support/solutions/articles/62000084030-ensure-a-log-metric-filter-and-alarm-exist-for-security-group-changes | https://docs.aws.amazon.com/AmazonCloudWatch/latest/monitoring/Alarm-On-Logs.html | https://asecure.cloud/a/cwalarm_securitygroup_changes/;;
profile: None;2026-07-13 09:37:50.757461;735291151388;;;;;;prowler-aws-cloudwatch_log_metric_filter_sign_in_without_mfa-735291151388-ap-south-1-735291151388;aws;cloudwatch_log_metric_filter_sign_in_without_mfa;CloudWatch log metric filter and alarm exist for Management Console sign-in without MFA;Software and Configuration Checks/AWS Security Best Practices | Software and Configuration Checks/Industry and Regulatory Standards/CIS AWS Foundations Benchmark | TTPs/Initial Access | Unusual Behaviors/User;FAIL;No CloudWatch log groups found with metric filters or alarms associated.;False;cloudwatch;;medium;AwsCloudWatchAlarm;arn:aws:logs:ap-south-1:735291151388:log-group;735291151388;;;aws;ap-south-1;"**CloudTrail logs** in CloudWatch are assessed for a metric filter and alarm that detect console logins where `$.eventName = ConsoleLogin` and `$.additionalEventData.MFAUsed != \""Yes\""`.

This reflects whether alerting exists for sign-ins that occur without **MFA**.";"Without alerting on non-MFA console logins, successful use of stolen passwords can go **undetected**, enabling:
- Unauthorized console access and IAM changes
- Data exfiltration or deletion

Impacts: loss of **confidentiality** and **integrity**, and potential **availability** disruption.";;"Enforce **MFA** for all console-capable identities and maintain alerts for `ConsoleLogin` with `MFAUsed != \""Yes\""`.

Apply **least privilege**, route alarms to monitored channels, and tune for SSO to reduce noise. Test alarms regularly and review coverage as part of **defense in depth**.";https://hub.prowler.com/check/cloudwatch_log_metric_filter_sign_in_without_mfa;"```yaml
# CloudFormation: Create metric filter and alarm for console sign-in without MFA
Resources:
  NoMFAConsoleSigninMetricFilter:
    Type: AWS::Logs::MetricFilter
    Properties:
      LogGroupName: ""<example_resource_name>""
      FilterPattern: '{ ($.eventName = ""ConsoleLogin"") && ($.additionalEventData.MFAUsed != ""Yes"") }' # CRITICAL: detects ConsoleLogin events without MFA
      MetricTransformations:
        - MetricName: ""<example_resource_name>""
          MetricNamespace: ""<example_resource_name>""
          MetricValue: ""1""  # CRITICAL: emits a metric on each match

  NoMFAConsoleSigninAlarm:
    Type: AWS::CloudWatch::Alarm
    Properties:
      MetricName: ""<example_resource_name>""   # CRITICAL: alarm uses the metric from the filter
      Namespace: ""<example_resource_name>""
      ComparisonOperator: GreaterThanOrEqualToThreshold
      EvaluationPeriods: 1
      Period: 300
      Statistic: Sum
      Threshold: 1  # CRITICAL: alarm on first occurrence
```";"```hcl
# Create metric filter for console sign-in without MFA
resource ""aws_cloudwatch_log_metric_filter"" ""nomfa"" {
  name           = ""<example_resource_name>""
  log_group_name = ""<example_resource_name>""
  pattern        = ""{ ($.eventName = \""ConsoleLogin\"") && ($.additionalEventData.MFAUsed != \""Yes\"") }""  # CRITICAL: detects ConsoleLogin without MFA

  metric_transformation {
    name      = ""<example_resource_name>""
    namespace = ""<example_resource_name>""
    value     = ""1""  # CRITICAL: emits a count per match
  }
}

# Alarm on the emitted metric
resource ""aws_cloudwatch_metric_alarm"" ""nomfa"" {
  alarm_name          = ""<example_resource_name>""
  metric_name         = aws_cloudwatch_log_metric_filter.nomfa.metric_transformation[0].name  # CRITICAL: ties alarm to the metric
  namespace           = aws_cloudwatch_log_metric_filter.nomfa.metric_transformation[0].namespace
  comparison_operator = ""GreaterThanOrEqualToThreshold""
  evaluation_periods  = 1
  period              = 300
  statistic           = ""Sum""
  threshold           = 1  # CRITICAL: alarm on first event
}
```";;"1. In AWS Console, go to CloudWatch > Logs > Log groups and open the CloudTrail log group
2. Go to Metric filters > Create metric filter
3. Set Filter pattern to: { ($.eventName = ""ConsoleLogin"") && ($.additionalEventData.MFAUsed != ""Yes"") }
4. Next > set Filter name, Metric namespace, Metric name; set Metric value = 1; Create metric filter
5. Select the new filter > Create alarm
6. Set Statistic = Sum, Period = 5 minutes, Threshold type = Static, Threshold = 1, Whenever >= 1; Next
7. Skip actions if not needed, Name the alarm, Create alarm";CIS-6.0: 5.2 | CIS-1.5: 4.2 | ISO27001-2013: A.12.4.M | SecNumCloud-3.2: 12.9 | CIS-7.0: 5.2 | CIS-2.0: 4.2 | KISA-ISMS-P-2023-korean: 2.10.1, 2.10.2, 2.11.3 | CIS-4.0.1: 4.2 | ENS-RD2022: op.exp.8.aws.ct.5 | ASD-Essential-Eight-Nov 2023: E8-3.1 | CCC-v2025.10: CCC.Core.CN04.AR01, CCC.IAM.CN10.AR01 | MITRE-ATTACK: T1496 | AWS-AI-Security-Framework-1.0: AISF-DETECT-05 | CIS-3.0: 4.2 | ISO27001-2022: A.8.15, A.8.16 | NIS2: 3.2.3.c, 3.2.3.d, 3.2.3.g, 3.5.4, 9.2.c.vii, 11.7.2 | NIST-CSF-1.1: cm_2, ra_5, sc_4 | GDPR: article_25 | AWS-Well-Architected-Framework-Security-Pillar: SEC04-BP04 | KISA-ISMS-P-2023: 2.10.1, 2.10.2, 2.11.3 | C5-2025: OIS-04.01AC, OIS-04.02AC, HR-03.02AC, AM-01.01AC, AM-09.03AC, OPS-11.02AC, OPS-16.01B, OPS-26.05B, OPS-26.01AS, OPS-26.06B, IAM-03.01AC, IAM-09.02B, IAM-09.01AC, PSS-04.01B, PSS-05.01B, PSS-07.02B | ProwlerThreatScore-1.0: 3.3.3 | CIS-5.0: 4.2 | CIS-1.4: 4.2;logging;;;Logging and Monitoring;5.33.1;https://docs.aws.amazon.com/awscloudtrail/latest/userguide/cloudwatch-alarms-for-cloudtrail.html | https://www.trendmicro.com/trendaivisiononecloudriskmanagement/knowledge-base/aws/CloudWatchLogs/console-sign-in-without-mfa.html | https://www.tenable.com/audits/items/CIS_Amazon_Web_Services_Foundations_v3.0.0_L1.audit:1957056ee174cc38502d5f5f1864333b | https://www.intelligentdiscovery.io/controls/cloudwatch/cloudwatch-alarm-no-mfa | https://support.icompaas.com/support/solutions/articles/62000083605-ensure-a-log-metric-filter-and-alarm-exist-for-management-console-sign-in-without-mfa;;
profile: None;2026-07-13 09:37:50.757461;735291151388;;;;;;prowler-aws-cloudwatch_log_metric_filter_unauthorized_api_calls-735291151388-ap-south-1-735291151388;aws;cloudwatch_log_metric_filter_unauthorized_api_calls;CloudWatch Logs metric filter and alarm exist for unauthorized API calls;Software and Configuration Checks/Industry and Regulatory Standards/CIS AWS Foundations Benchmark | Software and Configuration Checks/AWS Security Best Practices/Runtime Behavior Analysis | TTPs/Initial Access/Unauthorized Access;FAIL;No CloudWatch log groups found with metric filters or alarms associated.;False;cloudwatch;;medium;AwsCloudWatchAlarm;arn:aws:logs:ap-south-1:735291151388:log-group;735291151388;;;aws;ap-south-1;"**CloudWatch Logs** for CloudTrail include a metric filter that matches unauthorized API errors (`$.errorCode=""*UnauthorizedOperation""` or `$.errorCode=""AccessDenied*""`) and a linked alarm that triggers when events match the filter.";Without alerting on **unauthorized API calls**, permission probing and failed access by compromised identities can go unnoticed. Attackers can enumerate services, pivot, and attempt privilege escalation, threatening data **confidentiality** and **integrity**.;;"Enable real-time **alerting** by adding a CloudWatch Logs metric filter for unauthorized errors (`*UnauthorizedOperation`, `AccessDenied*`) and associating it with an alarm that notifies responders.
- Enforce **least privilege** to reduce noise
- Integrate with IR tooling for **defense in depth**";https://hub.prowler.com/check/cloudwatch_log_metric_filter_unauthorized_api_calls;"```yaml
# CloudFormation: Create metric filter and alarm for unauthorized API calls
Resources:
  MetricFilterUnauthorized:
    Type: AWS::Logs::MetricFilter
    Properties:
      LogGroupName: <example_resource_name>
      FilterPattern: '{($.errorCode = ""*UnauthorizedOperation"") || ($.errorCode = ""AccessDenied*"")}'  # Critical: detects unauthorized/denied API calls
      MetricTransformations:
        - MetricName: unauthorized_api_calls_metric
          MetricNamespace: CISBenchmark
          MetricValue: ""1""

  AlarmUnauthorized:
    Type: AWS::CloudWatch::Alarm
    Properties:
      ComparisonOperator: GreaterThanOrEqualToThreshold
      EvaluationPeriods: 1
      MetricName: unauthorized_api_calls_metric  # Critical: alarm on the metric from the filter
      Namespace: CISBenchmark
      Period: 300
      Statistic: Sum
      Threshold: 1
```";"```hcl
# Terraform: Metric filter and alarm for unauthorized API calls
resource ""aws_cloudwatch_log_metric_filter"" ""unauthorized"" {
  name           = ""unauthorized_api_calls_metric""
  log_group_name = ""<example_resource_name>""
  pattern        = ""{($.errorCode = \""*UnauthorizedOperation\"") || ($.errorCode = \""AccessDenied*\"")}""  # Critical: detects unauthorized/denied API calls

  metric_transformation {
    name      = ""unauthorized_api_calls_metric""
    namespace = ""CISBenchmark""
    value     = ""1""
  }
}

resource ""aws_cloudwatch_metric_alarm"" ""unauthorized"" {
  comparison_operator = ""GreaterThanOrEqualToThreshold""
  evaluation_periods  = 1
  metric_name         = ""unauthorized_api_calls_metric""   # Critical: alarm on the metric from the filter
  namespace           = ""CISBenchmark""
  period              = 300
  statistic           = ""Sum""
  threshold           = 1
}
```";;"1. In the AWS Console, open CloudWatch > Logs > Log groups and select the CloudTrail log group
2. Go to Metric filters > Create metric filter
3. Set Filter pattern to: {($.errorCode = ""*UnauthorizedOperation"") || ($.errorCode = ""AccessDenied*"")}
4. Name the metric unauthorized_api_calls_metric, set Namespace to CISBenchmark, Value to 1, then create
5. Select the new metric filter and click Create alarm
6. Set Statistic: Sum, Period: 5 minutes, Threshold type: Static, Threshold: 1, Evaluation periods: 1
7. Create the alarm";CIS-6.0: 5.1 | CIS-1.5: 4.1 | ISO27001-2013: A.12.4.N | SecNumCloud-3.2: 12.9 | CIS-7.0: 5.1 | CIS-2.0: 4.1 | KISA-ISMS-P-2023-korean: 2.10.1, 2.10.2, 2.11.3 | CIS-4.0.1: 4.1 | ENS-RD2022: op.exp.8.aws.ct.5 | CCC-v2025.10: CCC.Core.CN04.AR01, CCC.IAM.CN10.AR01, CCC.IAM.CN10.AR02 | MITRE-ATTACK: T1496 | AWS-AI-Security-Framework-1.0: AISF-DETECT-05 | CIS-3.0: 4.1 | ISO27001-2022: A.8.15, A.8.16 | NIS2: 3.2.3.c, 3.2.3.g, 3.2.4, 3.4.2.c, 3.5.4 | NIST-CSF-1.1: cm_2, ra_5, sc_4 | GDPR: article_25 | AWS-Well-Architected-Framework-Security-Pillar: SEC04-BP04 | NIST-CSF-2.0: ov_3, ra_5, ip_7, ip_8, pt_1, ae_1, ae_2, cm_1, cm_3, cm_7, dp_4 | KISA-ISMS-P-2023: 2.10.1, 2.10.2, 2.11.3 | C5-2025: OIS-04.01AC, OIS-04.02AC, HR-03.02AC, AM-01.01AC, AM-09.03AC, OPS-11.02AC, OPS-26.05B, OPS-26.01AS, OPS-26.06B, IAM-06.05B, PSS-04.01B | SOC2: pi_1_3 | ProwlerThreatScore-1.0: 3.3.2 | CIS-5.0: 4.1 | CIS-1.4: 4.1;logging;;;Logging and Monitoring;5.33.1;https://docs.aws.amazon.com/awscloudtrail/latest/userguide/cloudwatch-alarms-for-cloudtrail.html | https://asecure.cloud/a/unauthorized_api_calls/ | https://www.trendmicro.com/trendaivisiononecloudriskmanagement/knowledge-base/aws/CloudWatchLogs/authorization-failures-alarm.html | https://www.tenable.com/policies/[type]/AC_AWS_0559 | https://www.intelligentdiscovery.io/controls/cloudwatch/cloudwatch-unauthorized-api-calls | https://support.icompaas.com/support/solutions/articles/62000083561-ensure-a-log-metric-filter-and-alarm-exist-for-unauthorized-api-calls;;
profile: None;2026-07-13 09:37:50.757461;735291151388;;;;;;prowler-aws-config_recorder_all_regions_enabled-735291151388-ap-south-1-735291151388;aws;config_recorder_all_regions_enabled;AWS Config recorder is enabled and not in failure state or disabled;Software and Configuration Checks/AWS Security Best Practices | Software and Configuration Checks/Industry and Regulatory Standards/AWS Foundational Security Best Practices | Software and Configuration Checks/Industry and Regulatory Standards/CIS AWS Foundations Benchmark;FAIL;AWS Config recorder 735291151388 is disabled.;False;config;;medium;Other;arn:aws:config:ap-south-1:735291151388:recorder;735291151388;;;aws;ap-south-1;**AWS accounts** have **AWS Config recorders** active and healthy in each Region. It identifies Regions with no recorder, a disabled recorder, or a recorder in a failure state.;**Gaps in Config recording** create **blind spots**. Changes in unmonitored Regions aren't captured, weakening **integrity** and **auditability**. Adversaries can alter resources or stage assets unnoticed, enabling misconfigurations and delaying **incident response**.;;Enable **AWS Config** in every Region with continuous recording and maintain healthy recorder status.;https://hub.prowler.com/check/config_recorder_all_regions_enabled;"```yaml
Resources:
  example_resource_recorder:
    Type: AWS::Config::ConfigurationRecorder
    Properties:
      Name: example_resource
      RoleARN: !Sub arn:aws:iam::${AWS::AccountId}:role/aws-service-role/config.amazonaws.com/AWSServiceRoleForConfig

  example_resource_channel:
    Type: AWS::Config::DeliveryChannel
    Properties:
      S3BucketName: example_resource

  example_resource_status:
    Type: AWS::Config::ConfigurationRecorderStatus
    Properties:
      Name: example_resource
      Recording: true  # This line fixes the security issue
    DependsOn:
      - example_resource_channel
```";"```hcl
resource ""aws_iam_service_linked_role"" ""example_resource"" {
  aws_service_name = ""config.amazonaws.com""
}

resource ""aws_config_configuration_recorder"" ""example_resource"" {
  name     = ""example_resource""
  role_arn = aws_iam_service_linked_role.example_resource.arn
}

resource ""aws_config_delivery_channel"" ""example_resource"" {
  s3_bucket_name = ""example_resource""
}

resource ""aws_config_configuration_recorder_status"" ""example_resource"" {
  name         = aws_config_configuration_recorder.example_resource.name
  is_recording = true  # This line fixes the security issue
  depends_on   = [aws_config_delivery_channel.example_resource]
}
```";;"1. In the AWS Console, go to Config
2. Click Set up AWS Config (or Settings)
3. Select a resource recording option (any) and choose an existing S3 bucket for delivery
4. Keep the default AWSServiceRoleForConfig role
5. Click Confirm/Turn on to start recording
6. Verify on the Settings page that Status shows Recording and not Failure";CIS-6.0: 4.3 | CIS-1.5: 3.5 | ISO27001-2013: A.12.4.P | SecNumCloud-3.2: 8.1, 12.2, 13.1, 14.2, 17.5, 18.3 | CIS-7.0: 4.3 | CIS-2.0: 3.5 | AWS-Foundational-Security-Best-Practices: Config.1 | KISA-ISMS-P-2023-korean: 2.10.2, 2.11.3 | CIS-4.0.1: 3.3 | ENS-RD2022: op.exp.1.aws.cfg.1, op.exp.1.aws.cfg.2, op.exp.3.aws.cfg.1, op.exp.3.r3.aws.cfg.1, op.mon.3.r2.aws.cfg.1, op.mon.3.r6.aws.cfg.1 | AWS-Account-Security-Onboarding: Enable continuous recording for most of the resources, Confirm that records are present in central aggregator | GxP-EU-Annex-11: 10-change-and-configuration-management, 4.5-validation-development-quality, 4.6-validation-quality-performance | ASD-Essential-Eight-Nov 2023: E8-1.1, E8-2.1 | CCC-v2025.10: CCC.Core.CN04.AR01 | MITRE-ATTACK: T1190, T1078, T1204, T1098, T1136, T1525, T1562, T1110, T1040, T1119, T1530, T1485, T1486, T1491, T1499, T1496, T1498 | AWS-AI-Security-Framework-1.0: AISF-GOV-01 | CIS-3.0: 3.3 | PCI-3.2.1: 2.4, 2.4.a, 10.5, 10.5.2, 11.5, 11.5.a, 11.5.b | ISO27001-2022: A.5.16, A.5.22 | NIST-CSF-1.1: cm_2, am_1, ra_5, sc_4, ip_12 | GDPR: article_25, article_30 | AWS-Well-Architected-Framework-Security-Pillar: SEC04-BP02 | NIST-CSF-2.0: rm_1, po_3, po_4, ov_3, pt_1 | KISA-ISMS-P-2023: 2.10.2, 2.11.3 | C5-2025: OIS-05.01B, PS-02.01B, PS-02.01AS, PS-02.02AS, DEV-08.02B | SOC2: cc_2_1, cc_3_1, cc_3_4, cc_8_1, pi_1_3 | ProwlerThreatScore-1.0: 3.3.1 | CIS-5.0: 3.3 | CIS-1.4: 3.5 | HIPAA: 164_308_a_1_ii_a | FedRAMP-20x-KSI-Low-25.05C: ksi-cmt, ksi-piy, ksi-mla-07;logging | forensics-ready;;;;5.33.1;https://repost.aws/es/questions/QUGcgeerhcTamRkwgdwh_tLQ/enable-aws-config | https://www.tenable.com/audits/items/CIS_Amazon_Web_Services_Foundations_v1.5.0_L2.audit:6a5136528bd329139e5969f8f1e5ffbc | https://aws.amazon.com/blogs/mt/aws-config-best-practices/;;
profile: None;2026-07-13 09:37:50.757461;735291151388;;;;;;prowler-aws-ec2_ebs_default_encryption-735291151388-ap-south-1-735291151388;aws;ec2_ebs_default_encryption;EBS default encryption is enabled;Software and Configuration Checks/AWS Security Best Practices | Software and Configuration Checks/Industry and Regulatory Standards/AWS Foundational Security Best Practices | Software and Configuration Checks/Industry and Regulatory Standards/CIS AWS Foundations Benchmark | Effects/Data Exposure;FAIL;EBS Default Encryption is not activated.;False;ec2;;high;AwsEc2Volume;arn:aws:ec2:ap-south-1:735291151388:volume;735291151388;;;aws;ap-south-1;**EBS** uses `encryption by default` at the account and region level, ensuring new volumes, snapshots, and AMI-backed volumes are automatically encrypted with a chosen **KMS key**;Without `encryption by default`, data on new **EBS volumes** and **snapshots** may be stored in plaintext. A compromised account or mis-shared snapshot can expose disk contents, enabling data exfiltration, offline analysis, and loss of **confidentiality**.;;Enable `EBS encryption by default` in every region and select a **customer-managed KMS key**. Apply **least privilege** to key use, rotate keys, and monitor access. Enforce encrypted volume creation with organizational guardrails and secure templates as **defense in depth**.;https://hub.prowler.com/check/ec2_ebs_default_encryption;"```yaml
Resources:
  <example_resource_name>:
    Type: AWS::EC2::EBSEncryptionByDefault
    Properties:
      Enabled: true  # Critical: turns on default EBS encryption in this region
```";"```hcl
resource ""aws_ebs_encryption_by_default"" ""<example_resource_name>"" {
  enabled = true  # Critical: enables default EBS encryption in this region
}
```";aws ec2 enable-ebs-encryption-by-default --region <REGION>;"1. In the AWS console, switch to the affected Region
2. Go to EC2 > Settings (or Account attributes) > EBS encryption
3. Click Enable default encryption and Save";SecNumCloud-3.2: 10.1 | CIS-7.0: 6.1.1 | AWS-Foundational-Security-Best-Practices: EC2.7 | KISA-ISMS-P-2023-korean: 2.7.1, 2.10.2 | CISA: your-systems-3, your-data-1 | AWS-Audit-Manager-Control-Tower-Guardrails: 1.0.3 | GxP-EU-Annex-11: 7.1-data-storage-damage-protection | CCC-v2025.10: CCC.Core.CN02.AR01 | MITRE-ATTACK: T1119 | AWS-AI-Security-Framework-1.0: AISF-INFRA-05 | PCI-3.2.1: 3.4, 3.4.1, 3.4.1.a, 3.4.1.c, 3.4.a, 3.4.b, 8.2, 8.2.1, 8.2.1.a | ISO27001-2022: A.8.11, A.8.24 | NIST-800-53-Revision-4: sc_28 | AWS-Well-Architected-Framework-Security-Pillar: SEC08-BP02 | KISA-ISMS-P-2023: 2.7.1, 2.10.2 | C5-2025: OPS-31.01B, IAM-07.03B, CRY-01.02AC, CRY-05.01AC, PSS-12.02B | NIST-800-53-Revision-5: au_9_3, cm_6_a, cm_9_b, cp_9_d, sc_8_3, sc_8_4, sc_13_a, sc_28_1, si_19_4 | RBI-Cyber-Security-Framework: annex_i_1_3 | HIPAA: 164_308_a_1_ii_b, 164_308_a_4_ii_a, 164_312_a_2_iv, 164_312_e_2_ii | GxP-21-CFR-Part-11: 11.10-g, 11.30 | FFIEC: d3-pc-am-b-12 | FedRAMP-20x-KSI-Low-25.05C: ksi-svc;encryption;;;;5.33.1;https://aws.amazon.com/premiumsupport/knowledge-center/ebs-automatic-encryption/ | https://docs.aws.amazon.com/ebs/latest/userguide/encryption-by-default.html | https://www.trendmicro.com/trendaivisiononecloudriskmanagement/knowledge-base/aws/EBS/configure-default-encryption.html;;
profile: None;2026-07-13 09:37:50.757461;735291151388;;;;;;prowler-aws-ec2_ebs_volume_encryption-735291151388-ap-south-1-vol-0a1c0089c4da8ce0d;aws;ec2_ebs_volume_encryption;EBS volume is encrypted;Software and Configuration Checks/AWS Security Best Practices | Software and Configuration Checks/Industry and Regulatory Standards/AWS Foundational Security Best Practices | Software and Configuration Checks/Industry and Regulatory Standards/CIS AWS Foundations Benchmark | Effects/Data Exposure;FAIL;EBS Snapshot vol-0a1c0089c4da8ce0d is unencrypted.;False;ec2;;high;AwsEc2Volume;arn:aws:ec2:ap-south-1:735291151388:volume/vol-0a1c0089c4da8ce0d;vol-0a1c0089c4da8ce0d;;;aws;ap-south-1;"**EBS volumes** are assessed for **encryption at rest** using **AWS KMS**.

The finding identifies volumes whose `encrypted` state is disabled, meaning data is stored unencrypted on block storage.";"Unencrypted volumes or snapshots can be copied, shared, or recovered and reveal raw data, undermining **confidentiality**.

Adversaries with host or account access can read disks offline, harvest secrets, or alter system images, affecting **integrity** and enabling **lateral movement**.";;"Encrypt all EBS volumes and enable `encryption by default` for new volumes and snapshot copies.

Apply **least privilege** to KMS keys, restrict snapshot sharing, and enforce **defense in depth** with policies and templates that prevent creation of unencrypted storage.";https://hub.prowler.com/check/ec2_ebs_volume_encryption;"```yaml
# CloudFormation: Encrypted EBS volume
Resources:
  <example_resource_name>:
    Type: AWS::EC2::Volume
    Properties:
      AvailabilityZone: <example_az>
      Size: 1
      Encrypted: true  # CRITICAL: enables EBS encryption so the volume is created encrypted
```";"```hcl
# Encrypted EBS volume
resource ""aws_ebs_volume"" ""<example_resource_name>"" {
  availability_zone = ""<example_az>""
  size              = 1
  encrypted         = true  # CRITICAL: ensures the volume is created encrypted
}
```";"aws ec2 create-snapshot --volume-id <VOLUME_ID> --description ""Snapshot for encryption"" && aws ec2 copy-snapshot --source-region <REGION> --source-snapshot-id <SNAPSHOT_ID> --encrypted --description ""Encrypted snapshot"" && aws ec2 create-volume --snapshot-id <ENCRYPTED_SNAPSHOT_ID> --availability-zone <AZ> --encrypted";"1. In the AWS Console, go to EC2 > Volumes and select the unencrypted volume
2. Choose Actions > Create snapshot and wait for it to complete
3. Open the snapshot, click Actions > Create volume, select the same Availability Zone, and check Encrypted, then create
4. Stop the instance using the old volume
5. Detach the old (unencrypted) volume
6. Attach the new encrypted volume to the instance using the same device name
7. Start the instance
8. Verify the new volume shows Encrypted = Yes";CIS-6.0: 6.1.1 | CIS-1.5: 2.2.1 | SecNumCloud-3.2: 10.1 | CIS-2.0: 2.2.1 | AWS-Foundational-Security-Best-Practices: EC2.3 | KISA-ISMS-P-2023-korean: 2.7.1, 2.10.2 | CIS-4.0.1: 5.1.1 | ENS-RD2022: mp.si.2.aws.kms.1 | CISA: your-systems-3, your-data-1, your-data-2 | AWS-Audit-Manager-Control-Tower-Guardrails: 1.0.3 | GxP-EU-Annex-11: 7.1-data-storage-damage-protection | NIST-800-171-Revision-2: 3_5_10, 3_13_11, 3_13_16 | PCI-4.0: 3.5.1.20, 8.3.2.34 | FedRamp-Moderate-Revision-4: sc-28 | CCC-v2025.10: CCC.Core.CN02.AR01 | MITRE-ATTACK: T1119 | AWS-AI-Security-Framework-1.0: AISF-INFRA-05 | CIS-3.0: 2.2.1 | PCI-3.2.1: 3.4, 3.4.1, 3.4.1.a, 3.4.1.c, 3.4.a, 3.4.b, 8.2, 8.2.1, 8.2.1.a | ISO27001-2022: A.8.11, A.8.24 | NIST-800-53-Revision-4: sc_28 | NIST-CSF-1.1: ds_1 | GDPR: article_32 | AWS-Well-Architected-Framework-Security-Pillar: SEC08-BP02 | KISA-ISMS-P-2023: 2.7.1, 2.10.2 | C5-2025: OPS-31.01B, IAM-07.03B, CRY-01.02AC, CRY-03.01B, CRY-05.01AC, PSS-12.02B | NIST-800-53-Revision-5: au_9_3, cm_6_a, cm_9_b, cp_9_d, sc_8_3, sc_8_4, sc_13_a, sc_28_1, si_19_4 | SOC2: pi_1_5 | RBI-Cyber-Security-Framework: annex_i_1_3 | ProwlerThreatScore-1.0: 4.2.1 | CIS-5.0: 5.1.1 | CIS-1.4: 2.2.1 | HIPAA: 164_308_a_1_ii_b, 164_308_a_4_ii_a, 164_312_a_2_iv, 164_312_c_1, 164_312_c_2, 164_312_e_2_ii | GxP-21-CFR-Part-11: 11.10-g, 11.30 | FFIEC: d3-pc-am-b-12;encryption;;;;5.33.1;https://docs.aws.amazon.com/AWSEC2/latest/UserGuide/EBSEncryption.html | https://www.trendmicro.com/trendaivisiononecloudriskmanagement/knowledge-base/aws/EBS/ebs-encrypted.html;;
profile: None;2026-07-13 09:37:50.757461;735291151388;;;;;;prowler-aws-ec2_ebs_volume_protected_by_backup_plan-735291151388-ap-south-1-vol-0a1c0089c4da8ce0d;aws;ec2_ebs_volume_protected_by_backup_plan;EBS volume is protected by a backup plan;Software and Configuration Checks/AWS Security Best Practices | Software and Configuration Checks/Industry and Regulatory Standards/AWS Foundational Security Best Practices | Effects/Data Destruction;FAIL;EBS Volume vol-0a1c0089c4da8ce0d is not protected by a backup plan.;False;ec2;;medium;AwsEc2Volume;arn:aws:ec2:ap-south-1:735291151388:volume/vol-0a1c0089c4da8ce0d;vol-0a1c0089c4da8ce0d;;;aws;ap-south-1;**EBS volumes** are evaluated for coverage by an **AWS Backup plan**, whether explicitly targeted or included via broad resource selection, confirming scheduled, policy-driven backups exist for the volume.;Absent backup coverage, volumes face **data loss**, weakened **integrity**, and reduced **availability**. Deletion or corruption-whether accidental or malicious-can leave no recovery path, causing prolonged outages, failed point-in-time restoration, unmet retention needs, and harder incident response.;;Include all critical EBS volumes in standardized **AWS Backup** plans aligned to your `RPO`/`RTO`. Use tags for automatic assignment, enable cross-Region/account copies, apply **Vault Lock** for WORM retention, encrypt with KMS, enforce least-privilege access, and regularly test restores to verify integrity.;https://hub.prowler.com/check/ec2_ebs_volume_protected_by_backup_plan;"```yaml
# CloudFormation: protect all EBS volumes by assigning them to a backup plan
Resources:
  <example_resource_name>BackupPlan:
    Type: AWS::Backup::BackupPlan
    Properties:
      BackupPlan:
        BackupPlanName: <example_resource_name>
        Rules:
          - RuleName: <example_rule_name>
            TargetBackupVault: Default

  <example_resource_name>BackupSelection:
    Type: AWS::Backup::BackupSelection
    Properties:
      BackupPlanId: !Ref <example_resource_name>BackupPlan
      BackupSelection:
        SelectionName: <example_resource_name>
        IamRoleArn: arn:aws:iam::<example_account_id>:role/service-role/AWSBackupDefaultServiceRole
        Resources:
          - arn:aws:ec2:*:*:volume/*  # Critical: wildcard includes all EBS volumes so they are covered by the plan
```";"```hcl
# Minimal AWS Backup plan protecting all EBS volumes
resource ""aws_backup_plan"" ""<example_resource_name>"" {
  name = ""<example_resource_name>""

  rule {
    rule_name         = ""<example_rule_name>""
    target_vault_name = ""Default""
  }
}

resource ""aws_backup_selection"" ""<example_resource_name>"" {
  name         = ""<example_resource_name>""
  plan_id      = aws_backup_plan.<example_resource_name>.id
  iam_role_arn = ""arn:aws:iam::<example_account_id>:role/service-role/AWSBackupDefaultServiceRole""

  resources = [
    ""arn:aws:ec2:*:*:volume/*"" # Critical: selects all EBS volumes to satisfy the check
  ]
}
```";"aws backup create-backup-selection --backup-plan-id <BACKUP_PLAN_ID> --backup-selection '{""SelectionName"":""<example_resource_name>"",""IamRoleArn"":""arn:aws:iam::<example_account_id>:role/service-role/AWSBackupDefaultServiceRole"",""Resources"":[""arn:aws:ec2:*:*:volume/*""]}'";"1. In the AWS Backup console, go to Backup plans and click Create backup plan
2. Choose Start with a template (any), keep the Default vault, and create the plan
3. Open the plan and click Assign resources
4. Set Selection name and choose IAM role AWSBackupDefaultServiceRole
5. Under Assign resources, choose Include specific resource types and select EBS
6. For Resources, select all EBS volumes (or the specific volumes to protect) and click Assign resources";SecNumCloud-3.2: 12.5 | AWS-Foundational-Security-Best-Practices: EC2.28 | KISA-ISMS-P-2023-korean: 2.9.3, 2.12.1 | ASD-Essential-Eight-Nov 2023: E8-8.1 | PCI-4.0: 10.3.3.12, 10.3.3.13, 10.3.3.14, 10.3.3.24 | PCI-3.2.1: 3.1, 3.1.c | ISO27001-2022: A.8.14 | NIS2: 3.6.2, 4.1.2.g, 12.1.2.c, 12.2.2.b | NIST-CSF-2.0: ds_3, ip_4, rc_rp_1 | KISA-ISMS-P-2023: 2.9.3, 2.12.1 | C5-2025: OPS-06.01B, OPS-07.01B, DEV-11.02B, BCM-01.01B, BCM-01.02B, BCM-02.01B;resilience;;;;5.33.1;https://docs.amazonaws.cn/en_us/aws-backup/latest/devguide/vault-lock.html | https://aws.amazon.com/blogs/storage/protecting-your-critical-amazon-ebs-volumes-using-aws-backup/ | https://docs.aws.amazon.com/config/latest/developerguide/ebs-resources-protected-by-backup-plan.html;;
profile: None;2026-07-13 09:37:50.757461;735291151388;;;;;;prowler-aws-ec2_elastic_ip_unassigned-735291151388-ap-south-1-13.232.29.23;aws;ec2_elastic_ip_unassigned;Elastic IP is associated with an instance or network interface;Software and Configuration Checks/AWS Security Best Practices | Effects/Resource Consumption;PASS;Elastic IP 13.232.29.23 is associated with an instance or network interface.;False;ec2;;low;AwsEc2Eip;arn:aws:ec2:ap-south-1:735291151388:eip-allocation/eipalloc-089f0ac347c20adda;13.232.29.23;;;aws;ap-south-1;**EC2 Elastic IPs** that are allocated but **not associated** with any instance or network interface. The evaluation identifies EIPs present in the account without an active association.;Unused Elastic IPs consume public IPv4 capacity and incur ongoing charges. Hoarded addresses can exhaust quotas, blocking new allocations and delaying deployments (**availability**). Lack of ownership tracking increases operational drift and misconfigurations, risking unintended exposure when later reassigned.;;Release **unused Elastic IPs** or promptly associate them only where required. Enforce **least privilege** for address allocation, apply **tagging** to track ownership, and schedule periodic audits. Prefer **private networking** or managed front ends to reduce public IPv4 use. Automate reclaiming of `unassociated` addresses in lifecycle policies.;https://hub.prowler.com/check/ec2_elastic_ip_unassigned;"```yaml
# Associate an existing unassigned Elastic IP to an instance
Resources:
  <example_resource_name>:
    Type: AWS::EC2::EIPAssociation
    Properties:
      AllocationId: <example_allocation_id>  # Critical: selects the unassigned EIP to associate
      InstanceId: <example_instance_id>      # Critical: associates the EIP to this instance, fixing the finding
```";"```hcl
# Associate an existing unassigned Elastic IP to an instance
resource ""aws_eip_association"" ""<example_resource_name>"" {
  allocation_id = ""<example_allocation_id>""  # Critical: target unassigned EIP
  instance_id   = ""<example_instance_id>""     # Critical: attach EIP to this instance to pass the check
}
```";aws ec2 release-address --allocation-id <ALLOCATION_ID>;"1. In the AWS console, go to EC2 > Network & Security > Elastic IPs
2. Select the Elastic IP with Status = Not associated
3. Choose Actions > Associate Elastic IP address
4. Select Instance (or Network interface), pick the target, and click Associate
5. Alternatively, to remove the finding by deleting the unused EIP: Actions > Release Elastic IP address > Release";AWS-Foundational-Security-Best-Practices: EC2.12 | KISA-ISMS-P-2023-korean: 2.9.2 | CISA: your-systems-1, your-surroundings-1 | NIST-800-171-Revision-2: 3_4_1 | PCI-3.2.1: 2.4 | ISO27001-2022: A.8.20, A.8.21, A.8.22 | NIST-CSF-1.1: ds_3 | AWS-Well-Architected-Framework-Security-Pillar: SEC03-BP06 | KISA-ISMS-P-2023: 2.9.2 | FFIEC: d1-g-it-b-1;internet-exposed;;;;5.33.1;https://docs.aws.amazon.com/AWSEC2/latest/UserGuide/elastic-ip-addresses-eip.html;;
profile: None;2026-07-13 09:37:50.757461;735291151388;;;;;;prowler-aws-ec2_instance_account_imdsv2_enabled-735291151388-ap-south-1-735291151388;aws;ec2_instance_account_imdsv2_enabled;IMDSv2 is required by default for EC2 instances at the account level;Software and Configuration Checks/AWS Security Best Practices | Software and Configuration Checks/Industry and Regulatory Standards/AWS Foundational Security Best Practices | TTPs/Credential Access;FAIL;IMDSv2 is not enabled by default for EC2 instances.;False;ec2;;high;AwsEc2Instance;arn:aws:ec2:ap-south-1:735291151388:account;735291151388;;;aws;ap-south-1;**EC2 account IMDS defaults** with `http_tokens`=`required` ensure new instances in the Region use **IMDSv2** by default and disable IMDSv1. *Existing instances keep their current setting.*;Without a default of **IMDSv2**, new instances may enable **IMDSv1**, exposing metadata via simple HTTP. SSRF or proxy misconfigs can steal **temporary IAM credentials**, enabling data exfiltration (confidentiality), unauthorized API changes (integrity), and lateral movement that can disrupt services (availability).;;Enforce **IMDSv2** at the account level in every Region by setting `http_tokens` to `required`. Add guardrails with **SCP/IAM conditions**. Standardize AMIs and launch templates to require tokens, validate workload compatibility, and apply **least privilege** to instance roles for defense in depth. *For containers*, prefer hop limit `2`.;https://hub.prowler.com/check/ec2_instance_account_imdsv2_enabled;;;aws ec2 modify-instance-metadata-defaults --region <region> --http-tokens required;"1. In the AWS Console, open EC2 and select the target Region
2. Go to EC2 Dashboard > Account attributes > Data protection and security
3. Next to IMDS defaults, click Manage
4. Set Metadata version to V2 only (token required)
5. Click Update";CIS-2.0: 5.6 | KISA-ISMS-P-2023-korean: 2.6.2, 2.10.2 | ISO27001-2022: A.8.20, A.8.21, A.8.22 | NIS2: 6.7.2.i | KISA-ISMS-P-2023: 2.6.2, 2.10.2 | C5-2025: OPS-25.01B;secrets | ec2-imdsv1;;;;5.33.1;https://docs.aws.amazon.com/AWSEC2/latest/UserGuide/configuring-IMDS-new-instances.html#set-imdsv2-account-defaults | https://docs.aws.amazon.com/AWSEC2/latest/UserGuide/configuring-IMDS-new-instances.html | https://www.trendmicro.com/trendaivisiononecloudriskmanagement/knowledge-base/aws/EC2/require-imds-v2.html;;
profile: None;2026-07-13 09:37:50.757461;735291151388;;;;;;prowler-aws-ec2_instance_imdsv2_enabled-735291151388-ap-south-1-i-034e7ac45ac7000f4;aws;ec2_instance_imdsv2_enabled;EC2 instance requires IMDSv2 or has the instance metadata service disabled;Software and Configuration Checks/AWS Security Best Practices | Software and Configuration Checks/Industry and Regulatory Standards/AWS Foundational Security Best Practices | Software and Configuration Checks/Industry and Regulatory Standards/CIS AWS Foundations Benchmark | TTPs/Credential Access;FAIL;EC2 Instance i-034e7ac45ac7000f4 has IMDSv2 disabled or not required.;False;ec2;;high;AwsEc2Instance;arn:aws:ec2:ap-south-1:735291151388:instance/i-034e7ac45ac7000f4;i-034e7ac45ac7000f4;;Name=cloudguardian-web;aws;ap-south-1;**EC2 instances** are evaluated for **IMDSv2 enforcement**: metadata endpoint enabled with `http_tokens: required`, or metadata service fully disabled (`http_endpoint: disabled`).;Permitting **IMDSv1** or optional tokens lets SSRF or compromised workloads retrieve **temporary IAM credentials**, impacting confidentiality and integrity. Stolen role creds can drive **privilege escalation**, unauthorized data access, and lateral movement across AWS resources.;;"Apply defense in depth:
- Require **IMDSv2** tokens on all instances (`http_tokens: required`)
- Disable metadata where not needed (`http_endpoint: disabled`)
- Minimize hop limit to `1` when feasible
- Update SDKs/apps for IMDSv2
- Restrict instance profile permissions (least privilege)
- Block metadata access from untrusted workloads";https://hub.prowler.com/check/ec2_instance_imdsv2_enabled;"```yaml
# CloudFormation: enforce IMDSv2 on an EC2 instance
Resources:
  <example_resource_name>:
    Type: AWS::EC2::Instance
    Properties:
      ImageId: ""<example_resource_id>""
      InstanceType: ""<example_resource_name>""
      MetadataOptions:
        HttpTokens: required  # Critical: Require IMDSv2 tokens (blocks IMDSv1)
```";"```hcl
# Enforce IMDSv2 on an EC2 instance
resource ""aws_instance"" ""<example_resource_name>"" {
  ami           = ""<example_resource_id>""
  instance_type = ""<example_resource_name>""

  metadata_options {
    http_tokens = ""required""  # Critical: Require IMDSv2 tokens (blocks IMDSv1)
  }
}
```";aws ec2 modify-instance-metadata-options --instance-id <instance-id> --http-tokens required --http-endpoint enabled;"1. In AWS Console, go to EC2 > Instances
2. Select the instance > Actions > Instance settings > Modify instance metadata options
3. Set Metadata version to IMDSv2 only (HTTP tokens: Required)
4. Ensure Instance metadata service is Enabled (or set to Disabled to turn off IMDS entirely)
5. Click Save";CIS-6.0: 6.7 | FedRAMP-Low-Revision-4: ac-3, ca-7 | CIS-7.0: 6.7 | CIS-2.0: 5.6 | AWS-Foundational-Security-Best-Practices: EC2.8 | KISA-ISMS-P-2023-korean: 2.6.2, 2.10.2 | CIS-4.0.1: 5.7 | NIST-800-171-Revision-2: 3_12_4 | PCI-4.0: 8.2.8.4 | FedRamp-Moderate-Revision-4: ac-3, ac-6, ca-7-a-b, si-4-2, si-4-4, si-4-5, si-4-a-b-c | MITRE-ATTACK: T1552 | CIS-3.0: 5.6 | ISO27001-2022: A.8.20, A.8.21, A.8.22 | NIST-800-53-Revision-4: ac_6, ca_7, si_4_2, si_4 | NIS2: 6.7.2.i | NIST-CSF-1.1: cm_2, cm_5, cp_4, cp_5, ra_5, sc_4 | AWS-Well-Architected-Framework-Security-Pillar: SEC03-BP01, SEC06-BP01 | NIST-CSF-2.0: ac_3 | KISA-ISMS-P-2023: 2.6.2, 2.10.2 | NIST-800-53-Revision-5: ac_2_6, ac_3, ac_3_3, ac_3_3_a, ac_3_3_b_1, ac_3_3_b_2, ac_3_3_b_3, ac_3_3_b_4, ac_3_3_b_5, ac_3_3_c, ac_3_4, ac_3_4_a, ac_3_4_b, ac_3_4_c, ac_3_4_d, ac_3_4_e, ac_3_7, ac_3_8, ac_3_12_a, ac_3_13, ac_3_15_a, ac_3_15_b, ac_4_28, ac_6, ac_24, cm_5_1_a, mp_2, sc_23_3 | SOC2: cc_7_2 | ProwlerThreatScore-1.0: 4.1.2 | CIS-5.0: 5.7 | GxP-21-CFR-Part-11: 11.10-d, 11.10-g | FedRAMP-20x-KSI-Low-25.05C: ksi-cna;identity-access | secrets | ec2-imdsv1;;;;5.33.1;https://www.trendmicro.com/trendaivisiononecloudriskmanagement/knowledge-base/aws/EC2/require-imds-v2.html | https://support.icompaas.com/support/solutions/articles/62000234166-5-7-ensure-that-the-ec2-metadata-service-only-allows-imdsv2-automated- | https://docs.aws.amazon.com/AWSEC2/latest/UserGuide/configuring-instance-metadata-service.html#configuring-instance-metadata-options;;
profile: None;2026-07-13 09:37:50.757461;735291151388;;;;;;prowler-aws-ec2_instance_internet_facing_with_instance_profile-735291151388-ap-south-1-i-034e7ac45ac7000f4;aws;ec2_instance_internet_facing_with_instance_profile;EC2 instance is not internet-facing with an instance profile attached;Software and Configuration Checks/AWS Security Best Practices/Network Reachability | TTPs/Initial Access | TTPs/Credential Access;FAIL;EC2 Instance i-034e7ac45ac7000f4 at IP 13.233.224.102 is internet-facing with Instance Profile arn:aws:iam::735291151388:instance-profile/cloudguardian-web-profile.;False;ec2;;high;AwsEc2Instance;arn:aws:ec2:ap-south-1:735291151388:instance/i-034e7ac45ac7000f4;i-034e7ac45ac7000f4;;Name=cloudguardian-web;aws;ap-south-1;"**EC2 instances** with a public IP address and an attached **instance profile** (IAM role) are identified.

Instances lacking public exposure or without an instance profile are excluded.";Publicly reachable instances with **IAM role credentials** expand the blast radius. Remote exploits or misconfigurations can steal credentials via the **instance metadata service**, enabling unauthorized API calls, data exfiltration, and lateral movement, impacting confidentiality, integrity, and availability.;;Avoid direct Internet exposure. Place workloads behind an **Application Load Balancer** and protect HTTP apps with **WAF**. Remove public IPs or restrict ingress to trusted sources. Apply **least privilege** to instance profiles and enforce **IMDSv2**. Use **bastion hosts** or **Session Manager** for admin access.;https://hub.prowler.com/check/ec2_instance_internet_facing_with_instance_profile;"```yaml
# CloudFormation: EC2 instance without a public IP to avoid being internet-facing
Resources:
  <example_resource_name>:
    Type: AWS::EC2::Instance
    Properties:
      ImageId: <example_ami_id>
      InstanceType: t3.micro
      NetworkInterfaces:
        - DeviceIndex: 0
          SubnetId: <example_resource_id>
          AssociatePublicIpAddress: false  # Critical: disables public IPv4 so the instance is not internet-facing
```";"```hcl
# EC2 instance without a public IP to avoid being internet-facing
resource ""aws_instance"" ""<example_resource_name>"" {
  ami           = ""<example_ami_id>""
  instance_type = ""t3.micro""
  associate_public_ip_address = false  # Critical: disables public IPv4 so the instance is not internet-facing
}
```";aws ec2 disassociate-iam-instance-profile --association-id <ASSOCIATION_ID>;"1. In the AWS Console, go to EC2 > Instances and select the instance
2. Choose Actions > Security > Modify IAM role
3. Set IAM role to None and click Update IAM role
4. Verify the instance no longer lists an IAM role (instance profile)

Alternative (if you need the role): remove internet exposure
1. Select the instance > Networking tab
2. If an Elastic IP is attached, choose Disassociate Elastic IP
3. For auto-assigned public IPv4, stop the instance and relaunch without a public IP or in a subnet without auto-assign public IPv4";KISA-ISMS-P-2023-korean: 2.5.6, 2.6.1, 2.6.2, 2.10.2 | ENS-RD2022: mp.com.4.aws.vpc.2 | ISO27001-2022: A.8.20, A.8.21, A.8.22 | AWS-Well-Architected-Framework-Security-Pillar: SEC06-BP01 | KISA-ISMS-P-2023: 2.5.6, 2.6.1, 2.6.2, 2.10.2;internet-exposed | identity-access;;;;5.33.1;https://docs.aws.amazon.com/IAM/latest/UserGuide/id_roles_use_switch-role-ec2_instance-profiles.html | https://aws.amazon.com/blogs/aws/aws-web-application-firewall-waf-for-application-load-balancers/ | https://support.icompaas.com/support/solutions/articles/62000127121-ensure-instance-profile-is-attached-for-internet-facing-ec2-instances;;
profile: None;2026-07-13 09:37:50.757461;735291151388;;;;;;prowler-aws-ec2_instance_managed_by_ssm-735291151388-ap-south-1-i-034e7ac45ac7000f4;aws;ec2_instance_managed_by_ssm;EC2 instance is managed by AWS Systems Manager or not running;Software and Configuration Checks/AWS Security Best Practices | Software and Configuration Checks/Industry and Regulatory Standards/AWS Foundational Security Best Practices | Software and Configuration Checks/Patch Management;PASS;EC2 Instance i-034e7ac45ac7000f4 is managed by Systems Manager.;False;ec2;;medium;AwsEc2Instance;arn:aws:ec2:ap-south-1:735291151388:instance/i-034e7ac45ac7000f4;i-034e7ac45ac7000f4;;Name=cloudguardian-web;aws;ap-south-1;"**EC2 instances** are assessed for enrollment as **Systems Manager managed nodes**. Running instances lacking Systems Manager registration are marked as unmanaged; instances in `stopped`, `terminated`, or `pending` states are noted separately.";Unmanaged instances lack centralized patching, inventory, and secure remote access. This increases exposure to brute force on SSH/RDP, delayed patching, and poor visibility. Exploits can enable lateral movement and persistence, degrading confidentiality, integrity, and availability.;;Enroll all instances as **Systems Manager managed nodes**. Prefer **Session Manager** over SSH/RDP, restrict inbound admin ports, and use **least privilege** roles. Ensure connectivity to SSM endpoints (or private endpoints), automate patching and inventory, and monitor activity for defense-in-depth.;https://hub.prowler.com/check/ec2_instance_managed_by_ssm;"```yaml
# CloudFormation: make the instance SSM-managed by attaching the required IAM role
Resources:
  <example_resource_name>Role:
    Type: AWS::IAM::Role
    Properties:
      AssumeRolePolicyDocument:
        Version: '2012-10-17'
        Statement:
          - Effect: Allow
            Principal:
              Service: ec2.amazonaws.com
            Action: sts:AssumeRole
      ManagedPolicyArns:
        - arn:aws:iam::aws:policy/AmazonSSMManagedInstanceCore  # CRITICAL: grants SSM permissions required for management

  <example_resource_name>InstanceProfile:
    Type: AWS::IAM::InstanceProfile
    Properties:
      Roles:
        - !Ref <example_resource_name>Role

  <example_resource_name>Instance:
    Type: AWS::EC2::Instance
    Properties:
      ImageId: ami-<example_resource_id>
      InstanceType: t3.micro
      IamInstanceProfile: !Ref <example_resource_name>InstanceProfile  # CRITICAL: attaches the SSM-enabled role to the instance
```";"```hcl
# Terraform: make the instance SSM-managed by attaching the required IAM role
resource ""aws_iam_role"" ""<example_resource_name>"" {
  name               = ""<example_resource_name>""
  assume_role_policy = jsonencode({
    Version = ""2012-10-17""
    Statement = [{
      Effect = ""Allow""
      Principal = { Service = ""ec2.amazonaws.com"" }
      Action   = ""sts:AssumeRole""
    }]
  })
}

resource ""aws_iam_role_policy_attachment"" ""<example_resource_name>_ssm"" {
  role       = aws_iam_role.<example_resource_name>.name
  policy_arn = ""arn:aws:iam::aws:policy/AmazonSSMManagedInstanceCore""  # CRITICAL: grants SSM permissions required for management
}

resource ""aws_iam_instance_profile"" ""<example_resource_name>"" {
  name = ""<example_resource_name>""
  role = aws_iam_role.<example_resource_name>.name
}

resource ""aws_instance"" ""<example_resource_name>"" {
  ami                  = ""ami-<example_resource_id>""
  instance_type        = ""t3.micro""
  iam_instance_profile = aws_iam_instance_profile.<example_resource_name>.name  # CRITICAL: attaches the SSM-enabled role to the instance
}
```";aws ec2 stop-instances --instance-ids <INSTANCE_ID>;"1. In IAM console: Create role > AWS service > EC2 > Next; attach policy ""AmazonSSMManagedInstanceCore""; Create role
2. In EC2 console: Instances > select the instance > Actions > Security > Modify IAM role > choose the role created above > Update IAM role
3. Wait a few minutes; in Systems Manager console: Managed nodes, verify the instance shows as Online
4. If the instance OS does not include SSM Agent by default, install the SSM Agent for that OS, then verify again";FedRAMP-Low-Revision-4: cm-8, sa-3 | SecNumCloud-3.2: 8.1, 12.10, 12.12 | AWS-Foundational-Security-Best-Practices: SSM.1 | KISA-ISMS-P-2023-korean: 2.6.2, 2.10.2 | ENS-RD2022: op.acc.4.aws.iam.6, op.acc.4.aws.sys.1, op.exp.1.aws.sys.1, op.exp.4.aws.sys.2, op.exp.4.r2.aws.sys.1, op.exp.9.aws.img.1, op.acc.4.aws.iam.3 | CISA: your-systems-1 | NIST-800-171-Revision-2: 3_4_1, 3_4_2, 3_4_6, 3_4_9, 3_14_2 | ASD-Essential-Eight-Nov 2023: E8-1.1, E8-2.1, E8-2.6, E8-2.7 | FedRamp-Moderate-Revision-4: cm-2, cm-7-a, cm-8-1, cm-8-3-a, sa-3-a, sa-10, si-2-2, si-7-1 | ISO27001-2022: A.5.26 | NIST-800-53-Revision-4: cm_2, cm_7, cm_8_1, cm_8_3, sa_3, sa_10, si_2_2, si_7_1 | NIST-CSF-1.1: am_1, am_2, ds_3, ds_7, ds_8, ip_1, ip_2, ip_12 | AWS-Well-Architected-Framework-Security-Pillar: SEC01-BP06, SEC06-BP04, SEC06-BP05 | NIST-CSF-2.0: ac_3 | KISA-ISMS-P-2023: 2.6.2, 2.10.2 | NIST-800-53-Revision-5: cm_2_a, cm_2_b, cm_2_b_1, cm_2_b_2, cm_2_b_3, cm_2_2, cm_3_3, cm_6, cm_8_1, cm_8_2, cm_8_3_a, cm_8_6, cm_8_a, cm_8_a_1, cm_8_a_2, cm_8_a_3, cm_8_a_4, cm_8_a_5, cm_8_b, si_3_c_2 | SOC2: cc_3_2, cc_7_1 | RBI-Cyber-Security-Framework: annex_i_1_1 | HIPAA: 164_308_a_5_ii_b | GxP-21-CFR-Part-11: 11.10-a, 11.10-h | FFIEC: d1-g-it-b-1, d3-pc-im-b-5 | FedRAMP-20x-KSI-Low-25.05C: ksi-cmt, ksi-piy;node-security;;;;5.33.1;https://www.trendmicro.com/trendaivisiononecloudriskmanagement/knowledge-base/aws/SSM/ssm-managed-instances.html | https://docs.aws.amazon.com/systems-manager/latest/userguide/managed_instances.html;;
profile: None;2026-07-13 09:37:50.757461;735291151388;;;;;;prowler-aws-ec2_instance_older_than_specific_days-735291151388-ap-south-1-i-034e7ac45ac7000f4;aws;ec2_instance_older_than_specific_days;EC2 instance is not older than the configured maximum age or is not running;Software and Configuration Checks/AWS Security Best Practices | Software and Configuration Checks/Patch Management;PASS;EC2 Instance i-034e7ac45ac7000f4 is not older than 180 days (0 days).;False;ec2;;medium;AwsEc2Instance;arn:aws:ec2:ap-south-1:735291151388:instance/i-034e7ac45ac7000f4;i-034e7ac45ac7000f4;;Name=cloudguardian-web;aws;ap-south-1;**EC2 instances** are evaluated for age while in `running` state. Instances launched beyond the configurable limit (`max_ec2_instance_age_in_days`, default `180`) are flagged as older than the allowed lifetime. Stopped instances are ignored.;"Long-lived instances often run **unpatched OS and agents**, enabling:
- Exploitation of known CVEs  loss of confidentiality
- Privilege escalation and tampering  integrity compromise
- Malware/crypto-mining and instability  reduced availability

Aged hosts also drift from baselines and impede response.";;"Adopt **short-lived, patched workloads**:
- Rebuild regularly from hardened, updated images; rotate AMIs
- Use centralized patch management and vulnerability scanning
- Retire or modernize legacy hosts; tag for lifecycle
- Apply **least privilege** and **defense in depth** to limit blast radius

Adjust `max_ec2_instance_age_in_days` to match policy.";https://hub.prowler.com/check/ec2_instance_older_than_specific_days;;;aws ec2 stop-instances --instance-ids <example_resource_id>;"1. Sign in to the AWS Management Console and open EC2
2. Go to Instances and select the noncompliant instance
3. Choose Instance state > Stop instance
4. Confirm Stop
5. Verify the instance state is Stopped (the check passes when the instance is not running)";FedRAMP-Low-Revision-4: cm-2 | AWS-Foundational-Security-Best-Practices: EC2.4 | KISA-ISMS-P-2023-korean: 2.9.2 | CISA: your-systems-1 | NIST-800-171-Revision-2: 3_4_1, 3_4_2 | ASD-Essential-Eight-Nov 2023: E8-2.8 | FedRamp-Moderate-Revision-4: cm-2 | ISO27001-2022: A.8.10 | NIST-800-53-Revision-4: cm_2 | NIST-CSF-1.1: ds_7, ip_1 | KISA-ISMS-P-2023: 2.9.2 | NIST-800-53-Revision-5: cm_2_a, cm_2_b, cm_2_b_1, cm_2_b_2, cm_2_b_3, cm_2_2, cm_3_3, cm_8_6 | HIPAA: 164_308_a_1_ii_b | GxP-21-CFR-Part-11: 11.10-a | FFIEC: d1-g-it-b-1 | FedRAMP-20x-KSI-Low-25.05C: ksi-cmt;;;;;5.33.1;https://docs.aws.amazon.com/systems-manager/latest/userguide/viewing-patch-compliance-results.html | https://www.trendmicro.com/trendaivisiononecloudriskmanagement/knowledge-base/aws/EC2/ec2-instance-too-old.html;;
profile: None;2026-07-13 09:37:50.757461;735291151388;;;;;;prowler-aws-ec2_instance_paravirtual_type-735291151388-ap-south-1-i-034e7ac45ac7000f4;aws;ec2_instance_paravirtual_type;EC2 instance virtualization type is HVM;Software and Configuration Checks/AWS Security Best Practices;PASS;EC2 Instance i-034e7ac45ac7000f4 virtualization type is set to HVM.;False;ec2;;medium;AwsEc2Instance;arn:aws:ec2:ap-south-1:735291151388:instance/i-034e7ac45ac7000f4;i-034e7ac45ac7000f4;;Name=cloudguardian-web;aws;ap-south-1;"**EC2 instances** are evaluated for their virtualization mode. Instances with `virtualization_type` set to `paravirtual` are identified; those using **HVM** are recognized as hardware-assisted virtualization.";"Using **paravirtual (PV)** weakens isolation versus **HVM/Nitro** and blocks features like `ENA` and `NVMe`. Confidentiality and integrity can suffer due to reliance on legacy hypercalls/drivers; availability and performance may degrade under load, increasing exposure to kernel/driver exploits and noisy-neighbor impacts.";;"Standardize on **HVM/Nitro**. Migrate PV workloads to HVM AMIs and current instance families; ensure support for `ENA` and `NVMe`, current kernels, and hardened configs. Apply **defense in depth** and **least privilege**. Use immutable images with staged testing, then retire PV images to prevent drift and regressions.";https://hub.prowler.com/check/ec2_instance_paravirtual_type;"```yaml
# Launch an EC2 instance using an HVM-based AMI
Resources:
  <example_resource_name>:
    Type: AWS::EC2::Instance
    Properties:
      ImageId: <HVM_AMI_ID>  # Critical: Using an HVM AMI ensures virtualization type is HVM
      InstanceType: t3.micro
```";"```hcl
# EC2 instance launched from an HVM AMI
resource ""aws_instance"" ""<example_resource_name>"" {
  ami           = ""<HVM_AMI_ID>""  # Critical: AMI must be HVM to pass the check
  instance_type = ""t3.micro""
}
```";aws ec2 terminate-instances --instance-ids <INSTANCE_ID>;"1. In the AWS Console, go to EC2 > Instances and select the instance with Virtualization type = paravirtual
2. Launch a replacement instance using any HVM-based AMI (e.g., Amazon Linux 2)
3. Verify the new instance is running
4. Back in EC2 > Instances, select the paravirtual instance, choose Instance state > Terminate instance, and confirm";AWS-Foundational-Security-Best-Practices: EC2.24 | KISA-ISMS-P-2023-korean: 2.9.2 | ISO27001-2022: A.8.20, A.8.21, A.8.22 | KISA-ISMS-P-2023: 2.9.2;node-security;;;;5.33.1;https://docs.aws.amazon.com/securityhub/latest/userguide/ec2-controls.html#ec2-24 | https://docs.aws.amazon.com/AWSEC2/latest/UserGuide/ec2-instance-resize.html | https://docs.aws.amazon.com/config/latest/developerguide/ec2-paravirtual-instance-check.html;;
profile: None;2026-07-13 09:37:50.757461;735291151388;;;;;;prowler-aws-ec2_instance_port_cassandra_exposed_to_internet-735291151388-ap-south-1-i-034e7ac45ac7000f4;aws;ec2_instance_port_cassandra_exposed_to_internet;EC2 instance does not have Cassandra ports (TCP 7000, 7001, 7199, 9042, 9160) open to the Internet;Software and Configuration Checks/AWS Security Best Practices/Network Reachability | TTPs/Initial Access | Effects/Data Exposure;PASS;Instance i-034e7ac45ac7000f4 does not have Cassandra ports open to the Internet.;False;ec2;;critical;AwsEc2Instance;arn:aws:ec2:ap-south-1:735291151388:instance/i-034e7ac45ac7000f4;i-034e7ac45ac7000f4;;Name=cloudguardian-web;aws;ap-south-1;"**EC2 instances** have **Cassandra service ports** (`7000`, `7001`, `7199`, `9042`, `9160`) reachable from the Internet through security group ingress.

Public IP presence and subnet exposure are considered to assess external reachability.";"Internet-exposed Cassandra enables unauthorized queries on `9042`, remote management via `7199` (JMX), and tampering with inter-node channels on `7000/7001` and `9160`.

Attackers can read/modify data (**confidentiality, integrity**), disrupt or take over the cluster (**availability**), and pivot within the VPC.";;"Apply **least privilege network access**:
- Remove `0.0.0.0/0` and `::/0` to Cassandra ports
- Allow only trusted subnets or VPN/bastion
- Keep nodes in private subnets; segment inter-node traffic
- Enforce **authentication** and **TLS/mTLS** for clients and JMX
- Add **defense in depth** with NACLs and monitoring";https://hub.prowler.com/check/ec2_instance_port_cassandra_exposed_to_internet;"```yaml
# Restrict Cassandra ports so they are not open to the Internet
Resources:
  <example_resource_name>:
    Type: AWS::EC2::SecurityGroup
    Properties:
      GroupDescription: Restrict Cassandra ports
      VpcId: <example_resource_id>
      SecurityGroupIngress:
        - IpProtocol: tcp
          FromPort: 7000
          ToPort: 7000
          CidrIp: 10.0.0.0/8  # FIX: not 0.0.0.0/0; restricts Internet access
        - IpProtocol: tcp
          FromPort: 7001
          ToPort: 7001
          CidrIp: 10.0.0.0/8  # FIX
        - IpProtocol: tcp
          FromPort: 7199
          ToPort: 7199
          CidrIp: 10.0.0.0/8  # FIX
        - IpProtocol: tcp
          FromPort: 9042
          ToPort: 9042
          CidrIp: 10.0.0.0/8  # FIX
        - IpProtocol: tcp
          FromPort: 9160
          ToPort: 9160
          CidrIp: 10.0.0.0/8  # FIX
```";"```hcl
# Security group with Cassandra ports not open to the Internet
resource ""aws_security_group"" ""<example_resource_name>"" {
  name   = ""<example_resource_name>""
  vpc_id = ""<example_resource_id>""

  # FIX: restrict these ports; do not use 0.0.0.0/0
  ingress { from_port = 7000 to_port = 7000 protocol = ""tcp"" cidr_blocks = [""10.0.0.0/8""] }
  ingress { from_port = 7001 to_port = 7001 protocol = ""tcp"" cidr_blocks = [""10.0.0.0/8""] }
  ingress { from_port = 7199 to_port = 7199 protocol = ""tcp"" cidr_blocks = [""10.0.0.0/8""] }
  ingress { from_port = 9042 to_port = 9042 protocol = ""tcp"" cidr_blocks = [""10.0.0.0/8""] }
  ingress { from_port = 9160 to_port = 9160 protocol = ""tcp"" cidr_blocks = [""10.0.0.0/8""] }
}
```";"aws ec2 revoke-security-group-ingress --group-id <SECURITY_GROUP_ID> --ip-permissions '[{""IpProtocol"":""tcp"",""FromPort"":7000,""ToPort"":7000,""IpRanges"":[{""CidrIp"":""0.0.0.0/0""}]},{""IpProtocol"":""tcp"",""FromPort"":7001,""ToPort"":7001,""IpRanges"":[{""CidrIp"":""0.0.0.0/0""}]},{""IpProtocol"":""tcp"",""FromPort"":7199,""ToPort"":7199,""IpRanges"":[{""CidrIp"":""0.0.0.0/0""}]},{""IpProtocol"":""tcp"",""FromPort"":9042,""ToPort"":9042,""IpRanges"":[{""CidrIp"":""0.0.0.0/0""}]},{""IpProtocol"":""tcp"",""FromPort"":9160,""ToPort"":9160,""IpRanges"":[{""CidrIp"":""0.0.0.0/0""}]]'";"1. Open the AWS Console > EC2 > Instances and select the instance
2. In the Security tab, click the attached Security Group(s)
3. Click Edit inbound rules
4. Remove or change any rule allowing TCP 7000, 7001, 7199, 9042, or 9160 from Anywhere (0.0.0.0/0 or ::/0)
5. If needed, re-add those ports with a specific trusted source CIDR or security group
6. Save rules";KISA-ISMS-P-2023-korean: 2.6.1, 2.6.4, 2.10.2 | ISO27001-2022: A.8.20, A.8.21, A.8.22 | NIS2: 6.7.2.g | KISA-ISMS-P-2023: 2.6.1, 2.6.4, 2.10.2 | C5-2025: PI-01.01AC | SOC2: cc_6_6 | ProwlerThreatScore-1.0: 2.1.6;internet-exposed;;;;5.33.1;https://docs.aws.amazon.com/vpc/latest/userguide/VPC_SecurityGroups.html | https://support.icompaas.com/support/solutions/articles/62000127020-ensure-security-groups-do-not-allow-unrestricted-ingress-access-to-cassandra-ports-7199-or-9160-or-88;;
profile: None;2026-07-13 09:37:50.757461;735291151388;;;;;;prowler-aws-ec2_instance_port_cifs_exposed_to_internet-735291151388-ap-south-1-i-034e7ac45ac7000f4;aws;ec2_instance_port_cifs_exposed_to_internet;EC2 instance does not allow Internet ingress to TCP ports 139 or 445 (CIFS);Software and Configuration Checks/AWS Security Best Practices/Network Reachability | Software and Configuration Checks/Industry and Regulatory Standards/AWS Foundational Security Best Practices | TTPs/Initial Access | Effects/Data Exposure;PASS;Instance i-034e7ac45ac7000f4 does not have CIFS ports open to the Internet.;False;ec2;;critical;AwsEc2Instance;arn:aws:ec2:ap-south-1:735291151388:instance/i-034e7ac45ac7000f4;i-034e7ac45ac7000f4;;Name=cloudguardian-web;aws;ap-south-1;"**EC2 instances** with security groups permitting **inbound** TCP `139` or `445` (**CIFS/SMB**) from `0.0.0.0/0` are identified.

Exposure level reflects whether the instance has a **public IP** and the subnet's Internet reachability.";Publicly reachable **SMB** allows unauthorized access and **remote code execution**, enabling credential theft, NTLM relay, and share enumeration. Attackers can exfiltrate files, tamper or delete data, and spread **ransomware**, degrading **confidentiality**, **integrity**, and **availability**.;;"Restrict **CIFS/SMB** to trusted internal sources using **least privilege**; do not allow `0.0.0.0/0`.

Adopt **defense in depth**: place hosts in private subnets, require **VPN** or controlled jump paths, and enforce **segmentation**. Disable SMB if unnecessary or use alternatives (e.g., SFTP). Require strong auth and SMB signing.";https://hub.prowler.com/check/ec2_instance_port_cifs_exposed_to_internet;"```yaml
# CloudFormation: Security group without CIFS open to the Internet
Resources:
  <example_resource_name>:
    Type: AWS::EC2::SecurityGroup
    Properties:
      GroupDescription: SG without CIFS open to Internet
      VpcId: <example_resource_id>
      SecurityGroupIngress:
        - IpProtocol: tcp
          FromPort: 139
          ToPort: 139
          CidrIp: 10.0.0.0/8  # CRITICAL: restrict CIFS (139) to a non-Internet CIDR to avoid 0.0.0.0/0
        - IpProtocol: tcp
          FromPort: 445
          ToPort: 445
          CidrIp: 10.0.0.0/8  # CRITICAL: restrict CIFS (445) to a non-Internet CIDR to avoid 0.0.0.0/0
```";"```hcl
# Security group without CIFS open to the Internet
resource ""aws_security_group"" ""<example_resource_name>"" {
  name   = ""<example_resource_name>""
  vpc_id = ""<example_resource_id>""

  ingress {
    from_port   = 139
    to_port     = 139
    protocol    = ""tcp""
    cidr_blocks = [""10.0.0.0/8""] # CRITICAL: restrict CIFS (139); do not use 0.0.0.0/0
  }

  ingress {
    from_port   = 445
    to_port     = 445
    protocol    = ""tcp""
    cidr_blocks = [""10.0.0.0/8""] # CRITICAL: restrict CIFS (445); do not use 0.0.0.0/0
  }
}
```";"aws ec2 revoke-security-group-ingress --group-id <SECURITY_GROUP_ID> --ip-permissions '[{""IpProtocol"":""tcp"",""FromPort"":139,""ToPort"":139,""IpRanges"":[{""CidrIp"":""0.0.0.0/0""}]},{""IpProtocol"":""tcp"",""FromPort"":445,""ToPort"":445,""IpRanges"":[{""CidrIp"":""0.0.0.0/0""}]}]'";"1. In AWS Console, go to EC2 > Security Groups
2. Select the security group attached to the affected instance
3. Edit Inbound rules
4. Delete any rule allowing TCP port 139 or 445 from 0.0.0.0/0 or ::/0, or change the source to a specific trusted CIDR
5. Save rules";CIS-6.0: 6.1.2 | CIS-7.0: 6.1.2 | KISA-ISMS-P-2023-korean: 2.6.1, 2.6.2, 2.6.6, 2.10.2 | CIS-4.0.1: 5.1.2 | ISO27001-2022: A.8.20, A.8.21, A.8.22 | NIS2: 6.7.2.g | KISA-ISMS-P-2023: 2.6.1, 2.6.2, 2.6.6, 2.10.2 | C5-2025: PI-01.01AC | SOC2: cc_6_6 | ProwlerThreatScore-1.0: 2.1.6 | CIS-5.0: 5.1.2;internet-exposed;;;;5.33.1;https://docs.aws.amazon.com/vpc/latest/userguide/VPC_SecurityGroups.html | https://www.trendmicro.com/trendaivisiononecloudriskmanagement/knowledge-base/aws/EC2/unrestricted-cifs-access.html;;
profile: None;2026-07-13 09:37:50.757461;735291151388;;;;;;prowler-aws-ec2_instance_port_elasticsearch_kibana_exposed_to_internet-735291151388-ap-south-1-i-034e7ac45ac7000f4;aws;ec2_instance_port_elasticsearch_kibana_exposed_to_internet;EC2 instance does not allow ingress from the Internet to Elasticsearch and Kibana ports (TCP 9200, 9300, 5601);Software and Configuration Checks/AWS Security Best Practices/Network Reachability | Software and Configuration Checks/Industry and Regulatory Standards/AWS Foundational Security Best Practices | TTPs/Initial Access/Unauthorized Access | Effects/Data Exposure;PASS;Instance i-034e7ac45ac7000f4 does not have Elasticsearch/Kibana ports open to the Internet.;False;ec2;;critical;AwsEc2Instance;arn:aws:ec2:ap-south-1:735291151388:instance/i-034e7ac45ac7000f4;i-034e7ac45ac7000f4;;Name=cloudguardian-web;aws;ap-south-1;"**EC2 instances** with **Elasticsearch/Kibana ports** (`9200`, `9300`, `5601`) exposed to the Internet through inbound security group rules.

Assesses reachability considering instance public IP and subnet to reflect real exposure.";"Public access to Elasticsearch/Kibana can lead to:
- Unauthorized queries or dashboard viewing  confidentiality loss
- Index changes or cluster control via `9300`  integrity impact
- Scans and bulk queries  availability degradation

Enables data exfiltration and lateral movement.";;"Apply **least privilege** to network exposure:
- Restrict `9200`, `9300`, `5601` to trusted sources or keep them private
- Use **private subnets**, **VPN/peering**, or **bastion/SSM** for admin access
- Enforce **authentication** and **TLS** on Elasticsearch/Kibana
- Avoid public IPs unless strictly required";https://hub.prowler.com/check/ec2_instance_port_elasticsearch_kibana_exposed_to_internet;"```yaml
# CloudFormation: restrict Elasticsearch/Kibana ports to a private CIDR (not the Internet)
Resources:
  <example_resource_name>:
    Type: AWS::EC2::SecurityGroup
    Properties:
      GroupDescription: Restrict Elasticsearch/Kibana ports
      VpcId: <example_resource_id>
      SecurityGroupIngress:
        - IpProtocol: tcp
          FromPort: 9200
          ToPort: 9200
          CidrIp: 10.0.0.0/8  # CRITICAL: do not use 0.0.0.0/0 or ::/0; restrict to internal CIDR
        - IpProtocol: tcp
          FromPort: 9300
          ToPort: 9300
          CidrIp: 10.0.0.0/8  # CRITICAL: restrict source to stop Internet exposure
        - IpProtocol: tcp
          FromPort: 5601
          ToPort: 5601
          CidrIp: 10.0.0.0/8  # CRITICAL: restrict source to stop Internet exposure
```";"```hcl
# Terraform: restrict Elasticsearch/Kibana ports to a private CIDR (not the Internet)
resource ""aws_security_group"" ""<example_resource_name>"" {
  name   = ""<example_resource_name>""
  vpc_id = ""<example_resource_id>""

  # CRITICAL: restrict sources; do NOT use 0.0.0.0/0 or ::/0
  ingress {
    from_port   = 9200
    to_port     = 9200
    protocol    = ""tcp""
    cidr_blocks = [""10.0.0.0/8""]
  }
  ingress {
    from_port   = 9300
    to_port     = 9300
    protocol    = ""tcp""
    cidr_blocks = [""10.0.0.0/8""]
  }
  ingress {
    from_port   = 5601
    to_port     = 5601
    protocol    = ""tcp""
    cidr_blocks = [""10.0.0.0/8""]
  }
}
```";"aws ec2 revoke-security-group-ingress --group-id <SECURITY_GROUP_ID> --ip-permissions '[{""IpProtocol"":""tcp"",""FromPort"":9200,""ToPort"":9200,""IpRanges"":[{""CidrIp"":""0.0.0.0/0""}]},{""IpProtocol"":""tcp"",""FromPort"":9300,""ToPort"":9300,""IpRanges"":[{""CidrIp"":""0.0.0.0/0""}]},{""IpProtocol"":""tcp"",""FromPort"":5601,""ToPort"":5601,""IpRanges"":[{""CidrIp"":""0.0.0.0/0""}]}]'";"1. Open the AWS Console and go to EC2 > Security Groups
2. Select the security group attached to the instance
3. In Inbound rules, find any rule allowing TCP 9200, 9300, or 5601 from 0.0.0.0/0 or ::/0
4. Edit inbound rules and either delete those rules or change the source to a restricted CIDR (e.g., your internal network)
5. Save rules";KISA-ISMS-P-2023-korean: 2.6.1, 2.6.2, 2.6.3, 2.10.2 | ISO27001-2022: A.8.20, A.8.21, A.8.22 | NIS2: 6.7.2.g | KISA-ISMS-P-2023: 2.6.1, 2.6.2, 2.6.3, 2.10.2 | C5-2025: PI-01.01AC | SOC2: cc_6_6 | ProwlerThreatScore-1.0: 2.1.6;internet-exposed;;;;5.33.1;https://docs.aws.amazon.com/vpc/latest/userguide/VPC_SecurityGroups.html | https://support.icompaas.com/support/solutions/articles/62000233821-ensure-no-ec2-instances-allow-ingress-from-the-internet-to-elasticsearch-and-kibana-ports-tcp-9200-;;
profile: None;2026-07-13 09:37:50.757461;735291151388;;;;;;prowler-aws-ec2_instance_port_ftp_exposed_to_internet-735291151388-ap-south-1-i-034e7ac45ac7000f4;aws;ec2_instance_port_ftp_exposed_to_internet;EC2 instance does not allow ingress from the Internet to TCP ports 20 or 21 (FTP);Software and Configuration Checks/AWS Security Best Practices/Network Reachability | Software and Configuration Checks/Industry and Regulatory Standards/AWS Foundational Security Best Practices | TTPs/Initial Access | Effects/Data Exposure;PASS;Instance i-034e7ac45ac7000f4 does not have FTP ports open to the Internet.;False;ec2;;critical;AwsEc2Instance;arn:aws:ec2:ap-south-1:735291151388:instance/i-034e7ac45ac7000f4;i-034e7ac45ac7000f4;;Name=cloudguardian-web;aws;ap-south-1;"**EC2 instances** with security groups permitting inbound **FTP** on `TCP 20-21` from any address (e.g., `0.0.0.0/0` or `::/0`) are identified.

Exposure is contextualized by the instance's public reachability (public IP and subnet).";"Exposed **FTP** invites Internet brute force and transmits in cleartext, enabling credential theft and packet sniffing (**confidentiality**).

Attackers can upload/alter files (**integrity**) and abuse services for malware staging or DoS (**availability**). Publicly reachable hosts are rapidly probed by scanners.";;"Deny public ingress to **FTP** ports `20-21` following **least privilege**. Prefer **SFTP** or **FTPS**; if transfers are required, restrict to trusted sources and use private access (VPN or dedicated network). Apply **defense in depth** with tightened security groups and network ACLs, and monitor authentication and access.";https://hub.prowler.com/check/ec2_instance_port_ftp_exposed_to_internet;"```yaml
# CloudFormation: restrict FTP (ports 20-21) from Internet
Resources:
  <example_resource_name>:
    Type: AWS::EC2::SecurityGroup
    Properties:
      GroupDescription: Restrict FTP access
      VpcId: <example_resource_id>
      SecurityGroupIngress:
        - IpProtocol: tcp
          FromPort: 20
          ToPort: 21
          CidrIp: 10.0.0.0/8  # CRITICAL: restrict source; not 0.0.0.0/0. Fixes Internet exposure.
```";"```hcl
# Security group with FTP restricted
resource ""aws_security_group"" ""<example_resource_name>"" {
  vpc_id = ""<example_resource_id>""

  ingress {
    from_port   = 20
    to_port     = 21
    protocol    = ""tcp""
    cidr_blocks = [""10.0.0.0/8""] # CRITICAL: restrict source; not 0.0.0.0/0. Fixes Internet exposure.
  }
}
```";aws ec2 revoke-security-group-ingress --group-id <SECURITY_GROUP_ID> --ip-permissions 'IpProtocol=tcp,FromPort=20,ToPort=21,IpRanges=[{CidrIp=0.0.0.0/0}]';"1. In the AWS Console, go to EC2 > Security Groups
2. Select the security group attached to the instance
3. Open the Inbound rules tab and click Edit inbound rules
4. Find any rule allowing TCP ports 20-21 from 0.0.0.0/0 or ::/0
5. Delete the rule, or change Source to a trusted CIDR (e.g., your office IP)
6. Click Save rules";KISA-ISMS-P-2023-korean: 2.6.1, 2.6.2, 2.6.6, 2.10.2 | ISO27001-2022: A.8.20, A.8.21, A.8.22 | NIS2: 6.7.2.g | KISA-ISMS-P-2023: 2.6.1, 2.6.2, 2.6.6, 2.10.2 | C5-2025: PI-01.01AC | SOC2: cc_6_6 | ProwlerThreatScore-1.0: 2.1.6;internet-exposed;;;;5.33.1;https://www.trendmicro.com/trendaivisiononecloudriskmanagement/knowledge-base/aws/EC2/unrestricted-ftp-access.html | https://docs.aws.amazon.com/vpc/latest/userguide/VPC_SecurityGroups.html;;
profile: None;2026-07-13 09:37:50.757461;735291151388;;;;;;prowler-aws-ec2_instance_port_kafka_exposed_to_internet-735291151388-ap-south-1-i-034e7ac45ac7000f4;aws;ec2_instance_port_kafka_exposed_to_internet;EC2 instance does not allow ingress from the Internet to TCP port 9092 (Kafka);Software and Configuration Checks/AWS Security Best Practices/Network Reachability | Software and Configuration Checks/Industry and Regulatory Standards/AWS Foundational Security Best Practices | Software and Configuration Checks/Industry and Regulatory Standards/CIS AWS Foundations Benchmark | TTPs/Initial Access | Effects/Data Exposure;PASS;Instance i-034e7ac45ac7000f4 does not have Kafka port 9092 open to the Internet.;False;ec2;;critical;AwsEc2Instance;arn:aws:ec2:ap-south-1:735291151388:instance/i-034e7ac45ac7000f4;i-034e7ac45ac7000f4;;Name=cloudguardian-web;aws;ap-south-1;**EC2 instances** with security group rules that allow inbound `TCP 9092` (Kafka) from the Internet are reported. The evaluation inspects ingress rules to detect broad sources (for example `0.0.0.0/0` or `::/0`) that expose Kafka brokers.;Public Kafka access undermines CIA: adversaries can read topics and metadata (**confidentiality**), publish or alter events (**integrity**), and overwhelm brokers (**availability**). Exposure also eases reconnaissance and lateral movement from the broker host.;;Apply **least privilege**: restrict `TCP 9092` to trusted networks, not `0.0.0.0/0` or `::/0`. Keep brokers in private subnets and use private connectivity (VPN/peering). Enforce **TLS** and authenticated clients with granular ACLs, and add **defense in depth** via NACLs or proxies.;https://hub.prowler.com/check/ec2_instance_port_kafka_exposed_to_internet;"```yaml
# CloudFormation: restrict Kafka (9092) from Internet
Resources:
  <example_resource_name>:
    Type: AWS::EC2::SecurityGroup
    Properties:
      GroupDescription: Restrict Kafka port
      VpcId: <example_resource_id>
      SecurityGroupIngress:
        - IpProtocol: tcp
          FromPort: 9092
          ToPort: 9092
          CidrIp: 10.0.0.0/8  # Critical: do NOT use 0.0.0.0/0; restrict to trusted CIDR to close Internet access
```";"```hcl
# Restrict Kafka (9092) from Internet
resource ""aws_security_group"" ""<example_resource_name>"" {
  name   = ""<example_resource_name>""
  vpc_id = ""<example_resource_id>""

  ingress {
    from_port   = 9092
    to_port     = 9092
    protocol    = ""tcp""
    cidr_blocks = [""10.0.0.0/8""]  # Critical: restrict source; not 0.0.0.0/0
  }
}
```";aws ec2 revoke-security-group-ingress --group-id <SECURITY_GROUP_ID> --protocol tcp --port 9092 --cidr 0.0.0.0/0;"1. In the AWS Console, go to EC2 > Security Groups
2. Select the security group attached to the instance
3. Open the Inbound rules tab and click Edit inbound rules
4. Remove the rule allowing TCP 9092 from 0.0.0.0/0 or ::/0 (Internet)
5. If needed, add TCP 9092 with a restricted source (e.g., your VPC CIDR)
6. Click Save rules";KISA-ISMS-P-2023-korean: 2.6.1, 2.6.2, 2.10.2 | ISO27001-2022: A.8.20, A.8.21, A.8.22 | NIS2: 6.7.2.g | KISA-ISMS-P-2023: 2.6.1, 2.6.2, 2.10.2 | C5-2025: PI-01.01AC | SOC2: cc_6_6 | ProwlerThreatScore-1.0: 2.1.6;internet-exposed;;;;5.33.1;https://docs.aws.amazon.com/vpc/latest/userguide/VPC_SecurityGroups.html | https://support.icompaas.com/support/solutions/articles/62000233794-ensure-no-ec2-instances-allow-ingress-from-the-internet-to-tcp-port-9092-kafka-;;
profile: None;2026-07-13 09:37:50.757461;735291151388;;;;;;prowler-aws-ec2_instance_port_kerberos_exposed_to_internet-735291151388-ap-south-1-i-034e7ac45ac7000f4;aws;ec2_instance_port_kerberos_exposed_to_internet;EC2 instance does not allow ingress from the Internet to TCP ports 88, 464, 749, or 750 (Kerberos);Software and Configuration Checks/AWS Security Best Practices/Network Reachability | TTPs/Initial Access/Unauthorized Access;PASS;Instance i-034e7ac45ac7000f4 does not have Kerberos ports open to the Internet.;False;ec2;;critical;AwsEc2Instance;arn:aws:ec2:ap-south-1:735291151388:instance/i-034e7ac45ac7000f4;i-034e7ac45ac7000f4;;Name=cloudguardian-web;aws;ap-south-1;"**EC2 instances** whose security groups allow public **inbound TCP** access to Kerberos ports `88`, `464`, `749`, or `750` (authentication, password change, admin).

Rules permitting `0.0.0.0/0` or `::/0` are treated as Internet-exposed.";"Public Kerberos exposure risks CIA:
- **Password spraying**/AS-REP roasting against accounts
- Unauthorized password changes on `464`
- Realm/user enumeration and DoS of KDC/services

Stolen tickets enable **lateral movement** and privilege escalation in Active Directory or the Kerberos realm.";;"Restrict Kerberos ports to trusted sources only.
- Prefer **private connectivity** (VPN, peering) over public exposure
- Place KDCs/services in private subnets without public IPs
- Apply **least privilege** with narrowly scoped security group rules and NACLs
- Add defense-in-depth: host firewalls and monitor authentication activity";https://hub.prowler.com/check/ec2_instance_port_kerberos_exposed_to_internet;"```yaml
# CloudFormation: restrict Kerberos ports from Internet
Resources:
  <example_resource_name>:
    Type: AWS::EC2::SecurityGroup
    Properties:
      GroupDescription: Restrict Kerberos ports
      VpcId: <example_resource_id>
      SecurityGroupIngress:
        - IpProtocol: tcp
          FromPort: 88
          ToPort: 88
          CidrIp: 10.0.0.0/8  # CRITICAL: not 0.0.0.0/0; restrict access to trusted CIDR
        - IpProtocol: tcp
          FromPort: 464
          ToPort: 464
          CidrIp: 10.0.0.0/8  # CRITICAL: blocks Internet exposure
        - IpProtocol: tcp
          FromPort: 749
          ToPort: 749
          CidrIp: 10.0.0.0/8  # CRITICAL: blocks Internet exposure
        - IpProtocol: tcp
          FromPort: 750
          ToPort: 750
          CidrIp: 10.0.0.0/8  # CRITICAL: blocks Internet exposure
```";"```hcl
# Terraform: restrict Kerberos ports from Internet
resource ""aws_security_group"" ""<example_resource_name>"" {
  name   = ""<example_resource_name>""
  vpc_id = ""<example_resource_id>""

  ingress {
    from_port   = 88
    to_port     = 88
    protocol    = ""tcp""
    cidr_blocks = [""10.0.0.0/8""]  # CRITICAL: not 0.0.0.0/0; restrict to trusted CIDR
  }

  ingress {
    from_port   = 464
    to_port     = 464
    protocol    = ""tcp""
    cidr_blocks = [""10.0.0.0/8""]  # CRITICAL: blocks Internet exposure
  }

  ingress {
    from_port   = 749
    to_port     = 749
    protocol    = ""tcp""
    cidr_blocks = [""10.0.0.0/8""]  # CRITICAL: blocks Internet exposure
  }

  ingress {
    from_port   = 750
    to_port     = 750
    protocol    = ""tcp""
    cidr_blocks = [""10.0.0.0/8""]  # CRITICAL: blocks Internet exposure
  }
}
```";"aws ec2 revoke-security-group-ingress --group-id <SECURITY_GROUP_ID> --ip-permissions '[{""IpProtocol"":""tcp"",""FromPort"":88,""ToPort"":88,""IpRanges"":[{""CidrIp"":""0.0.0.0/0""}],""Ipv6Ranges"":[{""CidrIpv6"":""::/0""}]},{""IpProtocol"":""tcp"",""FromPort"":464,""ToPort"":464,""IpRanges"":[{""CidrIp"":""0.0.0.0/0""}],""Ipv6Ranges"":[{""CidrIpv6"":""::/0""}]},{""IpProtocol"":""tcp"",""FromPort"":749,""ToPort"":749,""IpRanges"":[{""CidrIp"":""0.0.0.0/0""}],""Ipv6Ranges"":[{""CidrIpv6"":""::/0""}]},{""IpProtocol"":""tcp"",""FromPort"":750,""ToPort"":750,""IpRanges"":[{""CidrIp"":""0.0.0.0/0""}],""Ipv6Ranges"":[{""CidrIpv6"":""::/0""}]}]'";"1. In the AWS console, go to EC2 > Security Groups
2. Select the security group attached to the affected instance
3. Edit inbound rules
4. Remove any rule allowing TCP ports 88, 464, 749, or 750 from 0.0.0.0/0 or ::/0
5. If access is required, re-add these ports only from trusted CIDR(s) (e.g., your internal network)
6. Save rules";KISA-ISMS-P-2023-korean: 2.6.1, 2.6.2, 2.10.2 | ISO27001-2022: A.8.20, A.8.21, A.8.22 | NIS2: 6.7.2.g | KISA-ISMS-P-2023: 2.6.1, 2.6.2, 2.10.2 | C5-2025: PI-01.01AC | SOC2: cc_6_6 | ProwlerThreatScore-1.0: 2.1.6;internet-exposed;;;;5.33.1;https://docs.aws.amazon.com/vpc/latest/userguide/VPC_SecurityGroups.html | https://support.icompaas.com/support/solutions/articles/62000233825-ensure-no-ec2-instances-allow-ingress-from-the-internet-to-tcp-port-88-464-749-or-750-kerberos-;;
profile: None;2026-07-13 09:37:50.757461;735291151388;;;;;;prowler-aws-ec2_instance_port_ldap_exposed_to_internet-735291151388-ap-south-1-i-034e7ac45ac7000f4;aws;ec2_instance_port_ldap_exposed_to_internet;EC2 instance does not allow ingress from the Internet to TCP ports 389 or 636 (LDAP/LDAPS);Software and Configuration Checks/AWS Security Best Practices/Network Reachability | Software and Configuration Checks/Industry and Regulatory Standards/AWS Foundational Security Best Practices | TTPs/Initial Access/Unauthorized Access;PASS;Instance i-034e7ac45ac7000f4 does not have LDAP ports open to the Internet.;False;ec2;;critical;AwsEc2Instance;arn:aws:ec2:ap-south-1:735291151388:instance/i-034e7ac45ac7000f4;i-034e7ac45ac7000f4;;Name=cloudguardian-web;aws;ap-south-1;"**EC2 instances** with security groups permitting Internet-sourced access to **LDAP** on `TCP 389` or **LDAPS** on `TCP 636` are identified.

Public exposure context (presence of public IP and subnet reachability) is considered to gauge how broadly these ports can be accessed.";"Publicly reachable **LDAP/LDAPS** enables:
- Directory enumeration and weak/anonymous bind attempts
- **Password spraying** and credential theft (cleartext on `389`)
- Unauthorized queries causing **data exfiltration**

Abuse may lead to **privilege escalation** and availability impact via account lockouts.";;"Limit LDAP to trusted networks:
- Allowlist specific source CIDRs in security groups (*least privilege*)
- Use **private connectivity** (peering/VPN) instead of Internet
- Require **LDAPS**, strong certificates, and disable insecure binds
- Add NACLs and monitoring for defense in depth

*If external access is required*, place a proxy and enforce rate limits.";https://hub.prowler.com/check/ec2_instance_port_ldap_exposed_to_internet;"```yaml
# CloudFormation: restrict LDAP/LDAPS from the Internet
Resources:
  <example_resource_name>:
    Type: AWS::EC2::SecurityGroup
    Properties:
      GroupDescription: Restricted LDAP access
      VpcId: ""<example_resource_id>""
      SecurityGroupIngress:
        - IpProtocol: tcp
          FromPort: 389
          ToPort: 389
          CidrIp: 10.0.0.0/8   # CRITICAL: not 0.0.0.0/0; restricts LDAP (389) to internal range
        - IpProtocol: tcp
          FromPort: 636
          ToPort: 636
          CidrIp: 10.0.0.0/8   # CRITICAL: not 0.0.0.0/0; restricts LDAPS (636) to internal range
```";"```hcl
# Restrict LDAP/LDAPS from the Internet
resource ""aws_security_group"" ""<example_resource_name>"" {
  name   = ""restricted-ldap""
  vpc_id = ""<example_resource_id>""

  ingress {
    from_port   = 389
    to_port     = 389
    protocol    = ""tcp""
    cidr_blocks = [""10.0.0.0/8""]  # CRITICAL: not 0.0.0.0/0; restricts LDAP (389)
  }

  ingress {
    from_port   = 636
    to_port     = 636
    protocol    = ""tcp""
    cidr_blocks = [""10.0.0.0/8""]  # CRITICAL: not 0.0.0.0/0; restricts LDAPS (636)
  }
}
```";"aws ec2 revoke-security-group-ingress --group-id <SECURITY_GROUP_ID> --ip-permissions '[{""IpProtocol"":""tcp"",""FromPort"":389,""ToPort"":389,""IpRanges"":[{""CidrIp"":""0.0.0.0/0""}]},{""IpProtocol"":""tcp"",""FromPort"":636,""ToPort"":636,""IpRanges"":[{""CidrIp"":""0.0.0.0/0""}]}]'";"1. In the AWS Console, go to EC2 > Security Groups
2. Select the security group attached to the affected instance
3. In Inbound rules, find rules for TCP 389 or 636 with Source set to Anywhere (0.0.0.0/0 or ::/0)
4. Delete those rule(s)
5. (If access is required) Add inbound rules for TCP 389 and/or 636 scoped to specific trusted CIDR(s) only
6. Save rules";KISA-ISMS-P-2023-korean: 2.6.1, 2.6.2, 2.10.2 | ISO27001-2022: A.8.20, A.8.21, A.8.22 | NIS2: 6.7.2.g | KISA-ISMS-P-2023: 2.6.1, 2.6.2, 2.10.2 | C5-2025: PI-01.01AC | SOC2: cc_6_6 | ProwlerThreatScore-1.0: 2.1.6;internet-exposed;;;;5.33.1;https://docs.aws.amazon.com/vpc/latest/userguide/VPC_SecurityGroups.html;;
profile: None;2026-07-13 09:37:50.757461;735291151388;;;;;;prowler-aws-ec2_instance_port_memcached_exposed_to_internet-735291151388-ap-south-1-i-034e7ac45ac7000f4;aws;ec2_instance_port_memcached_exposed_to_internet;EC2 instance does not allow ingress from the Internet to TCP port 11211 (Memcached);Software and Configuration Checks/AWS Security Best Practices/Network Reachability | TTPs/Initial Access;PASS;Instance i-034e7ac45ac7000f4 does not have Memcached port 11211 open to the Internet.;False;ec2;;critical;AwsEc2Instance;arn:aws:ec2:ap-south-1:735291151388:instance/i-034e7ac45ac7000f4;i-034e7ac45ac7000f4;;Name=cloudguardian-web;aws;ap-south-1;**EC2 instances** are evaluated for **open Memcached access**: inbound `TCP 11211` allowed from any address (`0.0.0.0/0` or `::/0`) via their security groups, considering the instance's public exposure.;"Internet-exposed **Memcached** weakens:
- **Availability**: abuse for reflection/amplification and resource exhaustion
- **Confidentiality**: unauthorized reads of cached objects and metadata
- **Integrity**: manipulation of cache entries influencing app behavior

Public reachability also aids reconnaissance and lateral movement.";;"Apply **least privilege** on network access:
- Restrict `TCP 11211` to trusted sources or internal subnets only
- Place instances in private subnets; avoid public IPs
- Layer **defense in depth** with NACLs and routing to block Internet paths
- Prefer private connectivity (peering/VPN) and implement service-level authentication where available";https://hub.prowler.com/check/ec2_instance_port_memcached_exposed_to_internet;"```yaml
# CloudFormation: restrict Memcached (11211) from Internet
Resources:
  <example_resource_name>:
    Type: AWS::EC2::SecurityGroup
    Properties:
      GroupDescription: Restrict Memcached access
      VpcId: <example_resource_id>
      SecurityGroupIngress:
        - IpProtocol: tcp
          FromPort: 11211
          ToPort: 11211
          CidrIp: 10.0.0.0/8  # FIX: not 0.0.0.0/0; limits access to internal range to avoid Internet exposure
```";"```hcl
# Security group with Memcached (11211) not exposed to the Internet
resource ""aws_security_group"" ""<example_resource_name>"" {
  vpc_id = ""<example_resource_id>""

  ingress {
    from_port   = 11211
    to_port     = 11211
    protocol    = ""tcp""
    cidr_blocks = [""10.0.0.0/8""] # FIX: not 0.0.0.0/0; restricts access to internal range
  }
}
```";aws ec2 revoke-security-group-ingress --group-id <SECURITY_GROUP_ID> --protocol tcp --port 11211 --cidr 0.0.0.0/0;"1. In the AWS Console, go to EC2 > Security Groups
2. Select the security group attached to the affected instance
3. In Inbound rules, find the rule allowing TCP 11211 from 0.0.0.0/0 or ::/0
4. Delete the rule or edit the Source to a restricted range (e.g., a private CIDR or a specific security group)
5. Save rules";KISA-ISMS-P-2023-korean: 2.6.1, 2.6.4, 2.10.2 | ISO27001-2022: A.8.20, A.8.21, A.8.22 | NIS2: 6.7.2.g | KISA-ISMS-P-2023: 2.6.1, 2.6.4, 2.10.2 | C5-2025: PI-01.01AC | SOC2: cc_6_6 | ProwlerThreatScore-1.0: 2.1.6;internet-exposed;;;;5.33.1;https://docs.aws.amazon.com/vpc/latest/userguide/VPC_SecurityGroups.html | https://support.icompaas.com/support/solutions/articles/62000127021-ensure-security-groups-do-not-allow-unrestricted-ingress-access-to-memcached-port-11211;;
profile: None;2026-07-13 09:37:50.757461;735291151388;;;;;;prowler-aws-ec2_instance_port_mongodb_exposed_to_internet-735291151388-ap-south-1-i-034e7ac45ac7000f4;aws;ec2_instance_port_mongodb_exposed_to_internet;EC2 instance does not allow ingress from the Internet to TCP ports 27017 or 27018 (MongoDB);Software and Configuration Checks/AWS Security Best Practices/Network Reachability | Software and Configuration Checks/Industry and Regulatory Standards/AWS Foundational Security Best Practices | Software and Configuration Checks/Industry and Regulatory Standards/CIS AWS Foundations Benchmark | TTPs/Initial Access | Effects/Data Exposure;PASS;Instance i-034e7ac45ac7000f4 does not have MongoDB ports open to the Internet.;False;ec2;;critical;AwsEc2Instance;arn:aws:ec2:ap-south-1:735291151388:instance/i-034e7ac45ac7000f4;i-034e7ac45ac7000f4;;Name=cloudguardian-web;aws;ap-south-1;**EC2 instances** with security groups permitting inbound `TCP 27017` or `27018` (MongoDB) from `0.0.0.0/0` or `::/0` are identified, factoring the instance's public reachability to gauge exposure.;"Internet-exposed MongoDB invites scanning, brute force, and exploits leading to:
- Data extraction (**confidentiality**)
- Collection tampering or deletion (**integrity**)
- DoS or ransomware disruptions (**availability**)
A compromised DB host can also enable lateral movement within the environment.";;"Apply **least privilege** to MongoDB access:
- Remove Internet-wide rules; allow only trusted sources
- Keep DBs on **private subnets** without public IPs; use private connectivity or proxies
- Enforce strong auth and **TLS**
- Add segmentation and monitoring for **defense in depth**";https://hub.prowler.com/check/ec2_instance_port_mongodb_exposed_to_internet;"```yaml
# CloudFormation: restrict MongoDB ports from Internet
Resources:
  <example_resource_name>:
    Type: AWS::EC2::SecurityGroup
    Properties:
      GroupDescription: Restrict MongoDB ports
      VpcId: <example_resource_id>
      SecurityGroupIngress:
        - IpProtocol: tcp
          FromPort: 27017
          ToPort: 27017
          CidrIp: 10.0.0.0/8  # Critical: restricts 27017 to internal CIDR (not 0.0.0.0/0)
        - IpProtocol: tcp
          FromPort: 27018
          ToPort: 27018
          CidrIp: 10.0.0.0/8  # Critical: restricts 27018 to internal CIDR (not 0.0.0.0/0)
```";"```hcl
resource ""aws_security_group"" ""<example_resource_name>"" {
  vpc_id = ""<example_resource_id>""

  # Critical: restrict MongoDB ports to internal CIDR, not 0.0.0.0/0 or ::/0
  ingress {
    from_port   = 27017
    to_port     = 27017
    protocol    = ""tcp""
    cidr_blocks = [""10.0.0.0/8""]
  }

  ingress {
    from_port   = 27018
    to_port     = 27018
    protocol    = ""tcp""
    cidr_blocks = [""10.0.0.0/8""]
  }
}
```";"aws ec2 revoke-security-group-ingress --group-id <SECURITY_GROUP_ID> --ip-permissions '[{""IpProtocol"":""tcp"",""FromPort"":27017,""ToPort"":27017,""IpRanges"":[{""CidrIp"":""0.0.0.0/0""}],""Ipv6Ranges"":[{""CidrIpv6"":""::/0""}]},{""IpProtocol"":""tcp"",""FromPort"":27018,""ToPort"":27018,""IpRanges"":[{""CidrIp"":""0.0.0.0/0""}],""Ipv6Ranges"":[{""CidrIpv6"":""::/0""}]}]'";"1. In the AWS Console, go to EC2 > Security Groups
2. Select the security group attached to the affected instance
3. Open the Inbound rules tab and click Edit inbound rules
4. Delete any rule allowing TCP port 27017 or 27018 from 0.0.0.0/0 or ::/0
5. If access is required, add a rule for those ports limited to a specific trusted CIDR (e.g., your VPC CIDR)
6. Click Save rules";KISA-ISMS-P-2023-korean: 2.6.1, 2.6.4, 2.10.2 | ISO27001-2022: A.8.20, A.8.21, A.8.22 | NIS2: 6.7.2.g | KISA-ISMS-P-2023: 2.6.1, 2.6.4, 2.10.2 | C5-2025: PI-01.01AC | SOC2: cc_6_6 | ProwlerThreatScore-1.0: 2.1.6;internet-exposed;;;;5.33.1;https://docs.aws.amazon.com/vpc/latest/userguide/VPC_SecurityGroups.html | https://support.icompaas.com/support/solutions/articles/62000233752-ensure-no-ec2-instances-allow-ingress-from-the-internet-to-tcp-port-27017-or-27018-mongodb-;;
profile: None;2026-07-13 09:37:50.757461;735291151388;;;;;;prowler-aws-ec2_instance_port_mysql_exposed_to_internet-735291151388-ap-south-1-i-034e7ac45ac7000f4;aws;ec2_instance_port_mysql_exposed_to_internet;EC2 instance does not allow ingress from the Internet to TCP port 3306 (MySQL);Software and Configuration Checks/AWS Security Best Practices/Network Reachability | Software and Configuration Checks/Industry and Regulatory Standards/AWS Foundational Security Best Practices | TTPs/Initial Access/Unauthorized Access | Effects/Data Exposure;PASS;Instance i-034e7ac45ac7000f4 does not have MySQL port 3306 open to the Internet.;False;ec2;;critical;AwsEc2Instance;arn:aws:ec2:ap-south-1:735291151388:instance/i-034e7ac45ac7000f4;i-034e7ac45ac7000f4;;Name=cloudguardian-web;aws;ap-south-1;**EC2 instances** with security groups that expose **MySQL** on `TCP 3306` to the Internet (`0.0.0.0/0` or `::/0`) are identified, with context on public IP and subnet exposure.;Publicly reachable **MySQL** enables Internet scanning, brute force, and credential stuffing, leading to unauthorized queries and data dumps (**confidentiality**). Attackers can alter or delete data (**integrity**), overload the service with query floods (**availability**), and pivot from the DB host into adjacent workloads.;;"Restrict `TCP 3306` to trusted sources per **least privilege**:
- Allow DB access only from specific application subnets or security groups
- Place database hosts in private subnets without public IPs
- Apply **defense in depth** with VPN/peering for admin access, TLS for connections, and host firewalls; optionally reinforce with NACLs";https://hub.prowler.com/check/ec2_instance_port_mysql_exposed_to_internet;"```yaml
# CloudFormation: restrict MySQL (3306) from Internet
Resources:
  <example_resource_name>:
    Type: AWS::EC2::SecurityGroup
    Properties:
      GroupDescription: Restrict MySQL access
      VpcId: <example_resource_id>
      SecurityGroupIngress:
        - IpProtocol: tcp
          FromPort: 3306
          ToPort: 3306
          CidrIp: 10.0.0.0/8  # Critical: do NOT use 0.0.0.0/0; restrict 3306 to a private range
```";"```hcl
# Restrict MySQL (3306) from Internet
resource ""aws_security_group"" ""<example_resource_name>"" {
  name   = ""<example_resource_name>""
  vpc_id = ""<example_resource_id>""

  ingress {
    from_port   = 3306
    to_port     = 3306
    protocol    = ""tcp""
    cidr_blocks = [""10.0.0.0/8""] # Critical: do NOT use 0.0.0.0/0; restrict 3306 to a private CIDR
  }
}
```";aws ec2 revoke-security-group-ingress --group-id <SECURITY_GROUP_ID> --protocol tcp --port 3306 --cidr 0.0.0.0/0;"1. In the AWS Console, go to EC2 > Security Groups
2. Select the security group attached to the affected instance
3. Click Inbound rules > Edit inbound rules
4. Find the rule allowing TCP 3306 from 0.0.0.0/0 or ::/0 and delete it
5. (If access is required) Add a rule for TCP 3306 from a specific private CIDR or trusted IP range only
6. Save rules";KISA-ISMS-P-2023-korean: 2.6.1, 2.6.4, 2.10.2 | ISO27001-2022: A.8.20, A.8.21, A.8.22 | NIS2: 6.7.2.g | KISA-ISMS-P-2023: 2.6.1, 2.6.4, 2.10.2 | C5-2025: PI-01.01AC | SOC2: cc_6_6 | ProwlerThreatScore-1.0: 2.1.6;internet-exposed;;;;5.33.1;https://docs.aws.amazon.com/vpc/latest/userguide/VPC_SecurityGroups.html | https://www.trendmicro.com/trendaivisiononecloudriskmanagement/knowledge-base/aws/EC2/unrestricted-mysql-access.html;;
profile: None;2026-07-13 09:37:50.757461;735291151388;;;;;;prowler-aws-ec2_instance_port_oracle_exposed_to_internet-735291151388-ap-south-1-i-034e7ac45ac7000f4;aws;ec2_instance_port_oracle_exposed_to_internet;EC2 instance does not allow ingress from the Internet to TCP ports 1521, 2483, or 2484 (Oracle);Software and Configuration Checks/AWS Security Best Practices/Network Reachability | Software and Configuration Checks/Industry and Regulatory Standards/AWS Foundational Security Best Practices | Software and Configuration Checks/Industry and Regulatory Standards/CIS AWS Foundations Benchmark | TTPs/Initial Access | Effects/Data Exposure;PASS;Instance i-034e7ac45ac7000f4 does not have Oracle ports open to the Internet.;False;ec2;;critical;AwsEc2Instance;arn:aws:ec2:ap-south-1:735291151388:instance/i-034e7ac45ac7000f4;i-034e7ac45ac7000f4;;Name=cloudguardian-web;aws;ap-south-1;**EC2 instances** with security groups allowing inbound `TCP` from any address to Oracle listener ports `1521`, `2483`, or `2484`;Exposed Oracle listener ports enable SID enumeration, credential brute force, and TNS abuse. A successful intrusion can grant database access, causing data exfiltration (C), unauthorized changes (I), and outages via exploits or DoS (A). Internet scanning quickly finds these endpoints, enlarging the attack surface.;;"Restrict Oracle ports to trusted sources; remove `0.0.0.0/0` and `::/0`. Place databases in private subnets without public IPs. Use VPN/Direct Connect or bastions for access. Enable TLS on `2484`, strong auth, and apply **least privilege** rules with **defense in depth** using NACLs and monitoring.";https://hub.prowler.com/check/ec2_instance_port_oracle_exposed_to_internet;"```yaml
# CloudFormation: Restrict Oracle port from Internet
Resources:
  <example_resource_name>:
    Type: AWS::EC2::SecurityGroup
    Properties:
      GroupDescription: Restrict Oracle port access
      VpcId: <example_resource_id>
      SecurityGroupIngress:
        - IpProtocol: tcp
          FromPort: 1521
          ToPort: 1521
          CidrIp: 10.0.0.0/16  # FIX: do not use 0.0.0.0/0 or ::/0; limits access to a trusted CIDR to block Internet
```";"```hcl
# Security group with Oracle port restricted from Internet
resource ""aws_security_group"" ""<example_resource_name>"" {
  vpc_id = ""<example_resource_id>""

  ingress {
    from_port   = 1521
    to_port     = 1521
    protocol    = ""tcp""
    cidr_blocks = [""10.0.0.0/16""] # FIX: restrict source; do not use 0.0.0.0/0 or ::/0
  }
}
```";aws ec2 revoke-security-group-ingress --group-id <SECURITY_GROUP_ID> --protocol tcp --port 1521 --cidr 0.0.0.0/0;"1. In the AWS Console, go to EC2 > Security Groups
2. Select the security group attached to the instance
3. Open the Inbound rules tab and click Edit inbound rules
4. For TCP ports 1521, 2483, and 2484, delete any rule with Source 0.0.0.0/0 or ::/0
5. If access is required, change the Source to a specific trusted CIDR only
6. Click Save rules";KISA-ISMS-P-2023-korean: 2.6.1, 2.6.4, 2.10.2 | ISO27001-2022: A.8.20, A.8.21, A.8.22 | NIS2: 6.7.2.g | KISA-ISMS-P-2023: 2.6.1, 2.6.4, 2.10.2 | C5-2025: PI-01.01AC | SOC2: cc_6_6 | ProwlerThreatScore-1.0: 2.1.6;internet-exposed;;;;5.33.1;https://docs.aws.amazon.com/vpc/latest/userguide/VPC_SecurityGroups.html | https://www.trendmicro.com/trendaivisiononecloudriskmanagement/knowledge-base/aws/EC2/unrestricted-oracle-access.html;;
profile: None;2026-07-13 09:37:50.757461;735291151388;;;;;;prowler-aws-ec2_instance_port_postgresql_exposed_to_internet-735291151388-ap-south-1-i-034e7ac45ac7000f4;aws;ec2_instance_port_postgresql_exposed_to_internet;EC2 instance does not allow ingress from the Internet to TCP port 5432 (PostgreSQL);Software and Configuration Checks/AWS Security Best Practices/Network Reachability | Software and Configuration Checks/Industry and Regulatory Standards/AWS Foundational Security Best Practices | Software and Configuration Checks/Industry and Regulatory Standards/CIS AWS Foundations Benchmark | TTPs/Initial Access | Effects/Data Exposure;PASS;Instance i-034e7ac45ac7000f4 does not have PostgreSQL port 5432 open to the Internet.;False;ec2;;critical;AwsEc2Instance;arn:aws:ec2:ap-south-1:735291151388:instance/i-034e7ac45ac7000f4;i-034e7ac45ac7000f4;;Name=cloudguardian-web;aws;ap-south-1;**EC2 instances** with security group rules allowing inbound **PostgreSQL** on `TCP 5432` from the Internet (`0.0.0.0/0` or `::/0`) are identified, considering the instance's public reachability via IP and subnet.;Exposed `TCP 5432` enables unauthenticated Internet probes and **brute-force** attempts against PostgreSQL, risking database **confidentiality**, **integrity**, and **availability**. Attackers could dump data, alter schemas, create backdoor accounts, pivot within the VPC, or exploit unpatched flaws at scale.;;"Restrict PostgreSQL to trusted sources only:
- Remove `0.0.0.0/0` and `::/0` rules
- Apply **least privilege** security groups (allow from app tier or VPN)
- Place instances in private subnets without public IPs
- Enforce **TLS** and strong auth; disable unused listeners
- Layer with NACLs and monitoring for **defense in depth**";https://hub.prowler.com/check/ec2_instance_port_postgresql_exposed_to_internet;"```yaml
# CloudFormation: restrict PostgreSQL (5432) from Internet
Resources:
  <example_resource_name>:
    Type: AWS::EC2::SecurityGroup
    Properties:
      GroupDescription: Restrict PostgreSQL
      VpcId: <example_resource_id>
      SecurityGroupIngress:
        - IpProtocol: tcp
          FromPort: 5432
          ToPort: 5432
          CidrIp: 10.0.0.0/8  # CRITICAL: not 0.0.0.0/0; limits access to internal range
```";"```hcl
# Restrict PostgreSQL (5432) from Internet
resource ""aws_security_group"" ""<example_resource_name>"" {
  vpc_id = ""<example_resource_id>""

  ingress {
    from_port   = 5432
    to_port     = 5432
    protocol    = ""tcp""
    cidr_blocks = [""10.0.0.0/8""]  # CRITICAL: not 0.0.0.0/0; prevents Internet exposure
  }
}
```";aws ec2 revoke-security-group-ingress --group-id <SECURITY_GROUP_ID> --protocol tcp --port 5432 --cidr 0.0.0.0/0;"1. In AWS Console, go to EC2 > Security Groups
2. Select the group attached to the instance
3. In Inbound rules, find any rule for PostgreSQL (TCP 5432) with source 0.0.0.0/0 or ::/0
4. Delete the rule or change the source to a specific trusted CIDR only
5. Save rules";KISA-ISMS-P-2023-korean: 2.6.1, 2.6.4, 2.10.2 | ISO27001-2022: A.8.20, A.8.21, A.8.22 | NIS2: 6.7.2.g | KISA-ISMS-P-2023: 2.6.1, 2.6.4, 2.10.2 | C5-2025: PI-01.01AC | SOC2: cc_6_6 | ProwlerThreatScore-1.0: 2.1.6;internet-exposed;;;;5.33.1;https://docs.aws.amazon.com/vpc/latest/userguide/VPC_SecurityGroups.html | https://www.trendmicro.com/trendaivisiononecloudriskmanagement/knowledge-base/aws/EC2/unrestricted-postgresql-access.html;;
profile: None;2026-07-13 09:37:50.757461;735291151388;;;;;;prowler-aws-ec2_instance_port_rdp_exposed_to_internet-735291151388-ap-south-1-i-034e7ac45ac7000f4;aws;ec2_instance_port_rdp_exposed_to_internet;EC2 instance does not allow ingress from the Internet to TCP port 3389 (RDP);Software and Configuration Checks/AWS Security Best Practices/Network Reachability | Software and Configuration Checks/Industry and Regulatory Standards/AWS Foundational Security Best Practices | Software and Configuration Checks/Industry and Regulatory Standards/CIS AWS Foundations Benchmark | TTPs/Initial Access/External Remote Services;PASS;Instance i-034e7ac45ac7000f4 does not have RDP port 3389 open to the Internet.;False;ec2;;critical;AwsEc2Instance;arn:aws:ec2:ap-south-1:735291151388:instance/i-034e7ac45ac7000f4;i-034e7ac45ac7000f4;;Name=cloudguardian-web;aws;ap-south-1;**EC2 instances** whose security groups allow Internet-wide inbound **RDP** on `TCP 3389` (`0.0.0.0/0` or `::/0`). The instance's public IP and subnet routing are considered to determine external reachability.;"Internet-exposed **RDP** allows:
- **Brute force** and credential reuse on Windows logons
- Exploitation of RDP flaws for remote code execution
- **Lateral movement** and data exfiltration
This threatens **confidentiality**, **integrity**, and **availability** through data theft, tampering, account lockouts, or ransomware.";;"Remove Internet-wide RDP. Apply **least privilege**:
- Restrict `TCP 3389` to trusted IPs
- Prefer private access via **VPN** or a hardened **bastion**; consider **Session Manager**
- Use **just-in-time** access and short-lived rules
- Enforce strong auth (e.g., NLA) and monitor logs
Adopt **defense in depth** with layered network controls.";https://hub.prowler.com/check/ec2_instance_port_rdp_exposed_to_internet;"```yaml
# CloudFormation: restrict RDP so it's not open to the Internet
Resources:
  <example_resource_name>:
    Type: AWS::EC2::SecurityGroup
    Properties:
      GroupDescription: Restrict RDP access
      VpcId: <example_resource_id>
      SecurityGroupIngress:
        - IpProtocol: tcp
          FromPort: 3389
          ToPort: 3389
          CidrIp: <TRUSTED_CIDR>  # CRITICAL: limit RDP to a specific CIDR to avoid 0.0.0.0/0 (::/0)
```";"```hcl
# Restrict RDP so it's not open to the Internet
resource ""aws_security_group"" ""<example_resource_name>"" {
  vpc_id = ""<example_resource_id>""

  ingress {
    from_port   = 3389
    to_port     = 3389
    protocol    = ""tcp""
    cidr_blocks = [""<TRUSTED_CIDR>""]  # CRITICAL: restrict RDP to a specific CIDR; not 0.0.0.0/0 or ::/0
  }
}
```";aws ec2 revoke-security-group-ingress --group-id <SECURITY_GROUP_ID> --protocol tcp --port 3389 --cidr 0.0.0.0/0;"1. In AWS Console, go to EC2 > Security Groups
2. Open each security group attached to the affected instance
3. In Inbound rules, find any rule allowing TCP 3389 from 0.0.0.0/0 or ::/0
4. Delete the rule, or edit Source to a specific trusted IP/CIDR only
5. Click Save rules";KISA-ISMS-P-2023-korean: 2.6.1, 2.6.2, 2.6.6, 2.10.2 | ISO27001-2022: A.8.20, A.8.21, A.8.22 | NIS2: 6.7.2.g | NIST-CSF-2.0: ac_3 | KISA-ISMS-P-2023: 2.6.1, 2.6.2, 2.6.6, 2.10.2 | C5-2025: PI-01.01AC | SOC2: cc_6_6 | ProwlerThreatScore-1.0: 2.1.6;internet-exposed;;;;5.33.1;https://docs.aws.amazon.com/vpc/latest/userguide/VPC_SecurityGroups.html | https://support.icompaas.com/support/solutions/articles/62000233789-ensure-no-ec2-instances-allow-ingress-from-the-internet-to-tcp-port-3389-rdp- | https://www.trendmicro.com/trendaivisiononecloudriskmanagement/knowledge-base/aws/EC2/unrestricted-rdp-access.html;;
profile: None;2026-07-13 09:37:50.757461;735291151388;;;;;;prowler-aws-ec2_instance_port_redis_exposed_to_internet-735291151388-ap-south-1-i-034e7ac45ac7000f4;aws;ec2_instance_port_redis_exposed_to_internet;EC2 instance does not allow ingress from the Internet to TCP port 6379 (Redis);Software and Configuration Checks/AWS Security Best Practices/Network Reachability | TTPs/Initial Access/Unauthorized Access | Effects/Data Exposure;PASS;Instance i-034e7ac45ac7000f4 does not have Redis port 6379 open to the Internet.;False;ec2;;critical;AwsEc2Instance;arn:aws:ec2:ap-south-1:735291151388:instance/i-034e7ac45ac7000f4;i-034e7ac45ac7000f4;;Name=cloudguardian-web;aws;ap-south-1;"**EC2 instances** with security groups permitting Internet access to **Redis** on `TCP 6379` are identified.

Exposure is assessed using public IP assignment and subnet reachability to reflect how broadly the service can be contacted.";Exposed **Redis** allows remote access to cached data and secrets, reducing **confidentiality**. Unauthorized commands (`SET`, `DEL`, `FLUSHALL`, config changes) can corrupt or erase data, harming **integrity**. Internet scanning and abuse can exhaust memory and disrupt service, degrading **availability** and enabling lateral movement.;;"Apply **least privilege** network access: restrict Redis to trusted sources or VPC-only, place instances in private subnets, and avoid public IPs.

Layer controls with **NACLs** and host firewalls, enforce **authentication and TLS** on Redis, and use **VPN/bastion** or proxies to broker access.";https://hub.prowler.com/check/ec2_instance_port_redis_exposed_to_internet;"```yaml
# CloudFormation: restrict Redis (6379) from Internet
Resources:
  <example_resource_name>:
    Type: AWS::EC2::SecurityGroup
    Properties:
      GroupDescription: Restrict Redis ingress
      VpcId: <example_resource_id>
      SecurityGroupIngress:
        - IpProtocol: tcp
          FromPort: 6379
          ToPort: 6379
          CidrIp: 10.0.0.0/8  # Critical: restrict source CIDR (not 0.0.0.0/0 or ::/0) to block Internet access
```";"```hcl
# Terraform: restrict Redis (6379) from Internet
resource ""aws_security_group"" ""<example_resource_name>"" {
  name   = ""<example_resource_name>""
  vpc_id = ""<example_resource_id>""

  ingress {
    from_port   = 6379
    to_port     = 6379
    protocol    = ""tcp""
    cidr_blocks = [""10.0.0.0/8""] # Critical: not 0.0.0.0/0 or ::/0; restrict to trusted range
  }
}
```";aws ec2 revoke-security-group-ingress --group-id <SECURITY_GROUP_ID> --protocol tcp --port 6379 --cidr 0.0.0.0/0;"1. In the AWS Console, go to EC2 > Security Groups
2. Select the security group attached to the affected instance
3. Open the Inbound rules tab and click Edit inbound rules
4. Find any rule allowing TCP port 6379 from 0.0.0.0/0 or ::/0
5. Delete the rule, or change the source to a specific trusted CIDR or security group
6. Click Save rules";KISA-ISMS-P-2023-korean: 2.6.1, 2.6.4, 2.10.2 | ISO27001-2022: A.8.20, A.8.21, A.8.22 | NIS2: 6.7.2.g | KISA-ISMS-P-2023: 2.6.1, 2.6.4, 2.10.2 | C5-2025: PI-01.01AC | SOC2: cc_6_6 | ProwlerThreatScore-1.0: 2.1.6;internet-exposed;;;;5.33.1;https://docs.aws.amazon.com/vpc/latest/userguide/VPC_SecurityGroups.html | https://support.icompaas.com/support/solutions/articles/62000233806-ensure-no-ec2-instances-allow-ingress-from-the-internet-to-tcp-port-6379-redis- | https://www.trendmicro.com/trendaivisiononecloudriskmanagement/knowledge-base/aws/EC2/unrestricted-redis-access.html;;
profile: None;2026-07-13 09:37:50.757461;735291151388;;;;;;prowler-aws-ec2_instance_port_sqlserver_exposed_to_internet-735291151388-ap-south-1-i-034e7ac45ac7000f4;aws;ec2_instance_port_sqlserver_exposed_to_internet;EC2 instance does not allow ingress from the Internet to TCP ports 1433 or 1434 (SQL Server);Software and Configuration Checks/AWS Security Best Practices/Network Reachability | Software and Configuration Checks/Industry and Regulatory Standards/AWS Foundational Security Best Practices | Software and Configuration Checks/Industry and Regulatory Standards/CIS AWS Foundations Benchmark | TTPs/Initial Access;PASS;Instance i-034e7ac45ac7000f4 does not have SQL Server ports open to the Internet.;False;ec2;;critical;AwsEc2Instance;arn:aws:ec2:ap-south-1:735291151388:instance/i-034e7ac45ac7000f4;i-034e7ac45ac7000f4;;Name=cloudguardian-web;aws;ap-south-1;**EC2 instances** with security groups permitting any source to `TCP 1433` or `1434` (SQL Server) are identified, considering the instance's public reachability based on IP and subnet exposure.;"Internet-reachable SQL services enable:
- Brute-force and credential-stuffing of DB logins
- Exploitation of SQL Server flaws for remote code execution
- Unauthorized queries and data exfiltration
This threatens **confidentiality** and **integrity**, and facilitates **lateral movement** from the database host.";;"Enforce **least privilege** and **defense in depth**:
- Remove `0.0.0.0/0` and `::/0` to `1433-1434`
- Allow only trusted IPs or app tiers via security group references
- Keep databases in private subnets without public IPs; access via VPN or bastion
- Require TLS and strong authentication; monitor access.";https://hub.prowler.com/check/ec2_instance_port_sqlserver_exposed_to_internet;"```yaml
# CloudFormation: restrict SQL Server ports to non-Internet sources
Resources:
  <example_resource_name>:
    Type: AWS::EC2::SecurityGroup
    Properties:
      GroupDescription: Restrict SQL ports
      VpcId: <example_resource_id>
      SecurityGroupIngress:
        - IpProtocol: tcp
          FromPort: 1433
          ToPort: 1434
          CidrIp: 10.0.0.0/8  # FIX: do not use 0.0.0.0/0; limits access to internal range to close Internet exposure
```";"```hcl
# Restrict SQL Server ports to non-Internet sources
resource ""aws_security_group"" ""<example_resource_name>"" {
  vpc_id = ""<example_resource_id>""

  ingress {
    from_port   = 1433
    to_port     = 1434
    protocol    = ""tcp""
    cidr_blocks = [""10.0.0.0/8""]  # FIX: do not use 0.0.0.0/0; restricts access to prevent Internet exposure
  }
}
```";"aws ec2 revoke-security-group-ingress --group-id <SECURITY_GROUP_ID> --ip-permissions '[{""IpProtocol"":""tcp"",""FromPort"":1433,""ToPort"":1434,""IpRanges"":[{""CidrIp"":""0.0.0.0/0""}],""Ipv6Ranges"":[{""CidrIpv6"":""::/0""}]}]'";"1. In the AWS Console, go to VPC > Security Groups
2. Select the security group attached to the affected EC2 instance
3. In the Inbound rules tab, click Edit inbound rules
4. Delete any rule allowing TCP 1433 or 1434 from 0.0.0.0/0 or ::/0
5. If access is required, add a rule for TCP 1433-1434 with a specific trusted source (e.g., your office IP or another security group)
6. Click Save rules";KISA-ISMS-P-2023-korean: 2.6.1, 2.6.4, 2.10.2 | ISO27001-2022: A.8.20, A.8.21, A.8.22 | NIS2: 6.7.2.g | KISA-ISMS-P-2023: 2.6.1, 2.6.4, 2.10.2 | C5-2025: PI-01.01AC | SOC2: cc_6_6 | ProwlerThreatScore-1.0: 2.1.6;internet-exposed;;;;5.33.1;https://docs.aws.amazon.com/vpc/latest/userguide/VPC_SecurityGroups.html | https://support.icompaas.com/support/solutions/articles/62000223371-ensure-no-security-groups-allow-ingress-from-0-0-0-0-0-or-0-to-windows-sql-server-ports-1433-or-14 | https://www.trendmicro.com/trendaivisiononecloudriskmanagement/knowledge-base/aws/EC2/unrestricted-mssql-access.html;;
profile: None;2026-07-13 09:37:50.757461;735291151388;;;;;;prowler-aws-ec2_instance_port_ssh_exposed_to_internet-735291151388-ap-south-1-i-034e7ac45ac7000f4;aws;ec2_instance_port_ssh_exposed_to_internet;EC2 instance does not allow ingress from the Internet to TCP port 22 (SSH);Software and Configuration Checks/AWS Security Best Practices/Network Reachability | Software and Configuration Checks/Industry and Regulatory Standards/AWS Foundational Security Best Practices | Software and Configuration Checks/Industry and Regulatory Standards/CIS AWS Foundations Benchmark | TTPs/Initial Access/External Remote Services;FAIL;Instance i-034e7ac45ac7000f4 has SSH exposed to 0.0.0.0/0 on public IP address 13.233.224.102 in public subnet subnet-065b4c67cbd638d69.;False;ec2;;critical;AwsEc2Instance;arn:aws:ec2:ap-south-1:735291151388:instance/i-034e7ac45ac7000f4;i-034e7ac45ac7000f4;;Name=cloudguardian-web;aws;ap-south-1;"**EC2 instances** with **SSH (TCP 22)** exposed to the Internet via security group inbound rules allowing `0.0.0.0/0` or `::/0`.

Exposure is qualified using the instance's public IP status and subnet reachability.";**Internet-exposed SSH** invites **brute force** and **credential stuffing**. A successful sign-in grants **remote shell**, enabling data exfiltration, tampering of workloads, and **lateral movement** within the VPC, degrading confidentiality, integrity, and availability.;;"Apply **least privilege** on SSH:
- Restrict ingress to trusted IPs; avoid `0.0.0.0/0` and `::/0`
- Prefer **Session Manager** or a hardened **bastion** behind VPN
- Use **key-based auth**; disable passwords
- Add **defense in depth** with network controls and monitor access logs";https://hub.prowler.com/check/ec2_instance_port_ssh_exposed_to_internet;"```yaml
# CloudFormation: Restrict SSH so it's not open to the Internet
Resources:
  <example_resource_name>:
    Type: AWS::EC2::SecurityGroup
    Properties:
      GroupDescription: Restrict SSH
      VpcId: ""<example_resource_id>""
      SecurityGroupIngress:
        - IpProtocol: tcp
          FromPort: 22
          ToPort: 22
          CidrIp: 10.0.0.0/8  # Critical: restrict SSH to a specific CIDR, not 0.0.0.0/0
```";"```hcl
# Terraform: Restrict SSH so it's not open to the Internet
resource ""aws_security_group"" ""<example_resource_name>"" {
  name   = ""<example_resource_name>""
  vpc_id = ""<example_resource_id>""

  ingress {
    from_port   = 22
    to_port     = 22
    protocol    = ""tcp""
    cidr_blocks = [""10.0.0.0/8""] # Critical: restrict SSH to a specific CIDR, not 0.0.0.0/0
  }
}
```";"aws ec2 revoke-security-group-ingress --group-id <SECURITY_GROUP_ID> --ip-permissions '[{""IpProtocol"":""tcp"",""FromPort"":22,""ToPort"":22,""IpRanges"":[{""CidrIp"":""0.0.0.0/0""}]},{""IpProtocol"":""tcp"",""FromPort"":22,""ToPort"":22,""Ipv6Ranges"":[{""CidrIpv6"":""::/0""}]}]'";"1. Open the Amazon EC2 console and go to Security Groups
2. Select the security group attached to the instance
3. Click Inbound rules > Edit inbound rules
4. Delete any rule allowing SSH (port 22) from 0.0.0.0/0 or ::/0
5. Save rules";KISA-ISMS-P-2023-korean: 2.6.1, 2.6.2, 2.6.6, 2.10.2 | CCC-v2025.10: CCC.Core.CN01.AR02 | ISO27001-2022: A.8.20, A.8.21, A.8.22 | NIS2: 6.7.2.g | NIST-CSF-2.0: ac_3 | KISA-ISMS-P-2023: 2.6.1, 2.6.2, 2.6.6, 2.10.2 | C5-2025: PI-01.01AC | SOC2: cc_6_6 | ProwlerThreatScore-1.0: 2.1.6;internet-exposed;;;;5.33.1;https://docs.aws.amazon.com/vpc/latest/userguide/VPC_SecurityGroups.html | https://www.trendmicro.com/trendaivisiononecloudriskmanagement/knowledge-base/aws/EC2/unrestricted-ssh-access.html;;
profile: None;2026-07-13 09:37:50.757461;735291151388;;;;;;prowler-aws-ec2_instance_port_telnet_exposed_to_internet-735291151388-ap-south-1-i-034e7ac45ac7000f4;aws;ec2_instance_port_telnet_exposed_to_internet;EC2 instance does not allow ingress from the Internet to TCP port 23 (Telnet);Software and Configuration Checks/AWS Security Best Practices/Network Reachability | Software and Configuration Checks/Industry and Regulatory Standards/AWS Foundational Security Best Practices | TTPs/Initial Access/Unauthorized Access;PASS;Instance i-034e7ac45ac7000f4 does not have Telnet port 23 open to the Internet.;False;ec2;;critical;AwsEc2Instance;arn:aws:ec2:ap-south-1:735291151388:instance/i-034e7ac45ac7000f4;i-034e7ac45ac7000f4;;Name=cloudguardian-web;aws;ap-south-1;"EC2 instances with security groups allowing inbound **Telnet** on `TCP 23` from the Internet are identified, including open IPv4/IPv6 sources like `0.0.0.0/0` and `::/0`.

Exposure is evaluated considering public IP assignment and subnet reachability.";Exposed **Telnet** weakens **confidentiality** and **integrity**: credentials and commands are plaintext, enabling interception and session hijacking. Attackers can brute-force to gain shell, run remote commands, exfiltrate data, and pivot laterally, also threatening **availability** through misuse or takeover.;;"Eliminate Telnet: disable the service and block `TCP 23`.

Apply **least privilege** network access-restrict admin connectivity via **SSH** through bastion or **VPN**, keep management paths private, and segregate hosts. Use **defense in depth** with monitoring and strong authentication for any legacy needs.";https://hub.prowler.com/check/ec2_instance_port_telnet_exposed_to_internet;"```yaml
# CloudFormation: restrict Telnet (port 23) from the Internet
Resources:
  <example_resource_name>:
    Type: AWS::EC2::SecurityGroup
    Properties:
      GroupDescription: Restrict Telnet access
      VpcId: <example_resource_id>
      SecurityGroupIngress:
        - IpProtocol: tcp
          FromPort: 23
          ToPort: 23
          CidrIp: 10.0.0.0/8  # Critical: do NOT use 0.0.0.0/0; restrict Telnet to trusted CIDR to remediate exposure
```";"```hcl
# Restrict Telnet (port 23) from the Internet
resource ""aws_security_group"" ""<example_resource_name>"" {
  name   = ""<example_resource_name>""
  vpc_id = ""<example_resource_id>""

  ingress {
    from_port   = 23
    to_port     = 23
    protocol    = ""tcp""
    cidr_blocks = [""10.0.0.0/8""] # Critical: do NOT use 0.0.0.0/0; restrict Telnet to trusted CIDR to fix the finding
  }
}
```";aws ec2 revoke-security-group-ingress --group-id <SECURITY_GROUP_ID> --protocol tcp --port 23 --cidr 0.0.0.0/0;"1. In the AWS Console, go to EC2 > Security Groups
2. Select the security group attached to the affected instance
3. Open the Inbound rules tab and find any rule allowing TCP port 23 from 0.0.0.0/0 or ::/0
4. Delete the rule, or edit it to a specific trusted CIDR only
5. Click Save rules";KISA-ISMS-P-2023-korean: 2.6.1, 2.6.2, 2.6.6, 2.10.2 | ISO27001-2022: A.8.20, A.8.21, A.8.22 | NIS2: 6.7.2.g | NIST-CSF-2.0: ac_3 | KISA-ISMS-P-2023: 2.6.1, 2.6.2, 2.6.6, 2.10.2 | C5-2025: PI-01.01AC | SOC2: cc_6_6 | ProwlerThreatScore-1.0: 2.1.6;internet-exposed;;;;5.33.1;https://docs.aws.amazon.com/vpc/latest/userguide/VPC_SecurityGroups.html | https://www.trendmicro.com/trendaivisiononecloudriskmanagement/knowledge-base/aws/EC2/unrestricted-telnet-access.html;;
profile: None;2026-07-13 09:37:50.757461;735291151388;;;;;;prowler-aws-ec2_instance_profile_attached-735291151388-ap-south-1-i-034e7ac45ac7000f4;aws;ec2_instance_profile_attached;EC2 instance is associated with an IAM instance profile role;Software and Configuration Checks/AWS Security Best Practices | Software and Configuration Checks/Industry and Regulatory Standards/CIS AWS Foundations Benchmark;PASS;EC2 Instance i-034e7ac45ac7000f4 associated with Instance Profile Role arn:aws:iam::735291151388:instance-profile/cloudguardian-web-profile.;False;ec2;;medium;AwsEc2Instance;arn:aws:ec2:ap-south-1:735291151388:instance/i-034e7ac45ac7000f4;i-034e7ac45ac7000f4;;Name=cloudguardian-web;aws;ap-south-1;**EC2 instances** are evaluated for association with an **IAM instance profile role** that delivers temporary credentials to workloads running on the instance;Without an instance profile, apps often rely on long-term access keys on the host. Exposed keys can be used from anywhere to read data, alter resources, or disrupt services, impacting confidentiality, integrity, and availability. Keys may persist in AMIs, images, or logs, hindering rotation and amplifying blast radius.;;"Attach an **IAM instance profile** to every instance and grant only permissions each workload requires (**least privilege**). Eliminate static keys on hosts; use **temporary credentials** with automatic rotation. Separate roles per application, enforce **separation of duties**, and limit who can assign roles (govern via `iam:PassRole`). Monitor role usage for anomalies.";https://hub.prowler.com/check/ec2_instance_profile_attached;"```yaml
# CloudFormation: attach an IAM instance profile to the EC2 instance
Resources:
  ExampleInstance:
    Type: AWS::EC2::Instance
    Properties:
      ImageId: <AMI_ID>
      InstanceType: <INSTANCE_TYPE>
      IamInstanceProfile: <INSTANCE_PROFILE_NAME>  # Critical: associates an instance profile so the check passes
```";"```hcl
# Attach an IAM instance profile to the EC2 instance
resource ""aws_instance"" ""example"" {
  ami                  = ""<AMI_ID>""
  instance_type        = ""<INSTANCE_TYPE>""
  iam_instance_profile = ""<INSTANCE_PROFILE_NAME>""  # Critical: associates an instance profile so the check passes
}
```";aws ec2 associate-iam-instance-profile --instance-id <INSTANCE_ID> --iam-instance-profile Name=<INSTANCE_PROFILE_NAME>;"1. Open the AWS Management Console and go to EC2
2. Select Instances and choose the target instance
3. Click Actions > Security > Modify IAM role
4. Select the IAM role (instance profile) to attach
5. Click Update IAM role";CIS-6.0: 2.17 | CIS-1.5: 1.18 | CIS-7.0: 2.16 | CIS-2.0: 1.18 | KISA-ISMS-P-2023-korean: 2.5.1, 2.5.6, 2.10.2 | CIS-4.0.1: 1.18 | NIST-800-171-Revision-2: 3_1_1, 3_1_2 | PCI-4.0: 7.2.1.5, 7.2.2.5, 7.2.5.3, 7.3.1.3, 7.3.2.3, 7.3.3.3, 8.2.7.3, 8.2.8.5, 8.3.4.3 | CIS-3.0: 1.18 | ISO27001-2022: A.8.2, A.8.20, A.8.21, A.8.22 | NIS2: 11.1.1, 11.2.2.d | AWS-Well-Architected-Framework-Security-Pillar: SEC03-BP01, SEC03-BP02, SEC06-BP04, SEC06-BP05 | KISA-ISMS-P-2023: 2.5.1, 2.5.6, 2.10.2 | C5-2025: HR-01.01B, AM-03.01B, IAM-01.01B, IAM-01.04B, IAM-03.03B, IAM-08.02B, IAM-10.01B, IAM-10.02B, PSS-09.01AC | NIST-800-53-Revision-5: ac_3, cm_5_1_a, cm_6_a | ProwlerThreatScore-1.0: 1.2.4 | CIS-5.0: 1.17 | CIS-1.4: 1.18 | GxP-21-CFR-Part-11: 11.10-d, 11.10-g | FFIEC: d3-pc-am-b-1;identity-access;;;;5.33.1;http://docs.aws.amazon.com/IAM/latest/UserGuide/id_roles_use_switch-role-ec2.html | https://www.trendmicro.com/trendaivisiononecloudriskmanagement/knowledge-base/aws/EC2/ec2-instance-using-iam-roles.html;;
profile: None;2026-07-13 09:37:50.757461;735291151388;;;;;;prowler-aws-ec2_instance_public_ip-735291151388-ap-south-1-i-034e7ac45ac7000f4;aws;ec2_instance_public_ip;EC2 instance does not have a public IP address;Software and Configuration Checks/AWS Security Best Practices/Network Reachability | Software and Configuration Checks/Industry and Regulatory Standards/AWS Foundational Security Best Practices | TTPs/Initial Access;FAIL;EC2 Instance i-034e7ac45ac7000f4 has a Public IP: 13.233.224.102 (ec2-13-233-224-102.ap-south-1.compute.amazonaws.com).;False;ec2;;medium;AwsEc2Instance;arn:aws:ec2:ap-south-1:735291151388:instance/i-034e7ac45ac7000f4;i-034e7ac45ac7000f4;;Name=cloudguardian-web;aws;ap-south-1;"**EC2 instances** are assessed for the presence of a **public IPv4 address** and public DNS. A public IP indicates the instance is directly reachable from the Internet; no public IP implies access only through private networking paths such as load balancers, gateways, or proxies.";Publicly addressed instances are Internet-scannable, enabling direct probing and brute-force of exposed services and management ports. This increases risks of unauthorized access, remote code execution, and data exfiltration (**confidentiality, integrity**), and allows direct DDoS targeting, degrading **availability**.;;"Avoid assigning public IPs unless strictly required. Place workloads in private subnets and expose only via **load balancers** with **WAF**; use **bastions** or **Session Manager** for administration. Enforce **least privilege** security groups, prefer **private endpoints**, and route egress via **NAT** for **defense in depth**.";https://hub.prowler.com/check/ec2_instance_public_ip;"```yaml
# CloudFormation: Launch EC2 without a public IP
Resources:
  ExampleInstance:
    Type: AWS::EC2::Instance
    Properties:
      ImageId: <ami_id>
      InstanceType: <instance_type>
      NetworkInterfaces:
        - DeviceIndex: 0
          SubnetId: <example_subnet_id>
          AssociatePublicIpAddress: false  # CRITICAL: ensures the instance has no public IPv4 address
```";"```hcl
# Terraform: Launch EC2 without a public IP
resource ""aws_instance"" ""example"" {
  ami           = ""<ami_id>""
  instance_type = ""<instance_type>""
  subnet_id     = ""<example_subnet_id>""

  associate_public_ip_address = false  # CRITICAL: ensures no public IPv4 is assigned
}
```";;"1. In the AWS Console, go to EC2 > Instances and select the instance with a public IPv4 address
2. Check the Networking tab to see if an Elastic IP is attached
3. If an Elastic IP is attached:
   - Go to EC2 > Elastic IPs, select the address, choose Actions > Disassociate Elastic IP
4. If the public IPv4 is auto-assigned (no Elastic IP shown):
   - Create a new instance (or an AMI from the current one) and, during launch, in Network settings, set Auto-assign public IP to Disable
   - Verify the new instance has no public IPv4, then migrate and terminate the old instance";FedRAMP-Low-Revision-4: ac-3, ac-17, cm-2, sc-7 | SecNumCloud-3.2: 9.7 | AWS-Foundational-Technical-Review: NETSEC-001 | AWS-Foundational-Security-Best-Practices: EC2.9 | KISA-ISMS-P-2023-korean: 2.6.1, 2.10.2 | CISA: your-systems-3, your-data-2 | NIST-800-171-Revision-2: 3_1_1, 3_1_2, 3_1_3, 3_1_14, 3_13_2, 3_13_5 | FedRamp-Moderate-Revision-4: ac-3, ac-4, ac-6, ac-17-1, ac-21-b, cm-2, sc-7-3, sc-7 | MITRE-ATTACK: T1190 | PCI-3.2.1: 1.3, 2.2, 2.2.2, 7.2, 7.2.1 | ISO27001-2022: A.8.1, A.8.20, A.8.21, A.8.22 | NIST-800-53-Revision-4: ac_4, ac_6, ac_21, sc_7_3, sc_7 | NIST-CSF-1.1: ac_3, ac_5, ip_8 | AWS-Well-Architected-Framework-Security-Pillar: SEC03-BP07 | NIST-CSF-2.0: ip_1 | KISA-ISMS-P-2023: 2.6.1, 2.10.2 | C5-2025: PS-03.02B | NIST-800-53-Revision-5: ac_2_6, ac_3, ac_3_7, ac_4_21, ac_6, ac_17_b, ac_17_1, ac_17_4_a, ac_17_9, ac_17_10, mp_2, sc_7_2, sc_7_3, sc_7_7, sc_7_9_a, sc_7_11, sc_7_12, sc_7_16, sc_7_20, sc_7_21, sc_7_24_b, sc_7_25, sc_7_26, sc_7_27, sc_7_28, sc_7_a, sc_7_b, sc_7_c, sc_25 | SOC2: cc_6_6 | RBI-Cyber-Security-Framework: annex_i_1_3 | HIPAA: 164_308_a_1_ii_b, 164_308_a_3_i, 164_312_a_1 | GxP-21-CFR-Part-11: 11.10-d, 11.10-g | FFIEC: d3-pc-im-b-1;internet-exposed;;;;5.33.1;https://www.trendmicro.com/trendaivisiononecloudriskmanagement/knowledge-base/aws/EC2/aws-ec2-public-ip.html | https://docs.aws.amazon.com/AWSEC2/latest/UserGuide/using-instance-addressing.html;;
profile: None;2026-07-13 09:37:50.757461;735291151388;;;;;;prowler-aws-ec2_instance_secrets_user_data-735291151388-ap-south-1-i-034e7ac45ac7000f4;aws;ec2_instance_secrets_user_data;EC2 instance user data contains no secrets;Software and Configuration Checks/AWS Security Best Practices | Sensitive Data Identifications/Security | Sensitive Data Identifications/Passwords | Effects/Data Exposure;PASS;No secrets found in EC2 instance i-034e7ac45ac7000f4 User Data.;False;ec2;;high;AwsEc2Instance;arn:aws:ec2:ap-south-1:735291151388:instance/i-034e7ac45ac7000f4;i-034e7ac45ac7000f4;;Name=cloudguardian-web;aws;ap-south-1;**EC2 instance User Data** is inspected for **secret-like values** (credentials, tokens, keys). Both plain and compressed content are parsed, honoring configured exclusions, to identify patterns that resemble sensitive material within initialization scripts.;**Secrets embedded in User Data** undermine confidentiality and integrity. Anyone with instance or build-system access can read them, reuse credentials to call services, exfiltrate data, or move laterally. Exposure may persist in AMIs, snapshots, and backups, increasing blast radius over time.;;Avoid placing secrets in User Data. Store them in a **managed secret service** and fetch at runtime via a **least-privilege instance role**. Prefer short-lived credentials with **regular rotation**. Limit who can view or edit User Data and apply **defense in depth** with automated secret scanning in build pipelines.;https://hub.prowler.com/check/ec2_instance_secrets_user_data;"```yaml
# CloudFormation: EC2 instance with empty user data
Resources:
  <example_resource_name>:
    Type: AWS::EC2::Instance
    Properties:
      ImageId: <AMI_ID>
      InstanceType: t3.micro
      UserData: !Base64 """"  # Critical: empty user data ensures no secrets are present
```";"```hcl
resource ""aws_instance"" ""<example_resource_name>"" {
  ami           = ""<AMI_ID>""
  instance_type = ""t3.micro""
  user_data     = """" # Critical: empty user data so no secrets are stored
}
```";"aws ec2 modify-instance-attribute --instance-id <INSTANCE_ID> --user-data ""Value=""";"1. Open the AWS EC2 console and go to Instances
2. Select the affected instance
3. Click Actions > Instance settings > Edit user data
4. Delete all contents of the user data field
5. Click Save";SecNumCloud-3.2: 10.5 | KISA-ISMS-P-2023-korean: 2.7.1, 2.10.2 | MITRE-ATTACK: T1552 | AWS-AI-Security-Framework-1.0: AISF-DATA-05 | ISO27001-2022: A.8.20, A.8.21, A.8.22 | NIS2: 3.5.3.a | AWS-Well-Architected-Framework-Security-Pillar: SEC02-BP03 | NIST-CSF-2.0: ds_5 | KISA-ISMS-P-2023: 2.7.1, 2.10.2;secrets;;;;5.33.1;https://docs.aws.amazon.com/secretsmanager/latest/userguide/tutorials_basic.html | https://support.icompaas.com/support/solutions/articles/62000127092-ensure-no-secrets-are-found-in-ec2-user-data;;
profile: None;2026-07-13 09:37:50.757461;735291151388;;;;;;prowler-aws-ec2_instance_uses_single_eni-735291151388-ap-south-1-i-034e7ac45ac7000f4;aws;ec2_instance_uses_single_eni;EC2 instance has no more than one Elastic Network Interface (ENI) attached;Software and Configuration Checks/AWS Security Best Practices/Network Reachability;PASS;EC2 Instance i-034e7ac45ac7000f4 uses only one ENI: ( Interfaces: ['eni-0763b70c78d0a62ed'] ).;False;ec2;;low;AwsEc2Instance;arn:aws:ec2:ap-south-1:735291151388:instance/i-034e7ac45ac7000f4;i-034e7ac45ac7000f4;;Name=cloudguardian-web;aws;ap-south-1;**EC2 instances** are evaluated for attached network adapters. It identifies instances with more than one `ENI`-including `efa`, `interface`, or `trunk` types-and distinguishes those using a single adapter.;**Multiple ENIs** create dual-homed hosts across subnets and security groups, enabling unintended routing and policy bypass. Adversaries can pivot between segments, use alternate egress for **data exfiltration**, or exploit asymmetric paths, undermining segmentation and **confidentiality/integrity** while complicating containment.;;"Prefer a **single ENI per instance**.

If multi-homing is unavoidable:
- Place ENIs in least-privilege subnets/SGs
- Keep `source/destination check` enabled and routes explicit
- Use gateways/LBs for NAT or ingress, not the host
- Monitor flow logs and formally approve exceptions

Embed **defense in depth** and **zero trust**.";https://hub.prowler.com/check/ec2_instance_uses_single_eni;"```yaml
# CloudFormation: ensure the instance has only one ENI
Resources:
  <example_resource_name>:
    Type: AWS::EC2::Instance
    Properties:
      ImageId: <example_resource_id>
      InstanceType: t3.micro
      SubnetId: <example_resource_id>  # FIX: creates a single primary ENI; do not add extra NetworkInterfaces/attachments
```";"```hcl
# Terraform: instance with only the primary ENI
resource ""aws_instance"" ""<example_resource_name>"" {
  ami           = ""<example_resource_id>""
  instance_type = ""t3.micro""
  subnet_id     = ""<example_resource_id>""  # FIX: only primary ENI; no additional network_interface attachments
}
```";aws ec2 detach-network-interface --attachment-id <ATTACHMENT_ID>;"1. Open the AWS EC2 console and go to Network Interfaces
2. Filter by the affected instance ID
3. Select each non-primary network interface (Primary cannot be detached)
4. Choose Actions > Detach
5. Confirm the detach for each secondary ENI";AWS-Foundational-Security-Best-Practices: EC2.17 | KISA-ISMS-P-2023-korean: 2.6.1, 2.10.2 | ISO27001-2022: A.8.20, A.8.21, A.8.22 | KISA-ISMS-P-2023: 2.6.1, 2.10.2;trust-boundaries;;;;5.33.1;https://docs.aws.amazon.com/AWSEC2/latest/UserGuide/using-eni.html#detach_eni | https://docs.aws.amazon.com/config/latest/developerguide/ec2-instance-multiple-eni-check.html | https://docs.aws.amazon.com/securityhub/latest/userguide/ec2-controls.html#ec2-17;;
profile: None;2026-07-13 09:37:50.757461;735291151388;;;;;;prowler-aws-ec2_networkacl_allow_ingress_any_port-735291151388-ap-south-1-acl-0db7c7715aa3918aa;aws;ec2_networkacl_allow_ingress_any_port;Network ACL does not allow ingress from 0.0.0.0/0 to any port;Software and Configuration Checks/AWS Security Best Practices/Network Reachability | Software and Configuration Checks/Industry and Regulatory Standards/AWS Foundational Security Best Practices | Software and Configuration Checks/Industry and Regulatory Standards/CIS AWS Foundations Benchmark | TTPs/Initial Access/Unauthorized Access | Effects/Data Exposure;FAIL;Network ACL acl-0db7c7715aa3918aa has every port open to the Internet.;False;ec2;;high;AwsEc2NetworkAcl;arn:aws:ec2:ap-south-1:735291151388:network-acl/acl-0db7c7715aa3918aa;acl-0db7c7715aa3918aa;;;aws;ap-south-1;**VPC network ACLs** with **inbound entries** that permit traffic from `0.0.0.0/0` to any port (any protocol) are identified at the subnet boundary.;Allowing Internet-wide ingress at the subnet layer enables broad port scanning and unsolicited connections. Attackers can probe and exploit exposed services, risking data disclosure and tampering (confidentiality, integrity) and causing outages via floods or brute-force (availability). Any security group lapse then lacks a compensating control.;;Adopt a **deny-by-default** NACL posture: block `0.0.0.0/0` and allow only required ports from trusted CIDRs. Apply **least privilege** using security groups for fine-grained access, with NACLs as coarse stateless filters. Review and prune rules regularly, and employ **defense in depth** with monitoring and alerting.;https://hub.prowler.com/check/ec2_networkacl_allow_ingress_any_port;"```yaml
# CloudFormation: deny all inbound from the Internet on the NACL
Resources:
  NetworkAclDenyAllIngress:
    Type: AWS::EC2::NetworkAclEntry
    Properties:
      NetworkAclId: ""<example_resource_id>""
      RuleNumber: 100
      Protocol: -1
      Egress: false
      RuleAction: deny       # CRITICAL: Denies ingress
      CidrBlock: 0.0.0.0/0  # CRITICAL: From the Internet (any IP)
```";"```hcl
# Deny all inbound from the Internet on the NACL
resource ""aws_network_acl_rule"" ""<example_resource_name>"" {
  network_acl_id = ""<example_resource_id>""
  rule_number    = 100
  egress         = false
  protocol       = ""-1""
  rule_action    = ""deny""          # CRITICAL: Denies ingress
  cidr_block     = ""0.0.0.0/0""      # CRITICAL: From the Internet (any IP)
}
```";aws ec2 replace-network-acl-entry --network-acl-id <example_resource_id> --ingress --rule-number <RULE_NUMBER> --protocol -1 --rule-action deny --cidr-block 0.0.0.0/0;"1. In AWS Console, go to VPC > Network ACLs
2. Select the NACL used by the affected subnet
3. Open the Inbound rules tab and click Edit inbound rules
4. Find any rule that allows 0.0.0.0/0 to all ports and change Action to Deny (or delete the allow-all rule)
5. Save changes";CIS-6.0: 6.2 | CIS-1.5: 5.1 | FedRAMP-Low-Revision-4: ac-17, cm-2, sc-7 | SecNumCloud-3.2: 13.2 | CIS-7.0: 6.2 | CIS-2.0: 5.1 | KISA-ISMS-P-2023-korean: 2.6.1, 2.10.2 | CIS-4.0.1: 5.2 | CISA: your-data-2 | NIST-800-171-Revision-2: 3_1_1, 3_1_2, 3_1_3, 3_1_14, 3_1_20, 3_4_1, 3_4_7, 3_13_1, 3_13_2, 3_13_5, 3_13_6 | FedRamp-Moderate-Revision-4: ac-4, ac-17-1, ac-21-b, cm-2, sc-4, sc-7-3, sc-7 | CCC-v2025.10: CCC.Core.CN05.AR05 | MITRE-ATTACK: T1199, T1048, T1499, T1498, T1046 | CIS-3.0: 5.1 | ISO27001-2022: A.8.20, A.8.21, A.8.22 | NIST-800-53-Revision-4: ac_4, cm_2, sc_7_3, sc_7 | NIST-CSF-1.1: ae_1, ac_3, ac_5, pt_4 | AWS-Well-Architected-Framework-Security-Pillar: SEC05-BP03 | KISA-ISMS-P-2023: 2.6.1, 2.10.2 | C5-2025: PI-01.01AC | NIST-800-53-Revision-5: ac_4_21, ac_17_b, ac_17_1, ac_17_4_a, ac_17_9, ac_17_10, cm_2_a, cm_2_2, cm_6_a, cm_7_b, cm_8_6, cm_9_b, sc_7_5, sc_7_7, sc_7_11, sc_7_12, sc_7_16, sc_7_21, sc_7_24_b, sc_7_25, sc_7_26, sc_7_27, sc_7_28, sc_7_a, sc_7_c | SOC2: cc_6_6 | RBI-Cyber-Security-Framework: annex_i_1_3, annex_i_5_1 | ProwlerThreatScore-1.0: 2.1.3 | CIS-5.0: 5.2 | CIS-1.4: 5.1 | HIPAA: 164_308_a_1_ii_b, 164_312_e_1 | GxP-21-CFR-Part-11: 11.10-d, 11.10-g, 11.10-k | FFIEC: d3-pc-am-b-10, d3-pc-im-b-1, d3-pc-im-b-2, d3-pc-im-b-6, d4-c-co-b-2 | FedRAMP-20x-KSI-Low-25.05C: ksi-cna;internet-exposed;;;;5.33.1;https://docs.aws.amazon.com/vpc/latest/userguide/vpc-network-acls.html | https://support.icompaas.com/support/solutions/articles/62000233809-ensure-no-network-acls-allow-ingress-from-0-0-0-0-0-to-any-port;;
profile: None;2026-07-13 09:37:50.757461;735291151388;;;;;;prowler-aws-ec2_networkacl_allow_ingress_any_port-735291151388-ap-south-1-acl-053951d48843ed838;aws;ec2_networkacl_allow_ingress_any_port;Network ACL does not allow ingress from 0.0.0.0/0 to any port;Software and Configuration Checks/AWS Security Best Practices/Network Reachability | Software and Configuration Checks/Industry and Regulatory Standards/AWS Foundational Security Best Practices | Software and Configuration Checks/Industry and Regulatory Standards/CIS AWS Foundations Benchmark | TTPs/Initial Access/Unauthorized Access | Effects/Data Exposure;FAIL;Network ACL acl-053951d48843ed838 has every port open to the Internet.;False;ec2;;high;AwsEc2NetworkAcl;arn:aws:ec2:ap-south-1:735291151388:network-acl/acl-053951d48843ed838;acl-053951d48843ed838;;;aws;ap-south-1;**VPC network ACLs** with **inbound entries** that permit traffic from `0.0.0.0/0` to any port (any protocol) are identified at the subnet boundary.;Allowing Internet-wide ingress at the subnet layer enables broad port scanning and unsolicited connections. Attackers can probe and exploit exposed services, risking data disclosure and tampering (confidentiality, integrity) and causing outages via floods or brute-force (availability). Any security group lapse then lacks a compensating control.;;Adopt a **deny-by-default** NACL posture: block `0.0.0.0/0` and allow only required ports from trusted CIDRs. Apply **least privilege** using security groups for fine-grained access, with NACLs as coarse stateless filters. Review and prune rules regularly, and employ **defense in depth** with monitoring and alerting.;https://hub.prowler.com/check/ec2_networkacl_allow_ingress_any_port;"```yaml
# CloudFormation: deny all inbound from the Internet on the NACL
Resources:
  NetworkAclDenyAllIngress:
    Type: AWS::EC2::NetworkAclEntry
    Properties:
      NetworkAclId: ""<example_resource_id>""
      RuleNumber: 100
      Protocol: -1
      Egress: false
      RuleAction: deny       # CRITICAL: Denies ingress
      CidrBlock: 0.0.0.0/0  # CRITICAL: From the Internet (any IP)
```";"```hcl
# Deny all inbound from the Internet on the NACL
resource ""aws_network_acl_rule"" ""<example_resource_name>"" {
  network_acl_id = ""<example_resource_id>""
  rule_number    = 100
  egress         = false
  protocol       = ""-1""
  rule_action    = ""deny""          # CRITICAL: Denies ingress
  cidr_block     = ""0.0.0.0/0""      # CRITICAL: From the Internet (any IP)
}
```";aws ec2 replace-network-acl-entry --network-acl-id <example_resource_id> --ingress --rule-number <RULE_NUMBER> --protocol -1 --rule-action deny --cidr-block 0.0.0.0/0;"1. In AWS Console, go to VPC > Network ACLs
2. Select the NACL used by the affected subnet
3. Open the Inbound rules tab and click Edit inbound rules
4. Find any rule that allows 0.0.0.0/0 to all ports and change Action to Deny (or delete the allow-all rule)
5. Save changes";CIS-6.0: 6.2 | CIS-1.5: 5.1 | FedRAMP-Low-Revision-4: ac-17, cm-2, sc-7 | SecNumCloud-3.2: 13.2 | CIS-7.0: 6.2 | CIS-2.0: 5.1 | KISA-ISMS-P-2023-korean: 2.6.1, 2.10.2 | CIS-4.0.1: 5.2 | CISA: your-data-2 | NIST-800-171-Revision-2: 3_1_1, 3_1_2, 3_1_3, 3_1_14, 3_1_20, 3_4_1, 3_4_7, 3_13_1, 3_13_2, 3_13_5, 3_13_6 | FedRamp-Moderate-Revision-4: ac-4, ac-17-1, ac-21-b, cm-2, sc-4, sc-7-3, sc-7 | CCC-v2025.10: CCC.Core.CN05.AR05 | MITRE-ATTACK: T1199, T1048, T1499, T1498, T1046 | CIS-3.0: 5.1 | ISO27001-2022: A.8.20, A.8.21, A.8.22 | NIST-800-53-Revision-4: ac_4, cm_2, sc_7_3, sc_7 | NIST-CSF-1.1: ae_1, ac_3, ac_5, pt_4 | AWS-Well-Architected-Framework-Security-Pillar: SEC05-BP03 | KISA-ISMS-P-2023: 2.6.1, 2.10.2 | C5-2025: PI-01.01AC | NIST-800-53-Revision-5: ac_4_21, ac_17_b, ac_17_1, ac_17_4_a, ac_17_9, ac_17_10, cm_2_a, cm_2_2, cm_6_a, cm_7_b, cm_8_6, cm_9_b, sc_7_5, sc_7_7, sc_7_11, sc_7_12, sc_7_16, sc_7_21, sc_7_24_b, sc_7_25, sc_7_26, sc_7_27, sc_7_28, sc_7_a, sc_7_c | SOC2: cc_6_6 | RBI-Cyber-Security-Framework: annex_i_1_3, annex_i_5_1 | ProwlerThreatScore-1.0: 2.1.3 | CIS-5.0: 5.2 | CIS-1.4: 5.1 | HIPAA: 164_308_a_1_ii_b, 164_312_e_1 | GxP-21-CFR-Part-11: 11.10-d, 11.10-g, 11.10-k | FFIEC: d3-pc-am-b-10, d3-pc-im-b-1, d3-pc-im-b-2, d3-pc-im-b-6, d4-c-co-b-2 | FedRAMP-20x-KSI-Low-25.05C: ksi-cna;internet-exposed;;;;5.33.1;https://docs.aws.amazon.com/vpc/latest/userguide/vpc-network-acls.html | https://support.icompaas.com/support/solutions/articles/62000233809-ensure-no-network-acls-allow-ingress-from-0-0-0-0-0-to-any-port;;
profile: None;2026-07-13 09:37:50.757461;735291151388;;;;;;prowler-aws-ec2_networkacl_allow_ingress_tcp_port_22-735291151388-ap-south-1-acl-0db7c7715aa3918aa;aws;ec2_networkacl_allow_ingress_tcp_port_22;Network ACL does not allow ingress from the Internet to TCP port 22 (SSH);Software and Configuration Checks/AWS Security Best Practices/Network Reachability | TTPs/Initial Access;FAIL;Network ACL acl-0db7c7715aa3918aa has SSH port 22 open to the Internet.;False;ec2;;medium;AwsEc2NetworkAcl;arn:aws:ec2:ap-south-1:735291151388:network-acl/acl-0db7c7715aa3918aa;acl-0db7c7715aa3918aa;;;aws;ap-south-1;**VPC network ACLs** are evaluated for inbound rules that permit `0.0.0.0/0` to access **SSH** on `TCP 22` at the subnet boundary.;"An ACL allowing Internet-wide SSH erodes **defense in depth**. Systems reachable on `TCP 22` face **brute-force**, credential stuffing, reconnaissance, and SSH exploit attempts.

Changes to routes or security groups can create direct exposure, enabling unauthorized access and **lateral movement**, undermining **confidentiality** and **integrity**.";;"Apply **least privilege** at the subnet layer:
- Do not allow `0.0.0.0/0` to `TCP 22`
- Restrict SSH to trusted sources, or avoid direct SSH via **Session Manager** or a bastion behind **VPN**

Pair tight **security groups** with periodic rule reviews and change control to maintain **defense in depth**.";https://hub.prowler.com/check/ec2_networkacl_allow_ingress_tcp_port_22;"```yaml
# CloudFormation: Deny SSH (22) from Internet on the NACL
Resources:
  <example_resource_name>:
    Type: AWS::EC2::NetworkAclEntry
    Properties:
      NetworkAclId: <example_resource_id>
      RuleNumber: 1
      Protocol: 6
      RuleAction: deny   # Critical: blocks the traffic instead of allowing it
      Egress: false
      CidrBlock: 0.0.0.0/0  # Critical: matches Internet sources
      PortRange:
        From: 22           # Critical: SSH port
        To: 22
```";"```hcl
# Deny SSH (22) from Internet on the NACL
resource ""aws_network_acl_rule"" ""<example_resource_name>"" {
  network_acl_id = ""<example_resource_id>""
  rule_number    = 1
  egress         = false
  protocol       = ""tcp""
  rule_action    = ""deny""          # Critical: blocks SSH ingress
  cidr_block     = ""0.0.0.0/0""     # Critical: Internet sources
  from_port      = 22               # Critical: SSH port
  to_port        = 22
}
```";aws ec2 replace-network-acl-entry --network-acl-id <NETWORK_ACL_ID> --ingress --rule-number <RULE_NUMBER> --protocol 6 --rule-action deny --cidr-block 0.0.0.0/0 --port-range From=22,To=22;"1. In AWS Console, go to VPC > Network ACLs
2. Select <example_resource_name> and open the Inbound rules tab
3. Delete any rule that ALLOWS TCP port 22 from 0.0.0.0/0 or ::/0
4. Save changes
5. If you cannot delete it, edit the rule and set Action to Deny for TCP port 22 with source 0.0.0.0/0 (and ::/0 if present), then save";CIS-6.0: 6.2 | CIS-1.5: 5.1 | CIS-7.0: 6.2 | CIS-2.0: 5.1 | AWS-Foundational-Security-Best-Practices: EC2.21 | KISA-ISMS-P-2023-korean: 2.6.1, 2.6.6, 2.10.2 | CIS-4.0.1: 5.2 | CCC-v2025.10: CCC.Core.CN01.AR02 | MITRE-ATTACK: T1199, T1048, T1499, T1498, T1046 | CIS-3.0: 5.1 | PCI-3.2.1: 1.2, 1.2.1, 1.2.1.a, 1.2.1.b, 1.2.1.c, 1.2.3, 1.2.3.b, 1.3, 1.3.2 | ISO27001-2022: A.8.20, A.8.21, A.8.22 | NIS2: 6.7.2.g | AWS-Well-Architected-Framework-Security-Pillar: SEC05-BP02, SEC05-BP03 | KISA-ISMS-P-2023: 2.6.1, 2.6.6, 2.10.2 | C5-2025: PI-01.01AC | SOC2: cc_6_6 | ProwlerThreatScore-1.0: 2.1.3 | CIS-5.0: 5.2 | CIS-1.4: 5.1;internet-exposed;;;;5.33.1;https://support.icompaas.com/support/solutions/articles/62000233578-ensure-no-network-acls-allow-ingress-from-0-0-0-0-0-to-ssh-port-22 | https://docs.aws.amazon.com/vpc/latest/userguide/vpc-network-acls.html;;
profile: None;2026-07-13 09:37:50.757461;735291151388;;;;;;prowler-aws-ec2_networkacl_allow_ingress_tcp_port_22-735291151388-ap-south-1-acl-053951d48843ed838;aws;ec2_networkacl_allow_ingress_tcp_port_22;Network ACL does not allow ingress from the Internet to TCP port 22 (SSH);Software and Configuration Checks/AWS Security Best Practices/Network Reachability | TTPs/Initial Access;FAIL;Network ACL acl-053951d48843ed838 has SSH port 22 open to the Internet.;False;ec2;;medium;AwsEc2NetworkAcl;arn:aws:ec2:ap-south-1:735291151388:network-acl/acl-053951d48843ed838;acl-053951d48843ed838;;;aws;ap-south-1;**VPC network ACLs** are evaluated for inbound rules that permit `0.0.0.0/0` to access **SSH** on `TCP 22` at the subnet boundary.;"An ACL allowing Internet-wide SSH erodes **defense in depth**. Systems reachable on `TCP 22` face **brute-force**, credential stuffing, reconnaissance, and SSH exploit attempts.

Changes to routes or security groups can create direct exposure, enabling unauthorized access and **lateral movement**, undermining **confidentiality** and **integrity**.";;"Apply **least privilege** at the subnet layer:
- Do not allow `0.0.0.0/0` to `TCP 22`
- Restrict SSH to trusted sources, or avoid direct SSH via **Session Manager** or a bastion behind **VPN**

Pair tight **security groups** with periodic rule reviews and change control to maintain **defense in depth**.";https://hub.prowler.com/check/ec2_networkacl_allow_ingress_tcp_port_22;"```yaml
# CloudFormation: Deny SSH (22) from Internet on the NACL
Resources:
  <example_resource_name>:
    Type: AWS::EC2::NetworkAclEntry
    Properties:
      NetworkAclId: <example_resource_id>
      RuleNumber: 1
      Protocol: 6
      RuleAction: deny   # Critical: blocks the traffic instead of allowing it
      Egress: false
      CidrBlock: 0.0.0.0/0  # Critical: matches Internet sources
      PortRange:
        From: 22           # Critical: SSH port
        To: 22
```";"```hcl
# Deny SSH (22) from Internet on the NACL
resource ""aws_network_acl_rule"" ""<example_resource_name>"" {
  network_acl_id = ""<example_resource_id>""
  rule_number    = 1
  egress         = false
  protocol       = ""tcp""
  rule_action    = ""deny""          # Critical: blocks SSH ingress
  cidr_block     = ""0.0.0.0/0""     # Critical: Internet sources
  from_port      = 22               # Critical: SSH port
  to_port        = 22
}
```";aws ec2 replace-network-acl-entry --network-acl-id <NETWORK_ACL_ID> --ingress --rule-number <RULE_NUMBER> --protocol 6 --rule-action deny --cidr-block 0.0.0.0/0 --port-range From=22,To=22;"1. In AWS Console, go to VPC > Network ACLs
2. Select <example_resource_name> and open the Inbound rules tab
3. Delete any rule that ALLOWS TCP port 22 from 0.0.0.0/0 or ::/0
4. Save changes
5. If you cannot delete it, edit the rule and set Action to Deny for TCP port 22 with source 0.0.0.0/0 (and ::/0 if present), then save";CIS-6.0: 6.2 | CIS-1.5: 5.1 | CIS-7.0: 6.2 | CIS-2.0: 5.1 | AWS-Foundational-Security-Best-Practices: EC2.21 | KISA-ISMS-P-2023-korean: 2.6.1, 2.6.6, 2.10.2 | CIS-4.0.1: 5.2 | CCC-v2025.10: CCC.Core.CN01.AR02 | MITRE-ATTACK: T1199, T1048, T1499, T1498, T1046 | CIS-3.0: 5.1 | PCI-3.2.1: 1.2, 1.2.1, 1.2.1.a, 1.2.1.b, 1.2.1.c, 1.2.3, 1.2.3.b, 1.3, 1.3.2 | ISO27001-2022: A.8.20, A.8.21, A.8.22 | NIS2: 6.7.2.g | AWS-Well-Architected-Framework-Security-Pillar: SEC05-BP02, SEC05-BP03 | KISA-ISMS-P-2023: 2.6.1, 2.6.6, 2.10.2 | C5-2025: PI-01.01AC | SOC2: cc_6_6 | ProwlerThreatScore-1.0: 2.1.3 | CIS-5.0: 5.2 | CIS-1.4: 5.1;internet-exposed;;;;5.33.1;https://support.icompaas.com/support/solutions/articles/62000233578-ensure-no-network-acls-allow-ingress-from-0-0-0-0-0-to-ssh-port-22 | https://docs.aws.amazon.com/vpc/latest/userguide/vpc-network-acls.html;;
profile: None;2026-07-13 09:37:50.757461;735291151388;;;;;;prowler-aws-ec2_networkacl_allow_ingress_tcp_port_3389-735291151388-ap-south-1-acl-0db7c7715aa3918aa;aws;ec2_networkacl_allow_ingress_tcp_port_3389;Network ACL does not allow ingress from the Internet to TCP port 3389 (RDP);Software and Configuration Checks/AWS Security Best Practices/Network Reachability | Software and Configuration Checks/Industry and Regulatory Standards/AWS Foundational Security Best Practices | Software and Configuration Checks/Industry and Regulatory Standards/CIS AWS Foundations Benchmark | TTPs/Initial Access;FAIL;Network ACL acl-0db7c7715aa3918aa has Microsoft RDP port 3389 open to the Internet.;False;ec2;;medium;AwsEc2NetworkAcl;arn:aws:ec2:ap-south-1:735291151388:network-acl/acl-0db7c7715aa3918aa;acl-0db7c7715aa3918aa;;;aws;ap-south-1;"**VPC network ACLs** with inbound rules allowing **RDP** on `TCP 3389` from `0.0.0.0/0` are identified.

Assessment focuses on subnet-level ACL entries that permit this traffic.";Internet-exposed **RDP** enables **password spraying**, brute force, and exploitation of RDP flaws to gain remote control. Allowing it at the subnet layer weakens **defense in depth**-a misconfigured security group or route can expose instances-leading to data exfiltration, privilege escalation, and ransomware, impacting confidentiality and integrity.;;"Enforce **least privilege**: do not allow `TCP 3389` from `0.0.0.0/0` in network ACLs.

- Restrict RDP to specific admin IP ranges
- Prefer **bastion hosts** or **Session Manager** over direct RDP
- Use private subnets and layer controls for **defense in depth**";https://hub.prowler.com/check/ec2_networkacl_allow_ingress_tcp_port_3389;"```yaml
# CloudFormation: deny inbound RDP (TCP 3389) from the Internet on an existing NACL
Resources:
  NetworkAclDenyRDP:
    Type: AWS::EC2::NetworkAclEntry
    Properties:
      NetworkAclId: <example_resource_id>
      RuleNumber: 1                 # Critical: ensure this deny is evaluated before any allow
      Protocol: 6                   # TCP
      Egress: false                 # Ingress rule
      RuleAction: deny              # Critical: block the traffic
      CidrBlock: 0.0.0.0/0          # Critical: Internet source
      PortRange:
        From: 3389                  # Critical: RDP port
        To: 3389
```";"```hcl
# Deny inbound RDP (TCP 3389) from the Internet on an existing NACL
resource ""aws_network_acl_rule"" ""<example_resource_name>"" {
  network_acl_id = ""<example_resource_id>""
  rule_number    = 1                 # Critical: lower than any allow so deny takes precedence
  egress         = false             # Ingress rule
  protocol       = ""tcp""
  rule_action    = ""deny""            # Critical: block the traffic
  cidr_block     = ""0.0.0.0/0""       # Critical: Internet source
  from_port      = 3389              # Critical: RDP port
  to_port        = 3389
}
```";aws ec2 delete-network-acl-entry --network-acl-id <NETWORK_ACL_ID> --ingress --rule-number <RULE_NUMBER>;"1. In the AWS Console, go to VPC > Network ACLs and select the ACL used by the affected subnet(s)
2. Open the Inbound rules tab
3. Find any rule allowing TCP port 3389 (RDP) from 0.0.0.0/0 or ::/0
4. Select that rule and click Delete, then Save
5. If you must keep broad allows, instead click Edit inbound rules and add a new rule with a lower rule number that Denies TCP 3389 from 0.0.0.0/0, then Save";CIS-6.0: 6.2 | CIS-1.5: 5.1 | CIS-7.0: 6.2 | CIS-2.0: 5.1 | AWS-Foundational-Security-Best-Practices: EC2.21 | KISA-ISMS-P-2023-korean: 2.6.1, 2.6.6, 2.10.2 | CIS-4.0.1: 5.2 | PCI-4.0: 1.2.8.21, 1.3.1.24, 1.3.2.24, 1.4.2.22, 1.5.1.21, A1.1.3.21 | MITRE-ATTACK: T1199, T1048, T1499, T1498, T1046 | CIS-3.0: 5.1 | PCI-3.2.1: 1.2, 1.2.1, 1.2.1.a, 1.2.1.b, 1.2.1.c, 1.2.3, 1.2.3.b, 1.3, 1.3.2 | ISO27001-2022: A.8.20, A.8.21, A.8.22 | NIS2: 6.7.2.g | AWS-Well-Architected-Framework-Security-Pillar: SEC05-BP03 | KISA-ISMS-P-2023: 2.6.1, 2.6.6, 2.10.2 | C5-2025: PI-01.01AC | SOC2: cc_6_6 | ProwlerThreatScore-1.0: 2.1.3 | CIS-5.0: 5.2 | CIS-1.4: 5.1;internet-exposed;;;;5.33.1;https://support.icompaas.com/support/solutions/articles/62000223179-ensure-no-network-acls-allow-ingress-from-0-0-0-0-0-to-microsoft-rdp-port-3389- | https://docs.aws.amazon.com/vpc/latest/userguide/vpc-network-acls.html;;
profile: None;2026-07-13 09:37:50.757461;735291151388;;;;;;prowler-aws-ec2_networkacl_allow_ingress_tcp_port_3389-735291151388-ap-south-1-acl-053951d48843ed838;aws;ec2_networkacl_allow_ingress_tcp_port_3389;Network ACL does not allow ingress from the Internet to TCP port 3389 (RDP);Software and Configuration Checks/AWS Security Best Practices/Network Reachability | Software and Configuration Checks/Industry and Regulatory Standards/AWS Foundational Security Best Practices | Software and Configuration Checks/Industry and Regulatory Standards/CIS AWS Foundations Benchmark | TTPs/Initial Access;FAIL;Network ACL acl-053951d48843ed838 has Microsoft RDP port 3389 open to the Internet.;False;ec2;;medium;AwsEc2NetworkAcl;arn:aws:ec2:ap-south-1:735291151388:network-acl/acl-053951d48843ed838;acl-053951d48843ed838;;;aws;ap-south-1;"**VPC network ACLs** with inbound rules allowing **RDP** on `TCP 3389` from `0.0.0.0/0` are identified.

Assessment focuses on subnet-level ACL entries that permit this traffic.";Internet-exposed **RDP** enables **password spraying**, brute force, and exploitation of RDP flaws to gain remote control. Allowing it at the subnet layer weakens **defense in depth**-a misconfigured security group or route can expose instances-leading to data exfiltration, privilege escalation, and ransomware, impacting confidentiality and integrity.;;"Enforce **least privilege**: do not allow `TCP 3389` from `0.0.0.0/0` in network ACLs.

- Restrict RDP to specific admin IP ranges
- Prefer **bastion hosts** or **Session Manager** over direct RDP
- Use private subnets and layer controls for **defense in depth**";https://hub.prowler.com/check/ec2_networkacl_allow_ingress_tcp_port_3389;"```yaml
# CloudFormation: deny inbound RDP (TCP 3389) from the Internet on an existing NACL
Resources:
  NetworkAclDenyRDP:
    Type: AWS::EC2::NetworkAclEntry
    Properties:
      NetworkAclId: <example_resource_id>
      RuleNumber: 1                 # Critical: ensure this deny is evaluated before any allow
      Protocol: 6                   # TCP
      Egress: false                 # Ingress rule
      RuleAction: deny              # Critical: block the traffic
      CidrBlock: 0.0.0.0/0          # Critical: Internet source
      PortRange:
        From: 3389                  # Critical: RDP port
        To: 3389
```";"```hcl
# Deny inbound RDP (TCP 3389) from the Internet on an existing NACL
resource ""aws_network_acl_rule"" ""<example_resource_name>"" {
  network_acl_id = ""<example_resource_id>""
  rule_number    = 1                 # Critical: lower than any allow so deny takes precedence
  egress         = false             # Ingress rule
  protocol       = ""tcp""
  rule_action    = ""deny""            # Critical: block the traffic
  cidr_block     = ""0.0.0.0/0""       # Critical: Internet source
  from_port      = 3389              # Critical: RDP port
  to_port        = 3389
}
```";aws ec2 delete-network-acl-entry --network-acl-id <NETWORK_ACL_ID> --ingress --rule-number <RULE_NUMBER>;"1. In the AWS Console, go to VPC > Network ACLs and select the ACL used by the affected subnet(s)
2. Open the Inbound rules tab
3. Find any rule allowing TCP port 3389 (RDP) from 0.0.0.0/0 or ::/0
4. Select that rule and click Delete, then Save
5. If you must keep broad allows, instead click Edit inbound rules and add a new rule with a lower rule number that Denies TCP 3389 from 0.0.0.0/0, then Save";CIS-6.0: 6.2 | CIS-1.5: 5.1 | CIS-7.0: 6.2 | CIS-2.0: 5.1 | AWS-Foundational-Security-Best-Practices: EC2.21 | KISA-ISMS-P-2023-korean: 2.6.1, 2.6.6, 2.10.2 | CIS-4.0.1: 5.2 | PCI-4.0: 1.2.8.21, 1.3.1.24, 1.3.2.24, 1.4.2.22, 1.5.1.21, A1.1.3.21 | MITRE-ATTACK: T1199, T1048, T1499, T1498, T1046 | CIS-3.0: 5.1 | PCI-3.2.1: 1.2, 1.2.1, 1.2.1.a, 1.2.1.b, 1.2.1.c, 1.2.3, 1.2.3.b, 1.3, 1.3.2 | ISO27001-2022: A.8.20, A.8.21, A.8.22 | NIS2: 6.7.2.g | AWS-Well-Architected-Framework-Security-Pillar: SEC05-BP03 | KISA-ISMS-P-2023: 2.6.1, 2.6.6, 2.10.2 | C5-2025: PI-01.01AC | SOC2: cc_6_6 | ProwlerThreatScore-1.0: 2.1.3 | CIS-5.0: 5.2 | CIS-1.4: 5.1;internet-exposed;;;;5.33.1;https://support.icompaas.com/support/solutions/articles/62000223179-ensure-no-network-acls-allow-ingress-from-0-0-0-0-0-to-microsoft-rdp-port-3389- | https://docs.aws.amazon.com/vpc/latest/userguide/vpc-network-acls.html;;
profile: None;2026-07-13 09:37:50.757461;735291151388;;;;;;prowler-aws-ec2_securitygroup_allow_ingress_from_internet_to_all_ports-735291151388-ap-south-1-sg-09310ccc8f2635d73;aws;ec2_securitygroup_allow_ingress_from_internet_to_all_ports;Security group does not have all ports open to the Internet;Software and Configuration Checks/AWS Security Best Practices/Network Reachability | Software and Configuration Checks/Industry and Regulatory Standards/AWS Foundational Security Best Practices | Software and Configuration Checks/Industry and Regulatory Standards/CIS AWS Foundations Benchmark | TTPs/Initial Access/Unauthorized Access | Effects/Data Exposure;PASS;Security group cloudguardian-web-sg (sg-09310ccc8f2635d73) does not have all ports open to the Internet.;False;ec2;;critical;AwsEc2SecurityGroup;arn:aws:ec2:ap-south-1:735291151388:security-group/sg-09310ccc8f2635d73;sg-09310ccc8f2635d73;cloudguardian-web-sg;Name=cloudguardian-web-sg;aws;ap-south-1;**EC2 security groups** with **inbound rules** permitting Internet sources (`0.0.0.0/0`, `::/0`) to `all ports` across any protocol;Opening every port to the Internet enables broad scanning and exploit attempts, leading to **unauthorized access**, **remote code execution**, and **data exfiltration**, with easier lateral movement into the VPC. Confidentiality, integrity, and availability are all at risk.;;Enforce **least privilege** on ingress: allow only required ports from trusted sources, avoid `0.0.0.0/0` and `::/0`. Prefer private access (VPN, bastion, or Session Manager), use security group references, and layer **defense in depth** with network ACLs. Periodically review and remove unused rules.;https://hub.prowler.com/check/ec2_securitygroup_allow_ingress_from_internet_to_all_ports;"```yaml
# CloudFormation: Security Group without an inbound rule that opens all ports to the Internet
Resources:
  <example_resource_name>:
    Type: AWS::EC2::SecurityGroup
    Properties:
      GroupDescription: Example SG
      VpcId: <example_resource_id>
      # Critical: Omit SecurityGroupIngress to ensure no rule with IpProtocol ""-1"" from 0.0.0.0/0 or ::/0 exists,
      # which prevents all ports from being open to the Internet.
```";"```hcl
# Security Group with no inbound rules (prevents all ports open to the Internet)
resource ""aws_security_group"" ""<example_resource_name>"" {
  name   = ""<example_resource_name>""
  vpc_id = ""<example_resource_id>""

  # Critical: no ingress blocks; avoids any rule with protocol ""-1"" from 0.0.0.0/0 or ::/0
}
```";;"1. In the AWS Console, go to EC2 > Security Groups
2. Select the affected security group
3. Open the Inbound rules tab and click Edit inbound rules
4. Delete any rule where Type is All traffic (protocol = All) with Source 0.0.0.0/0 or ::/0
5. Click Save rules";CIS-6.0: 6.3, 6.4 | CIS-1.5: 5.2, 5.3 | SecNumCloud-3.2: 13.2 | AWS-Foundational-Technical-Review: NETSEC-001 | CIS-7.0: 6.3, 6.4 | CIS-2.0: 5.2, 5.3 | KISA-ISMS-P-2023-korean: 2.6.1, 2.6.2, 2.6.4, 2.6.6, 2.10.2 | CIS-4.0.1: 5.3, 5.4 | ENS-RD2022: mp.com.1.aws.sg.2 | CISA: your-systems-3, your-data-2 | CCC-v2025.10: CCC.Core.CN01.AR02, CCC.Core.CN05.AR01, CCC.Core.CN05.AR05 | MITRE-ATTACK: T1199, T1048, T1499, T1498, T1046 | CIS-3.0: 5.2, 5.3 | PCI-3.2.1: 1.1, 1.1.4, 1.1.4.c, 1.2, 1.2.1, 1.2.1.a, 1.2.1.b, 1.2.1.c, 1.2.3, 1.2.3.b, 1.3, 1.3.2, 1.3.5 | ISO27001-2022: A.8.20, A.8.21, A.8.22 | AWS-Well-Architected-Framework-Security-Pillar: SEC05-BP03 | NIST-CSF-2.0: ac_3, ac_5, ds_5, ip_1, pt_4 | KISA-ISMS-P-2023: 2.6.1, 2.6.2, 2.6.4, 2.6.6, 2.10.2 | C5-2025: PI-01.01AC | SOC2: cc_6_6 | ProwlerThreatScore-1.0: 2.1.4 | CIS-5.0: 5.3, 5.4 | CIS-1.4: 5.2;internet-exposed;;;;5.33.1;https://docs.aws.amazon.com/vpc/latest/userguide/VPC_SecurityGroups.html | https://www.trendmicro.com/trendaivisiononecloudriskmanagement/knowledge-base/aws/EC2/security-group-ingress-any.html;;
profile: None;2026-07-13 09:37:50.757461;735291151388;;;;;;prowler-aws-ec2_securitygroup_allow_ingress_from_internet_to_all_ports-735291151388-ap-south-1-sg-0652e5b7e75b01aa9;aws;ec2_securitygroup_allow_ingress_from_internet_to_all_ports;Security group does not have all ports open to the Internet;Software and Configuration Checks/AWS Security Best Practices/Network Reachability | Software and Configuration Checks/Industry and Regulatory Standards/AWS Foundational Security Best Practices | Software and Configuration Checks/Industry and Regulatory Standards/CIS AWS Foundations Benchmark | TTPs/Initial Access/Unauthorized Access | Effects/Data Exposure;PASS;Security group cloudguardian-rds-sg (sg-0652e5b7e75b01aa9) does not have all ports open to the Internet.;False;ec2;;critical;AwsEc2SecurityGroup;arn:aws:ec2:ap-south-1:735291151388:security-group/sg-0652e5b7e75b01aa9;sg-0652e5b7e75b01aa9;cloudguardian-rds-sg;Name=cloudguardian-rds-sg;aws;ap-south-1;**EC2 security groups** with **inbound rules** permitting Internet sources (`0.0.0.0/0`, `::/0`) to `all ports` across any protocol;Opening every port to the Internet enables broad scanning and exploit attempts, leading to **unauthorized access**, **remote code execution**, and **data exfiltration**, with easier lateral movement into the VPC. Confidentiality, integrity, and availability are all at risk.;;Enforce **least privilege** on ingress: allow only required ports from trusted sources, avoid `0.0.0.0/0` and `::/0`. Prefer private access (VPN, bastion, or Session Manager), use security group references, and layer **defense in depth** with network ACLs. Periodically review and remove unused rules.;https://hub.prowler.com/check/ec2_securitygroup_allow_ingress_from_internet_to_all_ports;"```yaml
# CloudFormation: Security Group without an inbound rule that opens all ports to the Internet
Resources:
  <example_resource_name>:
    Type: AWS::EC2::SecurityGroup
    Properties:
      GroupDescription: Example SG
      VpcId: <example_resource_id>
      # Critical: Omit SecurityGroupIngress to ensure no rule with IpProtocol ""-1"" from 0.0.0.0/0 or ::/0 exists,
      # which prevents all ports from being open to the Internet.
```";"```hcl
# Security Group with no inbound rules (prevents all ports open to the Internet)
resource ""aws_security_group"" ""<example_resource_name>"" {
  name   = ""<example_resource_name>""
  vpc_id = ""<example_resource_id>""

  # Critical: no ingress blocks; avoids any rule with protocol ""-1"" from 0.0.0.0/0 or ::/0
}
```";;"1. In the AWS Console, go to EC2 > Security Groups
2. Select the affected security group
3. Open the Inbound rules tab and click Edit inbound rules
4. Delete any rule where Type is All traffic (protocol = All) with Source 0.0.0.0/0 or ::/0
5. Click Save rules";CIS-6.0: 6.3, 6.4 | CIS-1.5: 5.2, 5.3 | SecNumCloud-3.2: 13.2 | AWS-Foundational-Technical-Review: NETSEC-001 | CIS-7.0: 6.3, 6.4 | CIS-2.0: 5.2, 5.3 | KISA-ISMS-P-2023-korean: 2.6.1, 2.6.2, 2.6.4, 2.6.6, 2.10.2 | CIS-4.0.1: 5.3, 5.4 | ENS-RD2022: mp.com.1.aws.sg.2 | CISA: your-systems-3, your-data-2 | CCC-v2025.10: CCC.Core.CN01.AR02, CCC.Core.CN05.AR01, CCC.Core.CN05.AR05 | MITRE-ATTACK: T1199, T1048, T1499, T1498, T1046 | CIS-3.0: 5.2, 5.3 | PCI-3.2.1: 1.1, 1.1.4, 1.1.4.c, 1.2, 1.2.1, 1.2.1.a, 1.2.1.b, 1.2.1.c, 1.2.3, 1.2.3.b, 1.3, 1.3.2, 1.3.5 | ISO27001-2022: A.8.20, A.8.21, A.8.22 | AWS-Well-Architected-Framework-Security-Pillar: SEC05-BP03 | NIST-CSF-2.0: ac_3, ac_5, ds_5, ip_1, pt_4 | KISA-ISMS-P-2023: 2.6.1, 2.6.2, 2.6.4, 2.6.6, 2.10.2 | C5-2025: PI-01.01AC | SOC2: cc_6_6 | ProwlerThreatScore-1.0: 2.1.4 | CIS-5.0: 5.3, 5.4 | CIS-1.4: 5.2;internet-exposed;;;;5.33.1;https://docs.aws.amazon.com/vpc/latest/userguide/VPC_SecurityGroups.html | https://www.trendmicro.com/trendaivisiononecloudriskmanagement/knowledge-base/aws/EC2/security-group-ingress-any.html;;
profile: None;2026-07-13 09:37:50.757461;735291151388;;;;;;prowler-aws-ec2_securitygroup_allow_ingress_from_internet_to_any_port-735291151388-ap-south-1-sg-09310ccc8f2635d73;aws;ec2_securitygroup_allow_ingress_from_internet_to_any_port;Security group has no 0.0.0.0/0 or ::/0 ingress to any port, or is attached only to allowed interface types or instance owners;Software and Configuration Checks/AWS Security Best Practices/Network Reachability | Software and Configuration Checks/Industry and Regulatory Standards/AWS Foundational Security Best Practices | Software and Configuration Checks/Industry and Regulatory Standards/CIS AWS Foundations Benchmark | TTPs/Initial Access;FAIL;Security group cloudguardian-web-sg (sg-09310ccc8f2635d73) has at least one port open to the Internet but its network interface type (interface) is not allowed.;False;ec2;;high;AwsEc2SecurityGroup;arn:aws:ec2:ap-south-1:735291151388:security-group/sg-09310ccc8f2635d73;sg-09310ccc8f2635d73;cloudguardian-web-sg;Name=cloudguardian-web-sg;aws;ap-south-1;**EC2 security groups** with **internet-sourced ingress** from `0.0.0.0/0` or `::/0` to any port, and their attachments, are evaluated. Groups linked to network interfaces or instance owners outside an approved list for public exposure are identified.;Open ingress to any port on non-approved interfaces enables external scanning, brute force, and exploitation of unintended services. This threatens **confidentiality** (unauthorized access), **integrity** (tampering), and **availability** (DoS), and facilitates **lateral movement**.;;"Apply **least privilege**: restrict ingress to required ports and trusted sources; avoid `0.0.0.0/0` and `::/0` except for managed public endpoints. Place workloads behind **load balancers**, **API gateways**, or **WAFs**; use **private networking**. Allow public rules only on approved interface types.";https://hub.prowler.com/check/ec2_securitygroup_allow_ingress_from_internet_to_any_port;"```yaml
# CloudFormation: security group without Internet-open ingress
Resources:
  <example_resource_name>:
    Type: AWS::EC2::SecurityGroup
    Properties:
      GroupDescription: ""SG without Internet ingress""
      VpcId: ""<example_resource_id>""
      SecurityGroupIngress: []  # Critical: no 0.0.0.0/0 or ::/0 inbound; denies all inbound
```";"```hcl
# Security group with no Internet-open ingress
resource ""aws_security_group"" ""<example_resource_name>"" {
  name   = ""<example_resource_name>""
  vpc_id = ""<example_resource_id>""
  # Critical: no ingress blocks -> prevents 0.0.0.0/0 or ::/0 inbound
}
```";;"1. In the AWS console, go to EC2 > Security Groups
2. Select the affected security group
3. Open Inbound rules > Edit inbound rules
4. Delete any rule with Source 0.0.0.0/0 or ::/0
5. Save rules";SecNumCloud-3.2: 9.6, 13.2 | KISA-ISMS-P-2023-korean: 2.6.1, 2.6.2, 2.6.4, 2.6.6, 2.10.2 | PCI-4.0: 1.2.5.17, 1.2.8.41, 1.3.1.45, 1.3.2.45, 1.4.2.43, 1.5.1.40, 2.2.5.17, A1.1.3.40 | ISO27001-2022: A.8.20, A.8.21, A.8.22 | KISA-ISMS-P-2023: 2.6.1, 2.6.2, 2.6.4, 2.6.6, 2.10.2 | C5-2025: PI-01.01AC | SOC2: cc_6_6 | FedRAMP-20x-KSI-Low-25.05C: ksi-cna;internet-exposed;;;;5.33.1;https://docs.aws.amazon.com/vpc/latest/userguide/VPC_SecurityGroups.html | https://support.icompaas.com/support/solutions/articles/62000234274-5-3-ensure-no-security-groups-allow-ingress-from-0-0-0-0-0-to-remote-server-administration-ports-aut;;
profile: None;2026-07-13 09:37:50.757461;735291151388;;;;;;prowler-aws-ec2_securitygroup_allow_ingress_from_internet_to_any_port-735291151388-ap-south-1-sg-0652e5b7e75b01aa9;aws;ec2_securitygroup_allow_ingress_from_internet_to_any_port;Security group has no 0.0.0.0/0 or ::/0 ingress to any port, or is attached only to allowed interface types or instance owners;Software and Configuration Checks/AWS Security Best Practices/Network Reachability | Software and Configuration Checks/Industry and Regulatory Standards/AWS Foundational Security Best Practices | Software and Configuration Checks/Industry and Regulatory Standards/CIS AWS Foundations Benchmark | TTPs/Initial Access;FAIL;Security group cloudguardian-rds-sg (sg-0652e5b7e75b01aa9) has at least one port open to the Internet but its network interface type (interface) is not allowed.;False;ec2;;high;AwsEc2SecurityGroup;arn:aws:ec2:ap-south-1:735291151388:security-group/sg-0652e5b7e75b01aa9;sg-0652e5b7e75b01aa9;cloudguardian-rds-sg;Name=cloudguardian-rds-sg;aws;ap-south-1;**EC2 security groups** with **internet-sourced ingress** from `0.0.0.0/0` or `::/0` to any port, and their attachments, are evaluated. Groups linked to network interfaces or instance owners outside an approved list for public exposure are identified.;Open ingress to any port on non-approved interfaces enables external scanning, brute force, and exploitation of unintended services. This threatens **confidentiality** (unauthorized access), **integrity** (tampering), and **availability** (DoS), and facilitates **lateral movement**.;;"Apply **least privilege**: restrict ingress to required ports and trusted sources; avoid `0.0.0.0/0` and `::/0` except for managed public endpoints. Place workloads behind **load balancers**, **API gateways**, or **WAFs**; use **private networking**. Allow public rules only on approved interface types.";https://hub.prowler.com/check/ec2_securitygroup_allow_ingress_from_internet_to_any_port;"```yaml
# CloudFormation: security group without Internet-open ingress
Resources:
  <example_resource_name>:
    Type: AWS::EC2::SecurityGroup
    Properties:
      GroupDescription: ""SG without Internet ingress""
      VpcId: ""<example_resource_id>""
      SecurityGroupIngress: []  # Critical: no 0.0.0.0/0 or ::/0 inbound; denies all inbound
```";"```hcl
# Security group with no Internet-open ingress
resource ""aws_security_group"" ""<example_resource_name>"" {
  name   = ""<example_resource_name>""
  vpc_id = ""<example_resource_id>""
  # Critical: no ingress blocks -> prevents 0.0.0.0/0 or ::/0 inbound
}
```";;"1. In the AWS console, go to EC2 > Security Groups
2. Select the affected security group
3. Open Inbound rules > Edit inbound rules
4. Delete any rule with Source 0.0.0.0/0 or ::/0
5. Save rules";SecNumCloud-3.2: 9.6, 13.2 | KISA-ISMS-P-2023-korean: 2.6.1, 2.6.2, 2.6.4, 2.6.6, 2.10.2 | PCI-4.0: 1.2.5.17, 1.2.8.41, 1.3.1.45, 1.3.2.45, 1.4.2.43, 1.5.1.40, 2.2.5.17, A1.1.3.40 | ISO27001-2022: A.8.20, A.8.21, A.8.22 | KISA-ISMS-P-2023: 2.6.1, 2.6.2, 2.6.4, 2.6.6, 2.10.2 | C5-2025: PI-01.01AC | SOC2: cc_6_6 | FedRAMP-20x-KSI-Low-25.05C: ksi-cna;internet-exposed;;;;5.33.1;https://docs.aws.amazon.com/vpc/latest/userguide/VPC_SecurityGroups.html | https://support.icompaas.com/support/solutions/articles/62000234274-5-3-ensure-no-security-groups-allow-ingress-from-0-0-0-0-0-to-remote-server-administration-ports-aut;;
profile: None;2026-07-13 09:37:50.757461;735291151388;;;;;;prowler-aws-ec2_securitygroup_allow_ingress_from_internet_to_high_risk_tcp_ports-735291151388-ap-south-1-sg-09310ccc8f2635d73;aws;ec2_securitygroup_allow_ingress_from_internet_to_high_risk_tcp_ports;Security group does not allow ingress from 0.0.0.0/0 or ::/0 to high-risk TCP ports;Software and Configuration Checks/AWS Security Best Practices/Network Reachability | Software and Configuration Checks/Industry and Regulatory Standards/AWS Foundational Security Best Practices | Software and Configuration Checks/Industry and Regulatory Standards/CIS AWS Foundations Benchmark | TTPs/Initial Access/Unauthorized Access;PASS;Security group cloudguardian-web-sg (sg-09310ccc8f2635d73) does not have any high-risk port open to the Internet.;False;ec2;;high;AwsEc2SecurityGroup;arn:aws:ec2:ap-south-1:735291151388:security-group/sg-09310ccc8f2635d73;sg-09310ccc8f2635d73;cloudguardian-web-sg;Name=cloudguardian-web-sg;aws;ap-south-1;"**EC2 security groups** are assessed for inbound rules that allow Internet sources (`0.0.0.0/0` or `::/0`) to **high-risk TCP ports**: `25, 110, 135, 143, 445, 3000, 4333, 5000, 5500, 8080, 8088`.

Findings highlight groups exposing any of these ports to the public network.";"Public exposure of these ports enables:
- **RCE** via SMB/RPC and weak admin consoles (`445`, `135`, `3000`, `5000`, `8080`)
- **Credential theft/data leakage** via mail protocols (`25`, `110`, `143`)
- **Spam relay** on `25`
Impacts: **confidentiality**, **integrity**, and **availability** through exploitation and mass scanning.";;"Restrict these ports using **least privilege**:
- Deny Internet ingress; allow only trusted CIDRs or private connectivity
- Place services behind **VPN**, **bastion**, or **proxies/WAF**; prefer **private endpoints**
- Disable unnecessary services; require auth and TLS on exposed apps
Apply **defense in depth** with security groups and network ACLs.";https://hub.prowler.com/check/ec2_securitygroup_allow_ingress_from_internet_to_high_risk_tcp_ports;"```yaml
# CloudFormation: restrict high-risk TCP port from Internet
Resources:
  ExampleSecurityGroup:
    Type: AWS::EC2::SecurityGroup
    Properties:
      GroupDescription: Restrict high-risk TCP port
      VpcId: <example_resource_id>
      SecurityGroupIngress:
        - IpProtocol: tcp
          FromPort: 8080
          ToPort: 8080
          CidrIp: 10.0.0.0/8  # CRITICAL: do not use 0.0.0.0/0 or ::/0; restrict source to non-Internet to pass the check
```";"```hcl
# Terraform: restrict high-risk TCP port from Internet
resource ""aws_security_group"" ""example"" {
  vpc_id = ""<example_resource_id>""

  ingress {
    from_port   = 8080
    to_port     = 8080
    protocol    = ""tcp""
    cidr_blocks = [""10.0.0.0/8""] # CRITICAL: do not use 0.0.0.0/0 or ::/0; restrict source to non-Internet to pass the check
  }
}
```";;"1. In the AWS console, go to EC2 > Network & Security > Security Groups
2. Select the security group in the finding and click Inbound rules > Edit inbound rules
3. For each high-risk TCP port (25, 110, 135, 143, 445, 3000, 4333, 5000, 5500, 8080, 8088) with Source 0.0.0.0/0 or ::/0, delete the rule or change Source to a specific trusted CIDR (for example, your VPC CIDR)
4. Save rules";SecNumCloud-3.2: 13.2 | AWS-Foundational-Security-Best-Practices: EC2.19 | KISA-ISMS-P-2023-korean: 2.6.1, 2.6.2, 2.6.4, 2.6.6, 2.10.2 | ISO27001-2022: A.8.20, A.8.21, A.8.22 | NIST-CSF-2.0: ac_5 | KISA-ISMS-P-2023: 2.6.1, 2.6.2, 2.6.4, 2.6.6, 2.10.2 | C5-2025: OIS-05.03B, PI-01.01AC | SOC2: cc_6_6 | ProwlerThreatScore-1.0: 2.1.7;internet-exposed;;;;5.33.1;https://docs.aws.amazon.com/vpc/latest/userguide/VPC_SecurityGroups.html | https://support.icompaas.com/support/solutions/articles/62000234274-5-3-ensure-no-security-groups-allow-ingress-from-0-0-0-0-0-to-remote-server-administration-ports-aut;;
profile: None;2026-07-13 09:37:50.757461;735291151388;;;;;;prowler-aws-ec2_securitygroup_allow_ingress_from_internet_to_high_risk_tcp_ports-735291151388-ap-south-1-sg-0652e5b7e75b01aa9;aws;ec2_securitygroup_allow_ingress_from_internet_to_high_risk_tcp_ports;Security group does not allow ingress from 0.0.0.0/0 or ::/0 to high-risk TCP ports;Software and Configuration Checks/AWS Security Best Practices/Network Reachability | Software and Configuration Checks/Industry and Regulatory Standards/AWS Foundational Security Best Practices | Software and Configuration Checks/Industry and Regulatory Standards/CIS AWS Foundations Benchmark | TTPs/Initial Access/Unauthorized Access;PASS;Security group cloudguardian-rds-sg (sg-0652e5b7e75b01aa9) does not have any high-risk port open to the Internet.;False;ec2;;high;AwsEc2SecurityGroup;arn:aws:ec2:ap-south-1:735291151388:security-group/sg-0652e5b7e75b01aa9;sg-0652e5b7e75b01aa9;cloudguardian-rds-sg;Name=cloudguardian-rds-sg;aws;ap-south-1;"**EC2 security groups** are assessed for inbound rules that allow Internet sources (`0.0.0.0/0` or `::/0`) to **high-risk TCP ports**: `25, 110, 135, 143, 445, 3000, 4333, 5000, 5500, 8080, 8088`.

Findings highlight groups exposing any of these ports to the public network.";"Public exposure of these ports enables:
- **RCE** via SMB/RPC and weak admin consoles (`445`, `135`, `3000`, `5000`, `8080`)
- **Credential theft/data leakage** via mail protocols (`25`, `110`, `143`)
- **Spam relay** on `25`
Impacts: **confidentiality**, **integrity**, and **availability** through exploitation and mass scanning.";;"Restrict these ports using **least privilege**:
- Deny Internet ingress; allow only trusted CIDRs or private connectivity
- Place services behind **VPN**, **bastion**, or **proxies/WAF**; prefer **private endpoints**
- Disable unnecessary services; require auth and TLS on exposed apps
Apply **defense in depth** with security groups and network ACLs.";https://hub.prowler.com/check/ec2_securitygroup_allow_ingress_from_internet_to_high_risk_tcp_ports;"```yaml
# CloudFormation: restrict high-risk TCP port from Internet
Resources:
  ExampleSecurityGroup:
    Type: AWS::EC2::SecurityGroup
    Properties:
      GroupDescription: Restrict high-risk TCP port
      VpcId: <example_resource_id>
      SecurityGroupIngress:
        - IpProtocol: tcp
          FromPort: 8080
          ToPort: 8080
          CidrIp: 10.0.0.0/8  # CRITICAL: do not use 0.0.0.0/0 or ::/0; restrict source to non-Internet to pass the check
```";"```hcl
# Terraform: restrict high-risk TCP port from Internet
resource ""aws_security_group"" ""example"" {
  vpc_id = ""<example_resource_id>""

  ingress {
    from_port   = 8080
    to_port     = 8080
    protocol    = ""tcp""
    cidr_blocks = [""10.0.0.0/8""] # CRITICAL: do not use 0.0.0.0/0 or ::/0; restrict source to non-Internet to pass the check
  }
}
```";;"1. In the AWS console, go to EC2 > Network & Security > Security Groups
2. Select the security group in the finding and click Inbound rules > Edit inbound rules
3. For each high-risk TCP port (25, 110, 135, 143, 445, 3000, 4333, 5000, 5500, 8080, 8088) with Source 0.0.0.0/0 or ::/0, delete the rule or change Source to a specific trusted CIDR (for example, your VPC CIDR)
4. Save rules";SecNumCloud-3.2: 13.2 | AWS-Foundational-Security-Best-Practices: EC2.19 | KISA-ISMS-P-2023-korean: 2.6.1, 2.6.2, 2.6.4, 2.6.6, 2.10.2 | ISO27001-2022: A.8.20, A.8.21, A.8.22 | NIST-CSF-2.0: ac_5 | KISA-ISMS-P-2023: 2.6.1, 2.6.2, 2.6.4, 2.6.6, 2.10.2 | C5-2025: OIS-05.03B, PI-01.01AC | SOC2: cc_6_6 | ProwlerThreatScore-1.0: 2.1.7;internet-exposed;;;;5.33.1;https://docs.aws.amazon.com/vpc/latest/userguide/VPC_SecurityGroups.html | https://support.icompaas.com/support/solutions/articles/62000234274-5-3-ensure-no-security-groups-allow-ingress-from-0-0-0-0-0-to-remote-server-administration-ports-aut;;
profile: None;2026-07-13 09:37:50.757461;735291151388;;;;;;prowler-aws-ec2_securitygroup_allow_ingress_from_internet_to_tcp_port_22-735291151388-ap-south-1-sg-09310ccc8f2635d73;aws;ec2_securitygroup_allow_ingress_from_internet_to_tcp_port_22;Security group does not allow ingress from 0.0.0.0/0 or ::/0 to TCP port 22 (SSH);Software and Configuration Checks/AWS Security Best Practices/Network Reachability | Software and Configuration Checks/Industry and Regulatory Standards/AWS Foundational Security Best Practices | Software and Configuration Checks/Industry and Regulatory Standards/CIS AWS Foundations Benchmark | TTPs/Initial Access/Unauthorized Access;FAIL;Security group cloudguardian-web-sg (sg-09310ccc8f2635d73) has SSH port 22 open to the Internet.;False;ec2;;high;AwsEc2SecurityGroup;arn:aws:ec2:ap-south-1:735291151388:security-group/sg-09310ccc8f2635d73;sg-09310ccc8f2635d73;cloudguardian-web-sg;Name=cloudguardian-web-sg;aws;ap-south-1;"**EC2 security groups** are assessed for **inbound SSH exposure** by locating ingress rules that allow `TCP 22` from the Internet (`0.0.0.0/0` or `::/0`).

Only groups in use are considered; sets already flagged for all-port exposure are not repeated.";Exposed **SSH** invites Internet-scale **brute force** and **credential stuffing**. A successful login grants **remote shell**, enabling data theft (confidentiality), code or config tampering (integrity), and cryptomining or service disruption (availability), plus **lateral movement** within the environment.;;"Apply **least privilege** to SSH:
- Disallow `0.0.0.0/0` and `::/0`; allow only trusted IPs or VPN ranges
- Prefer **private access** via bastion hosts or AWS Systems Manager Session Manager
- Enforce **key-based auth**, disable passwords, rotate keys
- Add **network segmentation** and monitoring for **defense in depth**";https://hub.prowler.com/check/ec2_securitygroup_allow_ingress_from_internet_to_tcp_port_22;"```yaml
# CloudFormation: restrict SSH from the Internet
Resources:
  <example_resource_name>:
    Type: AWS::EC2::SecurityGroup
    Properties:
      GroupDescription: Restrict SSH
      VpcId: <example_resource_id>
      SecurityGroupIngress:
        - IpProtocol: tcp
          FromPort: 22
          ToPort: 22
          CidrIp: 10.0.0.0/8  # Critical: allows SSH only from a private range, not 0.0.0.0/0
```";"```hcl
# Terraform: restrict SSH from the Internet
resource ""aws_security_group"" ""<example_resource_name>"" {
  vpc_id = ""<example_resource_id>""

  ingress {
    from_port   = 22
    to_port     = 22
    protocol    = ""tcp""
    cidr_blocks = [""10.0.0.0/8""]  # Critical: do not use 0.0.0.0/0 or ::/0
  }
}
```";aws ec2 revoke-security-group-ingress --group-id <SECURITY_GROUP_ID> --protocol tcp --port 22 --cidr 0.0.0.0/0;"1. In the AWS Console, go to EC2 > Security Groups
2. Select the affected security group
3. Open the Inbound rules tab
4. Delete any rule for port 22 (SSH) with source 0.0.0.0/0 or ::/0
5. Click Save rules";CIS-6.0: 6.3, 6.4 | CIS-1.5: 5.2, 5.3 | FedRAMP-Low-Revision-4: ac-17, cm-2, sc-7 | ISO27001-2013: A.12.6.C, A.13.1.C | SecNumCloud-3.2: 13.2 | AWS-Foundational-Technical-Review: NETSEC-001 | CIS-7.0: 6.3, 6.4 | CIS-2.0: 5.2, 5.3 | AWS-Foundational-Security-Best-Practices: EC2.13 | KISA-ISMS-P-2023-korean: 2.6.1, 2.6.2, 2.6.6, 2.10.2 | CIS-4.0.1: 5.3, 5.4 | CISA: your-systems-3, your-data-2 | AWS-Audit-Manager-Control-Tower-Guardrails: 2.0.2 | NIST-800-171-Revision-2: 3_1_1, 3_1_2, 3_1_3, 3_1_14, 3_1_20, 3_4_7, 3_13_1, 3_13_2, 3_13_5, 3_13_6 | PCI-4.0: 1.2.8.17, 1.3.1.19, 1.3.2.19, 1.4.2.18, 1.5.1.17, A1.1.3.17 | FedRamp-Moderate-Revision-4: ac-4, ac-17-1, cm-2, sc-4, sc-7-3, sc-7 | CCC-v2025.10: CCC.Core.CN01.AR02 | MITRE-ATTACK: T1199, T1048, T1499, T1498, T1046 | CIS-3.0: 5.2, 5.3 | PCI-3.2.1: 1.2, 1.2.1, 1.2.1.a, 1.2.1.b, 1.2.1.c, 1.3, 1.3.1, 2.2, 2.2.2 | ISO27001-2022: A.8.20, A.8.21, A.8.22 | NIST-800-53-Revision-4: ac_4, sc_7_3, sc_7 | NIST-CSF-1.1: ae_1, ac_3, ac_5, ds_7, pt_4 | AWS-Well-Architected-Framework-Security-Pillar: SEC05-BP03 | NIST-CSF-2.0: ac_3 | KISA-ISMS-P-2023: 2.6.1, 2.6.2, 2.6.6, 2.10.2 | C5-2025: PI-01.01AC | NIST-800-53-Revision-5: ac_17_b, ac_17_1, ac_17_9, ac_17_10, cm_9_b, sc_7_7, sc_7_11, sc_7_12, sc_7_16, sc_7_21, sc_7_24_b, sc_7_25, sc_7_26, sc_7_27, sc_7_28, sc_7_a, sc_7_c | SOC2: cc_6_6, cc_7_2 | RBI-Cyber-Security-Framework: annex_i_5_1, annex_i_7_3 | ProwlerThreatScore-1.0: 2.1.4, 2.1.7 | CIS-5.0: 5.3, 5.4 | CIS-1.4: 5.2 | HIPAA: 164_308_a_1_ii_b, 164_312_e_1 | GxP-21-CFR-Part-11: 11.10-d, 11.10-g | FFIEC: d3-pc-am-b-10, d3-pc-im-b-1, d3-pc-im-b-2, d3-pc-im-b-6, d4-c-co-b-2;internet-exposed;;;;5.33.1;https://docs.aws.amazon.com/vpc/latest/userguide/VPC_SecurityGroups.html | https://www.trendmicro.com/trendaivisiononecloudriskmanagement/knowledge-base/aws/EC2/unrestricted-ssh-access.html;;
profile: None;2026-07-13 09:37:50.757461;735291151388;;;;;;prowler-aws-ec2_securitygroup_allow_ingress_from_internet_to_tcp_port_22-735291151388-ap-south-1-sg-0652e5b7e75b01aa9;aws;ec2_securitygroup_allow_ingress_from_internet_to_tcp_port_22;Security group does not allow ingress from 0.0.0.0/0 or ::/0 to TCP port 22 (SSH);Software and Configuration Checks/AWS Security Best Practices/Network Reachability | Software and Configuration Checks/Industry and Regulatory Standards/AWS Foundational Security Best Practices | Software and Configuration Checks/Industry and Regulatory Standards/CIS AWS Foundations Benchmark | TTPs/Initial Access/Unauthorized Access;PASS;Security group cloudguardian-rds-sg (sg-0652e5b7e75b01aa9) does not have SSH port 22 open to the Internet.;False;ec2;;high;AwsEc2SecurityGroup;arn:aws:ec2:ap-south-1:735291151388:security-group/sg-0652e5b7e75b01aa9;sg-0652e5b7e75b01aa9;cloudguardian-rds-sg;Name=cloudguardian-rds-sg;aws;ap-south-1;"**EC2 security groups** are assessed for **inbound SSH exposure** by locating ingress rules that allow `TCP 22` from the Internet (`0.0.0.0/0` or `::/0`).

Only groups in use are considered; sets already flagged for all-port exposure are not repeated.";Exposed **SSH** invites Internet-scale **brute force** and **credential stuffing**. A successful login grants **remote shell**, enabling data theft (confidentiality), code or config tampering (integrity), and cryptomining or service disruption (availability), plus **lateral movement** within the environment.;;"Apply **least privilege** to SSH:
- Disallow `0.0.0.0/0` and `::/0`; allow only trusted IPs or VPN ranges
- Prefer **private access** via bastion hosts or AWS Systems Manager Session Manager
- Enforce **key-based auth**, disable passwords, rotate keys
- Add **network segmentation** and monitoring for **defense in depth**";https://hub.prowler.com/check/ec2_securitygroup_allow_ingress_from_internet_to_tcp_port_22;"```yaml
# CloudFormation: restrict SSH from the Internet
Resources:
  <example_resource_name>:
    Type: AWS::EC2::SecurityGroup
    Properties:
      GroupDescription: Restrict SSH
      VpcId: <example_resource_id>
      SecurityGroupIngress:
        - IpProtocol: tcp
          FromPort: 22
          ToPort: 22
          CidrIp: 10.0.0.0/8  # Critical: allows SSH only from a private range, not 0.0.0.0/0
```";"```hcl
# Terraform: restrict SSH from the Internet
resource ""aws_security_group"" ""<example_resource_name>"" {
  vpc_id = ""<example_resource_id>""

  ingress {
    from_port   = 22
    to_port     = 22
    protocol    = ""tcp""
    cidr_blocks = [""10.0.0.0/8""]  # Critical: do not use 0.0.0.0/0 or ::/0
  }
}
```";aws ec2 revoke-security-group-ingress --group-id <SECURITY_GROUP_ID> --protocol tcp --port 22 --cidr 0.0.0.0/0;"1. In the AWS Console, go to EC2 > Security Groups
2. Select the affected security group
3. Open the Inbound rules tab
4. Delete any rule for port 22 (SSH) with source 0.0.0.0/0 or ::/0
5. Click Save rules";CIS-6.0: 6.3, 6.4 | CIS-1.5: 5.2, 5.3 | FedRAMP-Low-Revision-4: ac-17, cm-2, sc-7 | ISO27001-2013: A.12.6.C, A.13.1.C | SecNumCloud-3.2: 13.2 | AWS-Foundational-Technical-Review: NETSEC-001 | CIS-7.0: 6.3, 6.4 | CIS-2.0: 5.2, 5.3 | AWS-Foundational-Security-Best-Practices: EC2.13 | KISA-ISMS-P-2023-korean: 2.6.1, 2.6.2, 2.6.6, 2.10.2 | CIS-4.0.1: 5.3, 5.4 | CISA: your-systems-3, your-data-2 | AWS-Audit-Manager-Control-Tower-Guardrails: 2.0.2 | NIST-800-171-Revision-2: 3_1_1, 3_1_2, 3_1_3, 3_1_14, 3_1_20, 3_4_7, 3_13_1, 3_13_2, 3_13_5, 3_13_6 | PCI-4.0: 1.2.8.17, 1.3.1.19, 1.3.2.19, 1.4.2.18, 1.5.1.17, A1.1.3.17 | FedRamp-Moderate-Revision-4: ac-4, ac-17-1, cm-2, sc-4, sc-7-3, sc-7 | CCC-v2025.10: CCC.Core.CN01.AR02 | MITRE-ATTACK: T1199, T1048, T1499, T1498, T1046 | CIS-3.0: 5.2, 5.3 | PCI-3.2.1: 1.2, 1.2.1, 1.2.1.a, 1.2.1.b, 1.2.1.c, 1.3, 1.3.1, 2.2, 2.2.2 | ISO27001-2022: A.8.20, A.8.21, A.8.22 | NIST-800-53-Revision-4: ac_4, sc_7_3, sc_7 | NIST-CSF-1.1: ae_1, ac_3, ac_5, ds_7, pt_4 | AWS-Well-Architected-Framework-Security-Pillar: SEC05-BP03 | NIST-CSF-2.0: ac_3 | KISA-ISMS-P-2023: 2.6.1, 2.6.2, 2.6.6, 2.10.2 | C5-2025: PI-01.01AC | NIST-800-53-Revision-5: ac_17_b, ac_17_1, ac_17_9, ac_17_10, cm_9_b, sc_7_7, sc_7_11, sc_7_12, sc_7_16, sc_7_21, sc_7_24_b, sc_7_25, sc_7_26, sc_7_27, sc_7_28, sc_7_a, sc_7_c | SOC2: cc_6_6, cc_7_2 | RBI-Cyber-Security-Framework: annex_i_5_1, annex_i_7_3 | ProwlerThreatScore-1.0: 2.1.4, 2.1.7 | CIS-5.0: 5.3, 5.4 | CIS-1.4: 5.2 | HIPAA: 164_308_a_1_ii_b, 164_312_e_1 | GxP-21-CFR-Part-11: 11.10-d, 11.10-g | FFIEC: d3-pc-am-b-10, d3-pc-im-b-1, d3-pc-im-b-2, d3-pc-im-b-6, d4-c-co-b-2;internet-exposed;;;;5.33.1;https://docs.aws.amazon.com/vpc/latest/userguide/VPC_SecurityGroups.html | https://www.trendmicro.com/trendaivisiononecloudriskmanagement/knowledge-base/aws/EC2/unrestricted-ssh-access.html;;
profile: None;2026-07-13 09:37:50.757461;735291151388;;;;;;prowler-aws-ec2_securitygroup_allow_ingress_from_internet_to_tcp_port_3389-735291151388-ap-south-1-sg-09310ccc8f2635d73;aws;ec2_securitygroup_allow_ingress_from_internet_to_tcp_port_3389;Security group does not allow ingress from the Internet to TCP port 3389 (RDP);Software and Configuration Checks/AWS Security Best Practices/Network Reachability | Software and Configuration Checks/Industry and Regulatory Standards/AWS Foundational Security Best Practices | Software and Configuration Checks/Industry and Regulatory Standards/CIS AWS Foundations Benchmark | TTPs/Initial Access;PASS;Security group cloudguardian-web-sg (sg-09310ccc8f2635d73) does not have Microsoft RDP port 3389 open to the Internet.;False;ec2;;high;AwsEc2SecurityGroup;arn:aws:ec2:ap-south-1:735291151388:security-group/sg-09310ccc8f2635d73;sg-09310ccc8f2635d73;cloudguardian-web-sg;Name=cloudguardian-web-sg;aws;ap-south-1;**EC2 security groups** restrict **inbound RDP** on `TCP 3389` to trusted sources, avoiding Internet-wide (`0.0.0.0/0`, `::/0`) exposure.;"**Internet-exposed RDP** enables brute force and credential stuffing and increases the chance of **remote code execution** via RDP flaws.

Adversaries can gain interactive access, exfiltrate data (**confidentiality**), tamper with systems (**integrity**), and trigger ransomware or service disruption (**availability**).";;"Apply **least privilege**: disallow `0.0.0.0/0` and `::/0` to `3389`; permit only specific IPs or private networks.

Prefer **Session Manager**, VPN, or a hardened bastion with MFA and just-in-time access. Use private subnets and add **defense in depth** with network controls and monitoring.";https://hub.prowler.com/check/ec2_securitygroup_allow_ingress_from_internet_to_tcp_port_3389;"```yaml
# CloudFormation: restrict RDP (3389) from the Internet
Resources:
  <example_resource_name>:
    Type: AWS::EC2::SecurityGroup
    Properties:
      GroupDescription: Restrict RDP
      VpcId: vpc-<example_resource_id>
      SecurityGroupIngress:
        - IpProtocol: tcp
          FromPort: 3389
          ToPort: 3389
          CidrIp: 10.0.0.0/8  # FIX: not 0.0.0.0/0; limits RDP to internal range, closing Internet access
```";"```hcl
# Restrict RDP (3389) from the Internet
resource ""aws_security_group"" ""<example_resource_name>"" {
  vpc_id = ""<example_resource_id>""

  ingress {
    from_port   = 3389
    to_port     = 3389
    protocol    = ""tcp""
    cidr_blocks = [""10.0.0.0/8""] # FIX: not 0.0.0.0/0; restricts RDP to internal range
  }
}
```";aws ec2 revoke-security-group-ingress --group-id <SECURITY_GROUP_ID> --protocol tcp --port 3389 --cidr 0.0.0.0/0;"1. In AWS Console, go to EC2 > Security Groups
2. Select the security group attached to the instance
3. In the Inbound rules tab, click Edit inbound rules
4. Find any rule with Type RDP (TCP 3389) and Source 0.0.0.0/0 or ::/0
5. Delete the rule or change Source to a specific trusted CIDR (e.g., your office IP)
6. Click Save rules";CIS-6.0: 6.3, 6.4 | CIS-1.5: 5.2, 5.3 | ISO27001-2013: A.12.6.B, A.13.1.B | SecNumCloud-3.2: 13.2 | AWS-Foundational-Technical-Review: NETSEC-001 | CIS-7.0: 6.3, 6.4 | CIS-2.0: 5.2, 5.3 | AWS-Foundational-Security-Best-Practices: EC2.14 | KISA-ISMS-P-2023-korean: 2.6.1, 2.6.2, 2.6.6, 2.10.2 | CIS-4.0.1: 5.3, 5.4 | AWS-Audit-Manager-Control-Tower-Guardrails: 2.0.1 | MITRE-ATTACK: T1199, T1048, T1499, T1498, T1046 | CIS-3.0: 5.2, 5.3 | ISO27001-2022: A.8.20, A.8.21, A.8.22 | AWS-Well-Architected-Framework-Security-Pillar: SEC05-BP03 | NIST-CSF-2.0: ac_3, ac_5 | KISA-ISMS-P-2023: 2.6.1, 2.6.2, 2.6.6, 2.10.2 | C5-2025: PI-01.01AC | SOC2: cc_6_6 | RBI-Cyber-Security-Framework: annex_i_1_3 | ProwlerThreatScore-1.0: 2.1.4, 2.1.7 | CIS-5.0: 5.3, 5.4 | CIS-1.4: 5.2;internet-exposed;;;;5.33.1;https://docs.aws.amazon.com/vpc/latest/userguide/VPC_SecurityGroups.html | https://www.trendmicro.com/trendaivisiononecloudriskmanagement/knowledge-base/aws/EC2/unrestricted-rdp-access.html;;
profile: None;2026-07-13 09:37:50.757461;735291151388;;;;;;prowler-aws-ec2_securitygroup_allow_ingress_from_internet_to_tcp_port_3389-735291151388-ap-south-1-sg-0652e5b7e75b01aa9;aws;ec2_securitygroup_allow_ingress_from_internet_to_tcp_port_3389;Security group does not allow ingress from the Internet to TCP port 3389 (RDP);Software and Configuration Checks/AWS Security Best Practices/Network Reachability | Software and Configuration Checks/Industry and Regulatory Standards/AWS Foundational Security Best Practices | Software and Configuration Checks/Industry and Regulatory Standards/CIS AWS Foundations Benchmark | TTPs/Initial Access;PASS;Security group cloudguardian-rds-sg (sg-0652e5b7e75b01aa9) does not have Microsoft RDP port 3389 open to the Internet.;False;ec2;;high;AwsEc2SecurityGroup;arn:aws:ec2:ap-south-1:735291151388:security-group/sg-0652e5b7e75b01aa9;sg-0652e5b7e75b01aa9;cloudguardian-rds-sg;Name=cloudguardian-rds-sg;aws;ap-south-1;**EC2 security groups** restrict **inbound RDP** on `TCP 3389` to trusted sources, avoiding Internet-wide (`0.0.0.0/0`, `::/0`) exposure.;"**Internet-exposed RDP** enables brute force and credential stuffing and increases the chance of **remote code execution** via RDP flaws.

Adversaries can gain interactive access, exfiltrate data (**confidentiality**), tamper with systems (**integrity**), and trigger ransomware or service disruption (**availability**).";;"Apply **least privilege**: disallow `0.0.0.0/0` and `::/0` to `3389`; permit only specific IPs or private networks.

Prefer **Session Manager**, VPN, or a hardened bastion with MFA and just-in-time access. Use private subnets and add **defense in depth** with network controls and monitoring.";https://hub.prowler.com/check/ec2_securitygroup_allow_ingress_from_internet_to_tcp_port_3389;"```yaml
# CloudFormation: restrict RDP (3389) from the Internet
Resources:
  <example_resource_name>:
    Type: AWS::EC2::SecurityGroup
    Properties:
      GroupDescription: Restrict RDP
      VpcId: vpc-<example_resource_id>
      SecurityGroupIngress:
        - IpProtocol: tcp
          FromPort: 3389
          ToPort: 3389
          CidrIp: 10.0.0.0/8  # FIX: not 0.0.0.0/0; limits RDP to internal range, closing Internet access
```";"```hcl
# Restrict RDP (3389) from the Internet
resource ""aws_security_group"" ""<example_resource_name>"" {
  vpc_id = ""<example_resource_id>""

  ingress {
    from_port   = 3389
    to_port     = 3389
    protocol    = ""tcp""
    cidr_blocks = [""10.0.0.0/8""] # FIX: not 0.0.0.0/0; restricts RDP to internal range
  }
}
```";aws ec2 revoke-security-group-ingress --group-id <SECURITY_GROUP_ID> --protocol tcp --port 3389 --cidr 0.0.0.0/0;"1. In AWS Console, go to EC2 > Security Groups
2. Select the security group attached to the instance
3. In the Inbound rules tab, click Edit inbound rules
4. Find any rule with Type RDP (TCP 3389) and Source 0.0.0.0/0 or ::/0
5. Delete the rule or change Source to a specific trusted CIDR (e.g., your office IP)
6. Click Save rules";CIS-6.0: 6.3, 6.4 | CIS-1.5: 5.2, 5.3 | ISO27001-2013: A.12.6.B, A.13.1.B | SecNumCloud-3.2: 13.2 | AWS-Foundational-Technical-Review: NETSEC-001 | CIS-7.0: 6.3, 6.4 | CIS-2.0: 5.2, 5.3 | AWS-Foundational-Security-Best-Practices: EC2.14 | KISA-ISMS-P-2023-korean: 2.6.1, 2.6.2, 2.6.6, 2.10.2 | CIS-4.0.1: 5.3, 5.4 | AWS-Audit-Manager-Control-Tower-Guardrails: 2.0.1 | MITRE-ATTACK: T1199, T1048, T1499, T1498, T1046 | CIS-3.0: 5.2, 5.3 | ISO27001-2022: A.8.20, A.8.21, A.8.22 | AWS-Well-Architected-Framework-Security-Pillar: SEC05-BP03 | NIST-CSF-2.0: ac_3, ac_5 | KISA-ISMS-P-2023: 2.6.1, 2.6.2, 2.6.6, 2.10.2 | C5-2025: PI-01.01AC | SOC2: cc_6_6 | RBI-Cyber-Security-Framework: annex_i_1_3 | ProwlerThreatScore-1.0: 2.1.4, 2.1.7 | CIS-5.0: 5.3, 5.4 | CIS-1.4: 5.2;internet-exposed;;;;5.33.1;https://docs.aws.amazon.com/vpc/latest/userguide/VPC_SecurityGroups.html | https://www.trendmicro.com/trendaivisiononecloudriskmanagement/knowledge-base/aws/EC2/unrestricted-rdp-access.html;;
profile: None;2026-07-13 09:37:50.757461;735291151388;;;;;;prowler-aws-ec2_securitygroup_allow_ingress_from_internet_to_tcp_port_cassandra_7199_9160_8888-735291151388-ap-south-1-sg-09310ccc8f2635d73;aws;ec2_securitygroup_allow_ingress_from_internet_to_tcp_port_cassandra_7199_9160_8888;Security group does not allow ingress from 0.0.0.0/0 or ::/0 to Cassandra TCP ports 7199, 9160, or 8888;Software and Configuration Checks/AWS Security Best Practices/Network Reachability | Software and Configuration Checks/Industry and Regulatory Standards/AWS Foundational Security Best Practices | TTPs/Initial Access/Unauthorized Access | Effects/Data Exposure;PASS;Security group cloudguardian-web-sg (sg-09310ccc8f2635d73) does not have Casandra ports 7199, 8888 and 9160 open to the Internet.;False;ec2;;high;AwsEc2SecurityGroup;arn:aws:ec2:ap-south-1:735291151388:security-group/sg-09310ccc8f2635d73;sg-09310ccc8f2635d73;cloudguardian-web-sg;Name=cloudguardian-web-sg;aws;ap-south-1;"**EC2 security groups** are evaluated for inbound rules that allow the Internet (`0.0.0.0/0` or `::/0`) to reach **Cassandra ports** `7199`, `9160`, or `8888`.

Focuses on `tcp` rules that expose these ports to public sources.";"Exposed **Cassandra interfaces** (`7199` JMX, `9160` Thrift, `8888` tools) enable:
- Unauthorized reads of data/metrics (confidentiality)
- Schema and cluster changes (integrity)
- Remote operations causing outages (availability)

Public reachability also increases brute-force and exploit attempts.";;"Restrict **ingress** on `7199`, `9160`, `8888` to trusted sources:
- Enforce **least privilege** allow-lists; avoid `0.0.0.0/0` and `::/0`
- Place nodes in private subnets; use VPN or a bastion for admin
- Prefer strong auth and *mTLS*; bind management to internal interfaces
- Apply **defense in depth** with segmentation (north-south and east-west)";https://hub.prowler.com/check/ec2_securitygroup_allow_ingress_from_internet_to_tcp_port_cassandra_7199_9160_8888;"```yaml
# CloudFormation: restrict Cassandra ports from Internet
Resources:
  <example_resource_name>:
    Type: AWS::EC2::SecurityGroup
    Properties:
      GroupDescription: Restrict Cassandra ports
      VpcId: <example_resource_id>
      SecurityGroupIngress:
        - IpProtocol: tcp
          FromPort: 7199
          ToPort: 7199
          CidrIp: 10.0.0.0/16  # Critical: not 0.0.0.0/0; restricts IPv4 source
        - IpProtocol: tcp
          FromPort: 9160
          ToPort: 9160
          CidrIp: 10.0.0.0/16  # Critical: not 0.0.0.0/0; restricts IPv4 source
        - IpProtocol: tcp
          FromPort: 8888
          ToPort: 8888
          CidrIp: 10.0.0.0/16  # Critical: not 0.0.0.0/0; restricts IPv4 source
```";"```hcl
# Restrict Cassandra ports from Internet
resource ""aws_security_group"" ""example"" {
  name   = ""<example_resource_name>""
  vpc_id = ""<example_resource_id>""

  ingress {
    from_port   = 7199
    to_port     = 7199
    protocol    = ""tcp""
    cidr_blocks = [""10.0.0.0/16""]  # Critical: not 0.0.0.0/0; restricts IPv4 source
  }
  ingress {
    from_port   = 9160
    to_port     = 9160
    protocol    = ""tcp""
    cidr_blocks = [""10.0.0.0/16""]  # Critical: not 0.0.0.0/0; restricts IPv4 source
  }
  ingress {
    from_port   = 8888
    to_port     = 8888
    protocol    = ""tcp""
    cidr_blocks = [""10.0.0.0/16""]  # Critical: not 0.0.0.0/0; restricts IPv4 source
  }
}
```";aws ec2 revoke-security-group-ingress --group-id <SECURITY_GROUP_ID> --ip-permissions IpProtocol=tcp,FromPort=7199,ToPort=7199,IpRanges='[{CidrIp=0.0.0.0/0}]',Ipv6Ranges='[{CidrIpv6=::/0}]' IpProtocol=tcp,FromPort=9160,ToPort=9160,IpRanges='[{CidrIp=0.0.0.0/0}]',Ipv6Ranges='[{CidrIpv6=::/0}]' IpProtocol=tcp,FromPort=8888,ToPort=8888,IpRanges='[{CidrIp=0.0.0.0/0}]',Ipv6Ranges='[{CidrIpv6=::/0}]';"1. In AWS Console, go to EC2 > Security Groups
2. Select the security group attached to the instance
3. In Inbound rules, delete any rule allowing TCP 7199, 9160, or 8888 from 0.0.0.0/0 or ::/0
4. If needed, add new rules for these ports limited to specific trusted CIDR(s)
5. Save rules";AWS-Foundational-Technical-Review: NETSEC-001 | KISA-ISMS-P-2023-korean: 2.6.1, 2.6.4, 2.10.2 | MITRE-ATTACK: T1199, T1048, T1499, T1498, T1046 | ISO27001-2022: A.8.20, A.8.21, A.8.22 | AWS-Well-Architected-Framework-Security-Pillar: SEC05-BP03 | KISA-ISMS-P-2023: 2.6.1, 2.6.4, 2.10.2 | C5-2025: PI-01.01AC | SOC2: cc_6_6 | ProwlerThreatScore-1.0: 2.1.7;internet-exposed;;;;5.33.1;https://docs.aws.amazon.com/vpc/latest/userguide/VPC_SecurityGroups.html | https://support.icompaas.com/support/solutions/articles/62000127020-ensure-security-groups-do-not-allow-unrestricted-ingress-access-to-cassandra-ports-7199-or-9160-or-88;;
profile: None;2026-07-13 09:37:50.757461;735291151388;;;;;;prowler-aws-ec2_securitygroup_allow_ingress_from_internet_to_tcp_port_cassandra_7199_9160_8888-735291151388-ap-south-1-sg-0652e5b7e75b01aa9;aws;ec2_securitygroup_allow_ingress_from_internet_to_tcp_port_cassandra_7199_9160_8888;Security group does not allow ingress from 0.0.0.0/0 or ::/0 to Cassandra TCP ports 7199, 9160, or 8888;Software and Configuration Checks/AWS Security Best Practices/Network Reachability | Software and Configuration Checks/Industry and Regulatory Standards/AWS Foundational Security Best Practices | TTPs/Initial Access/Unauthorized Access | Effects/Data Exposure;PASS;Security group cloudguardian-rds-sg (sg-0652e5b7e75b01aa9) does not have Casandra ports 7199, 8888 and 9160 open to the Internet.;False;ec2;;high;AwsEc2SecurityGroup;arn:aws:ec2:ap-south-1:735291151388:security-group/sg-0652e5b7e75b01aa9;sg-0652e5b7e75b01aa9;cloudguardian-rds-sg;Name=cloudguardian-rds-sg;aws;ap-south-1;"**EC2 security groups** are evaluated for inbound rules that allow the Internet (`0.0.0.0/0` or `::/0`) to reach **Cassandra ports** `7199`, `9160`, or `8888`.

Focuses on `tcp` rules that expose these ports to public sources.";"Exposed **Cassandra interfaces** (`7199` JMX, `9160` Thrift, `8888` tools) enable:
- Unauthorized reads of data/metrics (confidentiality)
- Schema and cluster changes (integrity)
- Remote operations causing outages (availability)

Public reachability also increases brute-force and exploit attempts.";;"Restrict **ingress** on `7199`, `9160`, `8888` to trusted sources:
- Enforce **least privilege** allow-lists; avoid `0.0.0.0/0` and `::/0`
- Place nodes in private subnets; use VPN or a bastion for admin
- Prefer strong auth and *mTLS*; bind management to internal interfaces
- Apply **defense in depth** with segmentation (north-south and east-west)";https://hub.prowler.com/check/ec2_securitygroup_allow_ingress_from_internet_to_tcp_port_cassandra_7199_9160_8888;"```yaml
# CloudFormation: restrict Cassandra ports from Internet
Resources:
  <example_resource_name>:
    Type: AWS::EC2::SecurityGroup
    Properties:
      GroupDescription: Restrict Cassandra ports
      VpcId: <example_resource_id>
      SecurityGroupIngress:
        - IpProtocol: tcp
          FromPort: 7199
          ToPort: 7199
          CidrIp: 10.0.0.0/16  # Critical: not 0.0.0.0/0; restricts IPv4 source
        - IpProtocol: tcp
          FromPort: 9160
          ToPort: 9160
          CidrIp: 10.0.0.0/16  # Critical: not 0.0.0.0/0; restricts IPv4 source
        - IpProtocol: tcp
          FromPort: 8888
          ToPort: 8888
          CidrIp: 10.0.0.0/16  # Critical: not 0.0.0.0/0; restricts IPv4 source
```";"```hcl
# Restrict Cassandra ports from Internet
resource ""aws_security_group"" ""example"" {
  name   = ""<example_resource_name>""
  vpc_id = ""<example_resource_id>""

  ingress {
    from_port   = 7199
    to_port     = 7199
    protocol    = ""tcp""
    cidr_blocks = [""10.0.0.0/16""]  # Critical: not 0.0.0.0/0; restricts IPv4 source
  }
  ingress {
    from_port   = 9160
    to_port     = 9160
    protocol    = ""tcp""
    cidr_blocks = [""10.0.0.0/16""]  # Critical: not 0.0.0.0/0; restricts IPv4 source
  }
  ingress {
    from_port   = 8888
    to_port     = 8888
    protocol    = ""tcp""
    cidr_blocks = [""10.0.0.0/16""]  # Critical: not 0.0.0.0/0; restricts IPv4 source
  }
}
```";aws ec2 revoke-security-group-ingress --group-id <SECURITY_GROUP_ID> --ip-permissions IpProtocol=tcp,FromPort=7199,ToPort=7199,IpRanges='[{CidrIp=0.0.0.0/0}]',Ipv6Ranges='[{CidrIpv6=::/0}]' IpProtocol=tcp,FromPort=9160,ToPort=9160,IpRanges='[{CidrIp=0.0.0.0/0}]',Ipv6Ranges='[{CidrIpv6=::/0}]' IpProtocol=tcp,FromPort=8888,ToPort=8888,IpRanges='[{CidrIp=0.0.0.0/0}]',Ipv6Ranges='[{CidrIpv6=::/0}]';"1. In AWS Console, go to EC2 > Security Groups
2. Select the security group attached to the instance
3. In Inbound rules, delete any rule allowing TCP 7199, 9160, or 8888 from 0.0.0.0/0 or ::/0
4. If needed, add new rules for these ports limited to specific trusted CIDR(s)
5. Save rules";AWS-Foundational-Technical-Review: NETSEC-001 | KISA-ISMS-P-2023-korean: 2.6.1, 2.6.4, 2.10.2 | MITRE-ATTACK: T1199, T1048, T1499, T1498, T1046 | ISO27001-2022: A.8.20, A.8.21, A.8.22 | AWS-Well-Architected-Framework-Security-Pillar: SEC05-BP03 | KISA-ISMS-P-2023: 2.6.1, 2.6.4, 2.10.2 | C5-2025: PI-01.01AC | SOC2: cc_6_6 | ProwlerThreatScore-1.0: 2.1.7;internet-exposed;;;;5.33.1;https://docs.aws.amazon.com/vpc/latest/userguide/VPC_SecurityGroups.html | https://support.icompaas.com/support/solutions/articles/62000127020-ensure-security-groups-do-not-allow-unrestricted-ingress-access-to-cassandra-ports-7199-or-9160-or-88;;
profile: None;2026-07-13 09:37:50.757461;735291151388;;;;;;prowler-aws-ec2_securitygroup_allow_ingress_from_internet_to_tcp_port_elasticsearch_kibana_9200_9300_5601-735291151388-ap-south-1-sg-09310ccc8f2635d73;aws;ec2_securitygroup_allow_ingress_from_internet_to_tcp_port_elasticsearch_kibana_9200_9300_5601;Security group does not allow ingress from 0.0.0.0/0 or ::/0 to Elasticsearch/Kibana TCP ports 9200, 9300, and 5601;Software and Configuration Checks/AWS Security Best Practices/Network Reachability | Software and Configuration Checks/Industry and Regulatory Standards/AWS Foundational Security Best Practices | TTPs/Initial Access;PASS;Security group cloudguardian-web-sg (sg-09310ccc8f2635d73) does not have Elasticsearch/Kibana ports 9200, 9300 and 5601 open to the Internet.;False;ec2;;high;AwsEc2SecurityGroup;arn:aws:ec2:ap-south-1:735291151388:security-group/sg-09310ccc8f2635d73;sg-09310ccc8f2635d73;cloudguardian-web-sg;Name=cloudguardian-web-sg;aws;ap-south-1;**EC2 security groups** restrict public ingress to Elasticsearch/Kibana ports `9200`, `9300`, and `5601`, denying sources `0.0.0.0/0` and `::/0`;"Open Elasticsearch/Kibana ports to the Internet erode CIA:
- Confidentiality: unauthorized queries and data exfiltration
- Integrity: index tampering/deletion, cluster control via `9300`
- Availability: API abuse, exploit-based outages, and Kibana `5601` brute-force";;"Limit ingress to `9200`, `9300`, and `5601` to trusted CIDRs or private connectivity; never allow `0.0.0.0/0` or `::/0`. Prefer **private access** via VPN, bastion, or private endpoints. Apply **least privilege**, network segmentation, and **defense in depth** (NACLs/WAF). Require strong auth and TLS on Elasticsearch/Kibana.";https://hub.prowler.com/check/ec2_securitygroup_allow_ingress_from_internet_to_tcp_port_elasticsearch_kibana_9200_9300_5601;"```yaml
# CloudFormation: restrict Elasticsearch/Kibana ports from Internet
Resources:
  <example_resource_name>:
    Type: AWS::EC2::SecurityGroup
    Properties:
      GroupDescription: Block Internet access to 9200, 9300, 5601
      VpcId: vpc-<example_resource_id>
      SecurityGroupIngress:
        - IpProtocol: tcp
          FromPort: 9200
          ToPort: 9200
          CidrIp: 10.0.0.0/8  # CRITICAL: not 0.0.0.0/0 or ::/0; restricts 9200 to trusted CIDR
        - IpProtocol: tcp
          FromPort: 9300
          ToPort: 9300
          CidrIp: 10.0.0.0/8  # CRITICAL: restricts 9300 from Internet
        - IpProtocol: tcp
          FromPort: 5601
          ToPort: 5601
          CidrIp: 10.0.0.0/8  # CRITICAL: restricts 5601 (Kibana) from Internet
```";"```hcl
resource ""aws_security_group"" ""<example_resource_name>"" {
  name   = ""<example_resource_name>""
  vpc_id = ""<example_resource_id>""

  # CRITICAL: Do not use 0.0.0.0/0 or ::/0; restrict these ports to trusted CIDRs
  ingress {
    from_port   = 9200
    to_port     = 9200
    protocol    = ""tcp""
    cidr_blocks = [""10.0.0.0/8""]  # CRITICAL: restricts 9200 from Internet
  }
  ingress {
    from_port   = 9300
    to_port     = 9300
    protocol    = ""tcp""
    cidr_blocks = [""10.0.0.0/8""]  # CRITICAL: restricts 9300 from Internet
  }
  ingress {
    from_port   = 5601
    to_port     = 5601
    protocol    = ""tcp""
    cidr_blocks = [""10.0.0.0/8""]  # CRITICAL: restricts 5601 (Kibana) from Internet
  }
}
```";"aws ec2 revoke-security-group-ingress --group-id <SECURITY_GROUP_ID> --ip-permissions '[{""IpProtocol"":""tcp"",""FromPort"":9200,""ToPort"":9200,""IpRanges"":[{""CidrIp"":""0.0.0.0/0""}],""Ipv6Ranges"":[{""CidrIpv6"":""::/0""}]},{""IpProtocol"":""tcp"",""FromPort"":9300,""ToPort"":9300,""IpRanges"":[{""CidrIp"":""0.0.0.0/0""}],""Ipv6Ranges"":[{""CidrIpv6"":""::/0""}]},{""IpProtocol"":""tcp"",""FromPort"":5601,""ToPort"":5601,""IpRanges"":[{""CidrIp"":""0.0.0.0/0""}],""Ipv6Ranges"":[{""CidrIpv6"":""::/0""}]}]'";"1. Open the AWS Console and go to VPC > Security Groups
2. Select the affected security group
3. Choose Inbound rules > Edit inbound rules
4. For ports 9200, 9300, and 5601, remove any rule with Source 0.0.0.0/0 or ::/0
5. If access is required, add rules for only trusted CIDR(s) instead
6. Save rules";AWS-Foundational-Technical-Review: NETSEC-001 | KISA-ISMS-P-2023-korean: 2.6.1, 2.6.2, 2.10.2 | MITRE-ATTACK: T1199, T1048, T1499, T1498, T1046 | ISO27001-2022: A.8.20, A.8.21, A.8.22 | AWS-Well-Architected-Framework-Security-Pillar: SEC05-BP03 | NIST-CSF-2.0: ac_5 | KISA-ISMS-P-2023: 2.6.1, 2.6.2, 2.10.2 | C5-2025: PI-01.01AC | SOC2: cc_6_6 | ProwlerThreatScore-1.0: 2.1.7;internet-exposed;;;;5.33.1;https://docs.aws.amazon.com/vpc/latest/userguide/VPC_SecurityGroups.html | https://support.icompaas.com/support/solutions/articles/62000233821-ensure-no-ec2-instances-allow-ingress-from-the-internet-to-elasticsearch-and-kibana-ports-tcp-9200-;;
profile: None;2026-07-13 09:37:50.757461;735291151388;;;;;;prowler-aws-ec2_securitygroup_allow_ingress_from_internet_to_tcp_port_elasticsearch_kibana_9200_9300_5601-735291151388-ap-south-1-sg-0652e5b7e75b01aa9;aws;ec2_securitygroup_allow_ingress_from_internet_to_tcp_port_elasticsearch_kibana_9200_9300_5601;Security group does not allow ingress from 0.0.0.0/0 or ::/0 to Elasticsearch/Kibana TCP ports 9200, 9300, and 5601;Software and Configuration Checks/AWS Security Best Practices/Network Reachability | Software and Configuration Checks/Industry and Regulatory Standards/AWS Foundational Security Best Practices | TTPs/Initial Access;PASS;Security group cloudguardian-rds-sg (sg-0652e5b7e75b01aa9) does not have Elasticsearch/Kibana ports 9200, 9300 and 5601 open to the Internet.;False;ec2;;high;AwsEc2SecurityGroup;arn:aws:ec2:ap-south-1:735291151388:security-group/sg-0652e5b7e75b01aa9;sg-0652e5b7e75b01aa9;cloudguardian-rds-sg;Name=cloudguardian-rds-sg;aws;ap-south-1;**EC2 security groups** restrict public ingress to Elasticsearch/Kibana ports `9200`, `9300`, and `5601`, denying sources `0.0.0.0/0` and `::/0`;"Open Elasticsearch/Kibana ports to the Internet erode CIA:
- Confidentiality: unauthorized queries and data exfiltration
- Integrity: index tampering/deletion, cluster control via `9300`
- Availability: API abuse, exploit-based outages, and Kibana `5601` brute-force";;"Limit ingress to `9200`, `9300`, and `5601` to trusted CIDRs or private connectivity; never allow `0.0.0.0/0` or `::/0`. Prefer **private access** via VPN, bastion, or private endpoints. Apply **least privilege**, network segmentation, and **defense in depth** (NACLs/WAF). Require strong auth and TLS on Elasticsearch/Kibana.";https://hub.prowler.com/check/ec2_securitygroup_allow_ingress_from_internet_to_tcp_port_elasticsearch_kibana_9200_9300_5601;"```yaml
# CloudFormation: restrict Elasticsearch/Kibana ports from Internet
Resources:
  <example_resource_name>:
    Type: AWS::EC2::SecurityGroup
    Properties:
      GroupDescription: Block Internet access to 9200, 9300, 5601
      VpcId: vpc-<example_resource_id>
      SecurityGroupIngress:
        - IpProtocol: tcp
          FromPort: 9200
          ToPort: 9200
          CidrIp: 10.0.0.0/8  # CRITICAL: not 0.0.0.0/0 or ::/0; restricts 9200 to trusted CIDR
        - IpProtocol: tcp
          FromPort: 9300
          ToPort: 9300
          CidrIp: 10.0.0.0/8  # CRITICAL: restricts 9300 from Internet
        - IpProtocol: tcp
          FromPort: 5601
          ToPort: 5601
          CidrIp: 10.0.0.0/8  # CRITICAL: restricts 5601 (Kibana) from Internet
```";"```hcl
resource ""aws_security_group"" ""<example_resource_name>"" {
  name   = ""<example_resource_name>""
  vpc_id = ""<example_resource_id>""

  # CRITICAL: Do not use 0.0.0.0/0 or ::/0; restrict these ports to trusted CIDRs
  ingress {
    from_port   = 9200
    to_port     = 9200
    protocol    = ""tcp""
    cidr_blocks = [""10.0.0.0/8""]  # CRITICAL: restricts 9200 from Internet
  }
  ingress {
    from_port   = 9300
    to_port     = 9300
    protocol    = ""tcp""
    cidr_blocks = [""10.0.0.0/8""]  # CRITICAL: restricts 9300 from Internet
  }
  ingress {
    from_port   = 5601
    to_port     = 5601
    protocol    = ""tcp""
    cidr_blocks = [""10.0.0.0/8""]  # CRITICAL: restricts 5601 (Kibana) from Internet
  }
}
```";"aws ec2 revoke-security-group-ingress --group-id <SECURITY_GROUP_ID> --ip-permissions '[{""IpProtocol"":""tcp"",""FromPort"":9200,""ToPort"":9200,""IpRanges"":[{""CidrIp"":""0.0.0.0/0""}],""Ipv6Ranges"":[{""CidrIpv6"":""::/0""}]},{""IpProtocol"":""tcp"",""FromPort"":9300,""ToPort"":9300,""IpRanges"":[{""CidrIp"":""0.0.0.0/0""}],""Ipv6Ranges"":[{""CidrIpv6"":""::/0""}]},{""IpProtocol"":""tcp"",""FromPort"":5601,""ToPort"":5601,""IpRanges"":[{""CidrIp"":""0.0.0.0/0""}],""Ipv6Ranges"":[{""CidrIpv6"":""::/0""}]}]'";"1. Open the AWS Console and go to VPC > Security Groups
2. Select the affected security group
3. Choose Inbound rules > Edit inbound rules
4. For ports 9200, 9300, and 5601, remove any rule with Source 0.0.0.0/0 or ::/0
5. If access is required, add rules for only trusted CIDR(s) instead
6. Save rules";AWS-Foundational-Technical-Review: NETSEC-001 | KISA-ISMS-P-2023-korean: 2.6.1, 2.6.2, 2.10.2 | MITRE-ATTACK: T1199, T1048, T1499, T1498, T1046 | ISO27001-2022: A.8.20, A.8.21, A.8.22 | AWS-Well-Architected-Framework-Security-Pillar: SEC05-BP03 | NIST-CSF-2.0: ac_5 | KISA-ISMS-P-2023: 2.6.1, 2.6.2, 2.10.2 | C5-2025: PI-01.01AC | SOC2: cc_6_6 | ProwlerThreatScore-1.0: 2.1.7;internet-exposed;;;;5.33.1;https://docs.aws.amazon.com/vpc/latest/userguide/VPC_SecurityGroups.html | https://support.icompaas.com/support/solutions/articles/62000233821-ensure-no-ec2-instances-allow-ingress-from-the-internet-to-elasticsearch-and-kibana-ports-tcp-9200-;;
profile: None;2026-07-13 09:37:50.757461;735291151388;;;;;;prowler-aws-ec2_securitygroup_allow_ingress_from_internet_to_tcp_port_ftp_20_21-735291151388-ap-south-1-sg-09310ccc8f2635d73;aws;ec2_securitygroup_allow_ingress_from_internet_to_tcp_port_ftp_20_21;Security group does not allow ingress from 0.0.0.0/0 or ::/0 to FTP ports 20 or 21;Software and Configuration Checks/AWS Security Best Practices/Network Reachability | TTPs/Initial Access;PASS;Security group cloudguardian-web-sg (sg-09310ccc8f2635d73) does not have FTP ports 20 and 21 open to the Internet.;False;ec2;;high;AwsEc2SecurityGroup;arn:aws:ec2:ap-south-1:735291151388:security-group/sg-09310ccc8f2635d73;sg-09310ccc8f2635d73;cloudguardian-web-sg;Name=cloudguardian-web-sg;aws;ap-south-1;EC2 security groups are evaluated for Internet-exposed **FTP**: any inbound rule allowing `tcp` ports `20` or `21` from `0.0.0.0/0` or `::/0`.;"Exposed FTP weakens CIA:
- Confidentiality: cleartext credentials/files enable interception and brute force.
- Integrity: unauthorized uploads or tampering enable malware staging.
- Availability: mass scans and login attempts can exhaust resources and disrupt services.";;"Apply **least privilege** and **defense in depth**:
- Remove `0.0.0.0/0` and `::/0` to `20`/`21`; allow only trusted IPs or private access (VPN/peering).
- Prefer **SFTP/FTPS** or HTTPS; disable anonymous FTP.
- Segment transfer hosts, monitor access, and enforce rate limits and strong authentication.";https://hub.prowler.com/check/ec2_securitygroup_allow_ingress_from_internet_to_tcp_port_ftp_20_21;"```yaml
# CloudFormation: restrict FTP (20,21) from Internet
Resources:
  <example_resource_name>:
    Type: AWS::EC2::SecurityGroup
    Properties:
      GroupDescription: Restrict FTP from Internet
      VpcId: <example_resource_id>
      SecurityGroupIngress:
        - IpProtocol: tcp
          FromPort: 20
          ToPort: 20
          CidrIp: 10.0.0.0/8  # Critical: not 0.0.0.0/0; limits IPv4 to a private range
        - IpProtocol: tcp
          FromPort: 21
          ToPort: 21
          CidrIp: 10.0.0.0/8  # Critical: not 0.0.0.0/0; limits IPv4 to a private range
```";"```hcl
# Terraform: restrict FTP (20,21) from Internet
resource ""aws_security_group"" ""<example_resource_name>"" {
  name   = ""<example_resource_name>""
  vpc_id = ""<example_resource_id>""

  ingress {
    from_port   = 20
    to_port     = 20
    protocol    = ""tcp""
    cidr_blocks = [""10.0.0.0/8""] # Critical: not 0.0.0.0/0; restricts IPv4
  }

  ingress {
    from_port   = 21
    to_port     = 21
    protocol    = ""tcp""
    cidr_blocks = [""10.0.0.0/8""] # Critical: not 0.0.0.0/0; restricts IPv4
  }
}
```";"aws ec2 revoke-security-group-ingress --group-id <SECURITY_GROUP_ID> --ip-permissions '[{""IpProtocol"":""tcp"",""FromPort"":20,""ToPort"":20,""IpRanges"":[{""CidrIp"":""0.0.0.0/0""}],""Ipv6Ranges"":[{""CidrIpv6"":""::/0""}]},{""IpProtocol"":""tcp"",""FromPort"":21,""ToPort"":21,""IpRanges"":[{""CidrIp"":""0.0.0.0/0""}],""Ipv6Ranges"":[{""CidrIpv6"":""::/0""}]}]'";"1. Open the AWS Console and go to EC2 > Security Groups
2. Select the security group attached to the affected resource
3. In Inbound rules, find any rules for TCP ports 20 or 21 with Source 0.0.0.0/0 or ::/0
4. Delete those rules (or edit them to a specific trusted CIDR only)
5. Save rules";AWS-Foundational-Technical-Review: NETSEC-001 | KISA-ISMS-P-2023-korean: 2.6.1, 2.6.2, 2.6.6, 2.10.2 | CCC-v2025.10: CCC.Core.CN01.AR03 | MITRE-ATTACK: T1199, T1048, T1499, T1498, T1046 | ISO27001-2022: A.8.20, A.8.21, A.8.22 | AWS-Well-Architected-Framework-Security-Pillar: SEC05-BP03 | KISA-ISMS-P-2023: 2.6.1, 2.6.2, 2.6.6, 2.10.2 | C5-2025: PI-01.01AC | SOC2: cc_6_6 | RBI-Cyber-Security-Framework: annex_i_1_3 | ProwlerThreatScore-1.0: 2.1.7;internet-exposed;;;;5.33.1;https://docs.aws.amazon.com/vpc/latest/userguide/VPC_SecurityGroups.html | https://www.trendmicro.com/trendaivisiononecloudriskmanagement/knowledge-base/aws/EC2/unrestricted-ftp-access.html;;
profile: None;2026-07-13 09:37:50.757461;735291151388;;;;;;prowler-aws-ec2_securitygroup_allow_ingress_from_internet_to_tcp_port_ftp_20_21-735291151388-ap-south-1-sg-0652e5b7e75b01aa9;aws;ec2_securitygroup_allow_ingress_from_internet_to_tcp_port_ftp_20_21;Security group does not allow ingress from 0.0.0.0/0 or ::/0 to FTP ports 20 or 21;Software and Configuration Checks/AWS Security Best Practices/Network Reachability | TTPs/Initial Access;PASS;Security group cloudguardian-rds-sg (sg-0652e5b7e75b01aa9) does not have FTP ports 20 and 21 open to the Internet.;False;ec2;;high;AwsEc2SecurityGroup;arn:aws:ec2:ap-south-1:735291151388:security-group/sg-0652e5b7e75b01aa9;sg-0652e5b7e75b01aa9;cloudguardian-rds-sg;Name=cloudguardian-rds-sg;aws;ap-south-1;EC2 security groups are evaluated for Internet-exposed **FTP**: any inbound rule allowing `tcp` ports `20` or `21` from `0.0.0.0/0` or `::/0`.;"Exposed FTP weakens CIA:
- Confidentiality: cleartext credentials/files enable interception and brute force.
- Integrity: unauthorized uploads or tampering enable malware staging.
- Availability: mass scans and login attempts can exhaust resources and disrupt services.";;"Apply **least privilege** and **defense in depth**:
- Remove `0.0.0.0/0` and `::/0` to `20`/`21`; allow only trusted IPs or private access (VPN/peering).
- Prefer **SFTP/FTPS** or HTTPS; disable anonymous FTP.
- Segment transfer hosts, monitor access, and enforce rate limits and strong authentication.";https://hub.prowler.com/check/ec2_securitygroup_allow_ingress_from_internet_to_tcp_port_ftp_20_21;"```yaml
# CloudFormation: restrict FTP (20,21) from Internet
Resources:
  <example_resource_name>:
    Type: AWS::EC2::SecurityGroup
    Properties:
      GroupDescription: Restrict FTP from Internet
      VpcId: <example_resource_id>
      SecurityGroupIngress:
        - IpProtocol: tcp
          FromPort: 20
          ToPort: 20
          CidrIp: 10.0.0.0/8  # Critical: not 0.0.0.0/0; limits IPv4 to a private range
        - IpProtocol: tcp
          FromPort: 21
          ToPort: 21
          CidrIp: 10.0.0.0/8  # Critical: not 0.0.0.0/0; limits IPv4 to a private range
```";"```hcl
# Terraform: restrict FTP (20,21) from Internet
resource ""aws_security_group"" ""<example_resource_name>"" {
  name   = ""<example_resource_name>""
  vpc_id = ""<example_resource_id>""

  ingress {
    from_port   = 20
    to_port     = 20
    protocol    = ""tcp""
    cidr_blocks = [""10.0.0.0/8""] # Critical: not 0.0.0.0/0; restricts IPv4
  }

  ingress {
    from_port   = 21
    to_port     = 21
    protocol    = ""tcp""
    cidr_blocks = [""10.0.0.0/8""] # Critical: not 0.0.0.0/0; restricts IPv4
  }
}
```";"aws ec2 revoke-security-group-ingress --group-id <SECURITY_GROUP_ID> --ip-permissions '[{""IpProtocol"":""tcp"",""FromPort"":20,""ToPort"":20,""IpRanges"":[{""CidrIp"":""0.0.0.0/0""}],""Ipv6Ranges"":[{""CidrIpv6"":""::/0""}]},{""IpProtocol"":""tcp"",""FromPort"":21,""ToPort"":21,""IpRanges"":[{""CidrIp"":""0.0.0.0/0""}],""Ipv6Ranges"":[{""CidrIpv6"":""::/0""}]}]'";"1. Open the AWS Console and go to EC2 > Security Groups
2. Select the security group attached to the affected resource
3. In Inbound rules, find any rules for TCP ports 20 or 21 with Source 0.0.0.0/0 or ::/0
4. Delete those rules (or edit them to a specific trusted CIDR only)
5. Save rules";AWS-Foundational-Technical-Review: NETSEC-001 | KISA-ISMS-P-2023-korean: 2.6.1, 2.6.2, 2.6.6, 2.10.2 | CCC-v2025.10: CCC.Core.CN01.AR03 | MITRE-ATTACK: T1199, T1048, T1499, T1498, T1046 | ISO27001-2022: A.8.20, A.8.21, A.8.22 | AWS-Well-Architected-Framework-Security-Pillar: SEC05-BP03 | KISA-ISMS-P-2023: 2.6.1, 2.6.2, 2.6.6, 2.10.2 | C5-2025: PI-01.01AC | SOC2: cc_6_6 | RBI-Cyber-Security-Framework: annex_i_1_3 | ProwlerThreatScore-1.0: 2.1.7;internet-exposed;;;;5.33.1;https://docs.aws.amazon.com/vpc/latest/userguide/VPC_SecurityGroups.html | https://www.trendmicro.com/trendaivisiononecloudriskmanagement/knowledge-base/aws/EC2/unrestricted-ftp-access.html;;
profile: None;2026-07-13 09:37:50.757461;735291151388;;;;;;prowler-aws-ec2_securitygroup_allow_ingress_from_internet_to_tcp_port_kafka_9092-735291151388-ap-south-1-sg-09310ccc8f2635d73;aws;ec2_securitygroup_allow_ingress_from_internet_to_tcp_port_kafka_9092;Security group does not allow ingress from 0.0.0.0/0 or ::/0 to TCP port 9092 (Kafka);Software and Configuration Checks/AWS Security Best Practices/Network Reachability | Software and Configuration Checks/Industry and Regulatory Standards/AWS Foundational Security Best Practices | TTPs/Initial Access/Unauthorized Access | Effects/Data Exposure;PASS;Security group cloudguardian-web-sg (sg-09310ccc8f2635d73) does not have Kafka port 9092 open to the Internet.;False;ec2;;high;AwsEc2SecurityGroup;arn:aws:ec2:ap-south-1:735291151388:security-group/sg-09310ccc8f2635d73;sg-09310ccc8f2635d73;cloudguardian-web-sg;Name=cloudguardian-web-sg;aws;ap-south-1;**EC2 security groups** are evaluated for ingress rules that expose **Kafka** on `TCP 9092` to the Internet via `0.0.0.0/0` or `::/0`;Public Kafka `9092` access allows arbitrary clients to connect, enabling topic enumeration, data exfiltration, and producer/consumer impersonation (**C/I**). Brokers can be flooded or exploited, disrupting clusters (**A**). Exposure gives attackers a foothold for lateral movement inside the VPC.;;"Apply **least privilege**: restrict `9092` to required subnets or IPs; avoid `0.0.0.0/0` and `::/0`. Place brokers on private networks and use peering or VPN for access. Enforce **mutual TLS/SASL** and topic ACLs, and add **defense in depth** with segmentation and NACLs.";https://hub.prowler.com/check/ec2_securitygroup_allow_ingress_from_internet_to_tcp_port_kafka_9092;"```yaml
# CloudFormation: restrict Kafka (9092) from Internet
Resources:
  <example_resource_name>:
    Type: AWS::EC2::SecurityGroup
    Properties:
      GroupDescription: Restrict Kafka 9092
      VpcId: <example_resource_id>
      SecurityGroupIngress:
        - IpProtocol: tcp
          FromPort: 9092
          ToPort: 9092
          CidrIp: 10.0.0.0/8  # Critical: not 0.0.0.0/0; restricts access to private range to avoid Internet exposure
```";"```hcl
# Restrict Kafka (9092) from Internet
resource ""aws_security_group"" ""<example_resource_name>"" {
  name   = ""<example_resource_name>""
  vpc_id = ""<example_resource_id>""

  ingress {
    from_port   = 9092
    to_port     = 9092
    protocol    = ""tcp""
    cidr_blocks = [""10.0.0.0/8""] # Critical: not 0.0.0.0/0; restricts access to avoid Internet exposure
  }
}
```";"aws ec2 revoke-security-group-ingress --group-id <SECURITY_GROUP_ID> --ip-permissions '[{""IpProtocol"":""tcp"",""FromPort"":9092,""ToPort"":9092,""IpRanges"":[{""CidrIp"":""0.0.0.0/0""}],""Ipv6Ranges"":[{""CidrIpv6"":""::/0""}]}]'";"1. In AWS Console, go to EC2 > Security Groups
2. Select the group attached to the resource
3. Inbound rules > Edit inbound rules
4. Find any rule for TCP port 9092 with Source 0.0.0.0/0 or ::/0
5. Delete the rule or change Source to a specific trusted CIDR or security group
6. Save rules";AWS-Foundational-Technical-Review: NETSEC-001 | KISA-ISMS-P-2023-korean: 2.6.1, 2.6.2, 2.10.2 | MITRE-ATTACK: T1199, T1048, T1499, T1498, T1046 | ISO27001-2022: A.8.20, A.8.21, A.8.22 | AWS-Well-Architected-Framework-Security-Pillar: SEC05-BP03 | KISA-ISMS-P-2023: 2.6.1, 2.6.2, 2.10.2 | C5-2025: PI-01.01AC | SOC2: cc_6_6 | ProwlerThreatScore-1.0: 2.1.7;internet-exposed;;;;5.33.1;https://docs.aws.amazon.com/vpc/latest/userguide/VPC_SecurityGroups.html | https://support.icompaas.com/support/solutions/articles/62000233725-ensure-no-security-groups-allow-ingress-from-0-0-0-0-0-or-0-to-kafka-port-9092-;;
profile: None;2026-07-13 09:37:50.757461;735291151388;;;;;;prowler-aws-ec2_securitygroup_allow_ingress_from_internet_to_tcp_port_kafka_9092-735291151388-ap-south-1-sg-0652e5b7e75b01aa9;aws;ec2_securitygroup_allow_ingress_from_internet_to_tcp_port_kafka_9092;Security group does not allow ingress from 0.0.0.0/0 or ::/0 to TCP port 9092 (Kafka);Software and Configuration Checks/AWS Security Best Practices/Network Reachability | Software and Configuration Checks/Industry and Regulatory Standards/AWS Foundational Security Best Practices | TTPs/Initial Access/Unauthorized Access | Effects/Data Exposure;PASS;Security group cloudguardian-rds-sg (sg-0652e5b7e75b01aa9) does not have Kafka port 9092 open to the Internet.;False;ec2;;high;AwsEc2SecurityGroup;arn:aws:ec2:ap-south-1:735291151388:security-group/sg-0652e5b7e75b01aa9;sg-0652e5b7e75b01aa9;cloudguardian-rds-sg;Name=cloudguardian-rds-sg;aws;ap-south-1;**EC2 security groups** are evaluated for ingress rules that expose **Kafka** on `TCP 9092` to the Internet via `0.0.0.0/0` or `::/0`;Public Kafka `9092` access allows arbitrary clients to connect, enabling topic enumeration, data exfiltration, and producer/consumer impersonation (**C/I**). Brokers can be flooded or exploited, disrupting clusters (**A**). Exposure gives attackers a foothold for lateral movement inside the VPC.;;"Apply **least privilege**: restrict `9092` to required subnets or IPs; avoid `0.0.0.0/0` and `::/0`. Place brokers on private networks and use peering or VPN for access. Enforce **mutual TLS/SASL** and topic ACLs, and add **defense in depth** with segmentation and NACLs.";https://hub.prowler.com/check/ec2_securitygroup_allow_ingress_from_internet_to_tcp_port_kafka_9092;"```yaml
# CloudFormation: restrict Kafka (9092) from Internet
Resources:
  <example_resource_name>:
    Type: AWS::EC2::SecurityGroup
    Properties:
      GroupDescription: Restrict Kafka 9092
      VpcId: <example_resource_id>
      SecurityGroupIngress:
        - IpProtocol: tcp
          FromPort: 9092
          ToPort: 9092
          CidrIp: 10.0.0.0/8  # Critical: not 0.0.0.0/0; restricts access to private range to avoid Internet exposure
```";"```hcl
# Restrict Kafka (9092) from Internet
resource ""aws_security_group"" ""<example_resource_name>"" {
  name   = ""<example_resource_name>""
  vpc_id = ""<example_resource_id>""

  ingress {
    from_port   = 9092
    to_port     = 9092
    protocol    = ""tcp""
    cidr_blocks = [""10.0.0.0/8""] # Critical: not 0.0.0.0/0; restricts access to avoid Internet exposure
  }
}
```";"aws ec2 revoke-security-group-ingress --group-id <SECURITY_GROUP_ID> --ip-permissions '[{""IpProtocol"":""tcp"",""FromPort"":9092,""ToPort"":9092,""IpRanges"":[{""CidrIp"":""0.0.0.0/0""}],""Ipv6Ranges"":[{""CidrIpv6"":""::/0""}]}]'";"1. In AWS Console, go to EC2 > Security Groups
2. Select the group attached to the resource
3. Inbound rules > Edit inbound rules
4. Find any rule for TCP port 9092 with Source 0.0.0.0/0 or ::/0
5. Delete the rule or change Source to a specific trusted CIDR or security group
6. Save rules";AWS-Foundational-Technical-Review: NETSEC-001 | KISA-ISMS-P-2023-korean: 2.6.1, 2.6.2, 2.10.2 | MITRE-ATTACK: T1199, T1048, T1499, T1498, T1046 | ISO27001-2022: A.8.20, A.8.21, A.8.22 | AWS-Well-Architected-Framework-Security-Pillar: SEC05-BP03 | KISA-ISMS-P-2023: 2.6.1, 2.6.2, 2.10.2 | C5-2025: PI-01.01AC | SOC2: cc_6_6 | ProwlerThreatScore-1.0: 2.1.7;internet-exposed;;;;5.33.1;https://docs.aws.amazon.com/vpc/latest/userguide/VPC_SecurityGroups.html | https://support.icompaas.com/support/solutions/articles/62000233725-ensure-no-security-groups-allow-ingress-from-0-0-0-0-0-or-0-to-kafka-port-9092-;;
profile: None;2026-07-13 09:37:50.757461;735291151388;;;;;;prowler-aws-ec2_securitygroup_allow_ingress_from_internet_to_tcp_port_memcached_11211-735291151388-ap-south-1-sg-09310ccc8f2635d73;aws;ec2_securitygroup_allow_ingress_from_internet_to_tcp_port_memcached_11211;Security group does not allow ingress from 0.0.0.0/0 or ::/0 to Memcached TCP port 11211;Software and Configuration Checks/AWS Security Best Practices/Network Reachability | Software and Configuration Checks/Industry and Regulatory Standards/AWS Foundational Security Best Practices | TTPs/Initial Access | Effects/Data Exposure;PASS;Security group cloudguardian-web-sg (sg-09310ccc8f2635d73) does not have Memcached port 11211 open to the Internet.;False;ec2;;high;AwsEc2SecurityGroup;arn:aws:ec2:ap-south-1:735291151388:security-group/sg-09310ccc8f2635d73;sg-09310ccc8f2635d73;cloudguardian-web-sg;Name=cloudguardian-web-sg;aws;ap-south-1;**EC2 security groups** are evaluated for inbound rules that permit Internet-sourced access to `TCP 11211` (Memcached) from `0.0.0.0/0` or `::/0`.;"Exposed **Memcached** enables unauthenticated access, impacting CIA:
- **Confidentiality**: read cached data (sessions, secrets)
- **Integrity**: modify or poison entries
- **Availability**: flush or overload cache, degrading apps

Open `11211` is widely scanned, enabling unauthorized access and lateral movement.";;"Apply **least privilege** and **segmentation**:
- Restrict `TCP 11211` to trusted CIDRs or security groups
- Keep Memcached on private subnets; avoid public IPs
- Add **defense in depth** with NACLs/firewalls; disable unused protocols
- Use private connectivity (VPN/peering) and monitor access";https://hub.prowler.com/check/ec2_securitygroup_allow_ingress_from_internet_to_tcp_port_memcached_11211;"```yaml
# CloudFormation: restrict Memcached (11211) from Internet
Resources:
  <example_resource_name>:
    Type: AWS::EC2::SecurityGroup
    Properties:
      GroupDescription: Restrict Memcached access
      VpcId: <example_resource_id>
      SecurityGroupIngress:
        - IpProtocol: tcp
          FromPort: 11211
          ToPort: 11211
          CidrIp: 10.0.0.0/8  # FIX: Not 0.0.0.0/0; limits access so 11211 isn't open to the Internet
```";"```hcl
# Restrict Memcached (11211) from Internet
resource ""aws_security_group"" ""<example_resource_name>"" {
  vpc_id = ""<example_resource_id>""

  ingress {
    from_port   = 11211
    to_port     = 11211
    protocol    = ""tcp""
    cidr_blocks = [""10.0.0.0/8""] # FIX: avoid 0.0.0.0/0 to prevent Internet exposure
  }
}
```";;"1. In the AWS Console, go to EC2 > Security Groups
2. Select the affected security group and open the Inbound rules tab
3. Click Edit inbound rules
4. Delete any rule allowing TCP 11211 from 0.0.0.0/0 or ::/0, or change its Source to a specific trusted CIDR
5. Click Save rules";AWS-Foundational-Technical-Review: NETSEC-001 | KISA-ISMS-P-2023-korean: 2.6.1, 2.6.4, 2.10.2 | MITRE-ATTACK: T1199, T1048, T1499, T1498, T1046 | ISO27001-2022: A.8.20, A.8.21, A.8.22 | AWS-Well-Architected-Framework-Security-Pillar: SEC05-BP03 | KISA-ISMS-P-2023: 2.6.1, 2.6.4, 2.10.2 | C5-2025: PI-01.01AC | SOC2: cc_6_6 | ProwlerThreatScore-1.0: 2.1.7;internet-exposed;;;;5.33.1;https://docs.aws.amazon.com/vpc/latest/userguide/VPC_SecurityGroups.html | https://support.icompaas.com/support/solutions/articles/62000127021-ensure-security-groups-do-not-allow-unrestricted-ingress-access-to-memcached-port-11211;;
profile: None;2026-07-13 09:37:50.757461;735291151388;;;;;;prowler-aws-ec2_securitygroup_allow_ingress_from_internet_to_tcp_port_memcached_11211-735291151388-ap-south-1-sg-0652e5b7e75b01aa9;aws;ec2_securitygroup_allow_ingress_from_internet_to_tcp_port_memcached_11211;Security group does not allow ingress from 0.0.0.0/0 or ::/0 to Memcached TCP port 11211;Software and Configuration Checks/AWS Security Best Practices/Network Reachability | Software and Configuration Checks/Industry and Regulatory Standards/AWS Foundational Security Best Practices | TTPs/Initial Access | Effects/Data Exposure;PASS;Security group cloudguardian-rds-sg (sg-0652e5b7e75b01aa9) does not have Memcached port 11211 open to the Internet.;False;ec2;;high;AwsEc2SecurityGroup;arn:aws:ec2:ap-south-1:735291151388:security-group/sg-0652e5b7e75b01aa9;sg-0652e5b7e75b01aa9;cloudguardian-rds-sg;Name=cloudguardian-rds-sg;aws;ap-south-1;**EC2 security groups** are evaluated for inbound rules that permit Internet-sourced access to `TCP 11211` (Memcached) from `0.0.0.0/0` or `::/0`.;"Exposed **Memcached** enables unauthenticated access, impacting CIA:
- **Confidentiality**: read cached data (sessions, secrets)
- **Integrity**: modify or poison entries
- **Availability**: flush or overload cache, degrading apps

Open `11211` is widely scanned, enabling unauthorized access and lateral movement.";;"Apply **least privilege** and **segmentation**:
- Restrict `TCP 11211` to trusted CIDRs or security groups
- Keep Memcached on private subnets; avoid public IPs
- Add **defense in depth** with NACLs/firewalls; disable unused protocols
- Use private connectivity (VPN/peering) and monitor access";https://hub.prowler.com/check/ec2_securitygroup_allow_ingress_from_internet_to_tcp_port_memcached_11211;"```yaml
# CloudFormation: restrict Memcached (11211) from Internet
Resources:
  <example_resource_name>:
    Type: AWS::EC2::SecurityGroup
    Properties:
      GroupDescription: Restrict Memcached access
      VpcId: <example_resource_id>
      SecurityGroupIngress:
        - IpProtocol: tcp
          FromPort: 11211
          ToPort: 11211
          CidrIp: 10.0.0.0/8  # FIX: Not 0.0.0.0/0; limits access so 11211 isn't open to the Internet
```";"```hcl
# Restrict Memcached (11211) from Internet
resource ""aws_security_group"" ""<example_resource_name>"" {
  vpc_id = ""<example_resource_id>""

  ingress {
    from_port   = 11211
    to_port     = 11211
    protocol    = ""tcp""
    cidr_blocks = [""10.0.0.0/8""] # FIX: avoid 0.0.0.0/0 to prevent Internet exposure
  }
}
```";;"1. In the AWS Console, go to EC2 > Security Groups
2. Select the affected security group and open the Inbound rules tab
3. Click Edit inbound rules
4. Delete any rule allowing TCP 11211 from 0.0.0.0/0 or ::/0, or change its Source to a specific trusted CIDR
5. Click Save rules";AWS-Foundational-Technical-Review: NETSEC-001 | KISA-ISMS-P-2023-korean: 2.6.1, 2.6.4, 2.10.2 | MITRE-ATTACK: T1199, T1048, T1499, T1498, T1046 | ISO27001-2022: A.8.20, A.8.21, A.8.22 | AWS-Well-Architected-Framework-Security-Pillar: SEC05-BP03 | KISA-ISMS-P-2023: 2.6.1, 2.6.4, 2.10.2 | C5-2025: PI-01.01AC | SOC2: cc_6_6 | ProwlerThreatScore-1.0: 2.1.7;internet-exposed;;;;5.33.1;https://docs.aws.amazon.com/vpc/latest/userguide/VPC_SecurityGroups.html | https://support.icompaas.com/support/solutions/articles/62000127021-ensure-security-groups-do-not-allow-unrestricted-ingress-access-to-memcached-port-11211;;
profile: None;2026-07-13 09:37:50.757461;735291151388;;;;;;prowler-aws-ec2_securitygroup_allow_ingress_from_internet_to_tcp_port_mongodb_27017_27018-735291151388-ap-south-1-sg-09310ccc8f2635d73;aws;ec2_securitygroup_allow_ingress_from_internet_to_tcp_port_mongodb_27017_27018;Security group does not allow ingress from 0.0.0.0/0 or ::/0 to MongoDB TCP ports 27017 and 27018;Software and Configuration Checks/AWS Security Best Practices/Network Reachability | TTPs/Initial Access | Effects/Data Exposure;PASS;Security group cloudguardian-web-sg (sg-09310ccc8f2635d73) does not have MongoDB ports 27017 and 27018 open to the Internet.;False;ec2;;high;AwsEc2SecurityGroup;arn:aws:ec2:ap-south-1:735291151388:security-group/sg-09310ccc8f2635d73;sg-09310ccc8f2635d73;cloudguardian-web-sg;Name=cloudguardian-web-sg;aws;ap-south-1;"**EC2 security groups** are inspected for inbound rules that expose **MongoDB** on `TCP 27017-27018` to the Internet via `0.0.0.0/0` or `::/0`.

It identifies groups where these ports are reachable from any address.";"Public **MongoDB** ports invite unauthenticated probing, brute force, and misuse of weak configs. Attackers can read/alter data, drop collections, or deploy ransomware, compromising **confidentiality** and **integrity**.

Exposure also enables enumeration and lateral movement, threatening **availability**.";;"Apply **least privilege** to MongoDB access:
- Block `0.0.0.0/0` and `::/0`
- Allow only trusted IPs or private networks
- Prefer private connectivity and SG-to-SG references
- Enforce authentication and TLS
- Segment east-west traffic and monitor access for **defense in depth**";https://hub.prowler.com/check/ec2_securitygroup_allow_ingress_from_internet_to_tcp_port_mongodb_27017_27018;"```yaml
# CloudFormation: restrict MongoDB ports from Internet
Resources:
  <example_resource_name>:
    Type: AWS::EC2::SecurityGroup
    Properties:
      GroupDescription: Restrict MongoDB ports
      VpcId: <example_resource_id>
      SecurityGroupIngress:
        - IpProtocol: tcp
          FromPort: 27017
          ToPort: 27018
          CidrIp: 10.0.0.0/8  # FIX: not 0.0.0.0/0 or ::/0; limits access to internal range
```";"```hcl
# Restrict MongoDB ports from Internet
resource ""aws_security_group"" ""secure"" {
  name   = ""<example_resource_name>""
  vpc_id = ""<example_resource_id>""

  ingress {
    from_port   = 27017
    to_port     = 27018
    protocol    = ""tcp""
    cidr_blocks = [""10.0.0.0/8""] # FIX: not 0.0.0.0/0 or ::/0; restricts Internet access
  }
}
```";"aws ec2 revoke-security-group-ingress --group-id <SECURITY_GROUP_ID> --ip-permissions '[{""IpProtocol"":""tcp"",""FromPort"":27017,""ToPort"":27018,""IpRanges"":[{""CidrIp"":""0.0.0.0/0""}],""Ipv6Ranges"":[{""CidrIpv6"":""::/0""}]}]'";"1. In the AWS Console, go to EC2 > Security Groups
2. Select the security group attached to your resource
3. Open the Inbound rules tab and click Edit inbound rules
4. Find rules for TCP ports 27017 or 27018 with Source 0.0.0.0/0 or ::/0
5. Delete those rules or change Source to a specific trusted CIDR (e.g., 10.0.0.0/8)
6. Click Save rules";AWS-Foundational-Technical-Review: NETSEC-001 | KISA-ISMS-P-2023-korean: 2.6.1, 2.6.4, 2.10.2 | MITRE-ATTACK: T1199, T1048, T1499, T1498, T1046 | ISO27001-2022: A.8.20, A.8.21, A.8.22 | AWS-Well-Architected-Framework-Security-Pillar: SEC05-BP03 | NIST-CSF-2.0: ac_5 | KISA-ISMS-P-2023: 2.6.1, 2.6.4, 2.10.2 | C5-2025: PI-01.01AC | SOC2: cc_6_6 | ProwlerThreatScore-1.0: 2.1.7;internet-exposed;;;;5.33.1;https://docs.aws.amazon.com/vpc/latest/userguide/VPC_SecurityGroups.html | https://support.icompaas.com/support/solutions/articles/62000127019-ensure-security-groups-do-not-allow-unrestricted-ingress-access-to-mongodb-ports-27017-and-27018;;
profile: None;2026-07-13 09:37:50.757461;735291151388;;;;;;prowler-aws-ec2_securitygroup_allow_ingress_from_internet_to_tcp_port_mongodb_27017_27018-735291151388-ap-south-1-sg-0652e5b7e75b01aa9;aws;ec2_securitygroup_allow_ingress_from_internet_to_tcp_port_mongodb_27017_27018;Security group does not allow ingress from 0.0.0.0/0 or ::/0 to MongoDB TCP ports 27017 and 27018;Software and Configuration Checks/AWS Security Best Practices/Network Reachability | TTPs/Initial Access | Effects/Data Exposure;PASS;Security group cloudguardian-rds-sg (sg-0652e5b7e75b01aa9) does not have MongoDB ports 27017 and 27018 open to the Internet.;False;ec2;;high;AwsEc2SecurityGroup;arn:aws:ec2:ap-south-1:735291151388:security-group/sg-0652e5b7e75b01aa9;sg-0652e5b7e75b01aa9;cloudguardian-rds-sg;Name=cloudguardian-rds-sg;aws;ap-south-1;"**EC2 security groups** are inspected for inbound rules that expose **MongoDB** on `TCP 27017-27018` to the Internet via `0.0.0.0/0` or `::/0`.

It identifies groups where these ports are reachable from any address.";"Public **MongoDB** ports invite unauthenticated probing, brute force, and misuse of weak configs. Attackers can read/alter data, drop collections, or deploy ransomware, compromising **confidentiality** and **integrity**.

Exposure also enables enumeration and lateral movement, threatening **availability**.";;"Apply **least privilege** to MongoDB access:
- Block `0.0.0.0/0` and `::/0`
- Allow only trusted IPs or private networks
- Prefer private connectivity and SG-to-SG references
- Enforce authentication and TLS
- Segment east-west traffic and monitor access for **defense in depth**";https://hub.prowler.com/check/ec2_securitygroup_allow_ingress_from_internet_to_tcp_port_mongodb_27017_27018;"```yaml
# CloudFormation: restrict MongoDB ports from Internet
Resources:
  <example_resource_name>:
    Type: AWS::EC2::SecurityGroup
    Properties:
      GroupDescription: Restrict MongoDB ports
      VpcId: <example_resource_id>
      SecurityGroupIngress:
        - IpProtocol: tcp
          FromPort: 27017
          ToPort: 27018
          CidrIp: 10.0.0.0/8  # FIX: not 0.0.0.0/0 or ::/0; limits access to internal range
```";"```hcl
# Restrict MongoDB ports from Internet
resource ""aws_security_group"" ""secure"" {
  name   = ""<example_resource_name>""
  vpc_id = ""<example_resource_id>""

  ingress {
    from_port   = 27017
    to_port     = 27018
    protocol    = ""tcp""
    cidr_blocks = [""10.0.0.0/8""] # FIX: not 0.0.0.0/0 or ::/0; restricts Internet access
  }
}
```";"aws ec2 revoke-security-group-ingress --group-id <SECURITY_GROUP_ID> --ip-permissions '[{""IpProtocol"":""tcp"",""FromPort"":27017,""ToPort"":27018,""IpRanges"":[{""CidrIp"":""0.0.0.0/0""}],""Ipv6Ranges"":[{""CidrIpv6"":""::/0""}]}]'";"1. In the AWS Console, go to EC2 > Security Groups
2. Select the security group attached to your resource
3. Open the Inbound rules tab and click Edit inbound rules
4. Find rules for TCP ports 27017 or 27018 with Source 0.0.0.0/0 or ::/0
5. Delete those rules or change Source to a specific trusted CIDR (e.g., 10.0.0.0/8)
6. Click Save rules";AWS-Foundational-Technical-Review: NETSEC-001 | KISA-ISMS-P-2023-korean: 2.6.1, 2.6.4, 2.10.2 | MITRE-ATTACK: T1199, T1048, T1499, T1498, T1046 | ISO27001-2022: A.8.20, A.8.21, A.8.22 | AWS-Well-Architected-Framework-Security-Pillar: SEC05-BP03 | NIST-CSF-2.0: ac_5 | KISA-ISMS-P-2023: 2.6.1, 2.6.4, 2.10.2 | C5-2025: PI-01.01AC | SOC2: cc_6_6 | ProwlerThreatScore-1.0: 2.1.7;internet-exposed;;;;5.33.1;https://docs.aws.amazon.com/vpc/latest/userguide/VPC_SecurityGroups.html | https://support.icompaas.com/support/solutions/articles/62000127019-ensure-security-groups-do-not-allow-unrestricted-ingress-access-to-mongodb-ports-27017-and-27018;;
profile: None;2026-07-13 09:37:50.757461;735291151388;;;;;;prowler-aws-ec2_securitygroup_allow_ingress_from_internet_to_tcp_port_mysql_3306-735291151388-ap-south-1-sg-09310ccc8f2635d73;aws;ec2_securitygroup_allow_ingress_from_internet_to_tcp_port_mysql_3306;Security group does not allow ingress from 0.0.0.0/0 or ::/0 to MySQL port 3306;Software and Configuration Checks/AWS Security Best Practices/Network Reachability | Software and Configuration Checks/Industry and Regulatory Standards/AWS Foundational Security Best Practices | Software and Configuration Checks/Industry and Regulatory Standards/CIS AWS Foundations Benchmark | TTPs/Initial Access;PASS;Security group cloudguardian-web-sg (sg-09310ccc8f2635d73) does not have MySQL port 3306 open to the Internet.;False;ec2;;high;AwsEc2SecurityGroup;arn:aws:ec2:ap-south-1:735291151388:security-group/sg-09310ccc8f2635d73;sg-09310ccc8f2635d73;cloudguardian-web-sg;Name=cloudguardian-web-sg;aws;ap-south-1;"**EC2 security groups** are assessed for **inbound exposure** of **MySQL** on `TCP 3306` from `0.0.0.0/0` or `::/0`.

The finding reflects whether this port is reachable from any IPv4 or IPv6 address.";"**Public MySQL** access lets anyone reach the service, enabling credential brute force and vulnerability exploitation. This threatens:
- **Confidentiality**: data exfiltration
- **Integrity**: unauthorized writes or schema changes
- **Availability**: DoS from abuse or scans";;Apply **least privilege**: restrict `3306` to specific sources or peer security groups only. Keep databases in private subnets and use **VPN**, **bastion**, or application proxies for admin access. Enable **defense in depth** with TLS and strong auth. Never allow `0.0.0.0/0` or `::/0` ingress.;https://hub.prowler.com/check/ec2_securitygroup_allow_ingress_from_internet_to_tcp_port_mysql_3306;"```yaml
# CloudFormation: restrict MySQL (3306) from Internet
Resources:
  ExampleSecurityGroup:
    Type: AWS::EC2::SecurityGroup
    Properties:
      GroupDescription: Limit MySQL access
      VpcId: <example_resource_id>
      SecurityGroupIngress:
        - IpProtocol: tcp
          FromPort: 3306
          ToPort: 3306
          CidrIp: 10.0.0.0/8  # Critical: not 0.0.0.0/0 or ::/0; limits MySQL to internal range
```";"```hcl
# Restrict MySQL (3306) from Internet
resource ""aws_security_group"" ""example_resource_name"" {
  vpc_id = ""<example_resource_id>""

  ingress {
    from_port   = 3306
    to_port     = 3306
    protocol    = ""tcp""
    cidr_blocks = [""10.0.0.0/8""] # Critical: not 0.0.0.0/0 or ::/0; restricts MySQL access
  }
}
```";;"1. In AWS Console, go to EC2 > Security Groups
2. Select the security group in use by the instance
3. In Inbound rules, click Edit inbound rules
4. Remove any rule for TCP port 3306 with source 0.0.0.0/0 or ::/0
5. Add a rule for TCP 3306 only from a trusted source (e.g., specific IP/CIDR or a security group)
6. Click Save rules";KISA-ISMS-P-2023-korean: 2.6.1, 2.6.4, 2.10.2 | MITRE-ATTACK: T1199, T1048, T1499, T1498, T1046 | ISO27001-2022: A.8.20, A.8.21, A.8.22 | AWS-Well-Architected-Framework-Security-Pillar: SEC05-BP03 | KISA-ISMS-P-2023: 2.6.1, 2.6.4, 2.10.2 | C5-2025: PI-01.01AC | SOC2: cc_6_6 | RBI-Cyber-Security-Framework: annex_i_1_3 | ProwlerThreatScore-1.0: 2.1.7;internet-exposed;;;;5.33.1;https://docs.aws.amazon.com/vpc/latest/userguide/VPC_SecurityGroups.html | https://www.trendmicro.com/trendaivisiononecloudriskmanagement/knowledge-base/aws/EC2/unrestricted-mysql-access.html;;
profile: None;2026-07-13 09:37:50.757461;735291151388;;;;;;prowler-aws-ec2_securitygroup_allow_ingress_from_internet_to_tcp_port_mysql_3306-735291151388-ap-south-1-sg-0652e5b7e75b01aa9;aws;ec2_securitygroup_allow_ingress_from_internet_to_tcp_port_mysql_3306;Security group does not allow ingress from 0.0.0.0/0 or ::/0 to MySQL port 3306;Software and Configuration Checks/AWS Security Best Practices/Network Reachability | Software and Configuration Checks/Industry and Regulatory Standards/AWS Foundational Security Best Practices | Software and Configuration Checks/Industry and Regulatory Standards/CIS AWS Foundations Benchmark | TTPs/Initial Access;FAIL;Security group cloudguardian-rds-sg (sg-0652e5b7e75b01aa9) has MySQL port 3306 open to the Internet.;False;ec2;;high;AwsEc2SecurityGroup;arn:aws:ec2:ap-south-1:735291151388:security-group/sg-0652e5b7e75b01aa9;sg-0652e5b7e75b01aa9;cloudguardian-rds-sg;Name=cloudguardian-rds-sg;aws;ap-south-1;"**EC2 security groups** are assessed for **inbound exposure** of **MySQL** on `TCP 3306` from `0.0.0.0/0` or `::/0`.

The finding reflects whether this port is reachable from any IPv4 or IPv6 address.";"**Public MySQL** access lets anyone reach the service, enabling credential brute force and vulnerability exploitation. This threatens:
- **Confidentiality**: data exfiltration
- **Integrity**: unauthorized writes or schema changes
- **Availability**: DoS from abuse or scans";;Apply **least privilege**: restrict `3306` to specific sources or peer security groups only. Keep databases in private subnets and use **VPN**, **bastion**, or application proxies for admin access. Enable **defense in depth** with TLS and strong auth. Never allow `0.0.0.0/0` or `::/0` ingress.;https://hub.prowler.com/check/ec2_securitygroup_allow_ingress_from_internet_to_tcp_port_mysql_3306;"```yaml
# CloudFormation: restrict MySQL (3306) from Internet
Resources:
  ExampleSecurityGroup:
    Type: AWS::EC2::SecurityGroup
    Properties:
      GroupDescription: Limit MySQL access
      VpcId: <example_resource_id>
      SecurityGroupIngress:
        - IpProtocol: tcp
          FromPort: 3306
          ToPort: 3306
          CidrIp: 10.0.0.0/8  # Critical: not 0.0.0.0/0 or ::/0; limits MySQL to internal range
```";"```hcl
# Restrict MySQL (3306) from Internet
resource ""aws_security_group"" ""example_resource_name"" {
  vpc_id = ""<example_resource_id>""

  ingress {
    from_port   = 3306
    to_port     = 3306
    protocol    = ""tcp""
    cidr_blocks = [""10.0.0.0/8""] # Critical: not 0.0.0.0/0 or ::/0; restricts MySQL access
  }
}
```";;"1. In AWS Console, go to EC2 > Security Groups
2. Select the security group in use by the instance
3. In Inbound rules, click Edit inbound rules
4. Remove any rule for TCP port 3306 with source 0.0.0.0/0 or ::/0
5. Add a rule for TCP 3306 only from a trusted source (e.g., specific IP/CIDR or a security group)
6. Click Save rules";KISA-ISMS-P-2023-korean: 2.6.1, 2.6.4, 2.10.2 | MITRE-ATTACK: T1199, T1048, T1499, T1498, T1046 | ISO27001-2022: A.8.20, A.8.21, A.8.22 | AWS-Well-Architected-Framework-Security-Pillar: SEC05-BP03 | KISA-ISMS-P-2023: 2.6.1, 2.6.4, 2.10.2 | C5-2025: PI-01.01AC | SOC2: cc_6_6 | RBI-Cyber-Security-Framework: annex_i_1_3 | ProwlerThreatScore-1.0: 2.1.7;internet-exposed;;;;5.33.1;https://docs.aws.amazon.com/vpc/latest/userguide/VPC_SecurityGroups.html | https://www.trendmicro.com/trendaivisiononecloudriskmanagement/knowledge-base/aws/EC2/unrestricted-mysql-access.html;;
profile: None;2026-07-13 09:37:50.757461;735291151388;;;;;;prowler-aws-ec2_securitygroup_allow_ingress_from_internet_to_tcp_port_oracle_1521_2483-735291151388-ap-south-1-sg-09310ccc8f2635d73;aws;ec2_securitygroup_allow_ingress_from_internet_to_tcp_port_oracle_1521_2483;Security group does not allow ingress from 0.0.0.0/0 or ::/0 to Oracle TCP ports 1521 or 2483;Software and Configuration Checks/AWS Security Best Practices/Network Reachability | TTPs/Initial Access;PASS;Security group cloudguardian-web-sg (sg-09310ccc8f2635d73) does not have Oracle ports 1521 and 2483 open to the Internet.;False;ec2;;high;AwsEc2SecurityGroup;arn:aws:ec2:ap-south-1:735291151388:security-group/sg-09310ccc8f2635d73;sg-09310ccc8f2635d73;cloudguardian-web-sg;Name=cloudguardian-web-sg;aws;ap-south-1;"**EC2 security groups** are evaluated for inbound rules that permit public sources (`0.0.0.0/0` or `::/0`) to `TCP 1521` or `TCP 2483`-Oracle listener ports.

The focus is on rules that make these ports reachable from the Internet over IPv4 or IPv6.";"Public Oracle listener exposure enables attackers to:
- **Brute force** credentials and enumerate services
- Exploit **listener flaws** for remote access
- Run unauthorized queries causing **data exfiltration**
- Launch **DoS** on the listener

This jeopardizes database confidentiality, integrity, and availability.";;"Apply **least privilege** and **defense in depth**: disallow public ingress to `TCP 1521` and `TCP 2483`.

Restrict access to trusted CIDRs or peer security groups, keep databases on private networks, and require **VPN**, **bastion**, or **proxy** access. Enforce **TLS** and segment east-west and north-south traffic.";https://hub.prowler.com/check/ec2_securitygroup_allow_ingress_from_internet_to_tcp_port_oracle_1521_2483;"```yaml
# CloudFormation: restrict Oracle ports 1521 and 2483 from Internet
Resources:
  <example_resource_name>:
    Type: AWS::EC2::SecurityGroup
    Properties:
      GroupDescription: Restrict Oracle ports from Internet
      VpcId: <example_resource_id>
      SecurityGroupIngress:
        - IpProtocol: tcp
          FromPort: 1521
          ToPort: 1521
          CidrIp: 10.0.0.0/8  # Critical: do not use 0.0.0.0/0; restrict source to internal range to block Internet
        - IpProtocol: tcp
          FromPort: 2483
          ToPort: 2483
          CidrIp: 10.0.0.0/8  # Critical: restrict Oracle port 2483 from Internet
```";"```hcl
# Restrict Oracle ports 1521 and 2483 from Internet
resource ""aws_security_group"" ""<example_resource_name>"" {
  name   = ""<example_resource_name>""
  vpc_id = ""<example_resource_id>""

  ingress {
    from_port   = 1521
    to_port     = 1521
    protocol    = ""tcp""
    cidr_blocks = [""10.0.0.0/8""] # Critical: do not use 0.0.0.0/0; restrict to internal range
  }

  ingress {
    from_port   = 2483
    to_port     = 2483
    protocol    = ""tcp""
    cidr_blocks = [""10.0.0.0/8""] # Critical: restrict Oracle port 2483 from Internet
  }
}
```";;"1. In the AWS Console, go to EC2 > Security Groups
2. Select the security group attached to the resource
3. Open the Inbound rules tab and click Edit inbound rules
4. For rules on TCP ports 1521 or 2483 with Source 0.0.0.0/0 or ::/0, delete them or change Source to a specific trusted CIDR (e.g., your internal range)
5. Click Save rules";AWS-Foundational-Technical-Review: NETSEC-001 | KISA-ISMS-P-2023-korean: 2.6.1, 2.6.4, 2.10.2 | MITRE-ATTACK: T1199, T1048, T1499, T1498, T1046 | ISO27001-2022: A.8.20, A.8.21, A.8.22 | AWS-Well-Architected-Framework-Security-Pillar: SEC05-BP03 | NIST-CSF-2.0: ac_5 | KISA-ISMS-P-2023: 2.6.1, 2.6.4, 2.10.2 | C5-2025: PI-01.01AC | SOC2: cc_6_6 | ProwlerThreatScore-1.0: 2.1.7;internet-exposed;;;;5.33.1;https://docs.aws.amazon.com/vpc/latest/userguide/VPC_SecurityGroups.html | https://support.icompaas.com/support/solutions/articles/62000236318-ensure-no-security-groups-allow-ingress-from-0-0-0-0-0-or-0-to-oracle-ports-1521-or-2483-;;
profile: None;2026-07-13 09:37:50.757461;735291151388;;;;;;prowler-aws-ec2_securitygroup_allow_ingress_from_internet_to_tcp_port_oracle_1521_2483-735291151388-ap-south-1-sg-0652e5b7e75b01aa9;aws;ec2_securitygroup_allow_ingress_from_internet_to_tcp_port_oracle_1521_2483;Security group does not allow ingress from 0.0.0.0/0 or ::/0 to Oracle TCP ports 1521 or 2483;Software and Configuration Checks/AWS Security Best Practices/Network Reachability | TTPs/Initial Access;PASS;Security group cloudguardian-rds-sg (sg-0652e5b7e75b01aa9) does not have Oracle ports 1521 and 2483 open to the Internet.;False;ec2;;high;AwsEc2SecurityGroup;arn:aws:ec2:ap-south-1:735291151388:security-group/sg-0652e5b7e75b01aa9;sg-0652e5b7e75b01aa9;cloudguardian-rds-sg;Name=cloudguardian-rds-sg;aws;ap-south-1;"**EC2 security groups** are evaluated for inbound rules that permit public sources (`0.0.0.0/0` or `::/0`) to `TCP 1521` or `TCP 2483`-Oracle listener ports.

The focus is on rules that make these ports reachable from the Internet over IPv4 or IPv6.";"Public Oracle listener exposure enables attackers to:
- **Brute force** credentials and enumerate services
- Exploit **listener flaws** for remote access
- Run unauthorized queries causing **data exfiltration**
- Launch **DoS** on the listener

This jeopardizes database confidentiality, integrity, and availability.";;"Apply **least privilege** and **defense in depth**: disallow public ingress to `TCP 1521` and `TCP 2483`.

Restrict access to trusted CIDRs or peer security groups, keep databases on private networks, and require **VPN**, **bastion**, or **proxy** access. Enforce **TLS** and segment east-west and north-south traffic.";https://hub.prowler.com/check/ec2_securitygroup_allow_ingress_from_internet_to_tcp_port_oracle_1521_2483;"```yaml
# CloudFormation: restrict Oracle ports 1521 and 2483 from Internet
Resources:
  <example_resource_name>:
    Type: AWS::EC2::SecurityGroup
    Properties:
      GroupDescription: Restrict Oracle ports from Internet
      VpcId: <example_resource_id>
      SecurityGroupIngress:
        - IpProtocol: tcp
          FromPort: 1521
          ToPort: 1521
          CidrIp: 10.0.0.0/8  # Critical: do not use 0.0.0.0/0; restrict source to internal range to block Internet
        - IpProtocol: tcp
          FromPort: 2483
          ToPort: 2483
          CidrIp: 10.0.0.0/8  # Critical: restrict Oracle port 2483 from Internet
```";"```hcl
# Restrict Oracle ports 1521 and 2483 from Internet
resource ""aws_security_group"" ""<example_resource_name>"" {
  name   = ""<example_resource_name>""
  vpc_id = ""<example_resource_id>""

  ingress {
    from_port   = 1521
    to_port     = 1521
    protocol    = ""tcp""
    cidr_blocks = [""10.0.0.0/8""] # Critical: do not use 0.0.0.0/0; restrict to internal range
  }

  ingress {
    from_port   = 2483
    to_port     = 2483
    protocol    = ""tcp""
    cidr_blocks = [""10.0.0.0/8""] # Critical: restrict Oracle port 2483 from Internet
  }
}
```";;"1. In the AWS Console, go to EC2 > Security Groups
2. Select the security group attached to the resource
3. Open the Inbound rules tab and click Edit inbound rules
4. For rules on TCP ports 1521 or 2483 with Source 0.0.0.0/0 or ::/0, delete them or change Source to a specific trusted CIDR (e.g., your internal range)
5. Click Save rules";AWS-Foundational-Technical-Review: NETSEC-001 | KISA-ISMS-P-2023-korean: 2.6.1, 2.6.4, 2.10.2 | MITRE-ATTACK: T1199, T1048, T1499, T1498, T1046 | ISO27001-2022: A.8.20, A.8.21, A.8.22 | AWS-Well-Architected-Framework-Security-Pillar: SEC05-BP03 | NIST-CSF-2.0: ac_5 | KISA-ISMS-P-2023: 2.6.1, 2.6.4, 2.10.2 | C5-2025: PI-01.01AC | SOC2: cc_6_6 | ProwlerThreatScore-1.0: 2.1.7;internet-exposed;;;;5.33.1;https://docs.aws.amazon.com/vpc/latest/userguide/VPC_SecurityGroups.html | https://support.icompaas.com/support/solutions/articles/62000236318-ensure-no-security-groups-allow-ingress-from-0-0-0-0-0-or-0-to-oracle-ports-1521-or-2483-;;
profile: None;2026-07-13 09:37:50.757461;735291151388;;;;;;prowler-aws-ec2_securitygroup_allow_ingress_from_internet_to_tcp_port_postgres_5432-735291151388-ap-south-1-sg-09310ccc8f2635d73;aws;ec2_securitygroup_allow_ingress_from_internet_to_tcp_port_postgres_5432;Security group does not allow ingress from 0.0.0.0/0 or ::/0 to Postgres TCP port 5432;Software and Configuration Checks/AWS Security Best Practices/Network Reachability | Software and Configuration Checks/Industry and Regulatory Standards/AWS Foundational Security Best Practices | Software and Configuration Checks/Industry and Regulatory Standards/CIS AWS Foundations Benchmark | TTPs/Initial Access | Effects/Data Exposure;PASS;Security group cloudguardian-web-sg (sg-09310ccc8f2635d73) does not have Postgres port 5432 open to the Internet.;False;ec2;;high;AwsEc2SecurityGroup;arn:aws:ec2:ap-south-1:735291151388:security-group/sg-09310ccc8f2635d73;sg-09310ccc8f2635d73;cloudguardian-web-sg;Name=cloudguardian-web-sg;aws;ap-south-1;**EC2 security groups** are evaluated for inbound rules that expose **Postgres** on `TCP 5432` to the Internet. Rules permitting `0.0.0.0/0` or `::/0` to this port, or policies that open all ports publicly, are identified.;Exposing `5432` to the Internet enables credential stuffing and Postgres exploits, risking data disclosure (**confidentiality**), unauthorized changes (**integrity**), and service disruption via brute force or DoS (**availability**).;;Apply **least privilege** on security groups: remove `0.0.0.0/0` and `::/0` for `5432`, allow only trusted CIDRs or private peers. Prefer **private access** (VPC-only) via VPN, bastion, or proxy. Add **defense in depth** with SG references and network ACLs, and enforce TLS and strong authentication.;https://hub.prowler.com/check/ec2_securitygroup_allow_ingress_from_internet_to_tcp_port_postgres_5432;"```yaml
# CloudFormation: restrict Postgres (5432) from the Internet
Resources:
  <example_resource_name>:
    Type: AWS::EC2::SecurityGroup
    Properties:
      GroupDescription: ""<example_resource_name>""
      VpcId: ""<example_resource_id>""
      SecurityGroupIngress:
        - IpProtocol: tcp
          FromPort: 5432
          ToPort: 5432
          CidrIp: 10.0.0.0/8  # Critical: not 0.0.0.0/0 or ::/0; limits access so 5432 is not open to the Internet
```";"```hcl
# Security group with Postgres (5432) not exposed to the Internet
resource ""aws_security_group"" ""<example_resource_name>"" {
  name   = ""<example_resource_name>""
  vpc_id = ""<example_resource_id>""

  ingress {
    from_port   = 5432
    to_port     = 5432
    protocol    = ""tcp""
    cidr_blocks = [""10.0.0.0/8""] # Critical: avoid 0.0.0.0/0 or ::/0 to prevent Internet exposure
  }
}
```";aws ec2 revoke-security-group-ingress --group-id <SECURITY_GROUP_ID> --protocol tcp --port 5432 --cidr 0.0.0.0/0;"1. In the AWS Console, go to VPC > Security Groups
2. Select the affected security group
3. Open the Inbound rules tab and click Edit inbound rules
4. Locate any rule for PostgreSQL (port 5432) with Source 0.0.0.0/0 or ::/0
5. Delete the rule or change Source to a specific CIDR or security group
6. Click Save rules";AWS-Foundational-Technical-Review: NETSEC-001 | KISA-ISMS-P-2023-korean: 2.6.1, 2.6.4, 2.10.2 | MITRE-ATTACK: T1199, T1048, T1499, T1498, T1046 | ISO27001-2022: A.8.20, A.8.21, A.8.22 | AWS-Well-Architected-Framework-Security-Pillar: SEC05-BP03 | NIST-CSF-2.0: ac_5 | KISA-ISMS-P-2023: 2.6.1, 2.6.4, 2.10.2 | C5-2025: PI-01.01AC | SOC2: cc_6_6 | ProwlerThreatScore-1.0: 2.1.7;internet-exposed;;;;5.33.1;https://docs.aws.amazon.com/vpc/latest/userguide/VPC_SecurityGroups.html | https://www.trendmicro.com/trendaivisiononecloudriskmanagement/knowledge-base/aws/EC2/unrestricted-postgresql-access.html;;
profile: None;2026-07-13 09:37:50.757461;735291151388;;;;;;prowler-aws-ec2_securitygroup_allow_ingress_from_internet_to_tcp_port_postgres_5432-735291151388-ap-south-1-sg-0652e5b7e75b01aa9;aws;ec2_securitygroup_allow_ingress_from_internet_to_tcp_port_postgres_5432;Security group does not allow ingress from 0.0.0.0/0 or ::/0 to Postgres TCP port 5432;Software and Configuration Checks/AWS Security Best Practices/Network Reachability | Software and Configuration Checks/Industry and Regulatory Standards/AWS Foundational Security Best Practices | Software and Configuration Checks/Industry and Regulatory Standards/CIS AWS Foundations Benchmark | TTPs/Initial Access | Effects/Data Exposure;PASS;Security group cloudguardian-rds-sg (sg-0652e5b7e75b01aa9) does not have Postgres port 5432 open to the Internet.;False;ec2;;high;AwsEc2SecurityGroup;arn:aws:ec2:ap-south-1:735291151388:security-group/sg-0652e5b7e75b01aa9;sg-0652e5b7e75b01aa9;cloudguardian-rds-sg;Name=cloudguardian-rds-sg;aws;ap-south-1;**EC2 security groups** are evaluated for inbound rules that expose **Postgres** on `TCP 5432` to the Internet. Rules permitting `0.0.0.0/0` or `::/0` to this port, or policies that open all ports publicly, are identified.;Exposing `5432` to the Internet enables credential stuffing and Postgres exploits, risking data disclosure (**confidentiality**), unauthorized changes (**integrity**), and service disruption via brute force or DoS (**availability**).;;Apply **least privilege** on security groups: remove `0.0.0.0/0` and `::/0` for `5432`, allow only trusted CIDRs or private peers. Prefer **private access** (VPC-only) via VPN, bastion, or proxy. Add **defense in depth** with SG references and network ACLs, and enforce TLS and strong authentication.;https://hub.prowler.com/check/ec2_securitygroup_allow_ingress_from_internet_to_tcp_port_postgres_5432;"```yaml
# CloudFormation: restrict Postgres (5432) from the Internet
Resources:
  <example_resource_name>:
    Type: AWS::EC2::SecurityGroup
    Properties:
      GroupDescription: ""<example_resource_name>""
      VpcId: ""<example_resource_id>""
      SecurityGroupIngress:
        - IpProtocol: tcp
          FromPort: 5432
          ToPort: 5432
          CidrIp: 10.0.0.0/8  # Critical: not 0.0.0.0/0 or ::/0; limits access so 5432 is not open to the Internet
```";"```hcl
# Security group with Postgres (5432) not exposed to the Internet
resource ""aws_security_group"" ""<example_resource_name>"" {
  name   = ""<example_resource_name>""
  vpc_id = ""<example_resource_id>""

  ingress {
    from_port   = 5432
    to_port     = 5432
    protocol    = ""tcp""
    cidr_blocks = [""10.0.0.0/8""] # Critical: avoid 0.0.0.0/0 or ::/0 to prevent Internet exposure
  }
}
```";aws ec2 revoke-security-group-ingress --group-id <SECURITY_GROUP_ID> --protocol tcp --port 5432 --cidr 0.0.0.0/0;"1. In the AWS Console, go to VPC > Security Groups
2. Select the affected security group
3. Open the Inbound rules tab and click Edit inbound rules
4. Locate any rule for PostgreSQL (port 5432) with Source 0.0.0.0/0 or ::/0
5. Delete the rule or change Source to a specific CIDR or security group
6. Click Save rules";AWS-Foundational-Technical-Review: NETSEC-001 | KISA-ISMS-P-2023-korean: 2.6.1, 2.6.4, 2.10.2 | MITRE-ATTACK: T1199, T1048, T1499, T1498, T1046 | ISO27001-2022: A.8.20, A.8.21, A.8.22 | AWS-Well-Architected-Framework-Security-Pillar: SEC05-BP03 | NIST-CSF-2.0: ac_5 | KISA-ISMS-P-2023: 2.6.1, 2.6.4, 2.10.2 | C5-2025: PI-01.01AC | SOC2: cc_6_6 | ProwlerThreatScore-1.0: 2.1.7;internet-exposed;;;;5.33.1;https://docs.aws.amazon.com/vpc/latest/userguide/VPC_SecurityGroups.html | https://www.trendmicro.com/trendaivisiononecloudriskmanagement/knowledge-base/aws/EC2/unrestricted-postgresql-access.html;;
profile: None;2026-07-13 09:37:50.757461;735291151388;;;;;;prowler-aws-ec2_securitygroup_allow_ingress_from_internet_to_tcp_port_redis_6379-735291151388-ap-south-1-sg-09310ccc8f2635d73;aws;ec2_securitygroup_allow_ingress_from_internet_to_tcp_port_redis_6379;Security group does not allow ingress from 0.0.0.0/0 or ::/0 to Redis TCP port 6379;Software and Configuration Checks/AWS Security Best Practices/Network Reachability | Software and Configuration Checks/Industry and Regulatory Standards/AWS Foundational Security Best Practices | Software and Configuration Checks/Industry and Regulatory Standards/CIS AWS Foundations Benchmark | TTPs/Initial Access | Effects/Data Exposure;PASS;Security group cloudguardian-web-sg (sg-09310ccc8f2635d73) does not have Redis port 6379 open to the Internet.;False;ec2;;high;AwsEc2SecurityGroup;arn:aws:ec2:ap-south-1:735291151388:security-group/sg-09310ccc8f2635d73;sg-09310ccc8f2635d73;cloudguardian-web-sg;Name=cloudguardian-web-sg;aws;ap-south-1;**EC2 security groups** permitting Internet sources (`0.0.0.0/0` or `::/0`) to `TCP 6379` are identified, indicating Redis is reachable from public networks;"Public Redis access undermines **confidentiality, integrity, and availability**:
- Read keys and secrets
- Modify or flush data and configs
- Exhaust memory for DoS
Attackers can brute-force `AUTH`, exploit replication or modules for code execution, and pivot within the VPC.";;"Restrict Redis to **private connectivity** and apply **least privilege**:
- Allow `6379` only from required app hosts, security groups, or CIDRs
- Prefer VPC/private networks or VPN over public IPs
- Enforce Redis `AUTH` and TLS, bind to private interfaces
- Use segmentation and monitoring for **defense in depth**";https://hub.prowler.com/check/ec2_securitygroup_allow_ingress_from_internet_to_tcp_port_redis_6379;"```yaml
# CloudFormation: restrict Redis (6379) from Internet
Resources:
  SecureSecurityGroup:
    Type: AWS::EC2::SecurityGroup
    Properties:
      GroupDescription: Restrict Redis access
      VpcId: <example_resource_id>
      SecurityGroupIngress:
        - IpProtocol: tcp
          FromPort: 6379
          ToPort: 6379
          CidrIp: 10.0.0.0/8  # Critical: do NOT use 0.0.0.0/0 or ::/0; restrict to trusted CIDR
```";"```hcl
# Security group with Redis limited to trusted sources
resource ""aws_security_group"" ""secure"" {
  vpc_id = ""<example_resource_id>""

  ingress {
    from_port   = 6379
    to_port     = 6379
    protocol    = ""tcp""
    cidr_blocks = [""10.0.0.0/8""] # Critical: do NOT use 0.0.0.0/0 or ::/0; restrict to trusted CIDR
  }
}
```";aws ec2 revoke-security-group-ingress --group-id <SECURITY_GROUP_ID> --protocol tcp --port 6379 --cidr 0.0.0.0/0;"1. In the AWS Console, go to EC2 > Security Groups
2. Select the affected security group
3. Open the Inbound rules tab and click Edit inbound rules
4. Find any rule allowing TCP port 6379 with Source 0.0.0.0/0 or ::/0
5. Delete that rule (or change Source to a trusted CIDR or security group)
6. Click Save rules";AWS-Foundational-Technical-Review: NETSEC-001 | KISA-ISMS-P-2023-korean: 2.6.1, 2.6.4, 2.10.2 | MITRE-ATTACK: T1199, T1048, T1499, T1498, T1046 | ISO27001-2022: A.8.20, A.8.21, A.8.22 | AWS-Well-Architected-Framework-Security-Pillar: SEC05-BP03 | KISA-ISMS-P-2023: 2.6.1, 2.6.4, 2.10.2 | C5-2025: PI-01.01AC | SOC2: cc_6_6 | ProwlerThreatScore-1.0: 2.1.7;internet-exposed;;;;5.33.1;https://docs.aws.amazon.com/vpc/latest/userguide/VPC_SecurityGroups.html | https://support.icompaas.com/support/solutions/articles/62000233806-ensure-no-ec2-instances-allow-ingress-from-the-internet-to-tcp-port-6379-redis-;;
profile: None;2026-07-13 09:37:50.757461;735291151388;;;;;;prowler-aws-ec2_securitygroup_allow_ingress_from_internet_to_tcp_port_redis_6379-735291151388-ap-south-1-sg-0652e5b7e75b01aa9;aws;ec2_securitygroup_allow_ingress_from_internet_to_tcp_port_redis_6379;Security group does not allow ingress from 0.0.0.0/0 or ::/0 to Redis TCP port 6379;Software and Configuration Checks/AWS Security Best Practices/Network Reachability | Software and Configuration Checks/Industry and Regulatory Standards/AWS Foundational Security Best Practices | Software and Configuration Checks/Industry and Regulatory Standards/CIS AWS Foundations Benchmark | TTPs/Initial Access | Effects/Data Exposure;PASS;Security group cloudguardian-rds-sg (sg-0652e5b7e75b01aa9) does not have Redis port 6379 open to the Internet.;False;ec2;;high;AwsEc2SecurityGroup;arn:aws:ec2:ap-south-1:735291151388:security-group/sg-0652e5b7e75b01aa9;sg-0652e5b7e75b01aa9;cloudguardian-rds-sg;Name=cloudguardian-rds-sg;aws;ap-south-1;**EC2 security groups** permitting Internet sources (`0.0.0.0/0` or `::/0`) to `TCP 6379` are identified, indicating Redis is reachable from public networks;"Public Redis access undermines **confidentiality, integrity, and availability**:
- Read keys and secrets
- Modify or flush data and configs
- Exhaust memory for DoS
Attackers can brute-force `AUTH`, exploit replication or modules for code execution, and pivot within the VPC.";;"Restrict Redis to **private connectivity** and apply **least privilege**:
- Allow `6379` only from required app hosts, security groups, or CIDRs
- Prefer VPC/private networks or VPN over public IPs
- Enforce Redis `AUTH` and TLS, bind to private interfaces
- Use segmentation and monitoring for **defense in depth**";https://hub.prowler.com/check/ec2_securitygroup_allow_ingress_from_internet_to_tcp_port_redis_6379;"```yaml
# CloudFormation: restrict Redis (6379) from Internet
Resources:
  SecureSecurityGroup:
    Type: AWS::EC2::SecurityGroup
    Properties:
      GroupDescription: Restrict Redis access
      VpcId: <example_resource_id>
      SecurityGroupIngress:
        - IpProtocol: tcp
          FromPort: 6379
          ToPort: 6379
          CidrIp: 10.0.0.0/8  # Critical: do NOT use 0.0.0.0/0 or ::/0; restrict to trusted CIDR
```";"```hcl
# Security group with Redis limited to trusted sources
resource ""aws_security_group"" ""secure"" {
  vpc_id = ""<example_resource_id>""

  ingress {
    from_port   = 6379
    to_port     = 6379
    protocol    = ""tcp""
    cidr_blocks = [""10.0.0.0/8""] # Critical: do NOT use 0.0.0.0/0 or ::/0; restrict to trusted CIDR
  }
}
```";aws ec2 revoke-security-group-ingress --group-id <SECURITY_GROUP_ID> --protocol tcp --port 6379 --cidr 0.0.0.0/0;"1. In the AWS Console, go to EC2 > Security Groups
2. Select the affected security group
3. Open the Inbound rules tab and click Edit inbound rules
4. Find any rule allowing TCP port 6379 with Source 0.0.0.0/0 or ::/0
5. Delete that rule (or change Source to a trusted CIDR or security group)
6. Click Save rules";AWS-Foundational-Technical-Review: NETSEC-001 | KISA-ISMS-P-2023-korean: 2.6.1, 2.6.4, 2.10.2 | MITRE-ATTACK: T1199, T1048, T1499, T1498, T1046 | ISO27001-2022: A.8.20, A.8.21, A.8.22 | AWS-Well-Architected-Framework-Security-Pillar: SEC05-BP03 | KISA-ISMS-P-2023: 2.6.1, 2.6.4, 2.10.2 | C5-2025: PI-01.01AC | SOC2: cc_6_6 | ProwlerThreatScore-1.0: 2.1.7;internet-exposed;;;;5.33.1;https://docs.aws.amazon.com/vpc/latest/userguide/VPC_SecurityGroups.html | https://support.icompaas.com/support/solutions/articles/62000233806-ensure-no-ec2-instances-allow-ingress-from-the-internet-to-tcp-port-6379-redis-;;
profile: None;2026-07-13 09:37:50.757461;735291151388;;;;;;prowler-aws-ec2_securitygroup_allow_ingress_from_internet_to_tcp_port_sql_server_1433_1434-735291151388-ap-south-1-sg-09310ccc8f2635d73;aws;ec2_securitygroup_allow_ingress_from_internet_to_tcp_port_sql_server_1433_1434;Security group does not allow ingress from 0.0.0.0/0 or ::/0 to Microsoft SQL Server ports 1433 and 1434;Software and Configuration Checks/AWS Security Best Practices/Network Reachability | Software and Configuration Checks/Industry and Regulatory Standards/AWS Foundational Security Best Practices | Software and Configuration Checks/Industry and Regulatory Standards/CIS AWS Foundations Benchmark | TTPs/Initial Access/Unauthorized Access | Effects/Data Exposure;PASS;Security group cloudguardian-web-sg (sg-09310ccc8f2635d73) does not have Microsoft SQL Server ports 1433 and 1434 open to the Internet.;False;ec2;;high;AwsEc2SecurityGroup;arn:aws:ec2:ap-south-1:735291151388:security-group/sg-09310ccc8f2635d73;sg-09310ccc8f2635d73;cloudguardian-web-sg;Name=cloudguardian-web-sg;aws;ap-south-1;**EC2 security groups** with inbound rules that allow Internet sources (`0.0.0.0/0`, `::/0`) to reach **Microsoft SQL Server** on `TCP 1433` or `TCP 1434`;**Internet-exposed SQL ports** enable credential brute force, service enumeration, and remote exploitation. Compromise can lead to unauthorized queries, data exfiltration or tampering, and outages via destructive commands, degrading **confidentiality**, **integrity**, and **availability**.;;"Apply **least privilege** on network access:
- Restrict SQL ingress to trusted IPs or via VPN/bastion
- Place databases in private subnets; allow only app-tier sources
- Avoid `0.0.0.0/0` and `::/0`
- Use **defense in depth** with network ACLs/firewalls
- Monitor auth failures and rate-limit repeated attempts";https://hub.prowler.com/check/ec2_securitygroup_allow_ingress_from_internet_to_tcp_port_sql_server_1433_1434;"```yaml
# CloudFormation: restrict SQL Server ports from Internet
Resources:
  <example_resource_name>:
    Type: AWS::EC2::SecurityGroup
    Properties:
      GroupDescription: Restrict SQL ports
      VpcId: <example_resource_id>
      SecurityGroupIngress:
        - IpProtocol: tcp
          FromPort: 1433
          ToPort: 1433
          CidrIp: 10.0.0.0/8  # CRITICAL: not 0.0.0.0/0; limits exposure to internal range
        - IpProtocol: tcp
          FromPort: 1434
          ToPort: 1434
          CidrIp: 10.0.0.0/8  # CRITICAL: not 0.0.0.0/0; blocks Internet access
```";"```hcl
# Restrict SQL Server ports from Internet
resource ""aws_security_group"" ""<example_resource_name>"" {
  name   = ""<example_resource_name>""
  vpc_id = ""<example_resource_id>""

  ingress {
    from_port   = 1433
    to_port     = 1433
    protocol    = ""tcp""
    cidr_blocks = [""10.0.0.0/8""]  # CRITICAL: not 0.0.0.0/0; restricts Internet access
  }

  ingress {
    from_port   = 1434
    to_port     = 1434
    protocol    = ""tcp""
    cidr_blocks = [""10.0.0.0/8""]  # CRITICAL: not 0.0.0.0/0; blocks Internet exposure
  }
}
```";"aws ec2 revoke-security-group-ingress --group-id <SECURITY_GROUP_ID> --ip-permissions '[{""IpProtocol"":""tcp"",""FromPort"":1433,""ToPort"":1433,""IpRanges"":[{""CidrIp"":""0.0.0.0/0""}],""Ipv6Ranges"":[{""CidrIpv6"":""::/0""}]},{""IpProtocol"":""tcp"",""FromPort"":1434,""ToPort"":1434,""IpRanges"":[{""CidrIp"":""0.0.0.0/0""}],""Ipv6Ranges"":[{""CidrIpv6"":""::/0""}]]'";"1. Open the AWS Console > EC2 > Security Groups
2. Select the target security group and open Inbound rules
3. Find rules allowing TCP 1433 or 1434 from 0.0.0.0/0 or ::/0
4. Delete those rules (or change Source to a specific CIDR or security group)
5. Click Save rules";AWS-Foundational-Technical-Review: NETSEC-001 | KISA-ISMS-P-2023-korean: 2.6.1, 2.6.4, 2.10.2 | MITRE-ATTACK: T1199, T1048, T1499, T1498, T1046 | ISO27001-2022: A.8.20, A.8.21, A.8.22 | AWS-Well-Architected-Framework-Security-Pillar: SEC05-BP03 | KISA-ISMS-P-2023: 2.6.1, 2.6.4, 2.10.2 | C5-2025: PI-01.01AC | SOC2: cc_6_6 | ProwlerThreatScore-1.0: 2.1.7;internet-exposed;;;;5.33.1;https://docs.aws.amazon.com/vpc/latest/userguide/VPC_SecurityGroups.html | https://support.icompaas.com/support/solutions/articles/62000223371-ensure-no-security-groups-allow-ingress-from-0-0-0-0-0-or-0-to-windows-sql-server-ports-1433-or-14;;
profile: None;2026-07-13 09:37:50.757461;735291151388;;;;;;prowler-aws-ec2_securitygroup_allow_ingress_from_internet_to_tcp_port_sql_server_1433_1434-735291151388-ap-south-1-sg-0652e5b7e75b01aa9;aws;ec2_securitygroup_allow_ingress_from_internet_to_tcp_port_sql_server_1433_1434;Security group does not allow ingress from 0.0.0.0/0 or ::/0 to Microsoft SQL Server ports 1433 and 1434;Software and Configuration Checks/AWS Security Best Practices/Network Reachability | Software and Configuration Checks/Industry and Regulatory Standards/AWS Foundational Security Best Practices | Software and Configuration Checks/Industry and Regulatory Standards/CIS AWS Foundations Benchmark | TTPs/Initial Access/Unauthorized Access | Effects/Data Exposure;PASS;Security group cloudguardian-rds-sg (sg-0652e5b7e75b01aa9) does not have Microsoft SQL Server ports 1433 and 1434 open to the Internet.;False;ec2;;high;AwsEc2SecurityGroup;arn:aws:ec2:ap-south-1:735291151388:security-group/sg-0652e5b7e75b01aa9;sg-0652e5b7e75b01aa9;cloudguardian-rds-sg;Name=cloudguardian-rds-sg;aws;ap-south-1;**EC2 security groups** with inbound rules that allow Internet sources (`0.0.0.0/0`, `::/0`) to reach **Microsoft SQL Server** on `TCP 1433` or `TCP 1434`;**Internet-exposed SQL ports** enable credential brute force, service enumeration, and remote exploitation. Compromise can lead to unauthorized queries, data exfiltration or tampering, and outages via destructive commands, degrading **confidentiality**, **integrity**, and **availability**.;;"Apply **least privilege** on network access:
- Restrict SQL ingress to trusted IPs or via VPN/bastion
- Place databases in private subnets; allow only app-tier sources
- Avoid `0.0.0.0/0` and `::/0`
- Use **defense in depth** with network ACLs/firewalls
- Monitor auth failures and rate-limit repeated attempts";https://hub.prowler.com/check/ec2_securitygroup_allow_ingress_from_internet_to_tcp_port_sql_server_1433_1434;"```yaml
# CloudFormation: restrict SQL Server ports from Internet
Resources:
  <example_resource_name>:
    Type: AWS::EC2::SecurityGroup
    Properties:
      GroupDescription: Restrict SQL ports
      VpcId: <example_resource_id>
      SecurityGroupIngress:
        - IpProtocol: tcp
          FromPort: 1433
          ToPort: 1433
          CidrIp: 10.0.0.0/8  # CRITICAL: not 0.0.0.0/0; limits exposure to internal range
        - IpProtocol: tcp
          FromPort: 1434
          ToPort: 1434
          CidrIp: 10.0.0.0/8  # CRITICAL: not 0.0.0.0/0; blocks Internet access
```";"```hcl
# Restrict SQL Server ports from Internet
resource ""aws_security_group"" ""<example_resource_name>"" {
  name   = ""<example_resource_name>""
  vpc_id = ""<example_resource_id>""

  ingress {
    from_port   = 1433
    to_port     = 1433
    protocol    = ""tcp""
    cidr_blocks = [""10.0.0.0/8""]  # CRITICAL: not 0.0.0.0/0; restricts Internet access
  }

  ingress {
    from_port   = 1434
    to_port     = 1434
    protocol    = ""tcp""
    cidr_blocks = [""10.0.0.0/8""]  # CRITICAL: not 0.0.0.0/0; blocks Internet exposure
  }
}
```";"aws ec2 revoke-security-group-ingress --group-id <SECURITY_GROUP_ID> --ip-permissions '[{""IpProtocol"":""tcp"",""FromPort"":1433,""ToPort"":1433,""IpRanges"":[{""CidrIp"":""0.0.0.0/0""}],""Ipv6Ranges"":[{""CidrIpv6"":""::/0""}]},{""IpProtocol"":""tcp"",""FromPort"":1434,""ToPort"":1434,""IpRanges"":[{""CidrIp"":""0.0.0.0/0""}],""Ipv6Ranges"":[{""CidrIpv6"":""::/0""}]]'";"1. Open the AWS Console > EC2 > Security Groups
2. Select the target security group and open Inbound rules
3. Find rules allowing TCP 1433 or 1434 from 0.0.0.0/0 or ::/0
4. Delete those rules (or change Source to a specific CIDR or security group)
5. Click Save rules";AWS-Foundational-Technical-Review: NETSEC-001 | KISA-ISMS-P-2023-korean: 2.6.1, 2.6.4, 2.10.2 | MITRE-ATTACK: T1199, T1048, T1499, T1498, T1046 | ISO27001-2022: A.8.20, A.8.21, A.8.22 | AWS-Well-Architected-Framework-Security-Pillar: SEC05-BP03 | KISA-ISMS-P-2023: 2.6.1, 2.6.4, 2.10.2 | C5-2025: PI-01.01AC | SOC2: cc_6_6 | ProwlerThreatScore-1.0: 2.1.7;internet-exposed;;;;5.33.1;https://docs.aws.amazon.com/vpc/latest/userguide/VPC_SecurityGroups.html | https://support.icompaas.com/support/solutions/articles/62000223371-ensure-no-security-groups-allow-ingress-from-0-0-0-0-0-or-0-to-windows-sql-server-ports-1433-or-14;;
profile: None;2026-07-13 09:37:50.757461;735291151388;;;;;;prowler-aws-ec2_securitygroup_allow_ingress_from_internet_to_tcp_port_telnet_23-735291151388-ap-south-1-sg-09310ccc8f2635d73;aws;ec2_securitygroup_allow_ingress_from_internet_to_tcp_port_telnet_23;Security group does not allow ingress from the Internet to TCP port 23 (Telnet);Software and Configuration Checks/AWS Security Best Practices/Network Reachability | Software and Configuration Checks/Industry and Regulatory Standards/AWS Foundational Security Best Practices | Software and Configuration Checks/Industry and Regulatory Standards/CIS AWS Foundations Benchmark | TTPs/Initial Access;PASS;Security group cloudguardian-web-sg (sg-09310ccc8f2635d73) does not have Telnet port 23 open to the Internet.;False;ec2;;high;AwsEc2SecurityGroup;arn:aws:ec2:ap-south-1:735291151388:security-group/sg-09310ccc8f2635d73;sg-09310ccc8f2635d73;cloudguardian-web-sg;Name=cloudguardian-web-sg;aws;ap-south-1;**EC2 security groups** are evaluated for rules that allow **inbound Telnet** on `TCP 23` from the Internet (`0.0.0.0/0` or `::/0`).;"Public **Telnet** exposes cleartext credentials and remote shell access.
- Brute-force and credential interception enable account takeover
- Command execution enables data theft and lateral movement

This threatens confidentiality and integrity and can degrade availability through misuse.";;Remove rules permitting Internet access to `TCP 23` from `0.0.0.0/0` or `::/0`. Disable **Telnet** on hosts. Prefer **SSH** or **SSM** and apply **least privilege** network rules. Restrict admin access to trusted IPs, VPN, or private endpoints, and use **defense in depth** with NACLs and logging.;https://hub.prowler.com/check/ec2_securitygroup_allow_ingress_from_internet_to_tcp_port_telnet_23;"```yaml
# CloudFormation: restrict Telnet (port 23) from Internet
Resources:
  <example_resource_name>:
    Type: AWS::EC2::SecurityGroup
    Properties:
      GroupDescription: Restrict Telnet
      VpcId: <example_resource_id>
      SecurityGroupIngress:
        - IpProtocol: tcp
          FromPort: 23
          ToPort: 23
          CidrIp: 10.0.0.0/8  # CRITICAL: Restricts Telnet (23) to internal range; removes Internet-wide (0.0.0.0/0) access
```";"```hcl
resource ""aws_security_group"" ""<example_resource_name>"" {
  vpc_id = ""<example_resource_id>""

  ingress {
    from_port   = 23
    to_port     = 23
    protocol    = ""tcp""
    cidr_blocks = [""10.0.0.0/8""] # CRITICAL: Restricts Telnet (23); do not use 0.0.0.0/0 or ::/0
  }
}
```";"aws ec2 revoke-security-group-ingress --group-id <SECURITY_GROUP_ID> --ip-permissions '[{""IpProtocol"":""tcp"",""FromPort"":23,""ToPort"":23,""IpRanges"":[{""CidrIp"":""0.0.0.0/0""}],""Ipv6Ranges"":[{""CidrIpv6"":""::/0""}]}]'";"1. In the AWS console, go to VPC > Security Groups
2. Select the affected security group and open Inbound rules
3. Click Edit inbound rules
4. Find any rule allowing TCP port 23 (Telnet) from 0.0.0.0/0 or ::/0
5. Delete the rule or change Source to a specific trusted CIDR
6. Save rules";AWS-Foundational-Technical-Review: NETSEC-001 | KISA-ISMS-P-2023-korean: 2.6.1, 2.6.2, 2.6.6, 2.10.2 | CCC-v2025.10: CCC.Core.CN01.AR03 | MITRE-ATTACK: T1199, T1048, T1499, T1498, T1046 | ISO27001-2022: A.8.20, A.8.21, A.8.22 | AWS-Well-Architected-Framework-Security-Pillar: SEC05-BP03 | KISA-ISMS-P-2023: 2.6.1, 2.6.2, 2.6.6, 2.10.2 | C5-2025: PI-01.01AC | SOC2: cc_6_6 | ProwlerThreatScore-1.0: 2.1.7;internet-exposed;;;;5.33.1;https://docs.aws.amazon.com/vpc/latest/userguide/VPC_SecurityGroups.html | https://support.icompaas.com/support/solutions/articles/62000233790-ensure-no-ec2-instances-allow-ingress-from-the-internet-to-tcp-port-23-telnet- | https://www.trendmicro.com/trendaivisiononecloudriskmanagement/knowledge-base/aws/EC2/unrestricted-telnet-access.html;;
profile: None;2026-07-13 09:37:50.757461;735291151388;;;;;;prowler-aws-ec2_securitygroup_allow_ingress_from_internet_to_tcp_port_telnet_23-735291151388-ap-south-1-sg-0652e5b7e75b01aa9;aws;ec2_securitygroup_allow_ingress_from_internet_to_tcp_port_telnet_23;Security group does not allow ingress from the Internet to TCP port 23 (Telnet);Software and Configuration Checks/AWS Security Best Practices/Network Reachability | Software and Configuration Checks/Industry and Regulatory Standards/AWS Foundational Security Best Practices | Software and Configuration Checks/Industry and Regulatory Standards/CIS AWS Foundations Benchmark | TTPs/Initial Access;PASS;Security group cloudguardian-rds-sg (sg-0652e5b7e75b01aa9) does not have Telnet port 23 open to the Internet.;False;ec2;;high;AwsEc2SecurityGroup;arn:aws:ec2:ap-south-1:735291151388:security-group/sg-0652e5b7e75b01aa9;sg-0652e5b7e75b01aa9;cloudguardian-rds-sg;Name=cloudguardian-rds-sg;aws;ap-south-1;**EC2 security groups** are evaluated for rules that allow **inbound Telnet** on `TCP 23` from the Internet (`0.0.0.0/0` or `::/0`).;"Public **Telnet** exposes cleartext credentials and remote shell access.
- Brute-force and credential interception enable account takeover
- Command execution enables data theft and lateral movement

This threatens confidentiality and integrity and can degrade availability through misuse.";;Remove rules permitting Internet access to `TCP 23` from `0.0.0.0/0` or `::/0`. Disable **Telnet** on hosts. Prefer **SSH** or **SSM** and apply **least privilege** network rules. Restrict admin access to trusted IPs, VPN, or private endpoints, and use **defense in depth** with NACLs and logging.;https://hub.prowler.com/check/ec2_securitygroup_allow_ingress_from_internet_to_tcp_port_telnet_23;"```yaml
# CloudFormation: restrict Telnet (port 23) from Internet
Resources:
  <example_resource_name>:
    Type: AWS::EC2::SecurityGroup
    Properties:
      GroupDescription: Restrict Telnet
      VpcId: <example_resource_id>
      SecurityGroupIngress:
        - IpProtocol: tcp
          FromPort: 23
          ToPort: 23
          CidrIp: 10.0.0.0/8  # CRITICAL: Restricts Telnet (23) to internal range; removes Internet-wide (0.0.0.0/0) access
```";"```hcl
resource ""aws_security_group"" ""<example_resource_name>"" {
  vpc_id = ""<example_resource_id>""

  ingress {
    from_port   = 23
    to_port     = 23
    protocol    = ""tcp""
    cidr_blocks = [""10.0.0.0/8""] # CRITICAL: Restricts Telnet (23); do not use 0.0.0.0/0 or ::/0
  }
}
```";"aws ec2 revoke-security-group-ingress --group-id <SECURITY_GROUP_ID> --ip-permissions '[{""IpProtocol"":""tcp"",""FromPort"":23,""ToPort"":23,""IpRanges"":[{""CidrIp"":""0.0.0.0/0""}],""Ipv6Ranges"":[{""CidrIpv6"":""::/0""}]}]'";"1. In the AWS console, go to VPC > Security Groups
2. Select the affected security group and open Inbound rules
3. Click Edit inbound rules
4. Find any rule allowing TCP port 23 (Telnet) from 0.0.0.0/0 or ::/0
5. Delete the rule or change Source to a specific trusted CIDR
6. Save rules";AWS-Foundational-Technical-Review: NETSEC-001 | KISA-ISMS-P-2023-korean: 2.6.1, 2.6.2, 2.6.6, 2.10.2 | CCC-v2025.10: CCC.Core.CN01.AR03 | MITRE-ATTACK: T1199, T1048, T1499, T1498, T1046 | ISO27001-2022: A.8.20, A.8.21, A.8.22 | AWS-Well-Architected-Framework-Security-Pillar: SEC05-BP03 | KISA-ISMS-P-2023: 2.6.1, 2.6.2, 2.6.6, 2.10.2 | C5-2025: PI-01.01AC | SOC2: cc_6_6 | ProwlerThreatScore-1.0: 2.1.7;internet-exposed;;;;5.33.1;https://docs.aws.amazon.com/vpc/latest/userguide/VPC_SecurityGroups.html | https://support.icompaas.com/support/solutions/articles/62000233790-ensure-no-ec2-instances-allow-ingress-from-the-internet-to-tcp-port-23-telnet- | https://www.trendmicro.com/trendaivisiononecloudriskmanagement/knowledge-base/aws/EC2/unrestricted-telnet-access.html;;
profile: None;2026-07-13 09:37:50.757461;735291151388;;;;;;prowler-aws-ec2_securitygroup_allow_wide_open_public_ipv4-735291151388-ap-south-1-sg-09310ccc8f2635d73;aws;ec2_securitygroup_allow_wide_open_public_ipv4;Security group has no ingress or egress rules with public IPv4 CIDR ranges from /1 to /23;Software and Configuration Checks/AWS Security Best Practices/Network Reachability | Software and Configuration Checks/Industry and Regulatory Standards/AWS Foundational Security Best Practices | Software and Configuration Checks/Industry and Regulatory Standards/CIS AWS Foundations Benchmark | TTPs/Initial Access/Unauthorized Access;PASS;Security group cloudguardian-web-sg (sg-09310ccc8f2635d73) has no potential wide-open non-RFC1918 address.;False;ec2;;high;AwsEc2SecurityGroup;arn:aws:ec2:ap-south-1:735291151388:security-group/sg-09310ccc8f2635d73;sg-09310ccc8f2635d73;cloudguardian-web-sg;Name=cloudguardian-web-sg;aws;ap-south-1;"**EC2 security groups** with rules that permit non-RFC1918 IPv4 ranges wider than `/24` are identified across both **ingress** and **egress**.

The focus is on public CIDRs (`/1`-`/23`) that broadly expose sources or destinations, not on private networks.";"Over-broad public CIDRs expand exposure and enable:
- **Confidentiality** loss via unauthorized access and exfiltration
- **Integrity** compromise by exploiting exposed services
- **Availability** impact from scanning and abuse

Open egress further allows **C2** beacons and bulk data exfiltration to untrusted IPs.";;"Apply **least privilege** on security groups:
- Allow only known IPs (prefer `/32` or tight CIDRs)
- Use **private connectivity** (VPN, Direct Connect, private endpoints)
- Restrict and log **egress**; deny by default
- Segment with security group references and **network ACLs** for **defense-in-depth**";https://hub.prowler.com/check/ec2_securitygroup_allow_wide_open_public_ipv4;"```yaml
# CloudFormation: ensure no public IPv4 CIDR wider than /24
Resources:
  ""<example_resource_name>"":
    Type: AWS::EC2::SecurityGroup
    Properties:
      GroupDescription: ""sg""
      VpcId: ""<example_resource_id>""
      SecurityGroupIngress:
        - IpProtocol: tcp
          FromPort: 443
          ToPort: 443
          CidrIp: 203.0.113.0/24  # Critical: /24 (or private RFC1918) avoids wide-open public /1-/23
```";"```hcl
# Terraform: ensure no public IPv4 CIDR wider than /24
resource ""aws_security_group"" ""<example_resource_name>"" {
  name   = ""<example_resource_name>""
  vpc_id = ""<example_resource_id>""

  ingress {
    from_port   = 443
    to_port     = 443
    protocol    = ""tcp""
    cidr_blocks = [""203.0.113.0/24""] # Critical: /24 (or private RFC1918) avoids wide-open public /1-/23
  }
}
```";;"1. In the AWS Console, go to VPC > Security Groups
2. Select the security group with the finding
3. Click Edit inbound rules (and Edit outbound rules if needed)
4. For any rule with a public IPv4 CIDR mask /1-/23, delete it or change the CIDR to a private RFC1918 range or to /24 or more specific (e.g., 203.0.113.0/24)
5. Save rules";SecNumCloud-3.2: 12.14 | AWS-Foundational-Technical-Review: NETSEC-001 | KISA-ISMS-P-2023-korean: 2.6.1, 2.10.2 | ISO27001-2022: A.8.1, A.8.20, A.8.21, A.8.22 | AWS-Well-Architected-Framework-Security-Pillar: SEC03-BP07 | KISA-ISMS-P-2023: 2.6.1, 2.10.2 | C5-2025: PS-03.02B | SOC2: cc_6_6;internet-exposed;;;;5.33.1;https://support.icompaas.com/support/solutions/articles/62000229600-ensure-vpc-security-groups-not-wide-open-public-ipv4-cidr-ranges-non-rfc1918- | https://docs.aws.amazon.com/vpc/latest/userguide/VPC_SecurityGroups.html;;
profile: None;2026-07-13 09:37:50.757461;735291151388;;;;;;prowler-aws-ec2_securitygroup_allow_wide_open_public_ipv4-735291151388-ap-south-1-sg-0652e5b7e75b01aa9;aws;ec2_securitygroup_allow_wide_open_public_ipv4;Security group has no ingress or egress rules with public IPv4 CIDR ranges from /1 to /23;Software and Configuration Checks/AWS Security Best Practices/Network Reachability | Software and Configuration Checks/Industry and Regulatory Standards/AWS Foundational Security Best Practices | Software and Configuration Checks/Industry and Regulatory Standards/CIS AWS Foundations Benchmark | TTPs/Initial Access/Unauthorized Access;PASS;Security group cloudguardian-rds-sg (sg-0652e5b7e75b01aa9) has no potential wide-open non-RFC1918 address.;False;ec2;;high;AwsEc2SecurityGroup;arn:aws:ec2:ap-south-1:735291151388:security-group/sg-0652e5b7e75b01aa9;sg-0652e5b7e75b01aa9;cloudguardian-rds-sg;Name=cloudguardian-rds-sg;aws;ap-south-1;"**EC2 security groups** with rules that permit non-RFC1918 IPv4 ranges wider than `/24` are identified across both **ingress** and **egress**.

The focus is on public CIDRs (`/1`-`/23`) that broadly expose sources or destinations, not on private networks.";"Over-broad public CIDRs expand exposure and enable:
- **Confidentiality** loss via unauthorized access and exfiltration
- **Integrity** compromise by exploiting exposed services
- **Availability** impact from scanning and abuse

Open egress further allows **C2** beacons and bulk data exfiltration to untrusted IPs.";;"Apply **least privilege** on security groups:
- Allow only known IPs (prefer `/32` or tight CIDRs)
- Use **private connectivity** (VPN, Direct Connect, private endpoints)
- Restrict and log **egress**; deny by default
- Segment with security group references and **network ACLs** for **defense-in-depth**";https://hub.prowler.com/check/ec2_securitygroup_allow_wide_open_public_ipv4;"```yaml
# CloudFormation: ensure no public IPv4 CIDR wider than /24
Resources:
  ""<example_resource_name>"":
    Type: AWS::EC2::SecurityGroup
    Properties:
      GroupDescription: ""sg""
      VpcId: ""<example_resource_id>""
      SecurityGroupIngress:
        - IpProtocol: tcp
          FromPort: 443
          ToPort: 443
          CidrIp: 203.0.113.0/24  # Critical: /24 (or private RFC1918) avoids wide-open public /1-/23
```";"```hcl
# Terraform: ensure no public IPv4 CIDR wider than /24
resource ""aws_security_group"" ""<example_resource_name>"" {
  name   = ""<example_resource_name>""
  vpc_id = ""<example_resource_id>""

  ingress {
    from_port   = 443
    to_port     = 443
    protocol    = ""tcp""
    cidr_blocks = [""203.0.113.0/24""] # Critical: /24 (or private RFC1918) avoids wide-open public /1-/23
  }
}
```";;"1. In the AWS Console, go to VPC > Security Groups
2. Select the security group with the finding
3. Click Edit inbound rules (and Edit outbound rules if needed)
4. For any rule with a public IPv4 CIDR mask /1-/23, delete it or change the CIDR to a private RFC1918 range or to /24 or more specific (e.g., 203.0.113.0/24)
5. Save rules";SecNumCloud-3.2: 12.14 | AWS-Foundational-Technical-Review: NETSEC-001 | KISA-ISMS-P-2023-korean: 2.6.1, 2.10.2 | ISO27001-2022: A.8.1, A.8.20, A.8.21, A.8.22 | AWS-Well-Architected-Framework-Security-Pillar: SEC03-BP07 | KISA-ISMS-P-2023: 2.6.1, 2.10.2 | C5-2025: PS-03.02B | SOC2: cc_6_6;internet-exposed;;;;5.33.1;https://support.icompaas.com/support/solutions/articles/62000229600-ensure-vpc-security-groups-not-wide-open-public-ipv4-cidr-ranges-non-rfc1918- | https://docs.aws.amazon.com/vpc/latest/userguide/VPC_SecurityGroups.html;;
profile: None;2026-07-13 09:37:50.757461;735291151388;;;;;;prowler-aws-ec2_securitygroup_from_launch_wizard-735291151388-ap-south-1-sg-0870c2fceba20b744;aws;ec2_securitygroup_from_launch_wizard;Security group not created using the EC2 Launch Wizard;Software and Configuration Checks/AWS Security Best Practices/Network Reachability;PASS;Security group default (sg-0870c2fceba20b744) was not created using the EC2 Launch Wizard.;False;ec2;;medium;AwsEc2SecurityGroup;arn:aws:ec2:ap-south-1:735291151388:security-group/sg-0870c2fceba20b744;sg-0870c2fceba20b744;default;;aws;ap-south-1;**EC2 security groups** whose names include `launch-wizard` are identified as created by the **EC2 Launch Wizard**, distinguishing auto-generated groups from curated, baseline-controlled groups.;"Wizard-generated groups often include **overly permissive rules** (e.g., `0.0.0.0/0` to admin ports), expanding exposure. Attackers can run **port scans** and **brute-force** to gain entry, then **lateral movement** and **data exfiltration**, impacting **confidentiality** and **integrity**; broad egress aids command-and-control.";;Replace or harden these groups. Apply **least privilege**: restrict inbound to required sources, avoid public admin ports, and minimize egress. Use approved baseline security groups, enforce change control with IaC and guardrails, prefer private administration (bastion or Session Manager), and remove unused rules.;https://hub.prowler.com/check/ec2_securitygroup_from_launch_wizard;"```yaml
# CloudFormation: create a security group not named by Launch Wizard
Resources:
  <example_resource_name>:
    Type: AWS::EC2::SecurityGroup
    Properties:
      GroupDescription: SG not created by Launch Wizard
      VpcId: <example_resource_id>
      GroupName: <example_resource_name>  # Critical: name does NOT contain ""launch-wizard"" to avoid FAIL
```";"```hcl
# Create a security group not named by Launch Wizard
resource ""aws_security_group"" ""<example_resource_name>"" {
  name   = ""<example_resource_name>""  # Critical: name does NOT contain ""launch-wizard"" to avoid FAIL
  vpc_id = ""<example_resource_id>""
}
```";aws ec2 delete-security-group --group-id <SECURITY_GROUP_ID>;"1. In the AWS console, go to EC2 > Network & Security > Security Groups
2. In the search box, filter by Name contains ""launch-wizard""
3. For each matching group, open the References tab and remove it from any ENIs/instances by replacing it with a different security group
4. Select the launch-wizard security group and choose Actions > Delete security group > Delete
5. Verify no security groups remain with names containing ""launch-wizard""";KISA-ISMS-P-2023-korean: 2.10.2 | ENS-RD2022: mp.com.1.aws.sg.1 | ISO27001-2022: A.8.20, A.8.21, A.8.22 | AWS-Well-Architected-Framework-Security-Pillar: SEC05-BP03 | KISA-ISMS-P-2023: 2.10.2;;;;;5.33.1;https://www.trendmicro.com/trendaivisiononecloudriskmanagement/knowledge-base/aws/EC2/security-group-prefixed-with-launch-wizard.html | https://docs.aws.amazon.com/eks/latest/userguide/sec-group-reqs.html;;
profile: None;2026-07-13 09:37:50.757461;735291151388;;;;;;prowler-aws-ec2_securitygroup_from_launch_wizard-735291151388-ap-south-1-sg-01da1c49051ece125;aws;ec2_securitygroup_from_launch_wizard;Security group not created using the EC2 Launch Wizard;Software and Configuration Checks/AWS Security Best Practices/Network Reachability;PASS;Security group default (sg-01da1c49051ece125) was not created using the EC2 Launch Wizard.;False;ec2;;medium;AwsEc2SecurityGroup;arn:aws:ec2:ap-south-1:735291151388:security-group/sg-01da1c49051ece125;sg-01da1c49051ece125;default;;aws;ap-south-1;**EC2 security groups** whose names include `launch-wizard` are identified as created by the **EC2 Launch Wizard**, distinguishing auto-generated groups from curated, baseline-controlled groups.;"Wizard-generated groups often include **overly permissive rules** (e.g., `0.0.0.0/0` to admin ports), expanding exposure. Attackers can run **port scans** and **brute-force** to gain entry, then **lateral movement** and **data exfiltration**, impacting **confidentiality** and **integrity**; broad egress aids command-and-control.";;Replace or harden these groups. Apply **least privilege**: restrict inbound to required sources, avoid public admin ports, and minimize egress. Use approved baseline security groups, enforce change control with IaC and guardrails, prefer private administration (bastion or Session Manager), and remove unused rules.;https://hub.prowler.com/check/ec2_securitygroup_from_launch_wizard;"```yaml
# CloudFormation: create a security group not named by Launch Wizard
Resources:
  <example_resource_name>:
    Type: AWS::EC2::SecurityGroup
    Properties:
      GroupDescription: SG not created by Launch Wizard
      VpcId: <example_resource_id>
      GroupName: <example_resource_name>  # Critical: name does NOT contain ""launch-wizard"" to avoid FAIL
```";"```hcl
# Create a security group not named by Launch Wizard
resource ""aws_security_group"" ""<example_resource_name>"" {
  name   = ""<example_resource_name>""  # Critical: name does NOT contain ""launch-wizard"" to avoid FAIL
  vpc_id = ""<example_resource_id>""
}
```";aws ec2 delete-security-group --group-id <SECURITY_GROUP_ID>;"1. In the AWS console, go to EC2 > Network & Security > Security Groups
2. In the search box, filter by Name contains ""launch-wizard""
3. For each matching group, open the References tab and remove it from any ENIs/instances by replacing it with a different security group
4. Select the launch-wizard security group and choose Actions > Delete security group > Delete
5. Verify no security groups remain with names containing ""launch-wizard""";KISA-ISMS-P-2023-korean: 2.10.2 | ENS-RD2022: mp.com.1.aws.sg.1 | ISO27001-2022: A.8.20, A.8.21, A.8.22 | AWS-Well-Architected-Framework-Security-Pillar: SEC05-BP03 | KISA-ISMS-P-2023: 2.10.2;;;;;5.33.1;https://www.trendmicro.com/trendaivisiononecloudriskmanagement/knowledge-base/aws/EC2/security-group-prefixed-with-launch-wizard.html | https://docs.aws.amazon.com/eks/latest/userguide/sec-group-reqs.html;;
profile: None;2026-07-13 09:37:50.757461;735291151388;;;;;;prowler-aws-ec2_securitygroup_from_launch_wizard-735291151388-ap-south-1-sg-09310ccc8f2635d73;aws;ec2_securitygroup_from_launch_wizard;Security group not created using the EC2 Launch Wizard;Software and Configuration Checks/AWS Security Best Practices/Network Reachability;PASS;Security group cloudguardian-web-sg (sg-09310ccc8f2635d73) was not created using the EC2 Launch Wizard.;False;ec2;;medium;AwsEc2SecurityGroup;arn:aws:ec2:ap-south-1:735291151388:security-group/sg-09310ccc8f2635d73;sg-09310ccc8f2635d73;cloudguardian-web-sg;Name=cloudguardian-web-sg;aws;ap-south-1;**EC2 security groups** whose names include `launch-wizard` are identified as created by the **EC2 Launch Wizard**, distinguishing auto-generated groups from curated, baseline-controlled groups.;"Wizard-generated groups often include **overly permissive rules** (e.g., `0.0.0.0/0` to admin ports), expanding exposure. Attackers can run **port scans** and **brute-force** to gain entry, then **lateral movement** and **data exfiltration**, impacting **confidentiality** and **integrity**; broad egress aids command-and-control.";;Replace or harden these groups. Apply **least privilege**: restrict inbound to required sources, avoid public admin ports, and minimize egress. Use approved baseline security groups, enforce change control with IaC and guardrails, prefer private administration (bastion or Session Manager), and remove unused rules.;https://hub.prowler.com/check/ec2_securitygroup_from_launch_wizard;"```yaml
# CloudFormation: create a security group not named by Launch Wizard
Resources:
  <example_resource_name>:
    Type: AWS::EC2::SecurityGroup
    Properties:
      GroupDescription: SG not created by Launch Wizard
      VpcId: <example_resource_id>
      GroupName: <example_resource_name>  # Critical: name does NOT contain ""launch-wizard"" to avoid FAIL
```";"```hcl
# Create a security group not named by Launch Wizard
resource ""aws_security_group"" ""<example_resource_name>"" {
  name   = ""<example_resource_name>""  # Critical: name does NOT contain ""launch-wizard"" to avoid FAIL
  vpc_id = ""<example_resource_id>""
}
```";aws ec2 delete-security-group --group-id <SECURITY_GROUP_ID>;"1. In the AWS console, go to EC2 > Network & Security > Security Groups
2. In the search box, filter by Name contains ""launch-wizard""
3. For each matching group, open the References tab and remove it from any ENIs/instances by replacing it with a different security group
4. Select the launch-wizard security group and choose Actions > Delete security group > Delete
5. Verify no security groups remain with names containing ""launch-wizard""";KISA-ISMS-P-2023-korean: 2.10.2 | ENS-RD2022: mp.com.1.aws.sg.1 | ISO27001-2022: A.8.20, A.8.21, A.8.22 | AWS-Well-Architected-Framework-Security-Pillar: SEC05-BP03 | KISA-ISMS-P-2023: 2.10.2;;;;;5.33.1;https://www.trendmicro.com/trendaivisiononecloudriskmanagement/knowledge-base/aws/EC2/security-group-prefixed-with-launch-wizard.html | https://docs.aws.amazon.com/eks/latest/userguide/sec-group-reqs.html;;
profile: None;2026-07-13 09:37:50.757461;735291151388;;;;;;prowler-aws-ec2_securitygroup_from_launch_wizard-735291151388-ap-south-1-sg-0652e5b7e75b01aa9;aws;ec2_securitygroup_from_launch_wizard;Security group not created using the EC2 Launch Wizard;Software and Configuration Checks/AWS Security Best Practices/Network Reachability;PASS;Security group cloudguardian-rds-sg (sg-0652e5b7e75b01aa9) was not created using the EC2 Launch Wizard.;False;ec2;;medium;AwsEc2SecurityGroup;arn:aws:ec2:ap-south-1:735291151388:security-group/sg-0652e5b7e75b01aa9;sg-0652e5b7e75b01aa9;cloudguardian-rds-sg;Name=cloudguardian-rds-sg;aws;ap-south-1;**EC2 security groups** whose names include `launch-wizard` are identified as created by the **EC2 Launch Wizard**, distinguishing auto-generated groups from curated, baseline-controlled groups.;"Wizard-generated groups often include **overly permissive rules** (e.g., `0.0.0.0/0` to admin ports), expanding exposure. Attackers can run **port scans** and **brute-force** to gain entry, then **lateral movement** and **data exfiltration**, impacting **confidentiality** and **integrity**; broad egress aids command-and-control.";;Replace or harden these groups. Apply **least privilege**: restrict inbound to required sources, avoid public admin ports, and minimize egress. Use approved baseline security groups, enforce change control with IaC and guardrails, prefer private administration (bastion or Session Manager), and remove unused rules.;https://hub.prowler.com/check/ec2_securitygroup_from_launch_wizard;"```yaml
# CloudFormation: create a security group not named by Launch Wizard
Resources:
  <example_resource_name>:
    Type: AWS::EC2::SecurityGroup
    Properties:
      GroupDescription: SG not created by Launch Wizard
      VpcId: <example_resource_id>
      GroupName: <example_resource_name>  # Critical: name does NOT contain ""launch-wizard"" to avoid FAIL
```";"```hcl
# Create a security group not named by Launch Wizard
resource ""aws_security_group"" ""<example_resource_name>"" {
  name   = ""<example_resource_name>""  # Critical: name does NOT contain ""launch-wizard"" to avoid FAIL
  vpc_id = ""<example_resource_id>""
}
```";aws ec2 delete-security-group --group-id <SECURITY_GROUP_ID>;"1. In the AWS console, go to EC2 > Network & Security > Security Groups
2. In the search box, filter by Name contains ""launch-wizard""
3. For each matching group, open the References tab and remove it from any ENIs/instances by replacing it with a different security group
4. Select the launch-wizard security group and choose Actions > Delete security group > Delete
5. Verify no security groups remain with names containing ""launch-wizard""";KISA-ISMS-P-2023-korean: 2.10.2 | ENS-RD2022: mp.com.1.aws.sg.1 | ISO27001-2022: A.8.20, A.8.21, A.8.22 | AWS-Well-Architected-Framework-Security-Pillar: SEC05-BP03 | KISA-ISMS-P-2023: 2.10.2;;;;;5.33.1;https://www.trendmicro.com/trendaivisiononecloudriskmanagement/knowledge-base/aws/EC2/security-group-prefixed-with-launch-wizard.html | https://docs.aws.amazon.com/eks/latest/userguide/sec-group-reqs.html;;
profile: None;2026-07-13 09:37:50.757461;735291151388;;;;;;prowler-aws-ec2_securitygroup_not_used-735291151388-ap-south-1-sg-09310ccc8f2635d73;aws;ec2_securitygroup_not_used;Non-default EC2 security group is in use;Software and Configuration Checks/AWS Security Best Practices;PASS;Security group cloudguardian-web-sg (sg-09310ccc8f2635d73) it is being used.;False;ec2;;low;AwsEc2SecurityGroup;arn:aws:ec2:ap-south-1:735291151388:security-group/sg-09310ccc8f2635d73;sg-09310ccc8f2635d73;cloudguardian-web-sg;Name=cloudguardian-web-sg;aws;ap-south-1;EC2 security groups, except `default`, are assessed for **unused** status: zero attached network interfaces, no AWS Lambda associations, and no references from other security groups.;Orphaned security groups may later be attached with **overly permissive rules** without review, enabling unintended inbound or lateral access that compromises **confidentiality** and **integrity**. They also create **configuration drift**, increasing the chance of misapplied access controls.;;Apply **least privilege** and strong lifecycle management: delete or quarantine **unused security groups**, enforce ownership tags and retention policies, review regularly, and manage changes via IaC with approvals. Restrict who can attach groups and use guardrails to prevent reuse of stale or permissive groups.;https://hub.prowler.com/check/ec2_securitygroup_not_used;;"```hcl
# Destroy the unused non-default security group
resource ""aws_security_group"" ""<example_resource_name>"" {
  count = 0 # Critical: setting count=0 removes/destroys this unused SG
}
```";aws ec2 delete-security-group --group-id <SECURITY_GROUP_ID>;"1. In the AWS Console, go to EC2 > Security Groups
2. Select the non-default security group that shows Used by = 0 (no network interfaces or resources)
3. Click Actions > Delete security group > Delete";AWS-Foundational-Technical-Review: NETSEC-001 | AWS-Foundational-Security-Best-Practices: EC2.22 | KISA-ISMS-P-2023-korean: 2.10.2 | ENS-RD2022: mp.com.1.aws.sg.3 | ISO27001-2022: A.8.20, A.8.21, A.8.22 | AWS-Well-Architected-Framework-Security-Pillar: SEC05-BP03 | NIST-CSF-2.0: ac_5, ip_1 | KISA-ISMS-P-2023: 2.10.2;trust-boundaries;;;;5.33.1;https://www.trendmicro.com/trendaivisiononecloudriskmanagement/knowledge-base/aws/EC2/default-security-group-unrestricted.html | https://docs.aws.amazon.com/AWSEC2/latest/UserGuide/ec2-security-groups.html;;
profile: None;2026-07-13 09:37:50.757461;735291151388;;;;;;prowler-aws-ec2_securitygroup_not_used-735291151388-ap-south-1-sg-0652e5b7e75b01aa9;aws;ec2_securitygroup_not_used;Non-default EC2 security group is in use;Software and Configuration Checks/AWS Security Best Practices;PASS;Security group cloudguardian-rds-sg (sg-0652e5b7e75b01aa9) it is being used.;False;ec2;;low;AwsEc2SecurityGroup;arn:aws:ec2:ap-south-1:735291151388:security-group/sg-0652e5b7e75b01aa9;sg-0652e5b7e75b01aa9;cloudguardian-rds-sg;Name=cloudguardian-rds-sg;aws;ap-south-1;EC2 security groups, except `default`, are assessed for **unused** status: zero attached network interfaces, no AWS Lambda associations, and no references from other security groups.;Orphaned security groups may later be attached with **overly permissive rules** without review, enabling unintended inbound or lateral access that compromises **confidentiality** and **integrity**. They also create **configuration drift**, increasing the chance of misapplied access controls.;;Apply **least privilege** and strong lifecycle management: delete or quarantine **unused security groups**, enforce ownership tags and retention policies, review regularly, and manage changes via IaC with approvals. Restrict who can attach groups and use guardrails to prevent reuse of stale or permissive groups.;https://hub.prowler.com/check/ec2_securitygroup_not_used;;"```hcl
# Destroy the unused non-default security group
resource ""aws_security_group"" ""<example_resource_name>"" {
  count = 0 # Critical: setting count=0 removes/destroys this unused SG
}
```";aws ec2 delete-security-group --group-id <SECURITY_GROUP_ID>;"1. In the AWS Console, go to EC2 > Security Groups
2. Select the non-default security group that shows Used by = 0 (no network interfaces or resources)
3. Click Actions > Delete security group > Delete";AWS-Foundational-Technical-Review: NETSEC-001 | AWS-Foundational-Security-Best-Practices: EC2.22 | KISA-ISMS-P-2023-korean: 2.10.2 | ENS-RD2022: mp.com.1.aws.sg.3 | ISO27001-2022: A.8.20, A.8.21, A.8.22 | AWS-Well-Architected-Framework-Security-Pillar: SEC05-BP03 | NIST-CSF-2.0: ac_5, ip_1 | KISA-ISMS-P-2023: 2.10.2;trust-boundaries;;;;5.33.1;https://www.trendmicro.com/trendaivisiononecloudriskmanagement/knowledge-base/aws/EC2/default-security-group-unrestricted.html | https://docs.aws.amazon.com/AWSEC2/latest/UserGuide/ec2-security-groups.html;;
profile: None;2026-07-13 09:37:50.757461;735291151388;;;;;;prowler-aws-ec2_securitygroup_with_many_ingress_egress_rules-735291151388-ap-south-1-sg-0870c2fceba20b744;aws;ec2_securitygroup_with_many_ingress_egress_rules;Security group has 50 or fewer inbound rules and 50 or fewer outbound rules;Software and Configuration Checks/AWS Security Best Practices/Network Reachability | Software and Configuration Checks/Industry and Regulatory Standards/AWS Foundational Security Best Practices | Software and Configuration Checks/Industry and Regulatory Standards/CIS AWS Foundations Benchmark;PASS;Security group default (sg-0870c2fceba20b744) has 1 inbound rules and 1 outbound rules.;False;ec2;;medium;AwsEc2SecurityGroup;arn:aws:ec2:ap-south-1:735291151388:security-group/sg-0870c2fceba20b744;sg-0870c2fceba20b744;default;;aws;ap-south-1;**EC2 security groups** are evaluated for excessive rule counts, flagging groups where `ingress` or `egress` entries exceed the configured threshold (default `50`). This targets groups with unusually large rule sets that complicate access control.;**Rule sprawl** weakens **least privilege**: large rule sets can hide overly permissive entries, exposing services to the Internet or unintended peers. This enables unauthorized access, data exfiltration, and lateral movement, impacting **confidentiality** and **integrity**, and can threaten **availability** via abuse of exposed services.;;"Apply **least privilege** and **segmentation**:
- Limit rules to required ports, protocols, and sources
- Split workloads into dedicated security groups per role
- Prefer SG-to-SG references over broad CIDRs
- Regularly review, deduplicate, and remove stale rules
- Layer controls (NACLs, private endpoints) for **defense in depth**";https://hub.prowler.com/check/ec2_securitygroup_with_many_ingress_egress_rules;"```yaml
# CloudFormation: Security group with limited number of rules
Resources:
  <example_resource_name>:
    Type: AWS::EC2::SecurityGroup
    Properties:
      GroupDescription: ""<example_resource_name>""
      VpcId: <example_resource_id>
      SecurityGroupIngress:
        - IpProtocol: tcp
          FromPort: 443
          ToPort: 443
          CidrIp: 10.0.0.0/8  # Critical: keep total inbound rules  50; this example defines only 1 rule to ensure compliance
```";"```hcl
# Terraform: Security group with limited number of rules
resource ""aws_security_group"" ""<example_resource_name>"" {
  name   = ""<example_resource_name>""
  vpc_id = ""<example_resource_id>""

  ingress {                      # Critical: keep total ingress/egress rules  50; single rule ensures PASS
    from_port   = 443
    to_port     = 443
    protocol    = ""tcp""
    cidr_blocks = [""10.0.0.0/8""]
  }
}
```";;"1. In the AWS console, go to EC2 > Security Groups
2. Select the security group that FAILED
3. In Inbound rules, click Edit inbound rules
4. Delete rules until the inbound rule count is 50 or fewer, then Save
5. In Outbound rules, click Edit outbound rules
6. Delete rules until the outbound rule count is 50 or fewer, then Save";AWS-Foundational-Technical-Review: NETSEC-001 | KISA-ISMS-P-2023-korean: 2.10.2 | ISO27001-2022: A.8.20, A.8.21, A.8.22 | AWS-Well-Architected-Framework-Security-Pillar: SEC05-BP03 | KISA-ISMS-P-2023: 2.10.2;trust-boundaries;;;;5.33.1;https://docs.aws.amazon.com/vpc/latest/userguide/VPC_SecurityGroups.html | https://www.trendmicro.com/trendaivisiononecloudriskmanagement/knowledge-base/aws/EC2/security-group-rules-counts.html;;
profile: None;2026-07-13 09:37:50.757461;735291151388;;;;;;prowler-aws-ec2_securitygroup_with_many_ingress_egress_rules-735291151388-ap-south-1-sg-01da1c49051ece125;aws;ec2_securitygroup_with_many_ingress_egress_rules;Security group has 50 or fewer inbound rules and 50 or fewer outbound rules;Software and Configuration Checks/AWS Security Best Practices/Network Reachability | Software and Configuration Checks/Industry and Regulatory Standards/AWS Foundational Security Best Practices | Software and Configuration Checks/Industry and Regulatory Standards/CIS AWS Foundations Benchmark;PASS;Security group default (sg-01da1c49051ece125) has 1 inbound rules and 1 outbound rules.;False;ec2;;medium;AwsEc2SecurityGroup;arn:aws:ec2:ap-south-1:735291151388:security-group/sg-01da1c49051ece125;sg-01da1c49051ece125;default;;aws;ap-south-1;**EC2 security groups** are evaluated for excessive rule counts, flagging groups where `ingress` or `egress` entries exceed the configured threshold (default `50`). This targets groups with unusually large rule sets that complicate access control.;**Rule sprawl** weakens **least privilege**: large rule sets can hide overly permissive entries, exposing services to the Internet or unintended peers. This enables unauthorized access, data exfiltration, and lateral movement, impacting **confidentiality** and **integrity**, and can threaten **availability** via abuse of exposed services.;;"Apply **least privilege** and **segmentation**:
- Limit rules to required ports, protocols, and sources
- Split workloads into dedicated security groups per role
- Prefer SG-to-SG references over broad CIDRs
- Regularly review, deduplicate, and remove stale rules
- Layer controls (NACLs, private endpoints) for **defense in depth**";https://hub.prowler.com/check/ec2_securitygroup_with_many_ingress_egress_rules;"```yaml
# CloudFormation: Security group with limited number of rules
Resources:
  <example_resource_name>:
    Type: AWS::EC2::SecurityGroup
    Properties:
      GroupDescription: ""<example_resource_name>""
      VpcId: <example_resource_id>
      SecurityGroupIngress:
        - IpProtocol: tcp
          FromPort: 443
          ToPort: 443
          CidrIp: 10.0.0.0/8  # Critical: keep total inbound rules  50; this example defines only 1 rule to ensure compliance
```";"```hcl
# Terraform: Security group with limited number of rules
resource ""aws_security_group"" ""<example_resource_name>"" {
  name   = ""<example_resource_name>""
  vpc_id = ""<example_resource_id>""

  ingress {                      # Critical: keep total ingress/egress rules  50; single rule ensures PASS
    from_port   = 443
    to_port     = 443
    protocol    = ""tcp""
    cidr_blocks = [""10.0.0.0/8""]
  }
}
```";;"1. In the AWS console, go to EC2 > Security Groups
2. Select the security group that FAILED
3. In Inbound rules, click Edit inbound rules
4. Delete rules until the inbound rule count is 50 or fewer, then Save
5. In Outbound rules, click Edit outbound rules
6. Delete rules until the outbound rule count is 50 or fewer, then Save";AWS-Foundational-Technical-Review: NETSEC-001 | KISA-ISMS-P-2023-korean: 2.10.2 | ISO27001-2022: A.8.20, A.8.21, A.8.22 | AWS-Well-Architected-Framework-Security-Pillar: SEC05-BP03 | KISA-ISMS-P-2023: 2.10.2;trust-boundaries;;;;5.33.1;https://docs.aws.amazon.com/vpc/latest/userguide/VPC_SecurityGroups.html | https://www.trendmicro.com/trendaivisiononecloudriskmanagement/knowledge-base/aws/EC2/security-group-rules-counts.html;;
profile: None;2026-07-13 09:37:50.757461;735291151388;;;;;;prowler-aws-ec2_securitygroup_with_many_ingress_egress_rules-735291151388-ap-south-1-sg-09310ccc8f2635d73;aws;ec2_securitygroup_with_many_ingress_egress_rules;Security group has 50 or fewer inbound rules and 50 or fewer outbound rules;Software and Configuration Checks/AWS Security Best Practices/Network Reachability | Software and Configuration Checks/Industry and Regulatory Standards/AWS Foundational Security Best Practices | Software and Configuration Checks/Industry and Regulatory Standards/CIS AWS Foundations Benchmark;PASS;Security group cloudguardian-web-sg (sg-09310ccc8f2635d73) has 3 inbound rules and 1 outbound rules.;False;ec2;;medium;AwsEc2SecurityGroup;arn:aws:ec2:ap-south-1:735291151388:security-group/sg-09310ccc8f2635d73;sg-09310ccc8f2635d73;cloudguardian-web-sg;Name=cloudguardian-web-sg;aws;ap-south-1;**EC2 security groups** are evaluated for excessive rule counts, flagging groups where `ingress` or `egress` entries exceed the configured threshold (default `50`). This targets groups with unusually large rule sets that complicate access control.;**Rule sprawl** weakens **least privilege**: large rule sets can hide overly permissive entries, exposing services to the Internet or unintended peers. This enables unauthorized access, data exfiltration, and lateral movement, impacting **confidentiality** and **integrity**, and can threaten **availability** via abuse of exposed services.;;"Apply **least privilege** and **segmentation**:
- Limit rules to required ports, protocols, and sources
- Split workloads into dedicated security groups per role
- Prefer SG-to-SG references over broad CIDRs
- Regularly review, deduplicate, and remove stale rules
- Layer controls (NACLs, private endpoints) for **defense in depth**";https://hub.prowler.com/check/ec2_securitygroup_with_many_ingress_egress_rules;"```yaml
# CloudFormation: Security group with limited number of rules
Resources:
  <example_resource_name>:
    Type: AWS::EC2::SecurityGroup
    Properties:
      GroupDescription: ""<example_resource_name>""
      VpcId: <example_resource_id>
      SecurityGroupIngress:
        - IpProtocol: tcp
          FromPort: 443
          ToPort: 443
          CidrIp: 10.0.0.0/8  # Critical: keep total inbound rules  50; this example defines only 1 rule to ensure compliance
```";"```hcl
# Terraform: Security group with limited number of rules
resource ""aws_security_group"" ""<example_resource_name>"" {
  name   = ""<example_resource_name>""
  vpc_id = ""<example_resource_id>""

  ingress {                      # Critical: keep total ingress/egress rules  50; single rule ensures PASS
    from_port   = 443
    to_port     = 443
    protocol    = ""tcp""
    cidr_blocks = [""10.0.0.0/8""]
  }
}
```";;"1. In the AWS console, go to EC2 > Security Groups
2. Select the security group that FAILED
3. In Inbound rules, click Edit inbound rules
4. Delete rules until the inbound rule count is 50 or fewer, then Save
5. In Outbound rules, click Edit outbound rules
6. Delete rules until the outbound rule count is 50 or fewer, then Save";AWS-Foundational-Technical-Review: NETSEC-001 | KISA-ISMS-P-2023-korean: 2.10.2 | ISO27001-2022: A.8.20, A.8.21, A.8.22 | AWS-Well-Architected-Framework-Security-Pillar: SEC05-BP03 | KISA-ISMS-P-2023: 2.10.2;trust-boundaries;;;;5.33.1;https://docs.aws.amazon.com/vpc/latest/userguide/VPC_SecurityGroups.html | https://www.trendmicro.com/trendaivisiononecloudriskmanagement/knowledge-base/aws/EC2/security-group-rules-counts.html;;
profile: None;2026-07-13 09:37:50.757461;735291151388;;;;;;prowler-aws-ec2_securitygroup_with_many_ingress_egress_rules-735291151388-ap-south-1-sg-0652e5b7e75b01aa9;aws;ec2_securitygroup_with_many_ingress_egress_rules;Security group has 50 or fewer inbound rules and 50 or fewer outbound rules;Software and Configuration Checks/AWS Security Best Practices/Network Reachability | Software and Configuration Checks/Industry and Regulatory Standards/AWS Foundational Security Best Practices | Software and Configuration Checks/Industry and Regulatory Standards/CIS AWS Foundations Benchmark;PASS;Security group cloudguardian-rds-sg (sg-0652e5b7e75b01aa9) has 1 inbound rules and 1 outbound rules.;False;ec2;;medium;AwsEc2SecurityGroup;arn:aws:ec2:ap-south-1:735291151388:security-group/sg-0652e5b7e75b01aa9;sg-0652e5b7e75b01aa9;cloudguardian-rds-sg;Name=cloudguardian-rds-sg;aws;ap-south-1;**EC2 security groups** are evaluated for excessive rule counts, flagging groups where `ingress` or `egress` entries exceed the configured threshold (default `50`). This targets groups with unusually large rule sets that complicate access control.;**Rule sprawl** weakens **least privilege**: large rule sets can hide overly permissive entries, exposing services to the Internet or unintended peers. This enables unauthorized access, data exfiltration, and lateral movement, impacting **confidentiality** and **integrity**, and can threaten **availability** via abuse of exposed services.;;"Apply **least privilege** and **segmentation**:
- Limit rules to required ports, protocols, and sources
- Split workloads into dedicated security groups per role
- Prefer SG-to-SG references over broad CIDRs
- Regularly review, deduplicate, and remove stale rules
- Layer controls (NACLs, private endpoints) for **defense in depth**";https://hub.prowler.com/check/ec2_securitygroup_with_many_ingress_egress_rules;"```yaml
# CloudFormation: Security group with limited number of rules
Resources:
  <example_resource_name>:
    Type: AWS::EC2::SecurityGroup
    Properties:
      GroupDescription: ""<example_resource_name>""
      VpcId: <example_resource_id>
      SecurityGroupIngress:
        - IpProtocol: tcp
          FromPort: 443
          ToPort: 443
          CidrIp: 10.0.0.0/8  # Critical: keep total inbound rules  50; this example defines only 1 rule to ensure compliance
```";"```hcl
# Terraform: Security group with limited number of rules
resource ""aws_security_group"" ""<example_resource_name>"" {
  name   = ""<example_resource_name>""
  vpc_id = ""<example_resource_id>""

  ingress {                      # Critical: keep total ingress/egress rules  50; single rule ensures PASS
    from_port   = 443
    to_port     = 443
    protocol    = ""tcp""
    cidr_blocks = [""10.0.0.0/8""]
  }
}
```";;"1. In the AWS console, go to EC2 > Security Groups
2. Select the security group that FAILED
3. In Inbound rules, click Edit inbound rules
4. Delete rules until the inbound rule count is 50 or fewer, then Save
5. In Outbound rules, click Edit outbound rules
6. Delete rules until the outbound rule count is 50 or fewer, then Save";AWS-Foundational-Technical-Review: NETSEC-001 | KISA-ISMS-P-2023-korean: 2.10.2 | ISO27001-2022: A.8.20, A.8.21, A.8.22 | AWS-Well-Architected-Framework-Security-Pillar: SEC05-BP03 | KISA-ISMS-P-2023: 2.10.2;trust-boundaries;;;;5.33.1;https://docs.aws.amazon.com/vpc/latest/userguide/VPC_SecurityGroups.html | https://www.trendmicro.com/trendaivisiononecloudriskmanagement/knowledge-base/aws/EC2/security-group-rules-counts.html;;
profile: None;2026-07-13 09:37:50.757461;735291151388;;;;;;prowler-aws-iam_avoid_root_usage-735291151388-ap-south-1-<root_account>;aws;iam_avoid_root_usage;AWS account root user has not been used in the last day;Software and Configuration Checks/AWS Security Best Practices | Software and Configuration Checks/Industry and Regulatory Standards/AWS Foundational Security Best Practices | Software and Configuration Checks/Industry and Regulatory Standards/CIS AWS Foundations Benchmark;FAIL;Root user in the account was last accessed 0 days ago.;False;iam;;high;AwsIamUser;arn:aws:iam::735291151388:root;<root_account>;;;aws;ap-south-1;**AWS IAM root user** activity is assessed by inspecting `last-used` timestamps for the root password and access keys. The finding indicates when the root identity has been used recently for console or programmatic access.;"Recent **root usage** expands blast radius:
- Data exfiltration (**confidentiality**)
- Policy/key tampering (**integrity**)
- Resource deletion and billing changes (**availability**)
Routine use reduces anomaly visibility and eases **account takeover** impact.";;"Minimize `root` usage by applying **least privilege** with admin roles or federated SSO and temporary credentials.
- Enforce **MFA** on root
- Avoid or remove root access keys
- Require multi-person approval
- **Monitor and alert** on any root sign-in
- Use org guardrails for **defense in depth**";https://hub.prowler.com/check/iam_avoid_root_usage;;;;"1. Sign in to the AWS Management Console as the root user
2. In the top-right, click your account name > Security credentials
3. Under Access keys for the root user, delete all existing keys
4. Sign out of the root user and do not use it again
5. Wait 24 hours (until the root user has not been accessed for a full day) for the check to pass";CIS-6.0: 2.6 | CIS-1.5: 1.7 | ISO27001-2013: A.9.2.H, A.9.4.H | SecNumCloud-3.2: 9.6 | CIS-7.0: 2.7 | CIS-2.0: 1.7 | KISA-ISMS-P-2023-korean: 2.5.1, 2.5.5, 2.10.2 | CIS-4.0.1: 1.7 | ENS-RD2022: op.acc.2.aws.iam.4, op.acc.4.aws.iam.7 | AWS-Account-Security-Onboarding: Block root user | CCC-v2025.10: CCC.Core.CN05.AR02 | MITRE-ATTACK: T1078, T1098 | AWS-AI-Security-Framework-1.0: AISF-IAM-04 | CIS-3.0: 1.7 | ISO27001-2022: A.5.15 | NIS2: 6.7.2.e, 11.3.2.b, 11.3.2.c, 11.4.2.a | AWS-Well-Architected-Framework-Security-Pillar: SEC02-BP01 | KISA-ISMS-P-2023: 2.5.1, 2.5.5, 2.10.2 | C5-2025: IAM-03.01B, IAM-03.03B, IAM-06.02B, IAM-06.04B | ProwlerThreatScore-1.0: 1.2.5 | CIS-5.0: 1.6 | CIS-1.4: 1.7;identity-access;;;;5.33.1;https://docs.aws.amazon.com/IAM/latest/UserGuide/root-user-best-practices.html | https://www.trendmicro.com/trendaivisiononecloudriskmanagement/knowledge-base/aws/IAM/root-account-used-recently.html;;
profile: None;2026-07-13 09:37:50.757461;735291151388;;;;;;prowler-aws-iam_aws_attached_policy_no_administrative_privileges-735291151388-ap-south-1-AmazonRDSServiceRolePolicy;aws;iam_aws_attached_policy_no_administrative_privileges;Attached AWS-managed IAM policy does not allow '*:*' administrative privileges;Software and Configuration Checks/AWS Security Best Practices | Software and Configuration Checks/Industry and Regulatory Standards/AWS Foundational Security Best Practices | Software and Configuration Checks/Industry and Regulatory Standards/CIS AWS Foundations Benchmark | TTPs/Privilege Escalation;PASS;AWS policy AmazonRDSServiceRolePolicy is attached but does not allow '*:*' administrative privileges.;False;iam;;critical;AwsIamPolicy;arn:aws:iam::aws:policy/aws-service-role/AmazonRDSServiceRolePolicy;AmazonRDSServiceRolePolicy;;;aws;ap-south-1;**IAM AWS-managed policies** attached to identities are inspected for statements that allow `Action:'*'` on `Resource:'*'`-i.e., full administrative `*:*` permissions;"**Unrestricted `*:*` access** enables any action on any resource, risking:
- Data exfiltration (**confidentiality**)
- Unauthorized changes and policy tampering (**integrity**)
- Service deletion or shutdown (**availability**)
Attackers can disable logging, create backdoor principals, and expand lateral movement.";;"Apply **least privilege**: avoid attaching AWS-managed policies that grant `*:*`.
- Use **customer-managed, scoped policies** per role
- Enforce **separation of duties** and **permissions boundaries**
- Prefer **temporary, time-bound elevation** for emergencies with MFA
- Regularly review access and use conditions to constrain context";https://hub.prowler.com/check/iam_aws_attached_policy_no_administrative_privileges;"```yaml
# CloudFormation: ensure no AWS-managed admin policy ('*:*') is attached
Resources:
  <example_resource_name>:
    Type: AWS::IAM::Role
    Properties:
      AssumeRolePolicyDocument:
        Version: '2012-10-17'
        Statement:
          - Effect: Allow
            Principal:
              Service: ec2.amazonaws.com
            Action: sts:AssumeRole
      ManagedPolicyArns: []  # FIX: empty list detaches/removes any attached AWS-managed admin policy (e.g., AdministratorAccess)
```";"```hcl
# Replace full admin attachment with a non-admin policy (ensure AdministratorAccess is not attached)
resource ""aws_iam_role_policy_attachment"" ""<example_resource_name>"" {
  role       = ""<example_resource_name>""
  policy_arn = ""arn:aws:iam::aws:policy/ReadOnlyAccess""  # FIX: avoids '*:*' admin privileges; replace AdministratorAccess
}
```";;"1. In the AWS Console, go to IAM > Policies
2. Search for the flagged AWS-managed policy (e.g., AdministratorAccess) and open it
3. Click Attached entities
4. Select all Users, Groups, and Roles shown and click Detach
5. Confirm the policy shows 0 attached entities
6. Rerun the check to verify it passes";CIS-6.0: 2.15 | CIS-1.5: 1.16 | FedRAMP-Low-Revision-4: ac-2, ac-3 | SecNumCloud-3.2: 9.1 | CIS-7.0: 2.14 | CIS-2.0: 1.16 | AWS-Foundational-Security-Best-Practices: IAM.1 | KISA-ISMS-P-2023-korean: 2.5.1, 2.5.5, 2.5.6, 2.10.2 | CIS-4.0.1: 1.16 | ENS-RD2022: op.acc.4.aws.iam.1, op.acc.4.aws.iam.2, op.acc.4.aws.iam.9, op.exp.8.r4.aws.ct.8 | CISA: your-systems-3, your-surroundings-3 | NIST-800-171-Revision-2: 3_1_1, 3_1_2, 3_1_4, 3_1_5, 3_1_6, 3_1_7, 3_4_6, 3_13_3 | ASD-Essential-Eight-Nov 2023: E8-4.4 | FedRamp-Moderate-Revision-4: ac-2-1, ac-2-f, ac-2-j, ac-3, ac-5-c, ac-6-10, ac-6, sc-2 | CCC-v2025.10: CCC.Core.CN05.AR02, CCC.IAM.CN01.AR01, CCC.IAM.CN01.AR02, CCC.IAM.CN02.AR01, CCC.IAM.CN02.AR02, CCC.IAM.CN04.AR01 | MITRE-ATTACK: T1078, T1648, T1098, T1578, T1550, T1040, T1580, T1538, T1619, T1201 | AWS-AI-Security-Framework-1.0: AISF-IAM-02 | CIS-3.0: 1.16 | ISO27001-2022: A.5.18, A.8.2 | NIST-800-53-Revision-4: ac_2, ac_3, ac_5, ac_6, sc_2 | NIST-CSF-1.1: ac_1, ac_4, pt_3 | GDPR: article_25 | AWS-Well-Architected-Framework-Security-Pillar: SEC03-BP02 | NIST-CSF-2.0: rr_1, rr_2, po_1, ac_1 | KISA-ISMS-P-2023: 2.5.1, 2.5.5, 2.5.6, 2.10.2 | C5-2025: OIS-04.03B, OIS-04.01AC, SP-01.04B, HR-01.01B, IAM-01.01B, IAM-01.04B | NIST-800-53-Revision-5: ac_2_1, ac_2_6, ac_2_i_2, ac_3, ac_3_3, ac_3_3_a, ac_3_3_b_1, ac_3_3_b_2, ac_3_3_b_3, ac_3_3_b_4, ac_3_3_b_5, ac_3_3_c, ac_3_4, ac_3_4_a, ac_3_4_b, ac_3_4_c, ac_3_4_d, ac_3_4_e, ac_3_7, ac_3_8, ac_3_12_a, ac_3_13, ac_3_15_a, ac_3_15_b, ac_4_28, ac_5_b, ac_6, ac_6_2, ac_6_3, ac_6_10, ac_24, cm_5_1_a, cm_6_a, cm_9_b, mp_2, sc_23_3, sc_25 | SOC2: cc_1_3, cc_6_3 | RBI-Cyber-Security-Framework: annex_i_7_1 | ProwlerThreatScore-1.0: 1.3.1 | CIS-5.0: 1.15 | CIS-1.4: 1.16 | HIPAA: 164_308_a_1_ii_b, 164_308_a_3_i, 164_308_a_3_ii_b, 164_308_a_4_i, 164_308_a_4_ii_b, 164_308_a_4_ii_c, 164_312_a_1 | GxP-21-CFR-Part-11: 11.10-d, 11.10-g | FFIEC: d3-pc-am-b-1, d3-pc-am-b-16, d3-pc-am-b-2, d3-pc-am-b-3, d3-pc-am-b-6, d3-pc-im-b-7 | FedRAMP-20x-KSI-Low-25.05C: ksi-iam;identity-access;;;CAF Security Epic: IAM;5.33.1;https://docs.aws.amazon.com/aws-managed-policy/latest/reference/AdministratorAccess.html | https://support.icompaas.com/support/solutions/articles/62000233815-ensure-iam-roles-do-not-have-administratoraccess-policy-attached | http://docs.aws.amazon.com/IAM/latest/UserGuide/best-practices.html;;
profile: None;2026-07-13 09:37:50.757461;735291151388;;;;;;prowler-aws-iam_aws_attached_policy_no_administrative_privileges-735291151388-ap-south-1-AWSTrustedAdvisorServiceRolePolicy;aws;iam_aws_attached_policy_no_administrative_privileges;Attached AWS-managed IAM policy does not allow '*:*' administrative privileges;Software and Configuration Checks/AWS Security Best Practices | Software and Configuration Checks/Industry and Regulatory Standards/AWS Foundational Security Best Practices | Software and Configuration Checks/Industry and Regulatory Standards/CIS AWS Foundations Benchmark | TTPs/Privilege Escalation;PASS;AWS policy AWSTrustedAdvisorServiceRolePolicy is attached but does not allow '*:*' administrative privileges.;False;iam;;critical;AwsIamPolicy;arn:aws:iam::aws:policy/aws-service-role/AWSTrustedAdvisorServiceRolePolicy;AWSTrustedAdvisorServiceRolePolicy;;;aws;ap-south-1;**IAM AWS-managed policies** attached to identities are inspected for statements that allow `Action:'*'` on `Resource:'*'`-i.e., full administrative `*:*` permissions;"**Unrestricted `*:*` access** enables any action on any resource, risking:
- Data exfiltration (**confidentiality**)
- Unauthorized changes and policy tampering (**integrity**)
- Service deletion or shutdown (**availability**)
Attackers can disable logging, create backdoor principals, and expand lateral movement.";;"Apply **least privilege**: avoid attaching AWS-managed policies that grant `*:*`.
- Use **customer-managed, scoped policies** per role
- Enforce **separation of duties** and **permissions boundaries**
- Prefer **temporary, time-bound elevation** for emergencies with MFA
- Regularly review access and use conditions to constrain context";https://hub.prowler.com/check/iam_aws_attached_policy_no_administrative_privileges;"```yaml
# CloudFormation: ensure no AWS-managed admin policy ('*:*') is attached
Resources:
  <example_resource_name>:
    Type: AWS::IAM::Role
    Properties:
      AssumeRolePolicyDocument:
        Version: '2012-10-17'
        Statement:
          - Effect: Allow
            Principal:
              Service: ec2.amazonaws.com
            Action: sts:AssumeRole
      ManagedPolicyArns: []  # FIX: empty list detaches/removes any attached AWS-managed admin policy (e.g., AdministratorAccess)
```";"```hcl
# Replace full admin attachment with a non-admin policy (ensure AdministratorAccess is not attached)
resource ""aws_iam_role_policy_attachment"" ""<example_resource_name>"" {
  role       = ""<example_resource_name>""
  policy_arn = ""arn:aws:iam::aws:policy/ReadOnlyAccess""  # FIX: avoids '*:*' admin privileges; replace AdministratorAccess
}
```";;"1. In the AWS Console, go to IAM > Policies
2. Search for the flagged AWS-managed policy (e.g., AdministratorAccess) and open it
3. Click Attached entities
4. Select all Users, Groups, and Roles shown and click Detach
5. Confirm the policy shows 0 attached entities
6. Rerun the check to verify it passes";CIS-6.0: 2.15 | CIS-1.5: 1.16 | FedRAMP-Low-Revision-4: ac-2, ac-3 | SecNumCloud-3.2: 9.1 | CIS-7.0: 2.14 | CIS-2.0: 1.16 | AWS-Foundational-Security-Best-Practices: IAM.1 | KISA-ISMS-P-2023-korean: 2.5.1, 2.5.5, 2.5.6, 2.10.2 | CIS-4.0.1: 1.16 | ENS-RD2022: op.acc.4.aws.iam.1, op.acc.4.aws.iam.2, op.acc.4.aws.iam.9, op.exp.8.r4.aws.ct.8 | CISA: your-systems-3, your-surroundings-3 | NIST-800-171-Revision-2: 3_1_1, 3_1_2, 3_1_4, 3_1_5, 3_1_6, 3_1_7, 3_4_6, 3_13_3 | ASD-Essential-Eight-Nov 2023: E8-4.4 | FedRamp-Moderate-Revision-4: ac-2-1, ac-2-f, ac-2-j, ac-3, ac-5-c, ac-6-10, ac-6, sc-2 | CCC-v2025.10: CCC.Core.CN05.AR02, CCC.IAM.CN01.AR01, CCC.IAM.CN01.AR02, CCC.IAM.CN02.AR01, CCC.IAM.CN02.AR02, CCC.IAM.CN04.AR01 | MITRE-ATTACK: T1078, T1648, T1098, T1578, T1550, T1040, T1580, T1538, T1619, T1201 | AWS-AI-Security-Framework-1.0: AISF-IAM-02 | CIS-3.0: 1.16 | ISO27001-2022: A.5.18, A.8.2 | NIST-800-53-Revision-4: ac_2, ac_3, ac_5, ac_6, sc_2 | NIST-CSF-1.1: ac_1, ac_4, pt_3 | GDPR: article_25 | AWS-Well-Architected-Framework-Security-Pillar: SEC03-BP02 | NIST-CSF-2.0: rr_1, rr_2, po_1, ac_1 | KISA-ISMS-P-2023: 2.5.1, 2.5.5, 2.5.6, 2.10.2 | C5-2025: OIS-04.03B, OIS-04.01AC, SP-01.04B, HR-01.01B, IAM-01.01B, IAM-01.04B | NIST-800-53-Revision-5: ac_2_1, ac_2_6, ac_2_i_2, ac_3, ac_3_3, ac_3_3_a, ac_3_3_b_1, ac_3_3_b_2, ac_3_3_b_3, ac_3_3_b_4, ac_3_3_b_5, ac_3_3_c, ac_3_4, ac_3_4_a, ac_3_4_b, ac_3_4_c, ac_3_4_d, ac_3_4_e, ac_3_7, ac_3_8, ac_3_12_a, ac_3_13, ac_3_15_a, ac_3_15_b, ac_4_28, ac_5_b, ac_6, ac_6_2, ac_6_3, ac_6_10, ac_24, cm_5_1_a, cm_6_a, cm_9_b, mp_2, sc_23_3, sc_25 | SOC2: cc_1_3, cc_6_3 | RBI-Cyber-Security-Framework: annex_i_7_1 | ProwlerThreatScore-1.0: 1.3.1 | CIS-5.0: 1.15 | CIS-1.4: 1.16 | HIPAA: 164_308_a_1_ii_b, 164_308_a_3_i, 164_308_a_3_ii_b, 164_308_a_4_i, 164_308_a_4_ii_b, 164_308_a_4_ii_c, 164_312_a_1 | GxP-21-CFR-Part-11: 11.10-d, 11.10-g | FFIEC: d3-pc-am-b-1, d3-pc-am-b-16, d3-pc-am-b-2, d3-pc-am-b-3, d3-pc-am-b-6, d3-pc-im-b-7 | FedRAMP-20x-KSI-Low-25.05C: ksi-iam;identity-access;;;CAF Security Epic: IAM;5.33.1;https://docs.aws.amazon.com/aws-managed-policy/latest/reference/AdministratorAccess.html | https://support.icompaas.com/support/solutions/articles/62000233815-ensure-iam-roles-do-not-have-administratoraccess-policy-attached | http://docs.aws.amazon.com/IAM/latest/UserGuide/best-practices.html;;
profile: None;2026-07-13 09:37:50.757461;735291151388;;;;;;prowler-aws-iam_aws_attached_policy_no_administrative_privileges-735291151388-ap-south-1-AdministratorAccess;aws;iam_aws_attached_policy_no_administrative_privileges;Attached AWS-managed IAM policy does not allow '*:*' administrative privileges;Software and Configuration Checks/AWS Security Best Practices | Software and Configuration Checks/Industry and Regulatory Standards/AWS Foundational Security Best Practices | Software and Configuration Checks/Industry and Regulatory Standards/CIS AWS Foundations Benchmark | TTPs/Privilege Escalation;FAIL;AWS policy AdministratorAccess is attached and allows '*:*' administrative privileges.;False;iam;;critical;AwsIamPolicy;arn:aws:iam::aws:policy/AdministratorAccess;AdministratorAccess;;;aws;ap-south-1;**IAM AWS-managed policies** attached to identities are inspected for statements that allow `Action:'*'` on `Resource:'*'`-i.e., full administrative `*:*` permissions;"**Unrestricted `*:*` access** enables any action on any resource, risking:
- Data exfiltration (**confidentiality**)
- Unauthorized changes and policy tampering (**integrity**)
- Service deletion or shutdown (**availability**)
Attackers can disable logging, create backdoor principals, and expand lateral movement.";;"Apply **least privilege**: avoid attaching AWS-managed policies that grant `*:*`.
- Use **customer-managed, scoped policies** per role
- Enforce **separation of duties** and **permissions boundaries**
- Prefer **temporary, time-bound elevation** for emergencies with MFA
- Regularly review access and use conditions to constrain context";https://hub.prowler.com/check/iam_aws_attached_policy_no_administrative_privileges;"```yaml
# CloudFormation: ensure no AWS-managed admin policy ('*:*') is attached
Resources:
  <example_resource_name>:
    Type: AWS::IAM::Role
    Properties:
      AssumeRolePolicyDocument:
        Version: '2012-10-17'
        Statement:
          - Effect: Allow
            Principal:
              Service: ec2.amazonaws.com
            Action: sts:AssumeRole
      ManagedPolicyArns: []  # FIX: empty list detaches/removes any attached AWS-managed admin policy (e.g., AdministratorAccess)
```";"```hcl
# Replace full admin attachment with a non-admin policy (ensure AdministratorAccess is not attached)
resource ""aws_iam_role_policy_attachment"" ""<example_resource_name>"" {
  role       = ""<example_resource_name>""
  policy_arn = ""arn:aws:iam::aws:policy/ReadOnlyAccess""  # FIX: avoids '*:*' admin privileges; replace AdministratorAccess
}
```";;"1. In the AWS Console, go to IAM > Policies
2. Search for the flagged AWS-managed policy (e.g., AdministratorAccess) and open it
3. Click Attached entities
4. Select all Users, Groups, and Roles shown and click Detach
5. Confirm the policy shows 0 attached entities
6. Rerun the check to verify it passes";CIS-6.0: 2.15 | CIS-1.5: 1.16 | FedRAMP-Low-Revision-4: ac-2, ac-3 | SecNumCloud-3.2: 9.1 | CIS-7.0: 2.14 | CIS-2.0: 1.16 | AWS-Foundational-Security-Best-Practices: IAM.1 | KISA-ISMS-P-2023-korean: 2.5.1, 2.5.5, 2.5.6, 2.10.2 | CIS-4.0.1: 1.16 | ENS-RD2022: op.acc.4.aws.iam.1, op.acc.4.aws.iam.2, op.acc.4.aws.iam.9, op.exp.8.r4.aws.ct.8 | CISA: your-systems-3, your-surroundings-3 | NIST-800-171-Revision-2: 3_1_1, 3_1_2, 3_1_4, 3_1_5, 3_1_6, 3_1_7, 3_4_6, 3_13_3 | ASD-Essential-Eight-Nov 2023: E8-4.4 | FedRamp-Moderate-Revision-4: ac-2-1, ac-2-f, ac-2-j, ac-3, ac-5-c, ac-6-10, ac-6, sc-2 | CCC-v2025.10: CCC.Core.CN05.AR02, CCC.IAM.CN01.AR01, CCC.IAM.CN01.AR02, CCC.IAM.CN02.AR01, CCC.IAM.CN02.AR02, CCC.IAM.CN04.AR01 | MITRE-ATTACK: T1078, T1648, T1098, T1578, T1550, T1040, T1580, T1538, T1619, T1201 | AWS-AI-Security-Framework-1.0: AISF-IAM-02 | CIS-3.0: 1.16 | ISO27001-2022: A.5.18, A.8.2 | NIST-800-53-Revision-4: ac_2, ac_3, ac_5, ac_6, sc_2 | NIST-CSF-1.1: ac_1, ac_4, pt_3 | GDPR: article_25 | AWS-Well-Architected-Framework-Security-Pillar: SEC03-BP02 | NIST-CSF-2.0: rr_1, rr_2, po_1, ac_1 | KISA-ISMS-P-2023: 2.5.1, 2.5.5, 2.5.6, 2.10.2 | C5-2025: OIS-04.03B, OIS-04.01AC, SP-01.04B, HR-01.01B, IAM-01.01B, IAM-01.04B | NIST-800-53-Revision-5: ac_2_1, ac_2_6, ac_2_i_2, ac_3, ac_3_3, ac_3_3_a, ac_3_3_b_1, ac_3_3_b_2, ac_3_3_b_3, ac_3_3_b_4, ac_3_3_b_5, ac_3_3_c, ac_3_4, ac_3_4_a, ac_3_4_b, ac_3_4_c, ac_3_4_d, ac_3_4_e, ac_3_7, ac_3_8, ac_3_12_a, ac_3_13, ac_3_15_a, ac_3_15_b, ac_4_28, ac_5_b, ac_6, ac_6_2, ac_6_3, ac_6_10, ac_24, cm_5_1_a, cm_6_a, cm_9_b, mp_2, sc_23_3, sc_25 | SOC2: cc_1_3, cc_6_3 | RBI-Cyber-Security-Framework: annex_i_7_1 | ProwlerThreatScore-1.0: 1.3.1 | CIS-5.0: 1.15 | CIS-1.4: 1.16 | HIPAA: 164_308_a_1_ii_b, 164_308_a_3_i, 164_308_a_3_ii_b, 164_308_a_4_i, 164_308_a_4_ii_b, 164_308_a_4_ii_c, 164_312_a_1 | GxP-21-CFR-Part-11: 11.10-d, 11.10-g | FFIEC: d3-pc-am-b-1, d3-pc-am-b-16, d3-pc-am-b-2, d3-pc-am-b-3, d3-pc-am-b-6, d3-pc-im-b-7 | FedRAMP-20x-KSI-Low-25.05C: ksi-iam;identity-access;;;CAF Security Epic: IAM;5.33.1;https://docs.aws.amazon.com/aws-managed-policy/latest/reference/AdministratorAccess.html | https://support.icompaas.com/support/solutions/articles/62000233815-ensure-iam-roles-do-not-have-administratoraccess-policy-attached | http://docs.aws.amazon.com/IAM/latest/UserGuide/best-practices.html;;
profile: None;2026-07-13 09:37:50.757461;735291151388;;;;;;prowler-aws-iam_aws_attached_policy_no_administrative_privileges-735291151388-ap-south-1-AWSSupportServiceRolePolicy;aws;iam_aws_attached_policy_no_administrative_privileges;Attached AWS-managed IAM policy does not allow '*:*' administrative privileges;Software and Configuration Checks/AWS Security Best Practices | Software and Configuration Checks/Industry and Regulatory Standards/AWS Foundational Security Best Practices | Software and Configuration Checks/Industry and Regulatory Standards/CIS AWS Foundations Benchmark | TTPs/Privilege Escalation;PASS;AWS policy AWSSupportServiceRolePolicy is attached but does not allow '*:*' administrative privileges.;False;iam;;critical;AwsIamPolicy;arn:aws:iam::aws:policy/aws-service-role/AWSSupportServiceRolePolicy;AWSSupportServiceRolePolicy;;;aws;ap-south-1;**IAM AWS-managed policies** attached to identities are inspected for statements that allow `Action:'*'` on `Resource:'*'`-i.e., full administrative `*:*` permissions;"**Unrestricted `*:*` access** enables any action on any resource, risking:
- Data exfiltration (**confidentiality**)
- Unauthorized changes and policy tampering (**integrity**)
- Service deletion or shutdown (**availability**)
Attackers can disable logging, create backdoor principals, and expand lateral movement.";;"Apply **least privilege**: avoid attaching AWS-managed policies that grant `*:*`.
- Use **customer-managed, scoped policies** per role
- Enforce **separation of duties** and **permissions boundaries**
- Prefer **temporary, time-bound elevation** for emergencies with MFA
- Regularly review access and use conditions to constrain context";https://hub.prowler.com/check/iam_aws_attached_policy_no_administrative_privileges;"```yaml
# CloudFormation: ensure no AWS-managed admin policy ('*:*') is attached
Resources:
  <example_resource_name>:
    Type: AWS::IAM::Role
    Properties:
      AssumeRolePolicyDocument:
        Version: '2012-10-17'
        Statement:
          - Effect: Allow
            Principal:
              Service: ec2.amazonaws.com
            Action: sts:AssumeRole
      ManagedPolicyArns: []  # FIX: empty list detaches/removes any attached AWS-managed admin policy (e.g., AdministratorAccess)
```";"```hcl
# Replace full admin attachment with a non-admin policy (ensure AdministratorAccess is not attached)
resource ""aws_iam_role_policy_attachment"" ""<example_resource_name>"" {
  role       = ""<example_resource_name>""
  policy_arn = ""arn:aws:iam::aws:policy/ReadOnlyAccess""  # FIX: avoids '*:*' admin privileges; replace AdministratorAccess
}
```";;"1. In the AWS Console, go to IAM > Policies
2. Search for the flagged AWS-managed policy (e.g., AdministratorAccess) and open it
3. Click Attached entities
4. Select all Users, Groups, and Roles shown and click Detach
5. Confirm the policy shows 0 attached entities
6. Rerun the check to verify it passes";CIS-6.0: 2.15 | CIS-1.5: 1.16 | FedRAMP-Low-Revision-4: ac-2, ac-3 | SecNumCloud-3.2: 9.1 | CIS-7.0: 2.14 | CIS-2.0: 1.16 | AWS-Foundational-Security-Best-Practices: IAM.1 | KISA-ISMS-P-2023-korean: 2.5.1, 2.5.5, 2.5.6, 2.10.2 | CIS-4.0.1: 1.16 | ENS-RD2022: op.acc.4.aws.iam.1, op.acc.4.aws.iam.2, op.acc.4.aws.iam.9, op.exp.8.r4.aws.ct.8 | CISA: your-systems-3, your-surroundings-3 | NIST-800-171-Revision-2: 3_1_1, 3_1_2, 3_1_4, 3_1_5, 3_1_6, 3_1_7, 3_4_6, 3_13_3 | ASD-Essential-Eight-Nov 2023: E8-4.4 | FedRamp-Moderate-Revision-4: ac-2-1, ac-2-f, ac-2-j, ac-3, ac-5-c, ac-6-10, ac-6, sc-2 | CCC-v2025.10: CCC.Core.CN05.AR02, CCC.IAM.CN01.AR01, CCC.IAM.CN01.AR02, CCC.IAM.CN02.AR01, CCC.IAM.CN02.AR02, CCC.IAM.CN04.AR01 | MITRE-ATTACK: T1078, T1648, T1098, T1578, T1550, T1040, T1580, T1538, T1619, T1201 | AWS-AI-Security-Framework-1.0: AISF-IAM-02 | CIS-3.0: 1.16 | ISO27001-2022: A.5.18, A.8.2 | NIST-800-53-Revision-4: ac_2, ac_3, ac_5, ac_6, sc_2 | NIST-CSF-1.1: ac_1, ac_4, pt_3 | GDPR: article_25 | AWS-Well-Architected-Framework-Security-Pillar: SEC03-BP02 | NIST-CSF-2.0: rr_1, rr_2, po_1, ac_1 | KISA-ISMS-P-2023: 2.5.1, 2.5.5, 2.5.6, 2.10.2 | C5-2025: OIS-04.03B, OIS-04.01AC, SP-01.04B, HR-01.01B, IAM-01.01B, IAM-01.04B | NIST-800-53-Revision-5: ac_2_1, ac_2_6, ac_2_i_2, ac_3, ac_3_3, ac_3_3_a, ac_3_3_b_1, ac_3_3_b_2, ac_3_3_b_3, ac_3_3_b_4, ac_3_3_b_5, ac_3_3_c, ac_3_4, ac_3_4_a, ac_3_4_b, ac_3_4_c, ac_3_4_d, ac_3_4_e, ac_3_7, ac_3_8, ac_3_12_a, ac_3_13, ac_3_15_a, ac_3_15_b, ac_4_28, ac_5_b, ac_6, ac_6_2, ac_6_3, ac_6_10, ac_24, cm_5_1_a, cm_6_a, cm_9_b, mp_2, sc_23_3, sc_25 | SOC2: cc_1_3, cc_6_3 | RBI-Cyber-Security-Framework: annex_i_7_1 | ProwlerThreatScore-1.0: 1.3.1 | CIS-5.0: 1.15 | CIS-1.4: 1.16 | HIPAA: 164_308_a_1_ii_b, 164_308_a_3_i, 164_308_a_3_ii_b, 164_308_a_4_i, 164_308_a_4_ii_b, 164_308_a_4_ii_c, 164_312_a_1 | GxP-21-CFR-Part-11: 11.10-d, 11.10-g | FFIEC: d3-pc-am-b-1, d3-pc-am-b-16, d3-pc-am-b-2, d3-pc-am-b-3, d3-pc-am-b-6, d3-pc-im-b-7 | FedRAMP-20x-KSI-Low-25.05C: ksi-iam;identity-access;;;CAF Security Epic: IAM;5.33.1;https://docs.aws.amazon.com/aws-managed-policy/latest/reference/AdministratorAccess.html | https://support.icompaas.com/support/solutions/articles/62000233815-ensure-iam-roles-do-not-have-administratoraccess-policy-attached | http://docs.aws.amazon.com/IAM/latest/UserGuide/best-practices.html;;
profile: None;2026-07-13 09:37:50.757461;735291151388;;;;;;prowler-aws-iam_aws_attached_policy_no_administrative_privileges-735291151388-ap-south-1-AWSResourceExplorerServiceRolePolicy;aws;iam_aws_attached_policy_no_administrative_privileges;Attached AWS-managed IAM policy does not allow '*:*' administrative privileges;Software and Configuration Checks/AWS Security Best Practices | Software and Configuration Checks/Industry and Regulatory Standards/AWS Foundational Security Best Practices | Software and Configuration Checks/Industry and Regulatory Standards/CIS AWS Foundations Benchmark | TTPs/Privilege Escalation;PASS;AWS policy AWSResourceExplorerServiceRolePolicy is attached but does not allow '*:*' administrative privileges.;False;iam;;critical;AwsIamPolicy;arn:aws:iam::aws:policy/aws-service-role/AWSResourceExplorerServiceRolePolicy;AWSResourceExplorerServiceRolePolicy;;;aws;ap-south-1;**IAM AWS-managed policies** attached to identities are inspected for statements that allow `Action:'*'` on `Resource:'*'`-i.e., full administrative `*:*` permissions;"**Unrestricted `*:*` access** enables any action on any resource, risking:
- Data exfiltration (**confidentiality**)
- Unauthorized changes and policy tampering (**integrity**)
- Service deletion or shutdown (**availability**)
Attackers can disable logging, create backdoor principals, and expand lateral movement.";;"Apply **least privilege**: avoid attaching AWS-managed policies that grant `*:*`.
- Use **customer-managed, scoped policies** per role
- Enforce **separation of duties** and **permissions boundaries**
- Prefer **temporary, time-bound elevation** for emergencies with MFA
- Regularly review access and use conditions to constrain context";https://hub.prowler.com/check/iam_aws_attached_policy_no_administrative_privileges;"```yaml
# CloudFormation: ensure no AWS-managed admin policy ('*:*') is attached
Resources:
  <example_resource_name>:
    Type: AWS::IAM::Role
    Properties:
      AssumeRolePolicyDocument:
        Version: '2012-10-17'
        Statement:
          - Effect: Allow
            Principal:
              Service: ec2.amazonaws.com
            Action: sts:AssumeRole
      ManagedPolicyArns: []  # FIX: empty list detaches/removes any attached AWS-managed admin policy (e.g., AdministratorAccess)
```";"```hcl
# Replace full admin attachment with a non-admin policy (ensure AdministratorAccess is not attached)
resource ""aws_iam_role_policy_attachment"" ""<example_resource_name>"" {
  role       = ""<example_resource_name>""
  policy_arn = ""arn:aws:iam::aws:policy/ReadOnlyAccess""  # FIX: avoids '*:*' admin privileges; replace AdministratorAccess
}
```";;"1. In the AWS Console, go to IAM > Policies
2. Search for the flagged AWS-managed policy (e.g., AdministratorAccess) and open it
3. Click Attached entities
4. Select all Users, Groups, and Roles shown and click Detach
5. Confirm the policy shows 0 attached entities
6. Rerun the check to verify it passes";CIS-6.0: 2.15 | CIS-1.5: 1.16 | FedRAMP-Low-Revision-4: ac-2, ac-3 | SecNumCloud-3.2: 9.1 | CIS-7.0: 2.14 | CIS-2.0: 1.16 | AWS-Foundational-Security-Best-Practices: IAM.1 | KISA-ISMS-P-2023-korean: 2.5.1, 2.5.5, 2.5.6, 2.10.2 | CIS-4.0.1: 1.16 | ENS-RD2022: op.acc.4.aws.iam.1, op.acc.4.aws.iam.2, op.acc.4.aws.iam.9, op.exp.8.r4.aws.ct.8 | CISA: your-systems-3, your-surroundings-3 | NIST-800-171-Revision-2: 3_1_1, 3_1_2, 3_1_4, 3_1_5, 3_1_6, 3_1_7, 3_4_6, 3_13_3 | ASD-Essential-Eight-Nov 2023: E8-4.4 | FedRamp-Moderate-Revision-4: ac-2-1, ac-2-f, ac-2-j, ac-3, ac-5-c, ac-6-10, ac-6, sc-2 | CCC-v2025.10: CCC.Core.CN05.AR02, CCC.IAM.CN01.AR01, CCC.IAM.CN01.AR02, CCC.IAM.CN02.AR01, CCC.IAM.CN02.AR02, CCC.IAM.CN04.AR01 | MITRE-ATTACK: T1078, T1648, T1098, T1578, T1550, T1040, T1580, T1538, T1619, T1201 | AWS-AI-Security-Framework-1.0: AISF-IAM-02 | CIS-3.0: 1.16 | ISO27001-2022: A.5.18, A.8.2 | NIST-800-53-Revision-4: ac_2, ac_3, ac_5, ac_6, sc_2 | NIST-CSF-1.1: ac_1, ac_4, pt_3 | GDPR: article_25 | AWS-Well-Architected-Framework-Security-Pillar: SEC03-BP02 | NIST-CSF-2.0: rr_1, rr_2, po_1, ac_1 | KISA-ISMS-P-2023: 2.5.1, 2.5.5, 2.5.6, 2.10.2 | C5-2025: OIS-04.03B, OIS-04.01AC, SP-01.04B, HR-01.01B, IAM-01.01B, IAM-01.04B | NIST-800-53-Revision-5: ac_2_1, ac_2_6, ac_2_i_2, ac_3, ac_3_3, ac_3_3_a, ac_3_3_b_1, ac_3_3_b_2, ac_3_3_b_3, ac_3_3_b_4, ac_3_3_b_5, ac_3_3_c, ac_3_4, ac_3_4_a, ac_3_4_b, ac_3_4_c, ac_3_4_d, ac_3_4_e, ac_3_7, ac_3_8, ac_3_12_a, ac_3_13, ac_3_15_a, ac_3_15_b, ac_4_28, ac_5_b, ac_6, ac_6_2, ac_6_3, ac_6_10, ac_24, cm_5_1_a, cm_6_a, cm_9_b, mp_2, sc_23_3, sc_25 | SOC2: cc_1_3, cc_6_3 | RBI-Cyber-Security-Framework: annex_i_7_1 | ProwlerThreatScore-1.0: 1.3.1 | CIS-5.0: 1.15 | CIS-1.4: 1.16 | HIPAA: 164_308_a_1_ii_b, 164_308_a_3_i, 164_308_a_3_ii_b, 164_308_a_4_i, 164_308_a_4_ii_b, 164_308_a_4_ii_c, 164_312_a_1 | GxP-21-CFR-Part-11: 11.10-d, 11.10-g | FFIEC: d3-pc-am-b-1, d3-pc-am-b-16, d3-pc-am-b-2, d3-pc-am-b-3, d3-pc-am-b-6, d3-pc-im-b-7 | FedRAMP-20x-KSI-Low-25.05C: ksi-iam;identity-access;;;CAF Security Epic: IAM;5.33.1;https://docs.aws.amazon.com/aws-managed-policy/latest/reference/AdministratorAccess.html | https://support.icompaas.com/support/solutions/articles/62000233815-ensure-iam-roles-do-not-have-administratoraccess-policy-attached | http://docs.aws.amazon.com/IAM/latest/UserGuide/best-practices.html;;
profile: None;2026-07-13 09:37:50.757461;735291151388;;;;;;prowler-aws-iam_customer_attached_policy_no_administrative_privileges-735291151388-ap-south-1-AWSLambdaBasicExecutionRole-e504081c-f621-44d8-b65a-c62772aed738;aws;iam_customer_attached_policy_no_administrative_privileges;Attached IAM customer-managed policy does not allow '*:*' administrative privileges;Software and Configuration Checks/AWS Security Best Practices | Software and Configuration Checks/Industry and Regulatory Standards/AWS Foundational Security Best Practices | Software and Configuration Checks/Industry and Regulatory Standards/CIS AWS Foundations Benchmark | TTPs/Privilege Escalation;PASS;Custom policy AWSLambdaBasicExecutionRole-e504081c-f621-44d8-b65a-c62772aed738 is attached but does not allow '*:*' administrative privileges.;False;iam;;high;AwsIamPolicy;arn:aws:iam::735291151388:policy/service-role/AWSLambdaBasicExecutionRole-e504081c-f621-44d8-b65a-c62772aed738;AWSLambdaBasicExecutionRole-e504081c-f621-44d8-b65a-c62772aed738;;;aws;ap-south-1;"Attached **customer-managed IAM policies** are evaluated for statements granting full admin access via `Action: ""*""`, `Resource: ""*""`, i.e., `*:*`. Only policies you created and attached to identities are considered.";**Unrestricted admin access** lets any attached principal perform any action on any resource, enabling data exfiltration, policy tampering, credential creation, logging disablement, and destructive deletions-compromising **confidentiality, integrity, and availability** across the account.;;Enforce **least privilege**: replace wildcards with specific actions, scope `Resource` to needed ARNs, and add restrictive `Condition`s. Prefer role-based access and separation of duties. Use **permissions boundaries** and organization guardrails, and regularly review policies with policy validation and Access Analyzer.;https://hub.prowler.com/check/iam_customer_attached_policy_no_administrative_privileges;"```yaml
# CloudFormation: Replace admin '*' access with a specific action
Resources:
  <example_resource_name>:
    Type: AWS::IAM::ManagedPolicy
    Properties:
      PolicyDocument:
        Version: ""2012-10-17""
        Statement:
          - Effect: Allow
            Action: iam:GetUser  # CRITICAL: removes '*:*' by allowing only a specific action
            Resource: ""*""        # CRITICAL: no full admin since Action is not '*'
```";"```hcl
# Terraform: Managed policy without '*:*' admin privileges
resource ""aws_iam_policy"" ""<example_resource_name>"" {
  name   = ""<example_resource_name>""
  policy = jsonencode({
    Version   = ""2012-10-17""
    Statement = [{
      Effect   = ""Allow""
      Action   = ""iam:GetUser""  # CRITICAL: not ""*"" or ""*:*""; removes admin privileges
      Resource = ""*""             # CRITICAL: paired with specific action to avoid full admin
    }]
  })
}
```";"aws iam create-policy-version --policy-arn <EXAMPLE_POLICY_ARN> --policy-document '{""Version"":""2012-10-17"",""Statement"":[{""Effect"":""Allow"",""Action"":""iam:GetUser"",""Resource"":""*""}]}' --set-as-default";"1. In the AWS Console, go to IAM > Policies and open the customer managed policy from the finding
2. Select the Policy versions tab and click Create version
3. Replace the JSON with:
   {""Version"":""2012-10-17"",""Statement"":[{""Effect"":""Allow"",""Action"":""iam:GetUser"",""Resource"":""*""}]}
4. Check Set as default version and click Create version
5. Confirm the policy no longer contains an Allow with Action ""*"" (or ""*:*"") over Resource ""*""";CIS-6.0: 2.15 | CIS-1.5: 1.16 | FedRAMP-Low-Revision-4: ac-2, ac-3 | SecNumCloud-3.2: 9.1 | CIS-7.0: 2.14 | CIS-2.0: 1.16 | AWS-Foundational-Security-Best-Practices: IAM.1 | KISA-ISMS-P-2023-korean: 2.5.1, 2.5.5, 2.5.6, 2.10.2 | CIS-4.0.1: 1.16 | ENS-RD2022: op.acc.4.aws.iam.1, op.acc.4.aws.iam.2, op.acc.4.aws.iam.9, op.exp.8.r4.aws.ct.8, op.exp.8.r4.aws.ct.1 | CISA: your-systems-3, your-surroundings-3 | NIST-800-171-Revision-2: 3_1_1, 3_1_2, 3_1_4, 3_1_5, 3_1_6, 3_1_7, 3_4_6, 3_13_3 | ASD-Essential-Eight-Nov 2023: E8-4.4 | FedRamp-Moderate-Revision-4: ac-2-1, ac-2-f, ac-2-j, ac-3, ac-5-c, ac-6-10, ac-6, sc-2 | CCC-v2025.10: CCC.Core.CN05.AR02, CCC.RDMS.CN04.AR01, CCC.IAM.CN01.AR01, CCC.IAM.CN01.AR02, CCC.IAM.CN02.AR01, CCC.IAM.CN02.AR02, CCC.IAM.CN04.AR01 | MITRE-ATTACK: T1078, T1648, T1098, T1578, T1550, T1040, T1580, T1538, T1619, T1201 | AWS-AI-Security-Framework-1.0: AISF-IAM-02 | CIS-3.0: 1.16 | ISO27001-2022: A.5.18, A.8.2 | NIST-800-53-Revision-4: ac_2, ac_3, ac_5, ac_6, sc_2 | NIST-CSF-1.1: ac_1, ac_4, pt_3 | GDPR: article_25 | AWS-Well-Architected-Framework-Security-Pillar: SEC03-BP02, SEC03-BP04 | NIST-CSF-2.0: rr_1, rr_2, po_1, ac_1, ac_4, ac_6 | KISA-ISMS-P-2023: 2.5.1, 2.5.5, 2.5.6, 2.10.2 | C5-2025: OIS-04.01AC, SP-01.04B, HR-01.01B, IAM-01.01B, IAM-01.04B, IAM-06.01B | NIST-800-53-Revision-5: ac_2_1, ac_2_6, ac_2_i_2, ac_3, ac_3_3, ac_3_3_a, ac_3_3_b_1, ac_3_3_b_2, ac_3_3_b_3, ac_3_3_b_4, ac_3_3_b_5, ac_3_3_c, ac_3_4, ac_3_4_a, ac_3_4_b, ac_3_4_c, ac_3_4_d, ac_3_4_e, ac_3_7, ac_3_8, ac_3_12_a, ac_3_13, ac_3_15_a, ac_3_15_b, ac_4_28, ac_5_b, ac_6, ac_6_2, ac_6_3, ac_6_10, ac_24, cm_5_1_a, cm_6_a, cm_9_b, mp_2, sc_23_3, sc_25 | SOC2: cc_1_3, cc_6_3 | RBI-Cyber-Security-Framework: annex_i_7_1 | ProwlerThreatScore-1.0: 1.3.1 | CIS-5.0: 1.15 | CIS-1.4: 1.16 | HIPAA: 164_308_a_1_ii_b, 164_308_a_3_i, 164_308_a_3_ii_b, 164_308_a_4_i, 164_308_a_4_ii_b, 164_308_a_4_ii_c, 164_312_a_1 | GxP-21-CFR-Part-11: 11.10-d, 11.10-g | FFIEC: d3-pc-am-b-1, d3-pc-am-b-16, d3-pc-am-b-2, d3-pc-am-b-3, d3-pc-am-b-6, d3-pc-im-b-7 | FedRAMP-20x-KSI-Low-25.05C: ksi-iam;identity-access;;;CAF Security Epic: IAM;5.33.1;https://www.trendmicro.com/trendaivisiononecloudriskmanagement/knowledge-base/aws/IAM/iam-policy-for-administration.html | http://docs.aws.amazon.com/IAM/latest/UserGuide/best-practices.html;;
profile: None;2026-07-13 09:37:50.757461;735291151388;;;;;;prowler-aws-iam_customer_unattached_policy_no_administrative_privileges-735291151388-ap-south-1-CloudGuardian-S3PublicAccessPolicy;aws;iam_customer_unattached_policy_no_administrative_privileges;Unattached customer managed IAM policy does not allow '*:*' administrative privileges;Software and Configuration Checks/AWS Security Best Practices | Software and Configuration Checks/Industry and Regulatory Standards/AWS Foundational Security Best Practices | Software and Configuration Checks/Industry and Regulatory Standards/CIS AWS Foundations Benchmark | TTPs/Privilege Escalation;PASS;Custom policy CloudGuardian-S3PublicAccessPolicy is unattached and does not allow '*:*' administrative privileges.;False;iam;;medium;AwsIamPolicy;arn:aws:iam::735291151388:policy/CloudGuardian-S3PublicAccessPolicy;CloudGuardian-S3PublicAccessPolicy;;;aws;ap-south-1;"**Customer-managed IAM policies** that are **unattached** are evaluated for statements granting **full administrative access** using `*:*` wildcards.

The focus is on policies whose documents include unrestricted actions on all resources.";An unattached policy with `*:*` can be attached accidentally or maliciously, granting account-wide control. Attackers could read sensitive data (**confidentiality**), alter or delete resources (**integrity**), and disrupt services (**availability**), enabling rapid **privilege escalation** and lateral movement.;;"Remove or redesign these policies to enforce **least privilege**:
- Avoid `*` in actions/resources; scope precisely and use conditions
- Apply **permissions boundaries** and **SCPs** as guardrails
- Require peer review and policy validation before attachment
- Use analysis tools to refine permissions and delete unused policies";https://hub.prowler.com/check/iam_customer_unattached_policy_no_administrative_privileges;"```yaml
# CloudFormation: managed policy without administrative '*:*' privileges
Resources:
  <example_resource_name>:
    Type: AWS::IAM::ManagedPolicy
    Properties:
      PolicyDocument:
        Version: '2012-10-17'
        Statement:
          - Effect: Allow
            Action: iam:GetAccountSummary  # Critical: use a specific action instead of '*'
            Resource: ""*""                 # Critical: combined with specific action, avoids '*:*'
```";"```hcl
# IAM policy without '*:*' administrative privileges
resource ""aws_iam_policy"" ""<example_resource_name>"" {
  name   = ""<example_resource_name>""
  policy = jsonencode({
    Version   = ""2012-10-17""
    Statement = [
      {
        Effect   = ""Allow""
        Action   = ""iam:GetAccountSummary""   # Critical: specific action, not '*'
        Resource = ""*""                        # Critical: avoids '*:*' admin privileges
      }
    ]
  })
}
```";"aws iam create-policy-version --policy-arn <example_resource_arn> --set-as-default --policy-document '{""Version"":""2012-10-17"",""Statement"":[{""Effect"":""Allow"",""Action"":""iam:GetAccountSummary"",""Resource"":""*""}]}'";"1. In the AWS Console, go to IAM > Policies
2. Find the unattached customer managed policy and choose it
3. Click Edit policy > JSON
4. Remove any statement that allows Action ""*"" on Resource ""*"", or replace it with a specific action (e.g., ""iam:GetAccountSummary"")
5. Save changes";KISA-ISMS-P-2023-korean: 2.5.1, 2.5.5, 2.5.6, 2.10.2 | ENS-RD2022: op.exp.8.r4.aws.ct.1 | ASD-Essential-Eight-Nov 2023: E8-4.4 | CCC-v2025.10: CCC.Core.CN05.AR02, CCC.IAM.CN02.AR01, CCC.IAM.CN02.AR02, CCC.IAM.CN04.AR01 | MITRE-ATTACK: T1078 | ISO27001-2022: A.8.2 | AWS-Well-Architected-Framework-Security-Pillar: SEC03-BP02, SEC03-BP04 | NIST-CSF-2.0: po_1, ac_4, ac_6 | KISA-ISMS-P-2023: 2.5.1, 2.5.5, 2.5.6, 2.10.2 | C5-2025: OIS-04.03B, OIS-04.01AC, SP-01.04B, HR-01.01B, IAM-01.01B, IAM-01.04B;identity-access;;;CAF Security Epic: IAM;5.33.1;http://docs.aws.amazon.com/IAM/latest/UserGuide/best-practices.html | https://www.trendmicro.com/trendaivisiononecloudriskmanagement/knowledge-base/aws/IAM/iam-policy-for-administration.html;;
profile: None;2026-07-13 09:37:50.757461;735291151388;;;;;;prowler-aws-iam_inline_policy_no_administrative_privileges-735291151388-ap-south-1-cloudguardian-web-role/cloudguardian-s3-read-only;aws;iam_inline_policy_no_administrative_privileges;Inline IAM policy does not allow '*:*' administrative privileges;Software and Configuration Checks/AWS Security Best Practices | Software and Configuration Checks/Industry and Regulatory Standards/AWS Foundational Security Best Practices | Software and Configuration Checks/Industry and Regulatory Standards/CIS AWS Foundations Benchmark | TTPs/Privilege Escalation;FAIL;Inline policy cloudguardian-s3-read-only attached to role cloudguardian-web-role allows '*:*' administrative privileges.;False;iam;;critical;AwsIamPolicy;arn:aws:iam::735291151388:role/cloudguardian-web-role;cloudguardian-web-role/cloudguardian-s3-read-only;;;aws;ap-south-1;"**IAM inline policies** on identities are evaluated for statements allowing `Action:""*""` on `Resource:""*""`, which indicates **unrestricted administrative access**.";Granting `*:*` to an identity collapses **least privilege**, enabling total control over AWS. A compromised principal can exfiltrate data (**confidentiality**), alter configs or disable logging (**integrity**), and delete resources or keys (**availability**), enabling rapid **lateral movement** and persistent takeover.;;"Remove `Action:""*""` with `Resource:""*""` from inline policies. Apply **least privilege** with granular actions scoped to specific resources and conditions. Prefer versioned customer-managed policies over broad inline ones, enforce **separation of duties**, and use **permissions boundaries** or guardrails to prevent accidental admin grants.";https://hub.prowler.com/check/iam_inline_policy_no_administrative_privileges;"```yaml
# CloudFormation: Inline policy without '*:*' privileges
Resources:
  <example_resource_name>Policy:
    Type: AWS::IAM::Policy
    Properties:
      PolicyName: leastpriv
      PolicyDocument:
        Version: '2012-10-17'
        Statement:
          - Effect: Allow
            Action: s3:ListBucket        # Critical: specific action, not ""*""
            Resource: arn:aws:s3:::<example_resource_name>  # Critical: specific resource, not ""*""
      Roles:
        - <example_resource_name>
```";"```hcl
# Terraform: Inline role policy without '*:*' privileges
resource ""aws_iam_role_policy"" ""<example_resource_name>"" {
  name = ""leastpriv""
  role = ""<example_resource_name>""

  policy = jsonencode({
    Version = ""2012-10-17""
    Statement = [{
      Effect   = ""Allow""
      Action   = ""s3:ListBucket""                   # Critical: specific action, not ""*""
      Resource = ""arn:aws:s3:::<example_resource_name>""  # Critical: specific resource, not ""*""
    }]
  })
}
```";;"1. In the AWS Console, open IAM
2. Go to Users, Roles, or Groups (whichever has the inline policy)
3. Select the entity, then open the Inline policies section
4. Edit the inline policy JSON and remove any statement with ""Effect"": ""Allow"" and both ""Action"": ""*"" and ""Resource"": ""*""
5. Replace it with only the specific actions and specific resource ARNs required
6. Save changes";FedRAMP-Low-Revision-4: ac-2, ac-3 | SecNumCloud-3.2: 9.1 | AWS-Foundational-Security-Best-Practices: IAM.1 | KISA-ISMS-P-2023-korean: 2.5.1, 2.5.5, 2.5.6, 2.10.2 | ENS-RD2022: op.acc.4.aws.iam.1, op.acc.4.aws.iam.2, op.acc.4.aws.iam.9, op.exp.8.r4.aws.ct.8 | CISA: your-systems-3, your-surroundings-3 | NIST-800-171-Revision-2: 3_1_1, 3_1_2, 3_1_4, 3_1_5, 3_1_6, 3_1_7, 3_4_6, 3_13_3 | ASD-Essential-Eight-Nov 2023: E8-4.4 | FedRamp-Moderate-Revision-4: ac-2-1, ac-2-f, ac-2-j, ac-3, ac-5-c, ac-6-10, ac-6, sc-2 | CCC-v2025.10: CCC.RDMS.CN04.AR01, CCC.IAM.CN01.AR01, CCC.IAM.CN01.AR02, CCC.IAM.CN04.AR01 | MITRE-ATTACK: T1078, T1648, T1098, T1578, T1550, T1040, T1580, T1538, T1619, T1201 | AWS-AI-Security-Framework-1.0: AISF-IAM-02 | ISO27001-2022: A.5.18, A.8.2 | NIST-800-53-Revision-4: ac_2, ac_3, ac_5, ac_6, sc_2 | NIS2: 6.7.2.e, 11.3.2.c, 11.4.2.b | NIST-CSF-1.1: ac_1, ac_4, pt_3 | GDPR: article_25 | AWS-Well-Architected-Framework-Security-Pillar: SEC03-BP02 | NIST-CSF-2.0: rr_1, rr_2, po_1 | KISA-ISMS-P-2023: 2.5.1, 2.5.5, 2.5.6, 2.10.2 | C5-2025: OIS-04.01AC, SP-01.04B, HR-01.01B, IAM-01.01B, IAM-01.04B | NIST-800-53-Revision-5: ac_2_1, ac_2_6, ac_2_i_2, ac_3, ac_3_3, ac_3_3_a, ac_3_3_b_1, ac_3_3_b_2, ac_3_3_b_3, ac_3_3_b_4, ac_3_3_b_5, ac_3_3_c, ac_3_4, ac_3_4_a, ac_3_4_b, ac_3_4_c, ac_3_4_d, ac_3_4_e, ac_3_7, ac_3_8, ac_3_12_a, ac_3_13, ac_3_15_a, ac_3_15_b, ac_4_28, ac_5_b, ac_6, ac_6_2, ac_6_3, ac_6_10, ac_24, cm_5_1_a, cm_6_a, cm_9_b, mp_2, sc_23_3, sc_25 | SOC2: cc_1_3, cc_6_3 | RBI-Cyber-Security-Framework: annex_i_7_1 | HIPAA: 164_308_a_1_ii_b, 164_308_a_3_i, 164_308_a_3_ii_b, 164_308_a_4_i, 164_308_a_4_ii_b, 164_308_a_4_ii_c, 164_312_a_1 | GxP-21-CFR-Part-11: 11.10-d, 11.10-g | FFIEC: d3-pc-am-b-1, d3-pc-am-b-16, d3-pc-am-b-2, d3-pc-am-b-3, d3-pc-am-b-6, d3-pc-im-b-7 | FedRAMP-20x-KSI-Low-25.05C: ksi-iam;identity-access;;;CAF Security Epic: IAM;5.33.1;http://docs.aws.amazon.com/IAM/latest/UserGuide/best-practices.html | https://support.icompaas.com/support/solutions/articles/62000233799-ensure-iam-inline-policies-that-allow-full-administrative-privileges-are-not-associated-to-iam-id;;
profile: None;2026-07-13 09:37:50.757461;735291151388;;;;;;prowler-aws-iam_inline_policy_no_wildcard_marketplace_subscribe-735291151388-ap-south-1-cloudguardian-web-role/cloudguardian-s3-read-only;aws;iam_inline_policy_no_wildcard_marketplace_subscribe;Inline IAM policy does not allow 'aws-marketplace:Subscribe' on all resources;Software and Configuration Checks/AWS Security Best Practices;FAIL;Inline policy cloudguardian-s3-read-only attached to role cloudguardian-web-role allows 'aws-marketplace:Subscribe' on all resources.;False;iam;;medium;AwsIamPolicy;arn:aws:iam::735291151388:role/cloudguardian-web-role;cloudguardian-web-role/cloudguardian-s3-read-only;;;aws;ap-south-1;**IAM inline policies** are analyzed to identify statements that grant `aws-marketplace:Subscribe` on all resources (`*`). This action controls the ability to subscribe to AWS Marketplace products, including **Amazon Bedrock foundation models**, and should be scoped to specific product ARNs to enforce least privilege.;Granting `aws-marketplace:Subscribe` on all resources via inline policies allows subscribing to any Marketplace product, including expensive Bedrock foundation models, leading to uncontrolled costs, shadow AI usage, and compliance violations.;;"Replace `Resource: ""*""` with specific, approved AWS Marketplace product ARNs. Prefer managed policies over inline and apply the principle of least privilege to `aws-marketplace:Subscribe` permissions to prevent unauthorized subscriptions to costly Bedrock models and other Marketplace products.";https://hub.prowler.com/check/iam_inline_policy_no_wildcard_marketplace_subscribe;"```yaml
Resources:
  ExampleRole:
    Type: AWS::IAM::Role
    Properties:
      Policies:
        - PolicyName: scoped-marketplace-subscribe
          PolicyDocument:
            Version: '2012-10-17'
            Statement:
              - Effect: Allow
                Action:
                  - aws-marketplace:Subscribe  # FIX: scope to specific product ARNs
                Resource:
                  - arn:aws:aws-marketplace::123456789012:product/approved-product-id
```";"```hcl
resource ""aws_iam_role_policy"" ""scoped_marketplace_subscribe"" {
  name = ""scoped-marketplace-subscribe""
  role = aws_iam_role.example.id

  policy = jsonencode({
    Version = ""2012-10-17""
    Statement = [{
      Effect   = ""Allow""
      Action   = [""aws-marketplace:Subscribe""]
      Resource = [""arn:aws:aws-marketplace::123456789012:product/approved-product-id""]  # FIX: scope to specific products
    }]
  })
}
```";;"1. In the AWS Console, open IAM and go to Users, Roles, or Groups where the inline policy is attached
2. Select the entity, go to the Permissions tab, and open the inline policy
3. Click Edit policy and switch to the JSON editor
4. Replace ""Resource"": ""*"" with specific, approved AWS Marketplace product ARNs
5. Save changes and re-run the check to confirm it passes";KISA-ISMS-P-2023-korean: 2.5.5 | CISA: your-surroundings-3 | NIST-800-171-Revision-2: 3_1_5 | FedRamp-Moderate-Revision-4: ac-6 | ISO27001-2022: A.5.18, A.8.2 | NIST-800-53-Revision-4: ac_6 | NIST-CSF-1.1: ac_4 | AWS-Well-Architected-Framework-Security-Pillar: SEC03-BP02 | NIST-CSF-2.0: ac_4 | KISA-ISMS-P-2023: 2.5.5 | C5-2025: IAM-01.01B, IAM-01.04B | NIST-800-53-Revision-5: ac_6 | SOC2: cc_6_3 | HIPAA: 164_308_a_4_ii_b | FFIEC: d3-pc-am-b-1 | FedRAMP-20x-KSI-Low-25.05C: ksi-iam;gen-ai | identity-access;;iam_policy_no_wildcard_marketplace_subscribe;This check only evaluates IAM inline policies. See iam_policy_no_wildcard_marketplace_subscribe for the customer-managed policy variant.;5.33.1;https://docs.aws.amazon.com/bedrock/latest/userguide/security-iam.html | https://docs.aws.amazon.com/IAM/latest/UserGuide/best-practices.html#grant-least-privilege;;
profile: None;2026-07-13 09:37:50.757461;735291151388;;;;;;prowler-aws-iam_no_root_access_key-735291151388-ap-south-1-<root_account>;aws;iam_no_root_access_key;Root account has no active access keys;Software and Configuration Checks/AWS Security Best Practices | Software and Configuration Checks/Industry and Regulatory Standards/AWS Foundational Security Best Practices | Software and Configuration Checks/Industry and Regulatory Standards/CIS AWS Foundations Benchmark | TTPs/Credential Access;PASS;Root account does not have access keys.;False;iam;;critical;AwsIamAccessKey;arn:aws:iam::735291151388:root;<root_account>;;;aws;ap-south-1;**AWS root user** is evaluated for **active access keys**. It identifies whether the root identity has one or two programmatic credentials and notes when organization-level root credential management is present.;"**Root access keys** provide unrestricted API access. If exposed or misused, attackers can:
- Turn off logging and alter policies (**integrity**)
- Read or export data (**confidentiality**)
- Delete resources and lock out admins (**availability**)
Long-lived keys can persist and may bypass console-only MFA.";;Delete and prohibit **root access keys**. Use **IAM roles** and temporary credentials with **least privilege** for all automation. Enable **MFA on root**, limit root to break-glass use, and continuously monitor for any new root keys. *Where applicable*, apply organization-wide controls to enforce this.;https://hub.prowler.com/check/iam_no_root_access_key;;;;"1. Sign in to the AWS Management Console as the root user
2. Open My Security Credentials (account menu) or go to https://console.aws.amazon.com/iam/home?#/security_credentials
3. Expand Access keys
4. For each key with Status ""Active"", choose Delete and confirm
5. Verify no Active keys remain for the root user";CIS-6.0: 2.3 | CIS-1.5: 1.4 | FedRAMP-Low-Revision-4: ac-2, ac-3, ia-2 | ISO27001-2013: A.9.2.N, A.9.4.N | SecNumCloud-3.2: 9.6 | AWS-Foundational-Technical-Review: ARC-004 | CIS-7.0: 2.4 | CIS-2.0: 1.4 | AWS-Foundational-Security-Best-Practices: IAM.4 | KISA-ISMS-P-2023-korean: 2.5.5, 2.7.2, 2.10.2 | CIS-4.0.1: 1.4 | ENS-RD2022: op.acc.4.aws.iam.7 | CISA: your-systems-3, your-surroundings-3 | AWS-Account-Security-Onboarding: Block root user | NIST-800-171-Revision-2: 3_1_1, 3_1_2, 3_1_4, 3_1_5, 3_1_6, 3_1_7, 3_4_6 | PCI-4.0: 7.2.1.17, 7.2.2.17, 7.2.3.8, 8.2.1.4, 8.2.2.6, 8.2.4.4, 8.2.5.4, 8.3.11.4 | FedRamp-Moderate-Revision-4: ac-2-1, ac-2-f, ac-2-j, ac-3, ac-5-c, ac-6-10, ac-6, ia-2 | CCC-v2025.10: CCC.Core.CN03.AR02, CCC.Core.CN03.AR04, CCC.Core.CN05.AR06, CCC.IAM.CN01.AR01, CCC.IAM.CN01.AR02 | MITRE-ATTACK: T1078, T1550 | AWS-AI-Security-Framework-1.0: AISF-IAM-04 | CIS-3.0: 1.4 | ISO27001-2022: A.5.15 | NIST-800-53-Revision-4: ac_2, ac_3, ac_6_10, ac_6 | NIS2: 9.2.c | NIST-CSF-1.1: ac_1, ac_4, pt_3 | GDPR: article_25 | AWS-Well-Architected-Framework-Security-Pillar: SEC01-BP02 | NIST-CSF-2.0: ac_1, ac_6 | KISA-ISMS-P-2023: 2.5.5, 2.7.2, 2.10.2 | C5-2025: IAM-03.01B, IAM-03.03B, IAM-06.02B, IAM-10.01B, CRY-03.01B | NIST-800-53-Revision-5: ac_2_1, ac_2_6, ac_3_3, ac_3_3_a, ac_3_3_b_1, ac_3_3_b_2, ac_3_3_b_3, ac_3_3_b_4, ac_3_3_b_5, ac_3_3_c, ac_3_4, ac_3_4_a, ac_3_4_b, ac_3_4_c, ac_3_4_d, ac_3_4_e, ac_3_7, ac_3_8, ac_3_12_a, ac_3_13, ac_3_15_a, ac_3_15_b, ac_4_28, ac_6, ac_6_2, ac_6_10, ac_24, cm_5_1_a, cm_6_a, cm_9_b, ia_2, ia_4_b, ia_4_4, ia_4_8, ia_5_8, mp_2, sc_23_3, sc_25 | RBI-Cyber-Security-Framework: annex_i_7_1 | ProwlerThreatScore-1.0: 1.1.13 | CIS-5.0: 1.3 | CIS-1.4: 1.4 | HIPAA: 164_308_a_1_ii_b, 164_308_a_3_i, 164_308_a_3_ii_b, 164_308_a_4_ii_c, 164_312_a_2_i | GxP-21-CFR-Part-11: 11.10-d, 11.10-g, 11.200 | FFIEC: d3-pc-am-b-1, d3-pc-am-b-3, d3-pc-am-b-8 | FedRAMP-20x-KSI-Low-25.05C: ksi-iam, ksi-iam-07;identity-access;;;;5.33.1;https://docs.aws.amazon.com/IAM/latest/UserGuide/id_credentials_access-keys.html | https://docs.aws.amazon.com/IAM/latest/UserGuide/id_credentials_getting-report.html | https://www.trendmicro.com/trendaivisiononecloudriskmanagement/knowledge-base/aws/IAM/root-account-access-keys-present.html;;
profile: None;2026-07-13 09:37:50.757461;735291151388;;;;;;prowler-aws-iam_password_policy_expires_passwords_within_90_days_or_less-735291151388-ap-south-1-735291151388;aws;iam_password_policy_expires_passwords_within_90_days_or_less;IAM account password policy enforces password expiration within 90 days or less;Software and Configuration Checks/Industry and Regulatory Standards/CIS AWS Foundations Benchmark;FAIL;Password expiration is not set.;False;iam;;medium;AwsIamPolicy;arn:aws:iam:ap-south-1:735291151388:password-policy;735291151388;;;aws;ap-south-1;"**IAM account password policy** sets a **password expiration period** for IAM user console logins; configuration is aligned when rotation is enabled and set to `<= 90` days.";Without rotation, stale passwords persist, enabling **credential stuffing**, **brute force**, and **password reuse** attacks. A compromised IAM user can retain console access, enabling **data exfiltration**, privilege escalation, and loss of **confidentiality** and **integrity**.;;Enforce **password rotation** at `<= 90` days and **prevent reuse**. Pair with **MFA**, strong length/complexity, and prefer **federation/SSO** to reduce static passwords. Apply **least privilege**, monitor sign-ins, and remove inactive console passwords to limit exposure.;https://hub.prowler.com/check/iam_password_policy_expires_passwords_within_90_days_or_less;"```yaml
# CloudFormation: Set IAM account password policy to expire passwords within 90 days
Resources:
  ExampleAccountPasswordPolicy:
    Type: AWS::IAM::AccountPasswordPolicy
    Properties:
      MaxPasswordAge: 90  # Critical: enforces password expiration in 90 days or less to pass the check
```";"```hcl
# Enforce IAM password expiration within 90 days
resource ""aws_iam_account_password_policy"" ""example"" {
  max_password_age = 90  # Critical: enforces password expiration <= 90 days to pass the check
}
```";aws iam update-account-password-policy --max-password-age 90;"1. In the AWS Console, go to IAM
2. Select Account settings
3. In Password policy, click Edit
4. Check Enable password expiration and set Password expiration period (days) to 90 or less
5. Click Save changes";ISO27001-2013: A.9.2.A, A.9.3.A, A.9.4.A | SecNumCloud-3.2: 9.5 | AWS-Foundational-Technical-Review: IAM-003 | AWS-Foundational-Security-Best-Practices: IAM.7, IAM.10 | KISA-ISMS-P-2023-korean: 2.5.4, 2.10.2 | ENS-RD2022: op.acc.6.aws.iam.3 | NIST-800-171-Revision-2: 3_5_5, 3_5_6, 3_5_7, 3_5_8 | PCI-4.0: 8.3.6.1, 8.6.3.2 | CCC-v2025.10: CCC.Core.CN05.AR02, CCC.IAM.CN05.AR01 | MITRE-ATTACK: T1078, T1110 | AWS-AI-Security-Framework-1.0: AISF-IAM-06 | ISO27001-2022: A.5.15 | NIS2: 1.1.1.d, 1.1.2, 9.2.c.v, 11.6.2.a | AWS-Well-Architected-Framework-Security-Pillar: SEC03-BP06 | KISA-ISMS-P-2023: 2.5.4, 2.10.2 | C5-2025: IAM-03.02B, IAM-08.03B, IAM-08.05B, PSS-07.01B | ProwlerThreatScore-1.0: 1.1.12 | FedRAMP-20x-KSI-Low-25.05C: ksi-iam;identity-access;;;;5.33.1;https://docs.aws.amazon.com/IAM/latest/UserGuide/id_credentials_passwords_account-policy.html;;
profile: None;2026-07-13 09:37:50.757461;735291151388;;;;;;prowler-aws-iam_password_policy_lowercase-735291151388-ap-south-1-735291151388;aws;iam_password_policy_lowercase;IAM password policy requires at least one lowercase letter;Software and Configuration Checks/AWS Security Best Practices | Software and Configuration Checks/Industry and Regulatory Standards/CIS AWS Foundations Benchmark;FAIL;IAM password policy does not require at least one lowercase letter.;False;iam;;low;AwsIamPolicy;arn:aws:iam:ap-south-1:735291151388:password-policy;735291151388;;;aws;ap-south-1;**IAM password policy** requires at least one **lowercase** character in user passwords via the `Require lowercase` setting;Without a lowercase requirement, passwords have reduced entropy, making **brute force** and **password spraying** more effective. Compromised IAM users can enable unauthorized access and changes, risking **confidentiality**, **integrity**, and **availability** of AWS resources.;;"Adopt a strong password policy that:
- Enables `Require at least one lowercase letter` plus uppercase, number, and symbol
- Sets sufficient length and blocks reuse
- Requires **MFA** for all users
- Applies **least privilege** to limit blast radius";https://hub.prowler.com/check/iam_password_policy_lowercase;"```yaml
Resources:
  <example_resource_name>:
    Type: AWS::IAM::AccountPasswordPolicy
    Properties:
      RequireLowercaseCharacters: true  # Critical: Enforces at least one lowercase letter in passwords
```";"```hcl
resource ""aws_iam_account_password_policy"" ""<example_resource_name>"" {
  require_lowercase_characters = true  # Critical: Enforces at least one lowercase letter in passwords
}
```";aws iam update-account-password-policy --require-lowercase-characters;"1. In the AWS Console, open IAM
2. Go to Account settings
3. In Password policy, click Edit
4. Check ""Require at least one lowercase letter (a-z)""
5. Click Save changes";ISO27001-2013: A.9.2.F, A.9.3.F, A.9.4.F | SecNumCloud-3.2: 9.5 | AWS-Foundational-Technical-Review: IAM-003 | AWS-Foundational-Security-Best-Practices: IAM.7, IAM.10 | KISA-ISMS-P-2023-korean: 2.5.4, 2.10.2 | ENS-RD2022: op.acc.6.r1.aws.iam.1 | CISA: your-systems-3, your-surroundings-4 | NIST-800-171-Revision-2: 3_5_7 | CCC-v2025.10: CCC.Core.CN05.AR02, CCC.IAM.CN05.AR01 | MITRE-ATTACK: T1078, T1110 | AWS-AI-Security-Framework-1.0: AISF-IAM-06 | ISO27001-2022: A.5.15 | NIS2: 9.2.c.v, 11.6.2.a | GDPR: article_25 | AWS-Well-Architected-Framework-Security-Pillar: SEC02-BP01 | KISA-ISMS-P-2023: 2.5.4, 2.10.2 | C5-2025: IAM-08.03B, PSS-07.01B | ProwlerThreatScore-1.0: 1.1.8 | HIPAA: 164_308_a_5_ii_d | GxP-21-CFR-Part-11: 11.10-d, 11.10-g, 11.200, 11.300-b | FFIEC: d3-pc-am-b-6, d3-pc-am-b-7 | FedRAMP-20x-KSI-Low-25.05C: ksi-iam;identity-access;;;;5.33.1;https://docs.aws.amazon.com/IAM/latest/UserGuide/id_credentials_passwords_account-policy.html;;
profile: None;2026-07-13 09:37:50.757461;735291151388;;;;;;prowler-aws-iam_password_policy_minimum_length_14-735291151388-ap-south-1-735291151388;aws;iam_password_policy_minimum_length_14;IAM password policy requires passwords to be at least 14 characters long;Software and Configuration Checks/Industry and Regulatory Standards/CIS AWS Foundations Benchmark | Software and Configuration Checks/Industry and Regulatory Standards/AWS Foundational Security Best Practices;FAIL;IAM password policy does not require minimum length of 14 characters.;False;iam;;medium;AwsIamPolicy;arn:aws:iam:ap-south-1:735291151388:password-policy;735291151388;;;aws;ap-south-1;**IAM password policy** is assessed for the **minimum password length** setting, confirming it meets `>= 14` characters for IAM console users.;Low minimum length reduces entropy, easing **brute force** and **credential stuffing**. Compromised IAM users enable console access, unauthorized changes, and lateral movement, leading to data exposure (confidentiality) and tampering (integrity).;;"Set the **minimum password length** to `>= 14` (prefer `16+`).
- Require mixed character types and prevent reuse
- Enforce **MFA** for all console users
- Prefer SSO over local IAM users
- Apply least privilege and monitor authentication events";https://hub.prowler.com/check/iam_password_policy_minimum_length_14;"```yaml
Resources:
  <example_resource_name>:
    Type: AWS::IAM::AccountPasswordPolicy
    Properties:
      MinimumPasswordLength: 14  # Critical: sets minimum password length to 14 to pass the check
```";"```hcl
resource ""aws_iam_account_password_policy"" ""<example_resource_name>"" {
  minimum_password_length = 14  # Critical: enforces minimum password length >=14
}
```";aws iam update-account-password-policy --minimum-password-length 14;"1. Sign in to the AWS Console and open IAM
2. Go to Account settings > Password policy and click Edit
3. Set Enforce minimum password length to 14
4. Click Save changes (and confirm Set custom if prompted)";CIS-6.0: 2.7 | CIS-1.5: 1.8 | FedRAMP-Low-Revision-4: ac-2, ia-2 | ISO27001-2013: A.9.2.C, A.9.3.C, A.9.4.C | SecNumCloud-3.2: 9.5, 10.3 | AWS-Foundational-Technical-Review: IAM-003 | CIS-7.0: 2.8 | CIS-2.0: 1.8 | AWS-Foundational-Security-Best-Practices: IAM.7, IAM.10 | KISA-ISMS-P-2023-korean: 2.5.4, 2.10.2 | CIS-4.0.1: 1.8 | ENS-RD2022: op.acc.6.r1.aws.iam.1 | CISA: your-systems-3, your-surroundings-4 | NIST-800-171-Revision-2: 3_5_7 | FedRamp-Moderate-Revision-4: ac-2-1, ac-2-f, ac-2-j, ac-2-3, ac-5-c, ia-2, ia-5-1-a-d-e, ia-5-4 | CCC-v2025.10: CCC.Core.CN05.AR02, CCC.IAM.CN05.AR01 | MITRE-ATTACK: T1078, T1110 | AWS-AI-Security-Framework-1.0: AISF-IAM-06 | CIS-3.0: 1.8 | ISO27001-2022: A.5.15 | NIS2: 9.2.c.v | GDPR: article_25 | AWS-Well-Architected-Framework-Security-Pillar: SEC02-BP01 | KISA-ISMS-P-2023: 2.5.4, 2.10.2 | C5-2025: IAM-08.03B, PSS-07.01B | NIST-800-53-Revision-5: ac_2_1, ac_2_3_a, ac_2_3_b, ac_2_3_c, ac_2_3_d, ac_2_3, ac_2_d_1, ac_3_3, ac_3_3_a, ac_3_3_b_1, ac_3_3_b_2, ac_3_3_b_3, ac_3_3_b_4, ac_3_3_b_5, ac_3_3_c, ac_3_4, ac_3_4_a, ac_3_4_b, ac_3_4_c, ac_3_4_d, ac_3_4_e, ac_3_8, ac_3_12_a, ac_3_13, ac_3_15_a, ac_3_15_b, ac_4_28, ac_7_4, ac_7_4_a, ac_24, cm_5_1_a, cm_6_a, cm_9_b, cm_12_b, ia_4_d, ia_5, ia_5_b, ia_5_c, ia_5_d, ia_5_f, ia_5_h, ia_5_1_f, ia_5_1_g, ia_5_1_h, ia_5_1_h, ia_5_18_a, ia_5_18_b, ia_8_2_b, ma_4_c, sc_23_3 | ProwlerThreatScore-1.0: 1.1.4 | CIS-5.0: 1.7 | CIS-1.4: 1.8 | HIPAA: 164_308_a_5_ii_d | GxP-21-CFR-Part-11: 11.10-d, 11.10-g, 11.200, 11.300-b | FFIEC: d3-pc-am-b-6, d3-pc-am-b-7 | FedRAMP-20x-KSI-Low-25.05C: ksi-iam;identity-access;;;;5.33.1;https://docs.aws.amazon.com/config/latest/developerguide/iam-password-policy.html | https://docs.aws.amazon.com/IAM/latest/UserGuide/id_credentials_passwords_account-policy.html | https://docs.aws.amazon.com/sdk-for-ruby/v3/api/Aws/IAM/Resource.html;;
profile: None;2026-07-13 09:37:50.757461;735291151388;;;;;;prowler-aws-iam_password_policy_number-735291151388-ap-south-1-735291151388;aws;iam_password_policy_number;IAM password policy requires at least one number;Software and Configuration Checks/AWS Security Best Practices | Software and Configuration Checks/Industry and Regulatory Standards/AWS Foundational Security Best Practices | Software and Configuration Checks/Industry and Regulatory Standards/CIS AWS Foundations Benchmark;FAIL;IAM password policy does not require at least one number.;False;iam;;medium;AwsIamPolicy;arn:aws:iam:ap-south-1:735291151388:password-policy;735291151388;;;aws;ap-south-1;**IAM account password policy** requires at least one **numeric character** (`0-9`) in IAM user passwords;Passwords without numbers have lower entropy, making **brute-force** and **credential-stuffing** more effective. A compromised IAM user can gain console access, enabling data exposure (**confidentiality**), configuration changes (**integrity**), and resource abuse or deletion (**availability**).;;Enforce the password policy option to `require at least one number`. Combine with strong length, mixed case, and symbols, and prevent reuse. Enable **MFA** for all users and prefer **federated access** to limit static credentials, supporting **defense in depth** against guessing attacks.;https://hub.prowler.com/check/iam_password_policy_number;"```yaml
# CloudFormation: Enforce at least one number in IAM user passwords
Resources:
  <example_resource_name>:
    Type: AWS::IAM::AccountPasswordPolicy
    Properties:
      RequireNumbers: true  # Critical: requires at least one number in passwords
```";"```hcl
# Enforce at least one number in IAM user passwords
resource ""aws_iam_account_password_policy"" ""<example_resource_name>"" {
  require_numbers = true  # Critical: requires at least one number in passwords
}
```";aws iam update-account-password-policy --require-numbers;"1. Open the AWS Management Console and go to IAM
2. In the left menu, click Account settings
3. In Password policy, click Edit
4. Check Require at least one number
5. Click Save changes and confirm Set custom";ISO27001-2013: A.9.2.D, A.9.3.D, A.9.4.D | SecNumCloud-3.2: 9.5, 10.3 | AWS-Foundational-Technical-Review: IAM-003 | AWS-Foundational-Security-Best-Practices: IAM.7, IAM.10 | KISA-ISMS-P-2023-korean: 2.5.4, 2.10.2 | ENS-RD2022: op.acc.6.r1.aws.iam.1 | CISA: your-systems-3, your-surroundings-4 | NIST-800-171-Revision-2: 3_5_7 | CCC-v2025.10: CCC.Core.CN05.AR02, CCC.IAM.CN05.AR01 | MITRE-ATTACK: T1078, T1110 | AWS-AI-Security-Framework-1.0: AISF-IAM-06 | ISO27001-2022: A.5.15 | NIS2: 9.2.c.v | GDPR: article_25 | AWS-Well-Architected-Framework-Security-Pillar: SEC02-BP01 | KISA-ISMS-P-2023: 2.5.4, 2.10.2 | C5-2025: IAM-08.03B, IAM-08.05B, PSS-07.01B | ProwlerThreatScore-1.0: 1.1.6 | HIPAA: 164_308_a_5_ii_d | GxP-21-CFR-Part-11: 11.10-d, 11.10-g, 11.200, 11.300-b | FFIEC: d3-pc-am-b-6, d3-pc-am-b-7 | FedRAMP-20x-KSI-Low-25.05C: ksi-iam;identity-access;;;;5.33.1;https://docs.aws.amazon.com/IAM/latest/UserGuide/id_credentials_passwords_account-policy.html;;
profile: None;2026-07-13 09:37:50.757461;735291151388;;;;;;prowler-aws-iam_password_policy_reuse_24-735291151388-ap-south-1-735291151388;aws;iam_password_policy_reuse_24;IAM password policy prevents reuse of the last 24 passwords;Software and Configuration Checks/AWS Security Best Practices | Software and Configuration Checks/Industry and Regulatory Standards/AWS Foundational Security Best Practices | Software and Configuration Checks/Industry and Regulatory Standards/CIS AWS Foundations Benchmark;FAIL;IAM password policy reuse prevention is less than 24 or not set.;False;iam;;medium;AwsIamPolicy;arn:aws:iam:ap-south-1:735291151388:password-policy;735291151388;;;aws;ap-south-1;**IAM account password policy** uses **password reuse prevention** set to `24` remembered passwords (maximum history) for IAM users;If fewer than `24` passwords are remembered, users can cycle back to recent secrets, undermining rotation. Attackers with previously exposed passwords can regain console access after a change, reducing **confidentiality** and **integrity** and increasing success of credential-stuffing with known credentials.;;Set the password policy to remember `24` previous passwords to block reuse. Combine with **MFA**, strong length and complexity, and avoid rotation practices that encourage predictable patterns. Apply **least privilege** and monitor authentication events as part of **defense in depth**.;https://hub.prowler.com/check/iam_password_policy_reuse_24;"```yaml
Resources:
  <example_resource_name>:
    Type: AWS::IAM::AccountPasswordPolicy
    Properties:
      PasswordReusePrevention: 24  # Critical: prevents reuse of the last 24 passwords
```";"```hcl
resource ""aws_iam_account_password_policy"" ""<example_resource_name>"" {
  password_reuse_prevention = 24  # Critical: require last 24 passwords cannot be reused
}
```";aws iam update-account-password-policy --password-reuse-prevention 24;"1. Open the AWS Management Console and go to IAM
2. In the left menu, select Account settings
3. In Password policy, click Edit
4. Select Custom (if not already)
5. Set Prevent password reuse to 24
6. Click Save changes";CIS-6.0: 2.8 | CIS-1.5: 1.9 | ISO27001-2013: A.9.2.B, A.9.3.B, A.9.4.B | SecNumCloud-3.2: 9.5 | AWS-Foundational-Technical-Review: IAM-003 | CIS-7.0: 2.9 | CIS-2.0: 1.9 | AWS-Foundational-Security-Best-Practices: IAM.7, IAM.10 | KISA-ISMS-P-2023-korean: 2.5.4, 2.10.2 | CIS-4.0.1: 1.9 | ENS-RD2022: op.acc.6.r1.aws.iam.1 | NIST-800-171-Revision-2: 3_5_5, 3_5_6, 3_5_7, 3_5_8 | CCC-v2025.10: CCC.Core.CN05.AR02, CCC.IAM.CN05.AR01 | MITRE-ATTACK: T1078, T1110 | AWS-AI-Security-Framework-1.0: AISF-IAM-06 | CIS-3.0: 1.9 | PCI-3.2.1: 8.1, 8.1.4, 8.2, 8.2.3, 8.2.3.a, 8.2.3.b, 8.2.4, 8.2.4.a, 8.2.4.b, 8.2.5, 8.2.5.a, 8.2.5.b | ISO27001-2022: A.5.15 | NIST-800-53-Revision-4: ac_2_1, ac_2, ia_2, ia_5_1, ia_5_4 | NIS2: 9.2.c.v | NIST-CSF-1.1: ac_1 | GDPR: article_25 | AWS-Well-Architected-Framework-Security-Pillar: SEC02-BP01 | KISA-ISMS-P-2023: 2.5.4, 2.10.2 | C5-2025: IAM-01.03B, IAM-03.02B, IAM-03.03B, IAM-03.01AS, IAM-08.03B, IAM-08.05B, IAM-08.07B, PSS-07.01B | RBI-Cyber-Security-Framework: annex_i_7_2 | ProwlerThreatScore-1.0: 1.1.5 | CIS-5.0: 1.8 | CIS-1.4: 1.9 | HIPAA: 164_308_a_4_ii_c, 164_308_a_5_ii_d, 164_312_d | FedRAMP-20x-KSI-Low-25.05C: ksi-iam;identity-access;;;;5.33.1;https://docs.aws.amazon.com/IAM/latest/UserGuide/id_credentials_passwords_account-policy.html;;
profile: None;2026-07-13 09:37:50.757461;735291151388;;;;;;prowler-aws-iam_password_policy_symbol-735291151388-ap-south-1-735291151388;aws;iam_password_policy_symbol;IAM password policy requires at least one symbol;Software and Configuration Checks/AWS Security Best Practices | Software and Configuration Checks/Industry and Regulatory Standards/AWS Foundational Security Best Practices | Software and Configuration Checks/Industry and Regulatory Standards/CIS AWS Foundations Benchmark | TTPs/Credential Access;FAIL;IAM password policy does not require at least one symbol.;False;iam;;medium;AwsIamPolicy;arn:aws:iam:ap-south-1:735291151388:password-policy;735291151388;;;aws;ap-south-1;**IAM account password policy** includes the `Require at least one non-alphanumeric character` rule for IAM user passwords;Missing a **symbol requirement** lowers password entropy, increasing success of **brute force** and **credential stuffing** against console logins. A compromised IAM user can gain unauthorized access and modify resources, threatening **confidentiality** and **integrity** across the account.;;Enforce the `Require at least one non-alphanumeric character` rule in the **IAM password policy**, alongside strong minimum length, mixed character sets, and password reuse prevention. Apply **MFA** for all human users and uphold **least privilege** to limit impact. *Consider periodic rotation based on risk.*;https://hub.prowler.com/check/iam_password_policy_symbol;"```yaml
Resources:
  <example_resource_name>:
    Type: AWS::IAM::AccountPasswordPolicy
    Properties:
      RequireSymbols: true  # Critical: requires at least one symbol in passwords
```";"```hcl
resource ""aws_iam_account_password_policy"" ""<example_resource_name>"" {
  require_symbols = true  # Critical: require at least one symbol in passwords
}
```";aws iam update-account-password-policy --require-symbols;"1. In the AWS console, open IAM
2. Go to Account settings
3. Click Edit in the Password policy section
4. Check ""Require at least one non-alphanumeric character (symbol)""
5. Click Save changes";ISO27001-2013: A.9.2.E, A.9.3.E, A.9.4.E | SecNumCloud-3.2: 9.5, 10.3 | AWS-Foundational-Technical-Review: IAM-003 | AWS-Foundational-Security-Best-Practices: IAM.7, IAM.10 | KISA-ISMS-P-2023-korean: 2.5.4, 2.10.2 | ENS-RD2022: op.acc.6.r1.aws.iam.1 | CISA: your-systems-3, your-surroundings-4 | NIST-800-171-Revision-2: 3_5_7 | CCC-v2025.10: CCC.Core.CN05.AR02, CCC.IAM.CN05.AR01 | MITRE-ATTACK: T1078, T1110 | AWS-AI-Security-Framework-1.0: AISF-IAM-06 | ISO27001-2022: A.5.15 | NIS2: 9.2.c.v | GDPR: article_25 | AWS-Well-Architected-Framework-Security-Pillar: SEC02-BP01 | KISA-ISMS-P-2023: 2.5.4, 2.10.2 | C5-2025: IAM-08.03B, PSS-07.01B | ProwlerThreatScore-1.0: 1.1.7 | HIPAA: 164_308_a_5_ii_d | GxP-21-CFR-Part-11: 11.10-d, 11.10-g, 11.200, 11.300-b | FFIEC: d3-pc-am-b-6, d3-pc-am-b-7 | FedRAMP-20x-KSI-Low-25.05C: ksi-iam;identity-access;;;;5.33.1;https://docs.aws.amazon.com/IAM/latest/UserGuide/id_credentials_passwords_account-policy.html;;
profile: None;2026-07-13 09:37:50.757461;735291151388;;;;;;prowler-aws-iam_password_policy_uppercase-735291151388-ap-south-1-735291151388;aws;iam_password_policy_uppercase;IAM password policy requires at least one uppercase letter;Software and Configuration Checks/AWS Security Best Practices | Software and Configuration Checks/Industry and Regulatory Standards/AWS Foundational Security Best Practices | Software and Configuration Checks/Industry and Regulatory Standards/CIS AWS Foundations Benchmark | Software and Configuration Checks/Industry and Regulatory Standards/NIST 800-53 Controls (USA) | Software and Configuration Checks/Industry and Regulatory Standards/PCI-DSS;FAIL;IAM password policy does not require at least one uppercase letter.;False;iam;;medium;AwsIamPolicy;arn:aws:iam:ap-south-1:735291151388:password-policy;735291151388;;;aws;ap-south-1;"**IAM account password policy** enforces the presence of **at least one uppercase letter** (`A-Z`) in IAM user passwords.

*This evaluates whether the uppercase complexity rule is enabled for console passwords.*";Without an uppercase requirement, passwords have lower entropy, enabling **brute force**, **credential stuffing**, and **offline cracking**. Compromised IAM users can access the console, threatening **confidentiality** (data exposure), **integrity** (unauthorized changes), and **availability** (resource deletion).;;Enable the uppercase rule within a **strong password policy** that also requires length, lowercase, numbers, and symbols. Pair with **MFA** and **least privilege** to reduce blast radius. Regularly review policy effectiveness and prefer **federated SSO** to minimize long-lived IAM passwords.;https://hub.prowler.com/check/iam_password_policy_uppercase;"```yaml
Resources:
  <example_resource_name>:
    Type: AWS::IAM::AccountPasswordPolicy
    Properties:
      RequireUppercaseCharacters: true  # Critical: enforce at least one uppercase letter
```";"```hcl
resource ""aws_iam_account_password_policy"" ""<example_resource_name>"" {
  require_uppercase_characters = true  # Critical: enforce at least one uppercase letter
}
```";aws iam update-account-password-policy --require-uppercase-characters;"1. In the AWS Console, go to IAM
2. Open Account settings > Password policy > Edit
3. Check ""Require at least one uppercase letter (A-Z)""
4. Click Save changes";ISO27001-2013: A.9.2.G, A.9.3.G, A.9.4.G | SecNumCloud-3.2: 9.5 | AWS-Foundational-Technical-Review: IAM-003 | AWS-Foundational-Security-Best-Practices: IAM.7, IAM.10 | KISA-ISMS-P-2023-korean: 2.5.4, 2.10.2 | ENS-RD2022: op.acc.6.r1.aws.iam.1 | CISA: your-systems-3, your-surroundings-4 | NIST-800-171-Revision-2: 3_5_7 | CCC-v2025.10: CCC.Core.CN05.AR02, CCC.IAM.CN05.AR01 | MITRE-ATTACK: T1078, T1110 | AWS-AI-Security-Framework-1.0: AISF-IAM-06 | ISO27001-2022: A.5.15 | NIS2: 9.2.c.v | GDPR: article_25 | AWS-Well-Architected-Framework-Security-Pillar: SEC02-BP01 | KISA-ISMS-P-2023: 2.5.4, 2.10.2 | C5-2025: IAM-08.03B, IAM-08.05B, PSS-07.01B | ProwlerThreatScore-1.0: 1.1.9 | HIPAA: 164_308_a_5_ii_d | GxP-21-CFR-Part-11: 11.10-d, 11.10-g, 11.200, 11.300-b | FFIEC: d3-pc-am-b-6, d3-pc-am-b-7 | FedRAMP-20x-KSI-Low-25.05C: ksi-iam;identity-access;;;;5.33.1;https://docs.aws.amazon.com/IAM/latest/UserGuide/id_credentials_passwords_account-policy.html;;
profile: None;2026-07-13 09:37:50.757461;735291151388;;;;;;prowler-aws-iam_policy_attached_only_to_group_or_roles-735291151388-ap-south-1-Alex;aws;iam_policy_attached_only_to_group_or_roles;IAM user has no inline or attached policies;Software and Configuration Checks/AWS Security Best Practices | Software and Configuration Checks/Industry and Regulatory Standards/AWS Foundational Security Best Practices | Software and Configuration Checks/Industry and Regulatory Standards/CIS AWS Foundations Benchmark;PASS;User Alex has no inline or attached policies.;False;iam;;low;AwsIamUser;arn:aws:iam::735291151388:user/Alex;Alex;;AKIA2WMWESQOMX2BIRV4=CloudGuardian-Kali;aws;ap-south-1;**IAM users** have identity-based policies attached directly (managed or inline) instead of inheriting permissions via **groups** or **roles**.;Directly attached user policies hinder centralized control and cause privilege creep. If a user is compromised, excessive rights enable data exposure, resource tampering, and lateral movement, harming **confidentiality** and **integrity**. Revocation is error-prone, weakening **separation of duties** and auditability.;;"Assign permissions to **groups** (humans) and **roles** (workloads); avoid user-attached policies. Enforce **least privilege**, prefer federation and temporary credentials, and use tags or **permissions boundaries** to constrain scope. Review regularly to remove direct user policies and right-size access.";https://hub.prowler.com/check/iam_policy_attached_only_to_group_or_roles;"```yaml
# CloudFormation: ensure IAM user has no policies
Resources:
  <example_resource_name>:
    Type: AWS::IAM::User
    Properties:
      UserName: <example_resource_name>
      ManagedPolicyArns: []  # CRITICAL: empty list detaches all managed (attached) policies
      Policies: []           # CRITICAL: empty list removes all inline policies
```";;;"1. In AWS Console, go to IAM > Users and select the target user
2. Open the Permissions tab
3. Under Permissions policies, remove each attached policy
4. Under Inline policies, delete each inline policy
5. Confirm changes; the user should show no inline or attached policies";CIS-6.0: 2.14 | CIS-1.5: 1.15 | FedRAMP-Low-Revision-4: ac-2, ac-3 | ISO27001-2013: A.9.2.I, A.9.4.I | SecNumCloud-3.2: 9.1 | AWS-Foundational-Technical-Review: IAM-006, IAM-0012 | CIS-7.0: 2.13 | CIS-2.0: 1.15 | KISA-ISMS-P-2023-korean: 2.5.1, 2.5.6, 2.10.2 | CIS-4.0.1: 1.15 | ENS-RD2022: op.exp.8.r4.aws.ct.8, op.exp.8.r4.aws.ct.1 | AWS-Account-Security-Onboarding: Predefine IAM Roles | NIST-800-171-Revision-2: 3_4_6 | ASD-Essential-Eight-Nov 2023: E8-4.4 | PCI-4.0: 7.2.1.12, 7.2.1.13, 7.2.2.12, 7.2.2.13, 7.2.5.8, 7.2.5.9, 7.3.1.8, 7.3.1.9, 7.3.2.8, 7.3.2.9, 7.3.3.8, 7.3.3.9, 8.2.1.3, 8.2.2.5, 8.2.4.3, 8.2.5.3, 8.2.7.8, 8.2.7.9, 8.2.8.10, 8.2.8.11, 8.3.11.3, 8.3.4.8, 8.3.4.9 | FedRamp-Moderate-Revision-4: ac-2-1, ac-2-f, ac-2-j, ac-3, ac-5-c, sc-2 | CCC-v2025.10: CCC.Core.CN05.AR01, CCC.Core.CN05.AR04, CCC.Core.CN05.AR06 | AWS-AI-Security-Framework-1.0: AISF-IAM-02 | CIS-3.0: 1.15 | ISO27001-2022: A.5.15 | NIST-800-53-Revision-4: ac_6 | NIS2: 1.2.1, 2.1.2.f, 11.2.2.a | AWS-Well-Architected-Framework-Security-Pillar: SEC02-BP06 | NIST-CSF-2.0: rr_1, rr_2, po_1, am_6, ac_1, ac_4, ac_6, ac_7, ip_1 | KISA-ISMS-P-2023: 2.5.1, 2.5.6, 2.10.2 | C5-2025: IAM-01.01B, IAM-01.04B, PSS-09.01AC | NIST-800-53-Revision-5: ac_2_1, ac_2_6, ac_2_i_2, ac_3, ac_3_3, ac_3_3_a, ac_3_3_b_1, ac_3_3_b_2, ac_3_3_b_3, ac_3_3_b_4, ac_3_3_b_5, ac_3_3_c, ac_3_4, ac_3_4_a, ac_3_4_b, ac_3_4_c, ac_3_4_d, ac_3_4_e, ac_3_7, ac_3_8, ac_3_12_a, ac_3_13, ac_3_15_a, ac_3_15_b, ac_4_28, ac_6, ac_6_3, ac_24, cm_5_1_a, cm_6_a, cm_9_b, mp_2, sc_23_3 | SOC2: cc_1_3 | RBI-Cyber-Security-Framework: annex_i_7_1 | ProwlerThreatScore-1.0: 1.2.1, 1.2.2 | CIS-5.0: 1.14 | CIS-1.4: 1.15 | GxP-21-CFR-Part-11: 11.10-d, 11.10-g | FFIEC: d3-pc-am-b-1, d3-pc-im-b-7 | FedRAMP-20x-KSI-Low-25.05C: ksi-iam, ksi-iam-07;identity-access;;;CAF Security Epic: IAM;5.33.1;https://docs.aws.amazon.com/securityhub/latest/userguide/iam-controls.html | https://docs.aws.amazon.com/IAM/latest/UserGuide/best-practices.html;;
profile: None;2026-07-13 09:37:50.757461;735291151388;;;;;;prowler-aws-iam_policy_no_wildcard_marketplace_subscribe-735291151388-ap-south-1-AWSLambdaBasicExecutionRole-e504081c-f621-44d8-b65a-c62772aed738;aws;iam_policy_no_wildcard_marketplace_subscribe;Custom IAM policy does not allow 'aws-marketplace:Subscribe' on all resources;Software and Configuration Checks/AWS Security Best Practices;PASS;Custom Policy AWSLambdaBasicExecutionRole-e504081c-f621-44d8-b65a-c62772aed738 does not allow 'aws-marketplace:Subscribe' on all resources.;False;iam;;medium;AwsIamPolicy;arn:aws:iam::735291151388:policy/service-role/AWSLambdaBasicExecutionRole-e504081c-f621-44d8-b65a-c62772aed738;AWSLambdaBasicExecutionRole-e504081c-f621-44d8-b65a-c62772aed738;;;aws;ap-south-1;**Customer-managed IAM policies** are examined for statements that grant `aws-marketplace:Subscribe` on all resources (`*`). This action controls the ability to subscribe to AWS Marketplace products, including **Amazon Bedrock foundation models**, and should be scoped to specific product ARNs to enforce least privilege.;Granting `aws-marketplace:Subscribe` on all resources allows subscribing to any Marketplace product, including expensive Bedrock foundation models, leading to uncontrolled costs, shadow AI usage, and compliance violations from unapproved deployments.;;"Replace `Resource: ""*""` with specific, approved AWS Marketplace product ARNs. Apply the principle of least privilege to `aws-marketplace:Subscribe` permissions to prevent unauthorized subscriptions to costly Bedrock models and other Marketplace products.";https://hub.prowler.com/check/iam_policy_no_wildcard_marketplace_subscribe;"```yaml
Resources:
  ScopedMarketplacePolicy:
    Type: AWS::IAM::ManagedPolicy
    Properties:
      PolicyDocument:
        Version: '2012-10-17'
        Statement:
          - Effect: Allow
            Action:
              - aws-marketplace:Subscribe  # FIX: scope to specific product ARNs
            Resource:
              - arn:aws:aws-marketplace::123456789012:product/approved-product-id
```";"```hcl
resource ""aws_iam_policy"" ""scoped_marketplace_subscribe"" {
  name = ""scoped-marketplace-subscribe""

  policy = jsonencode({
    Version = ""2012-10-17""
    Statement = [{
      Effect   = ""Allow""
      Action   = [""aws-marketplace:Subscribe""]
      Resource = [""arn:aws:aws-marketplace::123456789012:product/approved-product-id""]  # FIX: scope to specific products
    }]
  })
}
```";"aws iam create-policy-version --policy-arn <POLICY_ARN> --policy-document '{""Version"":""2012-10-17"",""Statement"":[{""Effect"":""Allow"",""Action"":[""aws-marketplace:Subscribe""],""Resource"":""arn:aws:aws-marketplace::<ACCOUNT_ID>:product/<PRODUCT_ID>""}]}' --set-as-default";"1. In the AWS Console, open IAM > Policies
2. Find the custom policy that allows aws-marketplace:Subscribe on Resource: *
3. Click Edit and switch to the JSON editor
4. Replace ""Resource"": ""*"" with specific, approved AWS Marketplace product ARNs
5. Save changes and re-run the check to confirm it passes";KISA-ISMS-P-2023-korean: 2.5.5 | CISA: your-surroundings-3 | NIST-800-171-Revision-2: 3_1_5 | FedRamp-Moderate-Revision-4: ac-6 | ISO27001-2022: A.5.18, A.8.2 | NIST-800-53-Revision-4: ac_6 | NIST-CSF-1.1: ac_4 | AWS-Well-Architected-Framework-Security-Pillar: SEC03-BP02 | NIST-CSF-2.0: ac_4 | KISA-ISMS-P-2023: 2.5.5 | C5-2025: IAM-01.01B, IAM-01.04B | NIST-800-53-Revision-5: ac_6 | SOC2: cc_6_3 | HIPAA: 164_308_a_4_ii_b | FFIEC: d3-pc-am-b-1 | FedRAMP-20x-KSI-Low-25.05C: ksi-iam;gen-ai | identity-access;;iam_inline_policy_no_wildcard_marketplace_subscribe;This check only evaluates customer-managed IAM policies. AWS managed policies are maintained by AWS and cannot be modified. See iam_inline_policy_no_wildcard_marketplace_subscribe for the inline policy variant.;5.33.1;https://docs.aws.amazon.com/bedrock/latest/userguide/security-iam.html | https://docs.aws.amazon.com/IAM/latest/UserGuide/best-practices.html#grant-least-privilege;;
profile: None;2026-07-13 09:37:50.757461;735291151388;;;;;;prowler-aws-iam_role_access_not_stale_to_bedrock-735291151388-ap-south-1-AWSServiceRoleForResourceExplorer;aws;iam_role_access_not_stale_to_bedrock;Regular Bedrock access ensures IAM roles retain only actively used permissions;Software and Configuration Checks/AWS Security Best Practices;PASS;IAM Role AWSServiceRoleForResourceExplorer accessed Bedrock 0 days ago (threshold: 60 days).;False;iam;;medium;AwsIamRole;arn:aws:iam::735291151388:role/aws-service-role/resource-explorer-2.amazonaws.com/AWSServiceRoleForResourceExplorer;AWSServiceRoleForResourceExplorer;;;aws;ap-south-1;"IAM roles granted **Bedrock** permissions are evaluated for recent service usage.

Roles whose last Bedrock access exceeds the configured threshold (default **60 days**) or that have **never** accessed Bedrock are flagged, indicating stale permissions that should be reviewed.";"Stale Bedrock permissions widen the **blast radius** of a credential compromise.

An attacker who assumes a role with unused Bedrock permissions can invoke foundation models, exfiltrate data through model responses, or incur significant costs - all without triggering expected usage patterns.";;"Apply the **principle of least privilege** by regularly reviewing IAM Access Advisor data and revoking Bedrock permissions that are no longer actively used.

Establish a periodic access review process and automate alerts for stale permissions to maintain a minimal attack surface.";https://hub.prowler.com/check/iam_role_access_not_stale_to_bedrock;;;;"1. Open the IAM console and select the role
2. Review the **Access Advisor** tab to confirm Bedrock has not been accessed recently
3. Remove or detach any policies granting Bedrock permissions that are no longer needed
4. If the role still requires Bedrock access, verify usage and reduce scope to least privilege";FedRAMP-Low-Revision-4: ac-2 | ISO27001-2013: A.9.2.M | SecNumCloud-3.2: 9.2, 9.4 | ENS-RD2022: op.acc.6.r7.aws.iam.1 | NIST-800-171-Revision-2: 3_1_1, 3_1_2, 3_1_5, 3_5_6 | FedRamp-Moderate-Revision-4: ac-2-1, ac-2-f, ac-2-j, ac-2-3, ac-6 | MITRE-ATTACK: T1078 | AWS-AI-Security-Framework-1.0: AISF-IAM-05 | PCI-3.2.1: 8.1.4 | ISO27001-2022: A.5.15 | NIST-800-53-Revision-4: ac_2_1, ac_2_3, ac_2, ac_6 | NIS2: 11.5.4 | NIST-CSF-1.1: ac_1, ac_4 | NIST-CSF-2.0: ac_1 | C5-2025: IAM-03.02B, IAM-10.01B | NIST-800-53-Revision-5: ac_2_1, ac_2_3_a, ac_2_3_b, ac_2_3_c, ac_2_3_d, ac_2_3, ac_2_g, ac_2_j, ac_3_8, ac_6 | FedRAMP-20x-KSI-Low-25.05C: ksi-iam, ksi-iam-07;identity-access | gen-ai;;bedrock_api_key_no_administrative_privileges | bedrock_api_key_no_long_term_credentials;The staleness threshold is configurable via the `max_unused_bedrock_access_days` audit config key (default: 60 days).;5.33.1;https://docs.aws.amazon.com/IAM/latest/UserGuide/access_policies_access-advisor.html | https://docs.aws.amazon.com/bedrock/latest/userguide/security-iam.html | https://docs.aws.amazon.com/IAM/latest/UserGuide/best-practices.html#remove-credentials;;
profile: None;2026-07-13 09:37:50.757461;735291151388;;;;;;prowler-aws-iam_role_access_not_stale_to_bedrock-735291151388-ap-south-1-AWSServiceRoleForSupport;aws;iam_role_access_not_stale_to_bedrock;Regular Bedrock access ensures IAM roles retain only actively used permissions;Software and Configuration Checks/AWS Security Best Practices;FAIL;IAM Role AWSServiceRoleForSupport has Bedrock permissions but has never used them.;False;iam;;medium;AwsIamRole;arn:aws:iam::735291151388:role/aws-service-role/support.amazonaws.com/AWSServiceRoleForSupport;AWSServiceRoleForSupport;;;aws;ap-south-1;"IAM roles granted **Bedrock** permissions are evaluated for recent service usage.

Roles whose last Bedrock access exceeds the configured threshold (default **60 days**) or that have **never** accessed Bedrock are flagged, indicating stale permissions that should be reviewed.";"Stale Bedrock permissions widen the **blast radius** of a credential compromise.

An attacker who assumes a role with unused Bedrock permissions can invoke foundation models, exfiltrate data through model responses, or incur significant costs - all without triggering expected usage patterns.";;"Apply the **principle of least privilege** by regularly reviewing IAM Access Advisor data and revoking Bedrock permissions that are no longer actively used.

Establish a periodic access review process and automate alerts for stale permissions to maintain a minimal attack surface.";https://hub.prowler.com/check/iam_role_access_not_stale_to_bedrock;;;;"1. Open the IAM console and select the role
2. Review the **Access Advisor** tab to confirm Bedrock has not been accessed recently
3. Remove or detach any policies granting Bedrock permissions that are no longer needed
4. If the role still requires Bedrock access, verify usage and reduce scope to least privilege";FedRAMP-Low-Revision-4: ac-2 | ISO27001-2013: A.9.2.M | SecNumCloud-3.2: 9.2, 9.4 | ENS-RD2022: op.acc.6.r7.aws.iam.1 | NIST-800-171-Revision-2: 3_1_1, 3_1_2, 3_1_5, 3_5_6 | FedRamp-Moderate-Revision-4: ac-2-1, ac-2-f, ac-2-j, ac-2-3, ac-6 | MITRE-ATTACK: T1078 | AWS-AI-Security-Framework-1.0: AISF-IAM-05 | PCI-3.2.1: 8.1.4 | ISO27001-2022: A.5.15 | NIST-800-53-Revision-4: ac_2_1, ac_2_3, ac_2, ac_6 | NIS2: 11.5.4 | NIST-CSF-1.1: ac_1, ac_4 | NIST-CSF-2.0: ac_1 | C5-2025: IAM-03.02B, IAM-10.01B | NIST-800-53-Revision-5: ac_2_1, ac_2_3_a, ac_2_3_b, ac_2_3_c, ac_2_3_d, ac_2_3, ac_2_g, ac_2_j, ac_3_8, ac_6 | FedRAMP-20x-KSI-Low-25.05C: ksi-iam, ksi-iam-07;identity-access | gen-ai;;bedrock_api_key_no_administrative_privileges | bedrock_api_key_no_long_term_credentials;The staleness threshold is configurable via the `max_unused_bedrock_access_days` audit config key (default: 60 days).;5.33.1;https://docs.aws.amazon.com/IAM/latest/UserGuide/access_policies_access-advisor.html | https://docs.aws.amazon.com/bedrock/latest/userguide/security-iam.html | https://docs.aws.amazon.com/IAM/latest/UserGuide/best-practices.html#remove-credentials;;
profile: None;2026-07-13 09:37:50.757461;735291151388;;;;;;prowler-aws-iam_role_access_not_stale_to_bedrock-735291151388-ap-south-1-cloudguardian-web-role;aws;iam_role_access_not_stale_to_bedrock;Regular Bedrock access ensures IAM roles retain only actively used permissions;Software and Configuration Checks/AWS Security Best Practices;FAIL;IAM Role cloudguardian-web-role has Bedrock permissions but has never used them.;False;iam;;medium;AwsIamRole;arn:aws:iam::735291151388:role/cloudguardian-web-role;cloudguardian-web-role;;Name=cloudguardian-web-role;aws;ap-south-1;"IAM roles granted **Bedrock** permissions are evaluated for recent service usage.

Roles whose last Bedrock access exceeds the configured threshold (default **60 days**) or that have **never** accessed Bedrock are flagged, indicating stale permissions that should be reviewed.";"Stale Bedrock permissions widen the **blast radius** of a credential compromise.

An attacker who assumes a role with unused Bedrock permissions can invoke foundation models, exfiltrate data through model responses, or incur significant costs - all without triggering expected usage patterns.";;"Apply the **principle of least privilege** by regularly reviewing IAM Access Advisor data and revoking Bedrock permissions that are no longer actively used.

Establish a periodic access review process and automate alerts for stale permissions to maintain a minimal attack surface.";https://hub.prowler.com/check/iam_role_access_not_stale_to_bedrock;;;;"1. Open the IAM console and select the role
2. Review the **Access Advisor** tab to confirm Bedrock has not been accessed recently
3. Remove or detach any policies granting Bedrock permissions that are no longer needed
4. If the role still requires Bedrock access, verify usage and reduce scope to least privilege";FedRAMP-Low-Revision-4: ac-2 | ISO27001-2013: A.9.2.M | SecNumCloud-3.2: 9.2, 9.4 | ENS-RD2022: op.acc.6.r7.aws.iam.1 | NIST-800-171-Revision-2: 3_1_1, 3_1_2, 3_1_5, 3_5_6 | FedRamp-Moderate-Revision-4: ac-2-1, ac-2-f, ac-2-j, ac-2-3, ac-6 | MITRE-ATTACK: T1078 | AWS-AI-Security-Framework-1.0: AISF-IAM-05 | PCI-3.2.1: 8.1.4 | ISO27001-2022: A.5.15 | NIST-800-53-Revision-4: ac_2_1, ac_2_3, ac_2, ac_6 | NIS2: 11.5.4 | NIST-CSF-1.1: ac_1, ac_4 | NIST-CSF-2.0: ac_1 | C5-2025: IAM-03.02B, IAM-10.01B | NIST-800-53-Revision-5: ac_2_1, ac_2_3_a, ac_2_3_b, ac_2_3_c, ac_2_3_d, ac_2_3, ac_2_g, ac_2_j, ac_3_8, ac_6 | FedRAMP-20x-KSI-Low-25.05C: ksi-iam, ksi-iam-07;identity-access | gen-ai;;bedrock_api_key_no_administrative_privileges | bedrock_api_key_no_long_term_credentials;The staleness threshold is configurable via the `max_unused_bedrock_access_days` audit config key (default: 60 days).;5.33.1;https://docs.aws.amazon.com/IAM/latest/UserGuide/access_policies_access-advisor.html | https://docs.aws.amazon.com/bedrock/latest/userguide/security-iam.html | https://docs.aws.amazon.com/IAM/latest/UserGuide/best-practices.html#remove-credentials;;
profile: None;2026-07-13 09:37:50.757461;735291151388;;;;;;prowler-aws-iam_root_hardware_mfa_enabled-735291151388-ap-south-1-<root_account>;aws;iam_root_hardware_mfa_enabled;Root account has a hardware MFA device enabled;Software and Configuration Checks/AWS Security Best Practices | Software and Configuration Checks/Industry and Regulatory Standards/AWS Foundational Security Best Practices | Software and Configuration Checks/Industry and Regulatory Standards/CIS AWS Foundations Benchmark;PASS;Root account has a hardware MFA device enabled.;False;iam;;critical;AwsIamUser;arn:aws:iam::735291151388:mfa;<root_account>;;;aws;ap-south-1;**AWS root user** credentials are assessed for **MFA status** and device type. The check detects whether MFA is absent or implemented with a **virtual device** instead of **hardware MFA** on the root user, and notes when centralized root credential management is in effect.;"Without **hardware MFA** on the root user:
- No MFA: stolen password/keys enable full account takeover.
- Virtual MFA: device compromise or backup restoration weakens second-factor assurance.
An attacker could delete resources, change policies, and disable logging, harming **confidentiality**, **integrity**, and **availability**.";;Require a **hardware MFA token** for the root user and remove any virtual MFA. Apply **least privilege**: avoid using root, disable access keys, and eliminate long-term credentials. In organizations, **centralize root management**. Keep a controlled break-glass process with strict recovery checks and continuous monitoring.;https://hub.prowler.com/check/iam_root_hardware_mfa_enabled;;;;"1. Sign in to the AWS Management Console as the root user
2. Open My Security Credentials: https://console.aws.amazon.com/iam/home?#/security_credentials
3. In the Multi-factor authentication (MFA) section, choose Activate/Assign MFA
4. Select a hardware option (Security key or Hardware TOTP token) and complete the prompts (for TOTP: enter the device serial and two consecutive codes)
5. After the hardware MFA is added, locate any Virtual MFA device listed for root and Deactivate/Remove it
6. Confirm only the hardware MFA remains assigned";CIS-6.0: 2.5 | CIS-1.5: 1.6 | FedRAMP-Low-Revision-4: ac-2, ia-2 | SecNumCloud-3.2: 9.6 | AWS-Foundational-Technical-Review: ARC-003, IAM-001, IAM-0012 | CIS-7.0: 2.6 | CIS-2.0: 1.6 | AWS-Foundational-Security-Best-Practices: IAM.6 | KISA-ISMS-P-2023-korean: 2.5.3, 2.5.5, 2.10.2 | CIS-4.0.1: 1.6 | ENS-RD2022: op.acc.6.r4.aws.iam.1 | CISA: your-systems-3, your-surroundings-2 | AWS-Account-Security-Onboarding: Root user - distribution email + MFA | AWS-Audit-Manager-Control-Tower-Guardrails: 3.0.3 | NIST-800-171-Revision-2: 3_1_1, 3_1_2, 3_5_3 | ASD-Essential-Eight-Nov 2023: E8-3.1, E8-3.7 | PCI-4.0: 8.4.1.3, 8.4.2.3, 8.4.3.3 | FedRamp-Moderate-Revision-4: ac-2-1, ac-2-f, ia-2-1-2, ia-2-1 | CCC-v2025.10: CCC.Core.CN03.AR01, CCC.Core.CN03.AR03, CCC.Core.CN05.AR02, CCC.Core.CN05.AR06 | MITRE-ATTACK: T1078, T1098, T1556, T1550, T1110, T1040 | AWS-AI-Security-Framework-1.0: AISF-IAM-01 | CIS-3.0: 1.6 | NIST-800-53-Revision-4: ia_2_1, ia_2_11 | NIS2: 11.6.1, 11.7.2 | NIST-CSF-1.1: ac_3, ac_7 | GDPR: article_25 | AWS-Well-Architected-Framework-Security-Pillar: SEC01-BP02 | KISA-ISMS-P-2023: 2.5.3, 2.5.5, 2.10.2 | C5-2025: OPS-16.01B, IAM-08.05B, IAM-09.02B, IAM-09.01AC, PSS-05.01B, PSS-07.02B | NIST-800-53-Revision-5: ac_2_1, ac_3_2, ac_3_3, ac_3_3_a, ac_3_3_b_1, ac_3_3_b_2, ac_3_3_b_3, ac_3_3_b_4, ac_3_3_b_5, ac_3_3_c, ac_3_4, ac_3_4_a, ac_3_4_b, ac_3_4_c, ac_3_4_d, ac_3_4_e, ac_3_8, ac_3_12_a, ac_3_13, ac_3_15_a, ac_3_15_b, ac_4_28, ac_7_4, ac_7_4_a, ac_24, cm_5_1_a, cm_6_a, cm_9_b, ia_2_1, ia_2_2, ia_2_6, ia_2_6_a, ia_2_8, sc_23_3 | ProwlerThreatScore-1.0: 1.1.2 | CIS-5.0: 1.5 | CIS-1.4: 1.6 | HIPAA: 164_308_a_3_ii_a, 164_312_d | GxP-21-CFR-Part-11: 11.10-d, 11.10-g, 11.200 | FFIEC: d3-pc-am-b-15, d3-pc-am-b-3, d3-pc-am-b-6 | FedRAMP-20x-KSI-Low-25.05C: ksi-iam;identity-access;;;;5.33.1;https://www.trendmicro.com/trendaivisiononecloudriskmanagement/knowledge-base/aws/IAM/root-hardware-mfa.html | https://docs.aws.amazon.com/IAM/latest/UserGuide/id_root-user.html#id_root-user_manage_mfa;;
profile: None;2026-07-13 09:37:50.757461;735291151388;;;;;;prowler-aws-iam_root_mfa_enabled-735291151388-ap-south-1-<root_account>;aws;iam_root_mfa_enabled;Root account has MFA enabled;Software and Configuration Checks/AWS Security Best Practices | Software and Configuration Checks/Industry and Regulatory Standards/AWS Foundational Security Best Practices | Software and Configuration Checks/Industry and Regulatory Standards/CIS AWS Foundations Benchmark;PASS;MFA is enabled for root account.;False;iam;;critical;AwsIamUser;arn:aws:iam::735291151388:root;<root_account>;;;aws;ap-south-1;"**AWS root user** with active credentials is assessed for **MFA activation**. The evaluation considers whether the root identity has a password or access keys and whether **MFA is enabled**.

*If centralized root access is enabled in Organizations, the presence of individual root credentials is also noted.*";Without **MFA**, compromise of the root password or access keys can lead to full **account takeover**. An attacker with root can disable protections, steal or delete data, change billing, and create persistent admins, undermining confidentiality, integrity, and availability.;;Enable **MFA** for the root user, preferably **hardware-based** or a dedicated, managed device. Remove root access keys and avoid using root for daily tasks. Apply **least privilege** with IAM Identity Center for admins, and use Organizations to **centralize root access** and eliminate long-lived root credentials.;https://hub.prowler.com/check/iam_root_mfa_enabled;;;;"1. Sign in to the AWS Management Console as the root user (choose ""Sign in as root user"" and enter the account email)
2. Open the account menu (top right) and click ""Security credentials""
3. In ""Multi-factor authentication (MFA)"", choose ""Assign MFA device"" (or ""Activate MFA"")
4. Select ""Authenticator app"" and click ""Next""
5. Scan the QR code with your authenticator app and enter two consecutive MFA codes
6. Click ""Add MFA"" (or ""Assign MFA"") to complete";CIS-6.0: 2.4 | CIS-1.5: 1.5 | FedRAMP-Low-Revision-4: ac-2, ia-2 | ISO27001-2013: A.9.2.K, A.9.4.K | SecNumCloud-3.2: 9.5 | AWS-Foundational-Technical-Review: ARC-003, IAM-001, IAM-0012 | CIS-7.0: 2.5 | CIS-2.0: 1.5 | KISA-ISMS-P-2023-korean: 2.5.3, 2.5.5, 2.10.2 | CIS-4.0.1: 1.5 | ENS-RD2022: op.acc.6.r2.aws.iam.1 | CISA: your-systems-3, your-surroundings-2, booting-up-thing-to-do-first-2 | AWS-Account-Security-Onboarding: Root user - distribution email + MFA | AWS-Audit-Manager-Control-Tower-Guardrails: 3.0.1, 3.0.2, 3.0.3 | NIST-800-171-Revision-2: 3_1_1, 3_1_2, 3_5_2, 3_5_3 | ASD-Essential-Eight-Nov 2023: E8-3.1 | PCI-4.0: 8.4.1.4, 8.4.2.4, 8.4.3.4 | FedRamp-Moderate-Revision-4: ac-2-1, ac-2-f, ac-2-j, ia-2-1-2, ia-2-1 | CCC-v2025.10: CCC.Core.CN03.AR01, CCC.Core.CN03.AR03, CCC.Core.CN05.AR02, CCC.Core.CN05.AR06 | MITRE-ATTACK: T1078, T1098, T1556, T1550, T1110, T1040 | AWS-AI-Security-Framework-1.0: AISF-IAM-01 | CIS-3.0: 1.5 | ISO27001-2022: A.5.15, A.5.17, A.8.5 | NIST-800-53-Revision-4: ac_2, ia_2_1, ia_2_11 | NIS2: 11.3.2.a, 11.6.1, 11.7.2 | NIST-CSF-1.1: ac_3, ac_7 | GDPR: article_25 | AWS-Well-Architected-Framework-Security-Pillar: SEC01-BP02 | NIST-CSF-2.0: rr_1, po_4, ac_1, ac_6, ac_7, ip_1 | KISA-ISMS-P-2023: 2.5.3, 2.5.5, 2.10.2 | C5-2025: OPS-16.01B, IAM-04.06B, IAM-06.09B, IAM-08.05B, IAM-09.02B, IAM-09.01AC, PSS-05.01B, PSS-05.02B, PSS-07.02B | NIST-800-53-Revision-5: ac_2_1, ac_3_2, ac_3_3, ac_3_3_a, ac_3_3_b_1, ac_3_3_b_2, ac_3_3_b_3, ac_3_3_b_4, ac_3_3_b_5, ac_3_3_c, ac_3_4, ac_3_4_a, ac_3_4_b, ac_3_4_c, ac_3_4_d, ac_3_4_e, ac_3_8, ac_3_12_a, ac_3_13, ac_3_15_a, ac_3_15_b, ac_4_28, ac_7_4, ac_7_4_a, ac_24, cm_6_a, cm_9_b, ia_2_1, ia_2_2, ia_2_6, ia_2_6_a, ia_2_8, sc_23_3 | ProwlerThreatScore-1.0: 1.1.1 | CIS-5.0: 1.4 | CIS-1.4: 1.5 | HIPAA: 164_308_a_3_ii_a, 164_312_d | GxP-21-CFR-Part-11: 11.10-d, 11.10-g, 11.200 | FFIEC: d3-pc-am-b-15, d3-pc-am-b-3, d3-pc-am-b-6 | FedRAMP-20x-KSI-Low-25.05C: ksi-iam;identity-access;;;;5.33.1;https://docs.aws.amazon.com/IAM/latest/UserGuide/id_root-user.html#id_root-user_manage_mfa;;
profile: None;2026-07-13 09:37:50.757461;735291151388;;;;;;prowler-aws-iam_rotate_access_key_90_days-735291151388-ap-south-1-<root_account>;aws;iam_rotate_access_key_90_days;IAM user does not have active access keys older than 90 days;Software and Configuration Checks/AWS Security Best Practices | Software and Configuration Checks/Industry and Regulatory Standards/AWS Foundational Security Best Practices | Software and Configuration Checks/Industry and Regulatory Standards/CIS AWS Foundations Benchmark;PASS;User <root_account> does not have access keys.;False;iam;;medium;AwsIamUser;arn:aws:iam::735291151388:root;<root_account>;;;aws;ap-south-1;"**IAM user access keys** are assessed via the credential report. For each active key, the `last_rotated` timestamp is compared to `90 days`; keys exceeding this age are identified. Users without keys or with only recent rotations are noted.";Long-lived access keys widen the attack window. If a key is leaked in code, logs, or tooling, lack of rotation keeps it valid for abuse, enabling unauthorized API calls, data exfiltration, and tampering. This degrades **confidentiality** and **integrity** and can impact **availability** and cost through destructive or excessive operations.;;"Apply **least privilege** and limit static credentials:
- Rotate active access keys at or before `90 days`
- Prefer **IAM roles** with short-lived tokens
- Maintain only one active key during rotation; delete the old one
- Monitor `last_used` and remove dormant keys
- Automate alerts and periodic reviews of key age";https://hub.prowler.com/check/iam_rotate_access_key_90_days;;"```hcl
resource ""aws_iam_access_key"" ""<example_resource_name>"" {
  user   = ""<example_resource_name>""
  status = ""Inactive"" # Critical: disables the access key to ensure no active key is older than 90 days
}
```";aws iam update-access-key --user-name <USER_NAME> --access-key-id <ACCESS_KEY_ID> --status Inactive;"1. Open the IAM console and go to Users
2. Select the affected user
3. Open the Security credentials tab
4. Under Access keys, find any key older than 90 days
5. Click Actions > Deactivate (or Delete) for that key
6. Repeat for any other active keys older than 90 days";CIS-6.0: 2.13 | CIS-1.5: 1.14 | FedRAMP-Low-Revision-4: ac-2 | ISO27001-2013: A.9.2.L, A.9.3.I, A.9.4.L | SecNumCloud-3.2: 9.4 | AWS-Foundational-Technical-Review: IAM-002, IAM-0012 | CIS-7.0: 2.12 | CIS-2.0: 1.14 | AWS-Foundational-Security-Best-Practices: IAM.3 | KISA-ISMS-P-2023-korean: 2.7.2, 2.10.2 | CIS-4.0.1: 1.14 | ENS-RD2022: op.acc.6.aws.iam.2, op.acc.6.aws.iam.3 | CISA: your-systems-3 | PCI-4.0: 8.3.10.1.1, 8.3.5.1, 8.3.7.1, 8.3.9.1, 8.6.3.1 | FedRamp-Moderate-Revision-4: ac-2-1, ac-2-f, ac-2-j | CCC-v2025.10: CCC.IAM.CN06.AR01 | MITRE-ATTACK: T1078, T1550, T1110 | AWS-AI-Security-Framework-1.0: AISF-IAM-03 | CIS-3.0: 1.14 | ISO27001-2022: A.5.15 | NIST-800-53-Revision-4: ac_2_1, ac_2 | NIS2: 1.1.1.d, 1.1.2, 2.1.4, 2.3.1, 3.1.3, 6.2.4, 9.2.c, 9.2.c.xii, 11.6.2.c | NIST-CSF-1.1: ac_1 | GDPR: article_25 | AWS-Well-Architected-Framework-Security-Pillar: SEC02-BP02, SEC02-BP05 | NIST-CSF-2.0: ac_6 | KISA-ISMS-P-2023: 2.7.2, 2.10.2 | C5-2025: IAM-10.01B, CRY-03.01B, CRY-09.02B | NIST-800-53-Revision-5: ac_2_1, ac_3_3, ac_3_3_a, ac_3_3_b_1, ac_3_3_b_2, ac_3_3_b_3, ac_3_3_b_4, ac_3_3_b_5, ac_3_3_c, ac_3_4, ac_3_4_a, ac_3_4_b, ac_3_4_c, ac_3_4_d, ac_3_4_e, ac_3_8, ac_3_12_a, ac_3_13, ac_3_15_a, ac_3_15_b, ac_4_28, ac_24, cm_5_1_a, cm_6_a, cm_9_b, sc_23_3 | ProwlerThreatScore-1.0: 1.1.11 | CIS-5.0: 1.13 | CIS-1.4: 1.14 | HIPAA: 164_308_a_3_ii_c, 164_308_a_4_ii_c, 164_308_a_5_ii_d | GxP-21-CFR-Part-11: 11.10-d, 11.10-g, 11.200, 11.300-b | FFIEC: d3-pc-am-b-6 | FedRAMP-20x-KSI-Low-25.05C: ksi-iam, ksi-iam-07;secrets;;;;5.33.1;https://docs.aws.amazon.com/IAM/latest/UserGuide/id_credentials_getting-report.html | https://www.trendmicro.com/trendaivisiononecloudriskmanagement/knowledge-base/aws/IAM/access-keys-rotated-90-days.html;;
profile: None;2026-07-13 09:37:50.757461;735291151388;;;;;;prowler-aws-iam_rotate_access_key_90_days-735291151388-ap-south-1-Alex;aws;iam_rotate_access_key_90_days;IAM user does not have active access keys older than 90 days;Software and Configuration Checks/AWS Security Best Practices | Software and Configuration Checks/Industry and Regulatory Standards/AWS Foundational Security Best Practices | Software and Configuration Checks/Industry and Regulatory Standards/CIS AWS Foundations Benchmark;PASS;User Alex does not have access keys older than 90 days.;False;iam;;medium;AwsIamUser;arn:aws:iam::735291151388:user/Alex;Alex;;AKIA2WMWESQOMX2BIRV4=CloudGuardian-Kali;aws;ap-south-1;"**IAM user access keys** are assessed via the credential report. For each active key, the `last_rotated` timestamp is compared to `90 days`; keys exceeding this age are identified. Users without keys or with only recent rotations are noted.";Long-lived access keys widen the attack window. If a key is leaked in code, logs, or tooling, lack of rotation keeps it valid for abuse, enabling unauthorized API calls, data exfiltration, and tampering. This degrades **confidentiality** and **integrity** and can impact **availability** and cost through destructive or excessive operations.;;"Apply **least privilege** and limit static credentials:
- Rotate active access keys at or before `90 days`
- Prefer **IAM roles** with short-lived tokens
- Maintain only one active key during rotation; delete the old one
- Monitor `last_used` and remove dormant keys
- Automate alerts and periodic reviews of key age";https://hub.prowler.com/check/iam_rotate_access_key_90_days;;"```hcl
resource ""aws_iam_access_key"" ""<example_resource_name>"" {
  user   = ""<example_resource_name>""
  status = ""Inactive"" # Critical: disables the access key to ensure no active key is older than 90 days
}
```";aws iam update-access-key --user-name <USER_NAME> --access-key-id <ACCESS_KEY_ID> --status Inactive;"1. Open the IAM console and go to Users
2. Select the affected user
3. Open the Security credentials tab
4. Under Access keys, find any key older than 90 days
5. Click Actions > Deactivate (or Delete) for that key
6. Repeat for any other active keys older than 90 days";CIS-6.0: 2.13 | CIS-1.5: 1.14 | FedRAMP-Low-Revision-4: ac-2 | ISO27001-2013: A.9.2.L, A.9.3.I, A.9.4.L | SecNumCloud-3.2: 9.4 | AWS-Foundational-Technical-Review: IAM-002, IAM-0012 | CIS-7.0: 2.12 | CIS-2.0: 1.14 | AWS-Foundational-Security-Best-Practices: IAM.3 | KISA-ISMS-P-2023-korean: 2.7.2, 2.10.2 | CIS-4.0.1: 1.14 | ENS-RD2022: op.acc.6.aws.iam.2, op.acc.6.aws.iam.3 | CISA: your-systems-3 | PCI-4.0: 8.3.10.1.1, 8.3.5.1, 8.3.7.1, 8.3.9.1, 8.6.3.1 | FedRamp-Moderate-Revision-4: ac-2-1, ac-2-f, ac-2-j | CCC-v2025.10: CCC.IAM.CN06.AR01 | MITRE-ATTACK: T1078, T1550, T1110 | AWS-AI-Security-Framework-1.0: AISF-IAM-03 | CIS-3.0: 1.14 | ISO27001-2022: A.5.15 | NIST-800-53-Revision-4: ac_2_1, ac_2 | NIS2: 1.1.1.d, 1.1.2, 2.1.4, 2.3.1, 3.1.3, 6.2.4, 9.2.c, 9.2.c.xii, 11.6.2.c | NIST-CSF-1.1: ac_1 | GDPR: article_25 | AWS-Well-Architected-Framework-Security-Pillar: SEC02-BP02, SEC02-BP05 | NIST-CSF-2.0: ac_6 | KISA-ISMS-P-2023: 2.7.2, 2.10.2 | C5-2025: IAM-10.01B, CRY-03.01B, CRY-09.02B | NIST-800-53-Revision-5: ac_2_1, ac_3_3, ac_3_3_a, ac_3_3_b_1, ac_3_3_b_2, ac_3_3_b_3, ac_3_3_b_4, ac_3_3_b_5, ac_3_3_c, ac_3_4, ac_3_4_a, ac_3_4_b, ac_3_4_c, ac_3_4_d, ac_3_4_e, ac_3_8, ac_3_12_a, ac_3_13, ac_3_15_a, ac_3_15_b, ac_4_28, ac_24, cm_5_1_a, cm_6_a, cm_9_b, sc_23_3 | ProwlerThreatScore-1.0: 1.1.11 | CIS-5.0: 1.13 | CIS-1.4: 1.14 | HIPAA: 164_308_a_3_ii_c, 164_308_a_4_ii_c, 164_308_a_5_ii_d | GxP-21-CFR-Part-11: 11.10-d, 11.10-g, 11.200, 11.300-b | FFIEC: d3-pc-am-b-6 | FedRAMP-20x-KSI-Low-25.05C: ksi-iam, ksi-iam-07;secrets;;;;5.33.1;https://docs.aws.amazon.com/IAM/latest/UserGuide/id_credentials_getting-report.html | https://www.trendmicro.com/trendaivisiononecloudriskmanagement/knowledge-base/aws/IAM/access-keys-rotated-90-days.html;;
profile: None;2026-07-13 09:37:50.757461;735291151388;;;;;;prowler-aws-iam_securityaudit_role_created-735291151388-ap-south-1-SecurityAudit;aws;iam_securityaudit_role_created;At least one IAM role has the SecurityAudit AWS managed policy attached;Software and Configuration Checks/AWS Security Best Practices | Software and Configuration Checks/Industry and Regulatory Standards/AWS Foundational Security Best Practices | Software and Configuration Checks/Industry and Regulatory Standards/CIS AWS Foundations Benchmark;FAIL;SecurityAudit policy is not attached to any role.;False;iam;;low;AwsIamPolicy;arn:aws:iam::aws:policy/SecurityAudit;SecurityAudit;;;aws;ap-south-1;**IAM roles** with the AWS managed `SecurityAudit` policy (`arn:aws:iam::aws:policy/SecurityAudit`) are identified. The focus is on whether a role exists that grants read-only visibility into security-relevant configuration across AWS services.;Without a dedicated **read-only audit role**, security teams lack safe visibility into configs and logs, enabling **undetected misconfigurations**, slower incident triage, and reliance on over-privileged access. This erodes **confidentiality** and **integrity** by letting exposure persist unnoticed.;;Establish a dedicated **audit role** and attach the AWS managed `SecurityAudit` policy. Enforce **least privilege** and **separation of duties**: restrict who can assume it, require **MFA**, monitor usage, and avoid write permissions. Prefer **federated access** and regularly review and rotate access.;https://hub.prowler.com/check/iam_securityaudit_role_created;"```yaml
# CloudFormation: create a minimal IAM role with SecurityAudit attached
Resources:
  <example_resource_name>:
    Type: AWS::IAM::Role
    Properties:
      AssumeRolePolicyDocument:
        Version: '2012-10-17'
        Statement:
          - Effect: Allow
            Principal:
              AWS: arn:aws:iam::<example_account_id>:root
            Action: sts:AssumeRole
      ManagedPolicyArns:
        - arn:aws:iam::aws:policy/SecurityAudit  # CRITICAL: attaches the AWS managed SecurityAudit policy to this role, satisfying the check
```";"```hcl
# Minimal IAM role plus attachment of the AWS managed SecurityAudit policy
resource ""aws_iam_role"" ""example"" {
  name               = ""<example_resource_name>""
  assume_role_policy = <<POLICY
{
  ""Version"": ""2012-10-17"",
  ""Statement"": [
    {
      ""Effect"": ""Allow"",
      ""Principal"": { ""AWS"": ""arn:aws:iam::<example_account_id>:root"" },
      ""Action"": ""sts:AssumeRole""
    }
  ]
}
POLICY
}

resource ""aws_iam_role_policy_attachment"" ""security_audit"" {
  role       = aws_iam_role.example.name
  policy_arn = ""arn:aws:iam::aws:policy/SecurityAudit"" # CRITICAL: attaches SecurityAudit to the role to pass the check
}
```";aws iam attach-role-policy --role-name <example_resource_name> --policy-arn arn:aws:iam::aws:policy/SecurityAudit;"1. In the AWS Console, go to IAM > Roles
2. Open any existing role that is appropriate for read-only security auditing
3. Click ""Add permissions"" > ""Attach policies""
4. Search for ""SecurityAudit"", check the box for the AWS managed policy named SecurityAudit
5. Click ""Add permissions"" to attach the policy (the account now has at least one role with SecurityAudit attached)";KISA-ISMS-P-2023-korean: 2.5.1, 2.5.5, 2.5.6, 2.10.2 | ENS-RD2022: op.acc.3.r2.aws.iam.1 | ISO27001-2022: A.5.3 | NIS2: 1.2.4, 2.1.1, 2.1.2.a, 2.1.2.e, 2.1.2.f, 2.2.1, 2.3.1, 3.1.2.c, 3.1.3, 6.2.2.a, 7.2.d, 7.2.e, 7.2.f | KISA-ISMS-P-2023: 2.5.1, 2.5.5, 2.5.6, 2.10.2 | C5-2025: OIS-02.01B, OIS-02.02B, OIS-04.01B, HR-04.01B, IAM-01.01B, IAM-01.04B, IAM-05.02B, IAM-06.06B, DEV-15.01B, SIM-01.02B, SIM-01.03B, COM-02.02B, COM-03.02B, INQ-02.01B, PSS-09.01AC;identity-access;;;;5.33.1;https://docs.aws.amazon.com/aws-managed-policy/latest/reference/SecurityAudit.html | https://docs.aws.amazon.com/IAM/latest/UserGuide/access_policies_job-functions.html#jf_security-auditor | https://docs.aws.amazon.com/IAM/latest/UserGuide/iam_example_iam_AttachRolePolicy_section.html;;
profile: None;2026-07-13 09:37:50.757461;735291151388;;;;;;prowler-aws-iam_user_access_not_stale_to_bedrock-735291151388-ap-south-1-Alex;aws;iam_user_access_not_stale_to_bedrock;Regular Bedrock access ensures IAM users retain only actively used permissions;Software and Configuration Checks/AWS Security Best Practices;PASS;IAM User Alex accessed Bedrock 0 days ago (threshold: 60 days).;False;iam;;medium;AwsIamUser;arn:aws:iam::735291151388:user/Alex;Alex;;AKIA2WMWESQOMX2BIRV4=CloudGuardian-Kali;aws;ap-south-1;"IAM users granted **Bedrock** permissions are evaluated for recent service usage.

Users whose last Bedrock access exceeds the configured threshold (default **60 days**) or that have **never** accessed Bedrock are flagged, indicating stale permissions that should be reviewed.";"Stale Bedrock permissions widen the **blast radius** of a credential compromise.

An attacker who gains access to a user with unused Bedrock permissions can invoke foundation models, exfiltrate data through model responses, or incur significant costs - all without triggering expected usage patterns.";;"Apply the **principle of least privilege** by regularly reviewing IAM Access Advisor data and revoking Bedrock permissions that are no longer actively used.

Establish a periodic access review process and automate alerts for stale permissions to maintain a minimal attack surface.";https://hub.prowler.com/check/iam_user_access_not_stale_to_bedrock;;;;"1. Open the IAM console and select the user
2. Review the **Access Advisor** tab to confirm Bedrock has not been accessed recently
3. Remove or detach any policies granting Bedrock permissions that are no longer needed
4. If the user still requires Bedrock access, verify usage and reduce scope to least privilege";FedRAMP-Low-Revision-4: ac-2 | ISO27001-2013: A.9.2.M | SecNumCloud-3.2: 9.2, 9.4 | ENS-RD2022: op.acc.6.r7.aws.iam.1 | NIST-800-171-Revision-2: 3_1_1, 3_1_2, 3_1_5, 3_5_6 | FedRamp-Moderate-Revision-4: ac-2-1, ac-2-f, ac-2-j, ac-2-3, ac-6 | MITRE-ATTACK: T1078 | AWS-AI-Security-Framework-1.0: AISF-IAM-05 | PCI-3.2.1: 8.1.4 | ISO27001-2022: A.5.15 | NIST-800-53-Revision-4: ac_2_1, ac_2_3, ac_2, ac_6 | NIS2: 11.5.4 | NIST-CSF-1.1: ac_1, ac_4 | NIST-CSF-2.0: ac_1 | C5-2025: IAM-03.02B, IAM-10.01B | NIST-800-53-Revision-5: ac_2_1, ac_2_3_a, ac_2_3_b, ac_2_3_c, ac_2_3_d, ac_2_3, ac_2_g, ac_2_j, ac_3_8, ac_6 | FedRAMP-20x-KSI-Low-25.05C: ksi-iam, ksi-iam-07;identity-access | gen-ai;;bedrock_api_key_no_administrative_privileges | bedrock_api_key_no_long_term_credentials;The staleness threshold is configurable via the `max_unused_bedrock_access_days` audit config key (default: 60 days).;5.33.1;https://docs.aws.amazon.com/IAM/latest/UserGuide/access_policies_access-advisor.html | https://docs.aws.amazon.com/bedrock/latest/userguide/security-iam.html | https://docs.aws.amazon.com/IAM/latest/UserGuide/best-practices.html#remove-credentials;;
profile: None;2026-07-13 09:37:50.757461;735291151388;;;;;;prowler-aws-iam_user_accesskey_unused-735291151388-ap-south-1-<root_account>;aws;iam_user_accesskey_unused;IAM user does not have unused access keys older than 45 days;Software and Configuration Checks/AWS Security Best Practices | Software and Configuration Checks/Industry and Regulatory Standards/AWS Foundational Security Best Practices | Software and Configuration Checks/Industry and Regulatory Standards/CIS AWS Foundations Benchmark;PASS;User <root_account> does not have access keys.;False;iam;;medium;AwsIamUser;arn:aws:iam::735291151388:root;<root_account>;;;aws;ap-south-1;**IAM users** are evaluated for **active access keys** whose `last-used` timestamp exceeds `max_unused_access_keys_days` (default `45`). Users without access keys, or whose keys were used within this window, are reported separately.;Active yet unused keys expand the attack surface. If leaked, adversaries gain API access for data exfiltration, unauthorized changes, and resource abuse, harming **confidentiality**, **integrity**, and **availability**. Stale credentials also enable persistence and unexpected cost spikes.;;Disable or delete **unused access keys** promptly and prefer **IAM roles** with temporary credentials. Enforce **least privilege**, rotation, and time-bounded access. Monitor `last-used` metadata and automate deactivation of idle keys. Use federation/SSO to avoid long-lived user keys.;https://hub.prowler.com/check/iam_user_accesskey_unused;;;aws iam update-access-key --user-name <USER_NAME> --access-key-id <ACCESS_KEY_ID> --status Inactive;"1. Sign in to the AWS console and open IAM
2. Go to Users, select the affected user
3. Open the Security credentials tab > Access keys
4. For any key with Last used > 45 days, choose Deactivate (or Delete)
5. Repeat for any additional unused keys over 45 days for the user";CIS-6.0: 2.11 | CIS-1.5: 1.12 | FedRAMP-Low-Revision-4: ac-2, ac-3 | ISO27001-2013: A.9.2.M, A.9.3.J, A.9.4.M | SecNumCloud-3.2: 9.2, 9.4 | AWS-Foundational-Technical-Review: IAM-002, IAM-0012 | CIS-7.0: 2.11 | CIS-2.0: 1.12 | AWS-Foundational-Security-Best-Practices: IAM.8, IAM.22, IAM.26 | KISA-ISMS-P-2023-korean: 2.7.2, 2.10.2 | CIS-4.0.1: 1.12 | ENS-RD2022: op.acc.6.aws.iam.2, op.acc.6.aws.iam.3, op.acc.6.r7.aws.iam.1 | CISA: your-systems-3 | NIST-800-171-Revision-2: 3_1_1, 3_1_2, 3_1_4, 3_1_5, 3_5_6, 3_5_7, 3_5_8 | PCI-4.0: 7.2.4.2, 7.2.5.1.2, 8.2.6.2, A3.4.1.10 | FedRamp-Moderate-Revision-4: ac-2-1, ac-2-f, ac-2-j, ac-2-3, ac-3, ac-5-c, ac-6 | CCC-v2025.10: CCC.IAM.CN07.AR01, CCC.IAM.CN08.AR01 | MITRE-ATTACK: T1078, T1550, T1110 | AWS-AI-Security-Framework-1.0: AISF-IAM-03 | CIS-3.0: 1.12 | PCI-3.2.1: 8.1, 8.1.4 | ISO27001-2022: A.5.15 | NIST-800-53-Revision-4: ac_2_1, ac_2_3, ac_2, ac_3, ac_6 | NIS2: 11.5.4 | NIST-CSF-1.1: ac_1, ac_4 | GDPR: article_25 | NIST-CSF-2.0: ac_1 | KISA-ISMS-P-2023: 2.7.2, 2.10.2 | C5-2025: IAM-03.02B, IAM-03.03B, IAM-03.01AS, IAM-05.04B, IAM-10.01B, CRY-03.01B | NIST-800-53-Revision-5: ac_2_1, ac_2_3_a, ac_2_3_b, ac_2_3_c, ac_2_3_d, ac_2_3, ac_2_6, ac_2_g, ac_2_j, ac_3, ac_3_3, ac_3_3_a, ac_3_3_b_1, ac_3_3_b_2, ac_3_3_b_3, ac_3_3_b_4, ac_3_3_b_5, ac_3_3_c, ac_3_4, ac_3_4_a, ac_3_4_b, ac_3_4_c, ac_3_4_d, ac_3_4_e, ac_3_7, ac_3_8, ac_3_12_a, ac_3_13, ac_3_15_a, ac_3_15_b, ac_4_28, ac_6, ac_24, cm_5_1_a, cm_6_a, cm_9_b, mp_2, sc_23_3 | SOC2: cc_1_3 | ProwlerThreatScore-1.0: 1.1.10 | CIS-5.0: 1.11 | CIS-1.4: 1.12 | HIPAA: 164_308_a_3_ii_b, 164_308_a_4_ii_c, 164_308_a_5_ii_d | GxP-21-CFR-Part-11: 11.10-d, 11.10-g, 11.300-b | FFIEC: d3-pc-am-b-6 | FedRAMP-20x-KSI-Low-25.05C: ksi-iam, ksi-iam-07;secrets;;;;5.33.1;https://docs.aws.amazon.com/IAM/latest/UserGuide/id_credentials_finding-unused.html | https://docs.aws.amazon.com/securityhub/latest/userguide/iam-controls.html | https://www.trendmicro.com/trendaivisiononecloudriskmanagement-staging/knowledge-base/aws/IAM/access-keys-rotated-45-days.html;;
profile: None;2026-07-13 09:37:50.757461;735291151388;;;;;;prowler-aws-iam_user_accesskey_unused-735291151388-ap-south-1-Alex;aws;iam_user_accesskey_unused;IAM user does not have unused access keys older than 45 days;Software and Configuration Checks/AWS Security Best Practices | Software and Configuration Checks/Industry and Regulatory Standards/AWS Foundational Security Best Practices | Software and Configuration Checks/Industry and Regulatory Standards/CIS AWS Foundations Benchmark;PASS;User Alex does not have unused access keys for 45 days.;False;iam;;medium;AwsIamUser;arn:aws:iam::735291151388:user/Alex;Alex;;AKIA2WMWESQOMX2BIRV4=CloudGuardian-Kali;aws;ap-south-1;**IAM users** are evaluated for **active access keys** whose `last-used` timestamp exceeds `max_unused_access_keys_days` (default `45`). Users without access keys, or whose keys were used within this window, are reported separately.;Active yet unused keys expand the attack surface. If leaked, adversaries gain API access for data exfiltration, unauthorized changes, and resource abuse, harming **confidentiality**, **integrity**, and **availability**. Stale credentials also enable persistence and unexpected cost spikes.;;Disable or delete **unused access keys** promptly and prefer **IAM roles** with temporary credentials. Enforce **least privilege**, rotation, and time-bounded access. Monitor `last-used` metadata and automate deactivation of idle keys. Use federation/SSO to avoid long-lived user keys.;https://hub.prowler.com/check/iam_user_accesskey_unused;;;aws iam update-access-key --user-name <USER_NAME> --access-key-id <ACCESS_KEY_ID> --status Inactive;"1. Sign in to the AWS console and open IAM
2. Go to Users, select the affected user
3. Open the Security credentials tab > Access keys
4. For any key with Last used > 45 days, choose Deactivate (or Delete)
5. Repeat for any additional unused keys over 45 days for the user";CIS-6.0: 2.11 | CIS-1.5: 1.12 | FedRAMP-Low-Revision-4: ac-2, ac-3 | ISO27001-2013: A.9.2.M, A.9.3.J, A.9.4.M | SecNumCloud-3.2: 9.2, 9.4 | AWS-Foundational-Technical-Review: IAM-002, IAM-0012 | CIS-7.0: 2.11 | CIS-2.0: 1.12 | AWS-Foundational-Security-Best-Practices: IAM.8, IAM.22, IAM.26 | KISA-ISMS-P-2023-korean: 2.7.2, 2.10.2 | CIS-4.0.1: 1.12 | ENS-RD2022: op.acc.6.aws.iam.2, op.acc.6.aws.iam.3, op.acc.6.r7.aws.iam.1 | CISA: your-systems-3 | NIST-800-171-Revision-2: 3_1_1, 3_1_2, 3_1_4, 3_1_5, 3_5_6, 3_5_7, 3_5_8 | PCI-4.0: 7.2.4.2, 7.2.5.1.2, 8.2.6.2, A3.4.1.10 | FedRamp-Moderate-Revision-4: ac-2-1, ac-2-f, ac-2-j, ac-2-3, ac-3, ac-5-c, ac-6 | CCC-v2025.10: CCC.IAM.CN07.AR01, CCC.IAM.CN08.AR01 | MITRE-ATTACK: T1078, T1550, T1110 | AWS-AI-Security-Framework-1.0: AISF-IAM-03 | CIS-3.0: 1.12 | PCI-3.2.1: 8.1, 8.1.4 | ISO27001-2022: A.5.15 | NIST-800-53-Revision-4: ac_2_1, ac_2_3, ac_2, ac_3, ac_6 | NIS2: 11.5.4 | NIST-CSF-1.1: ac_1, ac_4 | GDPR: article_25 | NIST-CSF-2.0: ac_1 | KISA-ISMS-P-2023: 2.7.2, 2.10.2 | C5-2025: IAM-03.02B, IAM-03.03B, IAM-03.01AS, IAM-05.04B, IAM-10.01B, CRY-03.01B | NIST-800-53-Revision-5: ac_2_1, ac_2_3_a, ac_2_3_b, ac_2_3_c, ac_2_3_d, ac_2_3, ac_2_6, ac_2_g, ac_2_j, ac_3, ac_3_3, ac_3_3_a, ac_3_3_b_1, ac_3_3_b_2, ac_3_3_b_3, ac_3_3_b_4, ac_3_3_b_5, ac_3_3_c, ac_3_4, ac_3_4_a, ac_3_4_b, ac_3_4_c, ac_3_4_d, ac_3_4_e, ac_3_7, ac_3_8, ac_3_12_a, ac_3_13, ac_3_15_a, ac_3_15_b, ac_4_28, ac_6, ac_24, cm_5_1_a, cm_6_a, cm_9_b, mp_2, sc_23_3 | SOC2: cc_1_3 | ProwlerThreatScore-1.0: 1.1.10 | CIS-5.0: 1.11 | CIS-1.4: 1.12 | HIPAA: 164_308_a_3_ii_b, 164_308_a_4_ii_c, 164_308_a_5_ii_d | GxP-21-CFR-Part-11: 11.10-d, 11.10-g, 11.300-b | FFIEC: d3-pc-am-b-6 | FedRAMP-20x-KSI-Low-25.05C: ksi-iam, ksi-iam-07;secrets;;;;5.33.1;https://docs.aws.amazon.com/IAM/latest/UserGuide/id_credentials_finding-unused.html | https://docs.aws.amazon.com/securityhub/latest/userguide/iam-controls.html | https://www.trendmicro.com/trendaivisiononecloudriskmanagement-staging/knowledge-base/aws/IAM/access-keys-rotated-45-days.html;;
profile: None;2026-07-13 09:37:50.757461;735291151388;;;;;;prowler-aws-iam_user_console_access_unused-735291151388-ap-south-1-Alex;aws;iam_user_console_access_unused;IAM user console access is disabled, used within the configured inactivity period, or never used;Software and Configuration Checks/AWS Security Best Practices | Software and Configuration Checks/Industry and Regulatory Standards/AWS Foundational Security Best Practices | Software and Configuration Checks/Industry and Regulatory Standards/CIS AWS Foundations Benchmark | TTPs/Initial Access;PASS;User Alex does not have console access enabled or is unused.;False;iam;;medium;AwsIamUser;arn:aws:iam::735291151388:user/Alex;Alex;;AKIA2WMWESQOMX2BIRV4=CloudGuardian-Kali;aws;ap-south-1;"**IAM users** with console access are evaluated by `password_last_used`. Inactivity beyond `max_console_access_days` (default `45`) marks **stale console access**.

*Users without console access are excluded*.";**Dormant console credentials** stay valid and invite **password spraying**, **credential stuffing**, and breach reuse. Compromise yields interactive access for data discovery/exfiltration and unauthorized IAM or resource changes, degrading **confidentiality** and **integrity**, and risking **availability**.;;Remove or disable console passwords for users inactive beyond your window (e.g., `45` days). Prefer roles or federation over long-lived IAM users. Enforce **least privilege**, require **MFA** for remaining console users, and run periodic reviews and deprovisioning to prevent unused credentials.;https://hub.prowler.com/check/iam_user_console_access_unused;"```yaml
# CloudFormation: IAM user without console access
Resources:
  <example_resource_name>:
    Type: AWS::IAM::User
    Properties:
      UserName: <example_resource_name>
      # Critical: No LoginProfile property -> disables console access for the user
```";"```hcl
# IAM user with console access disabled by not creating a login profile
resource ""aws_iam_user"" ""<example_resource_name>"" {
  name = ""<example_resource_name>""
  # Critical: Do not define aws_iam_user_login_profile for this user -> no console access
}
```";aws iam delete-login-profile --user-name <USER_NAME>;"1. Open the IAM console and go to Users
2. Select the user
3. Open the Security credentials tab
4. Click Manage console access
5. Select Disable console access and Save";CIS-6.0: 2.11 | CIS-1.5: 1.12 | FedRAMP-Low-Revision-4: ac-2, ac-3 | ISO27001-2013: A.9.2.M, A.9.3.J, A.9.4.M | SecNumCloud-3.2: 9.2, 9.4 | CIS-7.0: 2.11 | CIS-2.0: 1.12 | AWS-Foundational-Security-Best-Practices: IAM.8, IAM.22, IAM.26 | KISA-ISMS-P-2023-korean: 2.5.3, 2.10.2 | CIS-4.0.1: 1.12 | ENS-RD2022: op.acc.6.aws.iam.2, op.acc.6.aws.iam.3, op.acc.6.r7.aws.iam.1 | CISA: your-systems-3 | NIST-800-171-Revision-2: 3_1_1, 3_1_2, 3_1_4, 3_1_5, 3_5_6, 3_5_7, 3_5_8 | FedRamp-Moderate-Revision-4: ac-2-1, ac-2-f, ac-2-j, ac-2-3, ac-3, ac-5-c, ac-6 | CCC-v2025.10: CCC.IAM.CN07.AR01, CCC.IAM.CN08.AR01 | MITRE-ATTACK: T1078, T1550, T1110 | AWS-AI-Security-Framework-1.0: AISF-IAM-03 | CIS-3.0: 1.12 | PCI-3.2.1: 8.1, 8.1.4 | ISO27001-2022: A.5.15 | NIST-800-53-Revision-4: ac_2_1, ac_2_3, ac_2, ac_3, ac_6 | NIS2: 11.3.2.d, 11.5.4 | NIST-CSF-1.1: ac_1, ac_4 | GDPR: article_25 | NIST-CSF-2.0: ac_1 | KISA-ISMS-P-2023: 2.5.3, 2.10.2 | C5-2025: OPS-05.02AC, IAM-03.02B, IAM-03.03B, IAM-03.01AS, IAM-05.04B, IAM-10.01B | NIST-800-53-Revision-5: ac_2_1, ac_2_3_a, ac_2_3_b, ac_2_3_c, ac_2_3_d, ac_2_3, ac_2_6, ac_2_g, ac_2_j, ac_3, ac_3_3, ac_3_3_a, ac_3_3_b_1, ac_3_3_b_2, ac_3_3_b_3, ac_3_3_b_4, ac_3_3_b_5, ac_3_3_c, ac_3_4, ac_3_4_a, ac_3_4_b, ac_3_4_c, ac_3_4_d, ac_3_4_e, ac_3_7, ac_3_8, ac_3_12_a, ac_3_13, ac_3_15_a, ac_3_15_b, ac_4_28, ac_6, ac_24, cm_5_1_a, cm_6_a, cm_9_b, mp_2, sc_23_3 | SOC2: cc_1_3 | ProwlerThreatScore-1.0: 1.1.10 | CIS-5.0: 1.11 | CIS-1.4: 1.12 | HIPAA: 164_308_a_3_ii_b, 164_308_a_4_ii_c, 164_308_a_5_ii_d | GxP-21-CFR-Part-11: 11.10-d, 11.10-g, 11.300-b | FFIEC: d3-pc-am-b-6 | FedRAMP-20x-KSI-Low-25.05C: ksi-iam, ksi-iam-07;identity-access;;;;5.33.1;https://docs.aws.amazon.com/IAM/latest/UserGuide/id_credentials_finding-unused.html | https://docs.aws.amazon.com/securityhub/latest/userguide/iam-controls.html;;
profile: None;2026-07-13 09:37:50.757461;735291151388;;;;;;prowler-aws-iam_user_hardware_mfa_enabled-735291151388-ap-south-1-Alex;aws;iam_user_hardware_mfa_enabled;IAM user has hardware MFA enabled;Software and Configuration Checks/AWS Security Best Practices | Software and Configuration Checks/Industry and Regulatory Standards/AWS Foundational Security Best Practices | Software and Configuration Checks/Industry and Regulatory Standards/CIS AWS Foundations Benchmark | TTPs/Initial Access | TTPs/Credential Access;FAIL;User Alex does not have any type of MFA enabled.;False;iam;;high;AwsIamUser;arn:aws:iam::735291151388:user/Alex;Alex;;AKIA2WMWESQOMX2BIRV4=CloudGuardian-Kali;aws;ap-south-1;**IAM users** are evaluated for **hardware MFA** enrollment, identifying physical tokens or security keys and distinguishing them from *virtual* or *SMS* MFA, as well as users without any MFA.;"Without **hardware MFA**, authentication is weaker:
- **SIM-swap** can bypass SMS
- **Phishing** can steal TOTP from virtual apps
- No MFA allows password-only takeover
This enables unauthorized console/API access, causing data exfiltration (C), privilege abuse (I), and service disruption (A).";;Require **hardware-backed MFA** for all IAM users. Prefer **FIDO2 security keys** for phishing resistance over TOTP or SMS. Disallow SMS/virtual MFA for privileged roles. Enforce MFA for all access paths, apply **least privilege**, and provision multiple MFA devices per user for continuity.;https://hub.prowler.com/check/iam_user_hardware_mfa_enabled;;;;"1. Sign in to the AWS Console and open IAM
2. Go to Users > select <user> > Security credentials
3. Under Multi-factor authentication (MFA), if a Virtual MFA device or SMS MFA is listed, choose Deactivate/Remove and confirm
4. Click Assign MFA device
5. Select Hardware TOTP token or Security key (FIDO2) and choose Next
6. For Hardware TOTP: enter the device serial, then enter MFA code 1 and MFA code 2 from the token; for Security key: insert/tap the key and follow the prompts
7. Choose Add/Save to complete";FedRAMP-Low-Revision-4: ac-2 | SecNumCloud-3.2: 9.6 | AWS-Foundational-Technical-Review: IAM-001, IAM-0012 | KISA-ISMS-P-2023-korean: 2.5.3, 2.10.2 | CISA: booting-up-thing-to-do-first-2 | AWS-Audit-Manager-Control-Tower-Guardrails: 3.0.1, 3.0.2 | ASD-Essential-Eight-Nov 2023: E8-3.1, E8-3.7 | CCC-v2025.10: CCC.Core.CN03.AR01, CCC.Core.CN03.AR03, CCC.Core.CN05.AR06 | MITRE-ATTACK: T1078, T1098, T1556, T1550, T1110, T1040 | AWS-AI-Security-Framework-1.0: AISF-IAM-01 | ISO27001-2022: A.8.5 | NIS2: 11.7.2 | AWS-Well-Architected-Framework-Security-Pillar: SEC02-BP01 | KISA-ISMS-P-2023: 2.5.3, 2.10.2 | C5-2025: OPS-16.01B, IAM-08.05B, IAM-09.02B, IAM-09.01AC, PSS-05.01B, PSS-07.02B | FedRAMP-20x-KSI-Low-25.05C: ksi-iam;identity-access;;;;5.33.1;https://docs.aws.amazon.com/IAM/latest/UserGuide/id_credentials_mfa_enable_physical.html | https://docs.aws.amazon.com/IAM/latest/UserGuide/id_credentials_mfa.html | https://support.icompaas.com/support/solutions/articles/62000236278-ensure-iam-users-have-hardware-mfa-enabled;;
profile: None;2026-07-13 09:37:50.757461;735291151388;;;;;;prowler-aws-iam_user_mfa_enabled_console_access-735291151388-ap-south-1-Alex;aws;iam_user_mfa_enabled_console_access;IAM user has MFA enabled for console access or no console password is set;Software and Configuration Checks/AWS Security Best Practices | Software and Configuration Checks/Industry and Regulatory Standards/AWS Foundational Security Best Practices | Software and Configuration Checks/Industry and Regulatory Standards/CIS AWS Foundations Benchmark | TTPs/Initial Access | TTPs/Credential Access;PASS;User Alex does not have Console Password enabled.;False;iam;;high;AwsIamUser;arn:aws:iam::735291151388:user/Alex;Alex;;AKIA2WMWESQOMX2BIRV4=CloudGuardian-Kali;aws;ap-south-1;**IAM users** that have a console password are expected to have **multi-factor authentication** enabled. The evaluation identifies users who can sign in to the AWS Management Console but do not have an active MFA device associated.;Without **MFA**, a stolen or brute-forced password grants full interactive access. Attackers can: - Change policies or keys - Exfiltrate data - Create backdoor users - Disable logging. This enables account takeover, threatens confidentiality and integrity, and can disrupt availability.;;"Enforce **MFA** for all console-capable IAM users; prefer **phishing-resistant** authenticators (FIDO2/security keys) and register backups. Remove console passwords for users that don't need them and favor **federation/SSO**. Apply least privilege and require MFA for sensitive actions to prevent unauthorized changes.";https://hub.prowler.com/check/iam_user_mfa_enabled_console_access;"```yaml
# CloudFormation: IAM user without a console password
Resources:
  IamUser:
    Type: AWS::IAM::User
    Properties:
      UserName: <example_resource_name>
      # Critical: Do NOT include the LoginProfile property.
      # Omitting LoginProfile ensures no console password is set, making the check pass.
```";"```hcl
# IAM user without console password
resource ""aws_iam_user"" ""user"" {
  name = ""<example_resource_name>""
  # Critical: Do NOT create an aws_iam_user_login_profile resource.
  # Without a login profile, no console password is set, so the check passes.
}
```";aws iam delete-login-profile --user-name <IAM_USER_NAME>;"1. Sign in to the AWS Console and open IAM
2. Go to Users and select the affected user
3. Open the Security credentials tab
4. Under Console sign-in, click Remove console password and confirm
5. Verify that Console password shows Not enabled";CIS-6.0: 2.9 | CIS-1.5: 1.10 | FedRAMP-Low-Revision-4: ac-2, ia-2 | ISO27001-2013: A.9.2.J, A.9.3.H, A.9.4.J | SecNumCloud-3.2: 9.5 | AWS-Foundational-Technical-Review: IAM-001, IAM-0012 | CIS-7.0: 2.10 | CIS-2.0: 1.10 | AWS-Foundational-Security-Best-Practices: IAM.5, IAM.19 | KISA-ISMS-P-2023-korean: 2.5.3, 2.10.2 | CIS-4.0.1: 1.10 | ENS-RD2022: op.acc.6.r2.aws.iam.1, op.acc.6.r4.aws.iam.1, op.acc.6.r8.aws.iam.1 | CISA: your-systems-3, your-surroundings-2, booting-up-thing-to-do-first-2 | AWS-Audit-Manager-Control-Tower-Guardrails: 3.0.1, 3.0.2, 3.0.3 | NIST-800-171-Revision-2: 3_1_1, 3_1_2, 3_1_14, 3_5_2, 3_5_3 | ASD-Essential-Eight-Nov 2023: E8-3.1 | PCI-4.0: 8.4.1.1, 8.4.1.2, 8.4.2.1, 8.4.2.2, 8.4.3.1, 8.4.3.2 | FedRamp-Moderate-Revision-4: ac-2-1, ac-2-f, ac-2-j, ia-2-1-2, ia-2-1 | CCC-v2025.10: CCC.Core.CN03.AR01, CCC.Core.CN03.AR03, CCC.Core.CN05.AR02, CCC.Core.CN05.AR06 | MITRE-ATTACK: T1078, T1098, T1556, T1550, T1110, T1040, T1538 | AWS-AI-Security-Framework-1.0: AISF-IAM-01 | CIS-3.0: 1.10 | PCI-3.2.1: 8.3, 8.3.1, 8.3.1.a, 8.3.2, 8.3.2.a, 8.6, 8.6.c | ISO27001-2022: A.5.15, A.5.17, A.8.5 | NIST-800-53-Revision-4: ia_2_1, ia_2_2, ia_2_11 | NIS2: 11.1.2.c, 11.3.2.a, 11.4.2.c, 11.6.1, 11.7.2 | NIST-CSF-1.1: ac_3, ac_7 | GDPR: article_25 | AWS-Well-Architected-Framework-Security-Pillar: SEC02-BP01 | NIST-CSF-2.0: ac_7 | KISA-ISMS-P-2023: 2.5.3, 2.10.2 | C5-2025: OPS-05.02AC, OPS-16.01B, IAM-04.06B, IAM-06.09B, IAM-08.02B, IAM-08.05B, IAM-09.02B, IAM-09.01AC, IAM-10.01B, PSS-05.01B, PSS-07.01B, PSS-07.02B | NIST-800-53-Revision-5: ac_2_1, ac_3_2, ac_3_3, ac_3_3_a, ac_3_3_b_1, ac_3_3_b_2, ac_3_3_b_3, ac_3_3_b_4, ac_3_3_b_5, ac_3_3_c, ac_3_4, ac_3_4_a, ac_3_4_b, ac_3_4_c, ac_3_4_d, ac_3_4_e, ac_3_8, ac_3_12_a, ac_3_13, ac_3_15_a, ac_3_15_b, ac_4_28, ac_7_4, ac_7_4_a, ac_24, cm_5_1_a, cm_6_a, cm_9_b, ia_2_1, ia_2_2, ia_2_6, ia_2_6_a, ia_2_8, sc_23_3 | ProwlerThreatScore-1.0: 1.1.3 | CIS-5.0: 1.9 | CIS-1.4: 1.10 | HIPAA: 164_308_a_3_ii_a, 164_312_a_1, 164_312_d | GxP-21-CFR-Part-11: 11.10-d, 11.10-g, 11.200 | FFIEC: d3-pc-am-b-15, d3-pc-am-b-6 | FedRAMP-20x-KSI-Low-25.05C: ksi-iam;identity-access;;;;5.33.1;https://docs.aws.amazon.com/IAM/latest/UserGuide/id_credentials_mfa_enable_virtual.html | https://www.trendmicro.com/trendaivisiononecloudriskmanagement/knowledge-base/aws/IAM/iam-user-multi-factor-authentication-enabled.html;;
profile: None;2026-07-13 09:37:50.757461;735291151388;;;;;;prowler-aws-networkfirewall_in_all_vpc-735291151388-ap-south-1-vpc-0984a8becd852763a;aws;networkfirewall_in_all_vpc;VPC has Network Firewall enabled;Software and Configuration Checks/AWS Security Best Practices/Network Reachability | Software and Configuration Checks/Industry and Regulatory Standards/AWS Foundational Security Best Practices;FAIL;VPC cloudguardian-vpc does not have Network Firewall enabled.;False;networkfirewall;;medium;AwsEc2Vpc;arn:aws:ec2:ap-south-1:735291151388:vpc/vpc-0984a8becd852763a;vpc-0984a8becd852763a;;Name=cloudguardian-vpc;aws;ap-south-1;"**VPCs** with an **AWS Network Firewall** associated to the same VPC to inspect and filter network traffic.

Identifies VPCs that do not have a Network Firewall resource linked to them.";"Without a **Network Firewall**, VPC traffic can bypass deep inspection and centralized policy enforcement, enabling **data exfiltration**, **command-and-control**, and **lateral movement**. Confidentiality is reduced by unmonitored flows; integrity and availability are threatened by malware and disruptive traffic.";;"Deploy **AWS Network Firewall** in each VPC or centralize inspection through a dedicated hub VPC.

Adopt a `default-deny` posture with least-privilege rules, restrict egress to required destinations, segment workloads (**defense in depth**, **zero trust**), and enable logging to monitor and tune network policies.";https://hub.prowler.com/check/networkfirewall_in_all_vpc;"```yaml
# CloudFormation: Create a Network Firewall in the VPC
Resources:
  <example_resource_name>:
    Type: AWS::NetworkFirewall::Firewall
    Properties:
      FirewallName: <example_resource_name>
      FirewallPolicyArn: <example_resource_id>  # Critical: required policy for the firewall
      VpcId: <example_resource_id>              # Critical: associates the firewall to the target VPC (fixes the check)
      SubnetMappings:                           # Critical: creates firewall endpoints in the VPC
        - SubnetId: <example_resource_id>
```";"```hcl
# Create a Network Firewall in the VPC
resource ""aws_networkfirewall_firewall"" ""<example_resource_name>"" {
  name                = ""<example_resource_name>""
  firewall_policy_arn = ""<example_resource_id>""  # Critical: required policy
  vpc_id              = ""<example_resource_id>""  # Critical: associates firewall to the VPC (fixes the check)

  subnet_mapping {                                # Critical: creates firewall endpoint in the VPC
    subnet_id = ""<example_resource_id>""
  }
}
```";"aws network-firewall create-firewall --firewall-name <example_resource_name> --firewall-policy-arn <example_resource_id> --vpc-id <example_resource_id> --subnet-mappings ""SubnetId=<example_resource_id>""";"1. In the AWS Console, go to Network Firewall > Firewalls > Create firewall
2. Enter a name and select the target VPC
3. Select an existing Firewall policy (or create one when prompted)
4. Add at least one subnet from the VPC under Subnet mappings
5. Choose Create firewall
6. Verify the firewall shows under the selected VPC";KISA-ISMS-P-2023-korean: 2.10.1, 2.10.2 | ENS-RD2022: mp.com.1.aws.nfw.1 | MITRE-ATTACK: T1048, T1530, T1499, T1498, T1046 | AWS-AI-Security-Framework-1.0: AISF-INFRA-02 | ISO27001-2022: A.8.20, A.8.21, A.8.22 | NIS2: 6.2.1, 6.7.2.b | KISA-ISMS-P-2023: 2.10.1, 2.10.2 | C5-2025: AM-12.01AC, COS-07.04B, PI-01.01AC;trust-boundaries;;;;5.33.1;https://docs.aws.amazon.com/network-firewall/latest/developerguide/vpc-config.html | https://www.trendmicro.com/trendaivisiononecloudriskmanagement/knowledge-base/aws/NetworkFirewall/network-firewall-in-use.html | https://docs.aws.amazon.com/network-firewall/latest/developerguide/setting-up.html;;
profile: None;2026-07-13 09:37:50.757461;735291151388;;;;;;prowler-aws-organizations_account_part_of_organizations-735291151388-ap-south-1-unknown;aws;organizations_account_part_of_organizations;AWS account is a member of an active AWS Organization;Software and Configuration Checks/AWS Security Best Practices;FAIL;AWS Organizations is not in-use for this AWS Account.;False;organizations;;medium;Other;arn:aws:organizations::735291151388:unknown;unknown;;;aws;ap-south-1;"**AWS account** membership in **AWS Organizations** with organization status `ACTIVE`.

Assesses if the account is associated with an organization and that the organization state is `ACTIVE`.";Absence of **AWS Organizations** weakens governance across accounts. Without **SCP guardrails** and centralized policy, excessive permissions, unsafe network settings, or risky services may be enabled, threatening **confidentiality** and **integrity**. Fragmented logging and response slow containment, impacting **availability** and increasing cost exposure.;;Operate all accounts under **AWS Organizations** (preferably with *all features*). Structure OUs, enforce **SCPs** for least privilege, and apply separation of duties between management and member accounts. Centralize logging and billing to support defense-in-depth, and routinely review org membership and policies.;https://hub.prowler.com/check/organizations_account_part_of_organizations;;"```hcl
# Creates an AWS Organization so this account becomes a member (status ACTIVE)
resource ""aws_organizations_organization"" ""<example_resource_name>"" {
  # Critical: creating this resource makes the account part of an active AWS Organization
}
```";aws organizations create-organization;"1. Sign in to the AWS Management Console with the account to remediate
2. Open the AWS Organizations console
3. Click ""Create an organization""
4. Confirm to create (default is All features)
5. Verify the organization status shows Active on the Settings page";SecNumCloud-3.2: 9.6, 12.3, 14.4 | KISA-ISMS-P-2023-korean: 2.10.2 | ENS-RD2022: op.acc.4.aws.iam.1, op.acc.4.aws.iam.8 | PCI-4.0: 7.2.1.1, 7.2.2.1, 7.2.5.1, 7.3.1.1, 7.3.2.1, 7.3.3.1, 8.2.7.1, 8.2.8.1, 8.3.4.1 | MITRE-ATTACK: T1078, T1087, T1580, T1538 | AWS-AI-Security-Framework-1.0: AISF-GOV-02 | ISO27001-2022: A.8.3 | AWS-Well-Architected-Framework-Security-Pillar: SEC01-BP01, SEC03-BP05, SEC08-BP04 | NIST-CSF-2.0: rm_1, rr_1, rr_2, po_3, po_4, am_6 | KISA-ISMS-P-2023: 2.10.2 | RBI-Cyber-Security-Framework: annex_i_1_1 | FedRAMP-20x-KSI-Low-25.05C: ksi-piy;identity-access;;;;5.33.1;https://docs.aws.amazon.com/organizations/latest/userguide/orgs_manage_org_create.html | https://docs.aws.amazon.com/organizations/latest/userguide/orgs_view_org.html;;
profile: None;2026-07-13 09:37:50.757461;735291151388;;;;;;prowler-aws-organizations_tags_policies_enabled_and_attached-735291151388-ap-south-1-unknown;aws;organizations_tags_policies_enabled_and_attached;AWS Organization has tag policies enabled and attached;Software and Configuration Checks/AWS Security Best Practices;FAIL;AWS Organizations is not in-use for this AWS Account.;False;organizations;;low;Other;arn:aws:organizations::735291151388:unknown;unknown;;;aws;ap-south-1;**AWS Organizations** tag policies are evaluated for their presence and attachment to organization targets (accounts or OUs), distinguishing between no policies, policies defined but not attached, and policies attached to at least one target.;"Absent or unattached tag policies cause inconsistent or missing tags, undermining:
- **Confidentiality** via bypassed tag-based access conditions
- **Integrity** through misclassified resources and drift
- **Availability** when automation, cost routing, or incident scoping that rely on tags break";;Enable **tag policies** and attach them to relevant roots/OUs/accounts. Define mandatory keys (e.g., `Environment`, `CostCenter`) with allowed values. Apply **defense in depth** by using tags in IAM conditions and SCPs. Start with validation-only, then enforce, and continuously monitor compliance across accounts.;https://hub.prowler.com/check/organizations_tags_policies_enabled_and_attached;"```yaml
# CloudFormation: Create and attach a Tag Policy
Resources:
  TagPolicy:
    Type: AWS::Organizations::Policy
    Properties:
      Name: <example_resource_name>
      Type: TAG_POLICY  # Critical: defines a Tag Policy type
      Content:
        tags:
          Environment:
            tag_key:
              ""@@assign"": ""Environment""
      TargetIds:
        - <example_resource_id>  # Critical: attaches the policy to an account/OU/root
```";"```hcl
# Create a Tag Policy
resource ""aws_organizations_policy"" ""<example_resource_name>"" {
  name    = ""<example_resource_name>""
  type    = ""TAG_POLICY""  # Critical: defines a Tag Policy type
  content = jsonencode({
    tags = {
      Environment = {
        tag_key = { ""@@assign"" = ""Environment"" }
      }
    }
  })
}

# Attach the Tag Policy to a target (Root/OU/Account)
resource ""aws_organizations_policy_attachment"" ""<example_resource_name>"" {
  policy_id = aws_organizations_policy.<example_resource_name>.id
  target_id = ""<example_resource_id>""  # Critical: attaches the policy to an account/OU/root
}
```";;"1. Sign in to the AWS Management Console with the organization management account
2. Open AWS Organizations > Policies > Tag policies
3. If prompted, click Enable tag policies
4. Click Create policy, enter a name, add minimal valid content (e.g., define one tag key), and create the policy
5. Select the policy and click Attach
6. Choose the Root, an OU, or at least one account and confirm
7. The check passes when a tag policy exists and is attached to a target";KISA-ISMS-P-2023-korean: 2.1.3 | ENS-RD2022: op.exp.1.aws.sys.2, op.exp.1.aws.tag.1, op.exp.10.aws.tag.1, mp.info.6.aws.tag.1 | AWS-AI-Security-Framework-1.0: AISF-GOV-02 | ISO27001-2022: A.5.13 | NIS2: 11.5.2.a | NIST-CSF-2.0: rm_1, po_3, ov_3 | KISA-ISMS-P-2023: 2.1.3 | C5-2025: AM-09.01B | FedRAMP-20x-KSI-Low-25.05C: ksi-piy;;;;;5.33.1;https://docs.aws.amazon.com/organizations/latest/userguide/orgs_manage_policies_tag-policies.html;;
profile: None;2026-07-13 09:37:50.757461;735291151388;;;;;;prowler-aws-rds_instance_backup_enabled-735291151388-ap-south-1-cloudguardian-db;aws;rds_instance_backup_enabled;RDS instance has backup retention period greater than 0 days;Software and Configuration Checks/AWS Security Best Practices | Software and Configuration Checks/Industry and Regulatory Standards/AWS Foundational Security Best Practices | Effects/Data Destruction;FAIL;RDS Instance cloudguardian-db does not have backup enabled.;False;rds;;medium;AwsRdsDbInstance;arn:aws:rds:ap-south-1:735291151388:db:cloudguardian-db;cloudguardian-db;;Name=cloudguardian-db;aws;ap-south-1;**RDS DB instances** are evaluated for **automated backups** by confirming the backup retention period is greater than `0` days, indicating point-in-time recovery is configured.;"Without automated backups, you lose **point-in-time recovery**, impacting **availability** and **integrity**.

Accidental deletes, destructive queries, or compromised accounts can cause unrecoverable data loss and prolonged outages, preventing reliable rollback during incidents.";;"Enable **automated backups** with retention > `0` aligned to RPO/RTO. Regularly test restores to validate **PITR**.

Apply **least privilege** to backup access, encrypt snapshots, and replicate critical backups to separate locations for **defense in depth** and resilient recovery.";https://hub.prowler.com/check/rds_instance_backup_enabled;"```yaml
# CloudFormation: enable automated backups on an RDS instance
Resources:
  <example_resource_name>:
    Type: AWS::RDS::DBInstance
    Properties:
      DBInstanceClass: db.t3.micro
      Engine: mysql
      AllocatedStorage: 20
      MasterUsername: admin
      MasterUserPassword: <example_password>
      BackupRetentionPeriod: 1  # CRITICAL: Enables automated backups (>0 days)
```";"```hcl
# Terraform: enable automated backups on an RDS instance
resource ""aws_db_instance"" ""<example_resource_name>"" {
  allocated_storage      = 20
  engine                 = ""mysql""
  instance_class         = ""db.t3.micro""
  username               = ""admin""
  password               = ""<example_password>""
  backup_retention_period = 1  # CRITICAL: Enables automated backups (>0 days)
}
```";aws rds modify-db-instance --db-instance-identifier <db_instance_id> --backup-retention-period 1 --apply-immediately;"1. Open the AWS Management Console and go to RDS > Databases
2. Select the target DB instance and click Modify
3. In Backup section, set Backup retention period to 1 day (or more)
4. Check Apply immediately
5. Click Continue (if shown) and then Modify DB instance";FedRAMP-Low-Revision-4: cp-9, cp-10, sc-5 | SecNumCloud-3.2: 12.5 | AWS-Foundational-Technical-Review: BAR-001 | AWS-Foundational-Security-Best-Practices: RDS.11 | KISA-ISMS-P-2023-korean: 2.9.3, 2.12.1 | CISA: your-systems-3, your-data-4, booting-up-thing-to-do-first-1 | GxP-EU-Annex-11: 5-data, 7.1-data-storage-damage-protection, 7.2-data-storage-backups, 16-business-continuity, 17-archiving, 4.8-validation-data-transfer | NIST-800-171-Revision-2: 3_13_2 | ASD-Essential-Eight-Nov 2023: E8-8.1, E8-8.2 | PCI-4.0: 10.3.3.8 | FedRamp-Moderate-Revision-4: cp-9-b, cp-10, si-12 | CCC-v2025.10: CCC.Core.CN14.AR01, CCC.Core.CN14.AR02, CCC.Core.CN14.AR03, CCC.RDMS.CN03.AR01 | MITRE-ATTACK: T1190, T1485, T1486, T1490 | PCI-3.2.1: 3.1, 3.1.c | NIST-800-53-Revision-4: cp_9, cp_10, si_12 | NIS2: 3.6.2, 4.1.1, 4.1.2.g, 4.2.2.e | NIST-CSF-1.1: be_5, ds_4, ip_4, ip_9, pt_5, rp_1, rp_1 | GDPR: article_32 | NIST-CSF-2.0: ds_3, ds_4, ip_4, rc_rp_1 | KISA-ISMS-P-2023: 2.9.3, 2.12.1 | C5-2025: OPS-06.01B, OPS-07.01B, OPS-09.02B, BCM-02.01B | NIST-800-53-Revision-5: cp_1_2, cp_2_5, cp_6_a, cp_6_1, cp_6_2, cp_9_a, cp_9_b, cp_9_c, cp_10, cp_10_2, sc_5_2, si_13_5 | SOC2: cc_7_4, cc_a_1_1 | RBI-Cyber-Security-Framework: annex_i_12 | AWS-Well-Architected-Framework-Reliability-Pillar: REL09-BP03 | HIPAA: 164_308_a_1_ii_b, 164_308_a_4_ii_a, 164_308_a_7_i, 164_308_a_7_ii_a, 164_308_a_7_ii_b, 164_308_a_7_ii_c, 164_312_a_2_ii | GxP-21-CFR-Part-11: 11.10-a | FFIEC: d1-rm-rm-b-1, d5-ir-pl-b-6 | FedRAMP-20x-KSI-Low-25.05C: ksi-rpl;resilience;;;;5.33.1;https://docs.aws.amazon.com/AmazonRDS/latest/UserGuide/USER_WorkingWithAutomatedBackups.html | https://www.trendmicro.com/trendaivisiononecloudriskmanagement/knowledge-base/aws/RDS/rds-automated-backups-enabled.html;;
profile: None;2026-07-13 09:37:50.757461;735291151388;;;;;;prowler-aws-rds_instance_inside_vpc-735291151388-ap-south-1-cloudguardian-db;aws;rds_instance_inside_vpc;RDS instance is deployed in a VPC;Software and Configuration Checks/AWS Security Best Practices/Network Reachability | Software and Configuration Checks/Industry and Regulatory Standards/AWS Foundational Security Best Practices;PASS;RDS Instance cloudguardian-db is deployed in a VPC vpc-0984a8becd852763a.;False;rds;;high;AwsRdsDbInstance;arn:aws:rds:ap-south-1:735291151388:db:cloudguardian-db;cloudguardian-db;;Name=cloudguardian-db;aws;ap-south-1;"**RDS DB instances** are assessed for **VPC placement** by the presence of a `vpc_id` indicating deployment within a VPC.

Instances without this association are treated as outside VPC networking.";Without VPC isolation, databases may expose internet-reachable endpoints and lack granular network controls. This degrades **confidentiality** and **availability** via scanning/brute force and data exfiltration, and threatens **integrity** through unauthorized connections and lateral movement.;;Deploy all RDS instances in a **VPC**, preferably in **private subnets**. Enforce **least privilege** with security groups, network ACLs, and restrictive routing. Use private connectivity (peering, VPN, Direct Connect), avoid public exposure, and apply **defense in depth** through segmentation and monitoring.;https://hub.prowler.com/check/rds_instance_inside_vpc;"```yaml
# CloudFormation: move RDS instance into a VPC by assigning a DB subnet group
Resources:
  <example_db_subnet_group>:
    Type: AWS::RDS::DBSubnetGroup
    Properties:
      DBSubnetGroupDescription: ""subnets for rds""
      SubnetIds:
        - <example_resource_id>  # CRITICAL: Subnets in the target VPC
        - <example_resource_id>  # CRITICAL: At least two AZs recommended

  <example_db_instance>:
    Type: AWS::RDS::DBInstance
    Properties:
      DBSubnetGroupName: !Ref <example_db_subnet_group>  # CRITICAL: Ensures the DB instance is deployed in a VPC
```";"```hcl
# Terraform: ensure RDS instance is in a VPC via DB subnet group
resource ""aws_db_subnet_group"" ""<example_resource_name>"" {
  name       = ""<example_resource_name>""
  subnet_ids = [
    ""<example_resource_id>"", # CRITICAL: Subnets in the target VPC
    ""<example_resource_id>""
  ]
}

resource ""aws_db_instance"" ""<example_resource_name>"" {
  identifier          = ""<example_resource_id>""
  db_subnet_group_name = aws_db_subnet_group.<example_resource_name>.name  # CRITICAL: Places instance in a VPC
}
```";aws rds modify-db-instance --db-instance-identifier <example_resource_id> --db-subnet-group-name <example_resource_name> --apply-immediately;"1. In the AWS Console, go to RDS > Subnet groups and create/select a DB subnet group in the target VPC (with subnets in at least two AZs)
2. Go to RDS > Databases, select the DB instance, click Modify
3. Under Connectivity, set DB subnet group to the VPC subnet group from step 1 (select a VPC security group if prompted)
4. Check Apply immediately and choose Continue > Modify DB instance";AWS-Foundational-Security-Best-Practices: RDS.18 | KISA-ISMS-P-2023-korean: 2.6.1, 2.10.2 | ISO27001-2022: A.8.20, A.8.21, A.8.22 | KISA-ISMS-P-2023: 2.6.1, 2.10.2;trust-boundaries | internet-exposed;;;;5.33.1;https://docs.aws.amazon.com/securityhub/latest/userguide/rds-controls.html#rds-18 | https://docs.aws.amazon.com/AmazonRDS/latest/UserGuide/Overview.DBInstance.Modifying.html | https://docs.aws.amazon.com/AmazonRDS/latest/UserGuide/USER_VPC.WorkingWithRDSInstanceinaVPC.html#USER_VPC.Subnets;;
profile: None;2026-07-13 09:37:50.757461;735291151388;;;;;;prowler-aws-rds_instance_integration_cloudwatch_logs-735291151388-ap-south-1-cloudguardian-db;aws;rds_instance_integration_cloudwatch_logs;RDS instance exports logs to CloudWatch Logs;Software and Configuration Checks/AWS Security Best Practices | Software and Configuration Checks/Industry and Regulatory Standards/AWS Foundational Security Best Practices;FAIL;RDS Instance cloudguardian-db does not have CloudWatch Logs enabled.;False;rds;;medium;AwsRdsDbInstance;arn:aws:rds:ap-south-1:735291151388:db:cloudguardian-db;cloudguardian-db;;Name=cloudguardian-db;aws;ap-south-1;"**RDS DB instances** are configured to **publish database logs** to **CloudWatch Logs** (e.g., `error`, `general`, `slowquery`, `audit`).

The evaluation identifies instances that have log exports enabled to a CloudWatch log group.";Without centralized RDS logs, database activity lacks visibility, hindering detection and response. Credential misuse, SQL injection, data exfiltration, and privilege abuse may go unnoticed, risking **confidentiality** and **integrity**. Unseen errors and slow queries can lead to outages, impacting **availability**.;;Enable export of relevant RDS logs to **CloudWatch Logs** (`error`, `general`, `slowquery`, `audit`) and standardize across engines. Enforce **least privilege** on log access, set retention, and define metrics/alarms for critical patterns. Integrate with a SIEM. Apply **separation of duties** and **defense in depth** to protect log integrity and monitoring.;https://hub.prowler.com/check/rds_instance_integration_cloudwatch_logs;"```yaml
Resources:
  <example_resource_name>:
    Type: AWS::RDS::DBInstance
    Properties:
      DBInstanceIdentifier: <example_resource_id>
      # Critical: enabling at least one log type exports it to CloudWatch Logs and makes the check PASS
      EnableCloudwatchLogsExports:
        - <log_type>
```";"```hcl
resource ""aws_db_instance"" ""<example_resource_name>"" {
  identifier = ""<example_resource_id>""
  # Critical: export at least one supported log type to CloudWatch Logs to pass the check
  enabled_cloudwatch_logs_exports = [""<log_type>""]
}
```";"aws rds modify-db-instance --db-instance-identifier <db_instance_id> --cloudwatch-logs-export-configuration '{""EnableLogTypes"":[""<log_type>""]}'";"1. Open AWS Console > RDS > Databases
2. Select your DB instance and choose Modify
3. In Log exports, select at least one supported log type (e.g., error/general/slowquery/audit/postgresql/alert)
4. Choose Continue, then Modify DB instance";FedRAMP-Low-Revision-4: ac-2, au-2 | SecNumCloud-3.2: 12.6 | AWS-Foundational-Security-Best-Practices: RDS.9 | KISA-ISMS-P-2023-korean: 2.9.4, 2.10.2 | CISA: your-systems-3, your-data-2 | NIST-800-171-Revision-2: 3_1_12, 3_3_1, 3_3_2, 3_3_3, 3_6_1, 3_6_2, 3_13_1, 3_13_2, 3_14_6, 3_14_7 | PCI-4.0: 10.2.1.1.26, 10.2.1.2.23, 10.2.1.3.23, 10.2.1.4.23, 10.2.1.5.23, 10.2.1.6.23, 10.2.1.7.23, 10.2.1.23, 10.2.2.23, 10.3.1.23, 10.6.3.29, 5.3.4.28, A1.2.1.27 | FedRamp-Moderate-Revision-4: ac-2-4, ac-2-g, au-2-a-d, au-3, au-6-1-3, au-12-a-c | ISO27001-2022: A.8.15 | NIST-800-53-Revision-4: ac_2_4, ac_2, au_2, au_3, au_12 | NIS2: 3.2.3.c | GDPR: article_32 | AWS-Well-Architected-Framework-Security-Pillar: SEC04-BP01 | KISA-ISMS-P-2023: 2.9.4, 2.10.2 | C5-2025: AM-01.01AC, OPS-11.02AC, OPS-26.05B, OPS-26.01AS | NIST-800-53-Revision-5: ac_2_4, ac_3_1, ac_3_10, ac_4_26, ac_6_9, au_2_b, au_3_a, au_3_b, au_3_c, au_3_d, au_3_e, au_3_f, au_6_3, au_6_4, au_6_6, au_6_9, au_8_b, au_10, au_12_a, au_12_c, au_12_1, au_12_2, au_12_3, au_12_4, au_14_a, au_14_b, au_14_3, ca_7_b, cm_5_1_b, ia_3_3_b, ma_4_1_a, pm_14_a_1, pm_14_b, pm_31, sc_7_9_b, si_1_1_c, si_3_8_b, si_4_2, si_4_17, si_4_20, si_7_8, si_10_1_c | SOC2: cc_7_2, cc_7_3, cc_a_1_1, pi_1_3 | RBI-Cyber-Security-Framework: annex_i_7_4 | AWS-Well-Architected-Framework-Reliability-Pillar: REL06-BP01 | HIPAA: 164_308_a_4_ii_a, 164_312_b | GxP-21-CFR-Part-11: 11.10-e, 11.10-k | FFIEC: d2-ma-ma-b-1, d3-dc-an-b-3, d3-dc-an-b-4, d5-dr-de-b-3 | FedRAMP-20x-KSI-Low-25.05C: ksi-mla;logging;;;;5.33.1;https://www.trendmicro.com/trendaivisiononecloudriskmanagement/knowledge-base/aws/RDS/log-exports.html | https://docs.aws.amazon.com/AmazonRDS/latest/UserGuide/publishing_cloudwatchlogs.html | https://repost.aws/knowledge-center/rds-aurora-mysql-logs-cloudwatch;;
profile: None;2026-07-13 09:37:50.757461;735291151388;;;;;;prowler-aws-rds_instance_multi_az-735291151388-ap-south-1-cloudguardian-db;aws;rds_instance_multi_az;RDS instance has Multi-AZ enabled;Software and Configuration Checks/AWS Security Best Practices;FAIL;RDS Instance cloudguardian-db does not have multi-AZ enabled.;False;rds;;medium;AwsRdsDbInstance;arn:aws:rds:ap-south-1:735291151388:db:cloudguardian-db;cloudguardian-db;;Name=cloudguardian-db;aws;ap-south-1;**RDS DB instances** are evaluated for **Multi-AZ** configuration, either enabled on the instance or inherited from the associated DB cluster.;Without **Multi-AZ**, an Availability Zone or instance failure can cause extended downtime and rely on restores, risking loss of recent writes. This degrades **availability** and may affect **integrity**, interrupting applications and breaching SLAs.;;Apply fault-tolerance and redundancy principles: enable **Multi-AZ** for production RDS workloads. Choose one standby or two readable standbys based on RTO/RPO and performance needs. Regularly test failover, monitor configuration drift, and allow exceptions only with documented, risk-based approval.;https://hub.prowler.com/check/rds_instance_multi_az;"```yaml
# CloudFormation: enable Multi-AZ on an existing RDS DB instance
Resources:
  RDSInstance:
    Type: AWS::RDS::DBInstance
    Properties:
      MultiAZ: true  # Critical: enables Multi-AZ to pass the check
```";"```hcl
# Enable Multi-AZ on an RDS DB instance
resource ""aws_db_instance"" ""example"" {
  multi_az = true  # Critical: enables Multi-AZ to pass the check
}
```";aws rds modify-db-instance --db-instance-identifier <db_instance_id> --multi-az --apply-immediately;"1. Open the AWS Management Console and go to RDS > Databases
2. Select the affected DB instance and click Modify
3. Under Availability & durability, set Multi-AZ deployment to Enabled (create a standby)
4. Check Apply immediately
5. Click Continue, then Modify DB instance
6. Wait until status is Available and Multi-AZ shows Yes";CIS-6.0: 3.2.4 | FedRAMP-Low-Revision-4: cp-10, sc-5 | SecNumCloud-3.2: 17.2, 17.4 | CIS-7.0: 3.2.4 | AWS-Foundational-Security-Best-Practices: RDS.5 | KISA-ISMS-P-2023-korean: 2.9.2 | CIS-4.0.1: 2.2.4 | CISA: your-systems-3 | NIST-800-171-Revision-2: 3_13_2 | FedRamp-Moderate-Revision-4: cp-10, sc-5 | CCC-v2025.10: CCC.Core.CN08.AR01 | ISO27001-2022: A.8.14 | NIST-800-53-Revision-4: cp_10, sc_5 | NIST-CSF-1.1: be_5, ds_4, ip_9, pt_5, rp_1, rp_1 | NIST-CSF-2.0: ds_4 | KISA-ISMS-P-2023: 2.9.2 | NIST-800-53-Revision-5: cp_1_a_1_b, cp_1_a_2, cp_2_a, cp_2_a_6, cp_2_a_7, cp_2_d, cp_2_e, cp_2_5, cp_2_6, cp_6_2, cp_10, sc_5_2, sc_6, sc_22, sc_36, si_13_5 | AWS-Well-Architected-Framework-Reliability-Pillar: REL10-BP01 | CIS-5.0: 2.2.4 | HIPAA: 164_308_a_1_ii_b, 164_308_a_7_i, 164_308_a_7_ii_a, 164_308_a_7_ii_b, 164_308_a_7_ii_c | GxP-21-CFR-Part-11: 11.10-a | FFIEC: d1-rm-rm-b-1, d5-ir-pl-b-6 | FedRAMP-20x-KSI-Low-25.05C: ksi-cna;resilience;;;;5.33.1;https://www.trendmicro.com/trendaivisiononecloudriskmanagement/knowledge-base/aws/RDS/rds-multi-az.html | https://aws.amazon.com/rds/features/multi-az/;;
profile: None;2026-07-13 09:37:50.757461;735291151388;;;;;;prowler-aws-rds_instance_no_public_access-735291151388-ap-south-1-cloudguardian-db;aws;rds_instance_no_public_access;RDS instance is not publicly exposed to the Internet;Software and Configuration Checks/AWS Security Best Practices/Network Reachability | Software and Configuration Checks/Industry and Regulatory Standards/AWS Foundational Security Best Practices | Software and Configuration Checks/Industry and Regulatory Standards/CIS AWS Foundations Benchmark | TTPs/Initial Access;FAIL;RDS Instance cloudguardian-db is set as publicly accessible and security group cloudguardian-rds-sg (sg-0652e5b7e75b01aa9) has mysql port 3306 open to the Internet at endpoint cloudguardian-db.cxuyey2k27jg.ap-south-1.rds.amazonaws.com in a public subnet subnet-04b3d8ba16bcd6a49.;False;rds;;critical;AwsRdsDbInstance;arn:aws:rds:ap-south-1:735291151388:db:cloudguardian-db;cloudguardian-db;;Name=cloudguardian-db;aws;ap-south-1;**RDS DB instances** are assessed for **internet exposure** using the `PubliclyAccessible` setting, security group ingress to the DB port from any address, and whether subnets are **public**. Instances that combine an internet-facing endpoint, open ingress, and public subnets are identified.;"An internet-reachable database invites:
- Brute-force and vulnerability probing, risking **availability** and **integrity**
- Unauthorized queries and dumps leading to **confidentiality** loss

Compromise can enable **lateral movement** and persistence within the VPC.";;"Keep databases private by applying **least privilege** at the network layer:
- Set `PubliclyAccessible` to `false`
- Place instances in private subnets
- Deny `0.0.0.0/0` and `::/0` on the DB port
- Expose access via private endpoints, VPN, or an application tier/DB proxy

Adopt **defense in depth** with monitoring and strong auth.";https://hub.prowler.com/check/rds_instance_no_public_access;"```yaml
# CloudFormation: make the RDS instance private
Resources:
  <example_resource_name>:
    Type: AWS::RDS::DBInstance
    Properties:
      DBInstanceIdentifier: <example_resource_id>
      PubliclyAccessible: false  # CRITICAL: disables public access so the instance is not Internet-facing
```";"```hcl
# Ensure the RDS instance is not publicly accessible
resource ""aws_db_instance"" ""<example_resource_name>"" {
  publicly_accessible = false  # CRITICAL: disables public access (no public endpoint)
}
```";aws rds modify-db-instance --db-instance-identifier <db_instance_id> --no-publicly-accessible --apply-immediately;"1. In the AWS console, go to RDS > Databases and select your DB instance
2. Click Modify
3. In Connectivity (Connectivity & security), set Public access to No (Not publicly accessible)
4. Choose Continue, select Apply immediately (or during the next window), then click Modify DB instance";CIS-6.0: 3.2.3 | CIS-1.5: 2.3.3 | FedRAMP-Low-Revision-4: ac-3, ac-17, cm-2, sc-7 | ISO27001-2013: A.12.6.I, A.13.1.H | SecNumCloud-3.2: 9.7 | CIS-7.0: 3.2.3 | CIS-2.0: 2.3.3 | AWS-Foundational-Security-Best-Practices: RDS.2 | KISA-ISMS-P-2023-korean: 2.6.1, 2.6.4, 2.10.2 | CIS-4.0.1: 2.2.3 | CISA: your-systems-3, your-data-2 | AWS-Audit-Manager-Control-Tower-Guardrails: 4.0.1, 4.1.1 | NIST-800-171-Revision-2: 3_1_1, 3_1_2, 3_1_3, 3_1_14, 3_13_1, 3_13_2, 3_13_5 | PCI-4.0: 1.2.8.28, 1.3.1.31, 1.3.2.31, 1.4.2.29, 1.5.1.28, 10.3.2.15, 3.5.1.3.20, A1.1.2.11, A1.1.3.28, A3.4.1.13 | FedRamp-Moderate-Revision-4: ac-3, ac-4, ac-6, ac-17-1, ac-21-b, cm-2, sc-4, sc-7-3, sc-7 | MITRE-ATTACK: T1530 | CIS-3.0: 2.3.3 | PCI-3.2.1: 1.2, 1.2.1, 1.2.1.a, 1.2.1.b, 1.2.1.c, 1.3, 1.3.1, 1.3.2, 1.3.4, 1.3.6, 2.2, 2.2.2, 7.2, 7.2.1 | ISO27001-2022: A.8.1 | NIST-800-53-Revision-4: ac_4, ac_6, ac_21, sc_7_3, sc_7 | NIST-CSF-1.1: ac_3, ac_5, ds_5, ip_8, pt_4 | AWS-Well-Architected-Framework-Security-Pillar: SEC03-BP07 | NIST-CSF-2.0: ac_3 | KISA-ISMS-P-2023: 2.6.1, 2.6.4, 2.10.2 | C5-2025: PS-03.02B, IAM-10.01B, COS-02.01B | NIST-800-53-Revision-5: ac_2_6, ac_3, ac_3_7, ac_4_21, ac_6, ac_17_b, ac_17_1, ac_17_4_a, ac_17_9, ac_17_10, mp_2, sc_7_2, sc_7_3, sc_7_7, sc_7_9_a, sc_7_11, sc_7_12, sc_7_16, sc_7_20, sc_7_21, sc_7_24_b, sc_7_25, sc_7_26, sc_7_27, sc_7_28, sc_7_a, sc_7_b, sc_7_c, sc_25 | SOC2: cc_6_2 | RBI-Cyber-Security-Framework: annex_i_1_3 | ProwlerThreatScore-1.0: 2.2.4 | CIS-5.0: 2.2.3 | HIPAA: 164_308_a_3_i, 164_312_a_1 | GxP-21-CFR-Part-11: 11.10-d, 11.10-g, 11.10-k | FFIEC: d3-pc-im-b-1;internet-exposed;;;;5.33.1;https://docs.aws.amazon.com/config/latest/developerguide/rds-instance-public-access-check.html | https://www.trendmicro.com/trendaivisiononecloudriskmanagement/knowledge-base/aws/RDS/rds-publicly-accessible.html | https://docs.aws.amazon.com/securityhub/latest/userguide/rds-controls.html;;
profile: None;2026-07-13 09:37:50.757461;735291151388;;;;;;prowler-aws-rds_instance_storage_encrypted-735291151388-ap-south-1-cloudguardian-db;aws;rds_instance_storage_encrypted;RDS DB instance storage is encrypted at rest;Software and Configuration Checks/AWS Security Best Practices | Software and Configuration Checks/Industry and Regulatory Standards/AWS Foundational Security Best Practices | Software and Configuration Checks/Industry and Regulatory Standards/NIST 800-53 Controls (USA) | Software and Configuration Checks/Industry and Regulatory Standards/NIST CSF Controls (USA) | Software and Configuration Checks/Industry and Regulatory Standards/PCI-DSS | Software and Configuration Checks/Industry and Regulatory Standards/ISO 27001 Controls | Software and Configuration Checks/Industry and Regulatory Standards/HIPAA Controls (USA) | Software and Configuration Checks/Industry and Regulatory Standards/GDPR Controls (Europe) | Effects/Data Exposure;FAIL;RDS Instance cloudguardian-db is not encrypted.;False;rds;;high;AwsRdsDbInstance;arn:aws:rds:ap-south-1:735291151388:db:cloudguardian-db;cloudguardian-db;;Name=cloudguardian-db;aws;ap-south-1;**RDS DB instances** are assessed for **KMS-based encryption at rest** (`StorageEncrypted=true`), covering instance storage and derived artifacts such as snapshots, automated backups, and read replicas.;Without **encryption at rest**, database files, snapshots, and automated backups remain in plaintext. An attacker with access to copied snapshots, compromised backups, or underlying storage can read sensitive data, causing loss of **confidentiality** and enabling large-scale exfiltration.;;Enable **encryption at rest** for all RDS instances. Prefer **customer-managed KMS keys** to control rotation and fine-grained access, applying **least privilege** and **defense in depth**. Restrict key usage, monitor key activity, and manage key lifecycle. Migrate unencrypted instances via encrypted snapshot copy and restore.;https://hub.prowler.com/check/rds_instance_storage_encrypted;"```yaml
# CloudFormation: create an encrypted RDS DB instance
Resources:
  <example_resource_name>:
    Type: AWS::RDS::DBInstance
    Properties:
      DBInstanceClass: ""<instance_class>""
      Engine: ""<engine>""
      AllocatedStorage: 20
      MasterUsername: ""<username>""
      MasterUserPassword: ""<password>""
      StorageEncrypted: true  # CRITICAL: enables encryption at rest so the instance passes the check
```";"```hcl
# Terraform: create an encrypted RDS DB instance
resource ""aws_db_instance"" ""<example_resource_name>"" {
  engine            = ""<engine>""
  instance_class    = ""<instance_class>""
  username          = ""<username>""
  password          = ""<password>""
  allocated_storage = 20

  storage_encrypted = true  # CRITICAL: enables encryption at rest to pass the check
}
```";;"1. In the AWS Console, go to RDS > Databases, select the unencrypted DB instance, then choose Actions > Take snapshot.
2. After the snapshot is available, go to Snapshots, select it, choose Actions > Copy snapshot, enable encryption, and select a KMS key (or aws/rds).
3. When the encrypted copy is ready, select it and choose Actions > Restore snapshot to create a new (encrypted) DB instance.
4. Update your application/endpoint to use the new encrypted DB instance.
5. Decommission the old unencrypted instance after cutover.";CIS-6.0: 3.2.1 | CIS-1.5: 2.3.1 | ISO27001-2013: A.10.1.A | SecNumCloud-3.2: 10.1 | CIS-7.0: 3.2.1 | CIS-2.0: 2.3.1 | AWS-Foundational-Security-Best-Practices: RDS.3 | KISA-ISMS-P-2023-korean: 2.7.1, 2.10.2 | CIS-4.0.1: 2.2.1 | ENS-RD2022: mp.si.2.aws.rds.1 | CISA: your-systems-3, your-data-1, your-data-2 | AWS-Audit-Manager-Control-Tower-Guardrails: 5.0.1 | GxP-EU-Annex-11: 7.1-data-storage-damage-protection | NIST-800-171-Revision-2: 3_13_11, 3_13_16 | PCI-4.0: 3.5.1.27, 8.3.2.44 | FedRamp-Moderate-Revision-4: sc-28 | CCC-v2025.10: CCC.Core.CN02.AR01 | MITRE-ATTACK: T1119, T1530 | AWS-AI-Security-Framework-1.0: AISF-INFRA-05 | CIS-3.0: 2.3.1 | PCI-3.2.1: 3.4, 3.4.1, 3.4.1.a, 3.4.1.c, 3.4.a, 3.4.b, 8.2, 8.2.1, 8.2.1.a | ISO27001-2022: A.8.11, A.8.24 | NIST-800-53-Revision-4: sc_28 | NIST-CSF-1.1: ds_1 | GDPR: article_32 | AWS-Well-Architected-Framework-Security-Pillar: SEC08-BP02 | NIST-CSF-2.0: ds_1 | KISA-ISMS-P-2023: 2.7.1, 2.10.2 | C5-2025: OIS-08.02B, CRY-01.02AC, CRY-05.01AC, PSS-12.02B | NIST-800-53-Revision-5: au_9_3, cp_9_d, cp_9_8, sc_8_3, sc_8_4, sc_13_a, sc_28_1, si_19_4 | SOC2: pi_1_5 | RBI-Cyber-Security-Framework: annex_i_1_3 | ProwlerThreatScore-1.0: 4.2.2 | CIS-5.0: 2.2.1 | CIS-1.4: 2.3.1 | HIPAA: 164_308_a_1_ii_b, 164_308_a_4_ii_a, 164_312_a_2_iv, 164_312_e_2_ii | GxP-21-CFR-Part-11: 11.10-c, 11.30 | FFIEC: d3-pc-am-b-12 | FedRAMP-20x-KSI-Low-25.05C: ksi-svc;encryption;;;;5.33.1;https://www.trendmicro.com/trendaivisiononecloudriskmanagement/knowledge-base/aws/RDS/rds-encryption-enabled.html | https://aws.amazon.com/blogs/storage/protecting-amazon-rds-db-instances-encrypted-using-kms-aws-managed-key-with-cross-account-and-cross-region-backups/ | https://docs.aws.amazon.com/AmazonRDS/latest/UserGuide/Overview.Encryption.html;;
profile: None;2026-07-13 09:37:50.757461;735291151388;;;;;;prowler-aws-rds_instance_transport_encrypted-735291151388-ap-south-1-cloudguardian-db;aws;rds_instance_transport_encrypted;RDS instance or cluster enforces SSL/TLS encryption for client connections;Software and Configuration Checks/AWS Security Best Practices/Network Security;FAIL;RDS Instance cloudguardian-db connections are not encrypted.;False;rds;;high;AwsRdsDbInstance;arn:aws:rds:ap-south-1:735291151388:db:cloudguardian-db;cloudguardian-db;;Name=cloudguardian-db;aws;ap-south-1;**RDS DB instances** and **DB clusters** enforce **SSL/TLS** for client connections via parameter groups. The check looks for `rds.force_ssl=1` (PostgreSQL, SQL Server) or `require_secure_transport` enabled (MySQL-family) and identifies databases where encryption enforcement isn't active.;Without enforced **TLS**, clients can connect or downgrade to plaintext, exposing credentials and queries to interception. Adversaries can perform **MITM**, steal secrets, and tamper traffic, undermining **confidentiality** and **integrity** and enabling reuse of captured database credentials.;;"Enforce transport encryption at the database layer:
- Enable `rds.force_ssl=1` or `require_secure_transport` in parameter groups
- Configure clients to require certificate validation and prevent fallback
- Use current TLS versions and trusted CAs
- Prefer private network access as **defense in depth**";https://hub.prowler.com/check/rds_instance_transport_encrypted;"```yaml
# CloudFormation: set required parameter to enforce SSL/TLS
Resources:
  ExampleDBParameterGroupPostgres:
    Type: AWS::RDS::DBParameterGroup
    Properties:
      Family: <DB_PARAMETER_FAMILY>
      Description: Enforce SSL/TLS
      Parameters:
        rds.force_ssl: ""1""  # Critical: requires SSL/TLS for PostgreSQL/SQL Server instances

  ExampleDBParameterGroupMySQL:
    Type: AWS::RDS::DBParameterGroup
    Properties:
      Family: <DB_PARAMETER_FAMILY>
      Description: Enforce SSL/TLS
      Parameters:
        require_secure_transport: ""1""  # Critical: requires SSL/TLS for MySQL/MariaDB instances

  ExampleDBClusterParameterGroupAuroraPostgres:
    Type: AWS::RDS::DBClusterParameterGroup
    Properties:
      Family: <DB_CLUSTER_PARAMETER_FAMILY>
      Description: Enforce SSL/TLS
      Parameters:
        rds.force_ssl: ""1""  # Critical: requires SSL/TLS for Aurora PostgreSQL clusters

  ExampleDBClusterParameterGroupAuroraMySQL:
    Type: AWS::RDS::DBClusterParameterGroup
    Properties:
      Family: <DB_CLUSTER_PARAMETER_FAMILY>
      Description: Enforce SSL/TLS
      Parameters:
        require_secure_transport: ON  # Critical: requires SSL/TLS for Aurora MySQL clusters
```";"```hcl
# DB instances
resource ""aws_db_parameter_group"" ""example_pg"" {
  name   = ""<example_resource_name>""
  family = ""<DB_PARAMETER_FAMILY>""

  parameter {
    name  = ""rds.force_ssl""
    value = ""1""  # Critical: requires SSL/TLS for PostgreSQL/SQL Server instances
  }
}

resource ""aws_db_parameter_group"" ""example_mysql"" {
  name   = ""<example_resource_name>""
  family = ""<DB_PARAMETER_FAMILY>""

  parameter {
    name  = ""require_secure_transport""
    value = ""1""  # Critical: requires SSL/TLS for MySQL/MariaDB instances
  }
}

# Aurora clusters
resource ""aws_rds_cluster_parameter_group"" ""example_aurora_pg"" {
  name   = ""<example_resource_name>""
  family = ""<DB_CLUSTER_PARAMETER_FAMILY>""

  parameter {
    name  = ""rds.force_ssl""
    value = ""1""  # Critical: requires SSL/TLS for Aurora PostgreSQL clusters
  }
}

resource ""aws_rds_cluster_parameter_group"" ""example_aurora_mysql"" {
  name   = ""<example_resource_name>""
  family = ""<DB_CLUSTER_PARAMETER_FAMILY>""

  parameter {
    name  = ""require_secure_transport""
    value = ""ON""  # Critical: requires SSL/TLS for Aurora MySQL clusters
  }
}
```";aws rds modify-db-parameter-group --region <REGION_NAME> --db-parameter-group-name <PARAMETER_GROUP_NAME> --parameters ParameterName='rds.force_ssl',ParameterValue='1',ApplyMethod='pending-reboot';"1. In the AWS Console, go to RDS > Parameter groups
2. For DB instances:
   - Edit the DB parameter group attached to the instance (or create one and attach it)
   - Set rds.force_ssl = 1 for PostgreSQL/SQL Server, or require_secure_transport = 1 for MySQL/MariaDB
   - Save. If the parameter is static, reboot the instance
3. For Aurora clusters:
   - Edit the DB cluster parameter group attached to the cluster (or create one and attach it)
   - Set rds.force_ssl = 1 for Aurora PostgreSQL, or require_secure_transport = ON for Aurora MySQL
   - Save. Reboot instances if changes are pending-reboot
4. Verify the parameter group is associated to the target instance/cluster and status shows the new value applied";CIS-1.5: 2.3.1 | SecNumCloud-3.2: 10.2 | CIS-2.0: 2.3.1 | AWS-Foundational-Security-Best-Practices: RDS.38, RDS.39 | KISA-ISMS-P-2023-korean: 2.7.1, 2.10.2 | AWS-Audit-Manager-Control-Tower-Guardrails: 5.0.1 | CCC-v2025.10: CCC.Core.CN01.AR01 | MITRE-ATTACK: T1040, T1530 | ISO27001-2022: A.8.24 | NIST-CSF-2.0: ds_2 | KISA-ISMS-P-2023: 2.7.1, 2.10.2 | C5-2025: OPS-31.01B, IAM-07.03B, CRY-01.02AC, CRY-05.01AC, PSS-12.02B | CIS-1.4: 2.3.1;encryption;;;;5.33.1;https://aws.amazon.com/premiumsupport/knowledge-center/rds-connect-ssl-connection/ | https://docs.aws.amazon.com/AmazonRDS/latest/UserGuide/PostgreSQL.Concepts.General.SSL.html | https://www.trendmicro.com/trendaivisiononecloudriskmanagement/knowledge-base/aws/RDS/transport-encryption.html;;
profile: None;2026-07-13 09:37:50.757461;735291151388;;;;;;prowler-aws-s3_account_level_public_access_blocks-735291151388-ap-south-1-735291151388;aws;s3_account_level_public_access_blocks;S3 account-level Block Public Access ignores public ACLs and restricts public buckets;Software and Configuration Checks/AWS Security Best Practices | Software and Configuration Checks/Industry and Regulatory Standards/AWS Foundational Security Best Practices | Software and Configuration Checks/Industry and Regulatory Standards/CIS AWS Foundations Benchmark | Effects/Data Exposure;FAIL;Block Public Access is not configured for the account 735291151388.;False;s3;;high;AwsS3AccountPublicAccessBlock;arn:aws:s3:ap-south-1:735291151388:account;735291151388;;;aws;ap-south-1;**Amazon S3** account-level **Block Public Access** is assessed for `ignore_public_acls` and `restrict_public_buckets` to confirm centralized blocking of ACL-based public access and limiting buckets with public policies to in-account principals.;"Absent these settings, **public ACLs** and broad bucket policies may grant internet or cross-account access. This risks:
- Confidentiality: bulk data exfiltration
- Integrity: object overwrite/tampering
- Availability: malicious deletions or malware hosting, triggering takedowns";;Turn on account-level **Block Public Access** (prefer enabling all four: `block_public_acls`, `ignore_public_acls`, `block_public_policy`, `restrict_public_buckets`) to enforce least privilege. For legitimate access, use private buckets with **CloudFront**, VPC endpoints, or presigned URLs. Regularly review policies with IAM Access Analyzer.;https://hub.prowler.com/check/s3_account_level_public_access_blocks;"```yaml
# CloudFormation: Enable required S3 Account-level Block Public Access settings
Resources:
  <example_resource_name>:
    Type: AWS::S3::AccountPublicAccessBlock
    Properties:
      AccountId: !Ref AWS::AccountId
      IgnorePublicAcls: true         # Critical: Ignores any public ACLs at the account level
      RestrictPublicBuckets: true    # Critical: Restricts buckets with public policies to only same-account principals
```";"```hcl
# Terraform: Enable required S3 Account-level Block Public Access settings
resource ""aws_s3_account_public_access_block"" ""<example_resource_name>"" {
  ignore_public_acls     = true  # Critical: Ignores any public ACLs account-wide
  restrict_public_buckets = true # Critical: Restricts buckets with public policies to same-account principals
}
```";aws s3control put-public-access-block --account-id <account_id> --public-access-block-configuration IgnorePublicAcls=true,RestrictPublicBuckets=true;"1. In the AWS Console, go to S3
2. Click Block public access (account settings)
3. Click Edit
4. Turn on: Ignore public ACLs and Restrict public buckets
5. Click Save changes";CIS-6.0: 3.1.4 | CIS-1.5: 2.1.5 | FedRAMP-Low-Revision-4: ac-3, ac-17, cm-2, sc-7 | SecNumCloud-3.2: 9.7 | CIS-7.0: 3.1.4 | CIS-2.0: 2.1.4 | AWS-Foundational-Security-Best-Practices: S3.1 | KISA-ISMS-P-2023-korean: 2.6.1, 2.6.2, 2.10.2 | CIS-4.0.1: 2.1.4 | CISA: your-systems-3, your-data-2 | AWS-Account-Security-Onboarding: S3 Block Public Access | AWS-Audit-Manager-Control-Tower-Guardrails: 4.1.1 | NIST-800-171-Revision-2: 3_1_1, 3_1_2, 3_1_3, 3_1_14, 3_1_20, 3_3_8, 3_4_6, 3_13_2, 3_13_5 | PCI-4.0: 1.2.8.31, 1.2.8.32, 1.3.1.35, 1.3.1.36, 1.3.2.35, 1.3.2.36, 1.4.2.33, 1.4.2.34, 1.5.1.31, 1.5.1.32, 10.3.2.19, 10.3.2.20, 3.5.1.3.24, 3.5.1.3.25, A1.1.2.15, A1.1.2.16, A1.1.3.31, A1.1.3.32, A3.4.1.17, A3.4.1.18 | FedRamp-Moderate-Revision-4: ac-3, ac-6, ac-17-1, ac-21-b, cm-2, sc-4, sc-7-3, sc-7 | CCC-v2025.10: CCC.Core.CN05.AR01, CCC.Logging.CN05.AR01, CCC.Logging.CN05.AR02 | MITRE-ATTACK: T1530 | AWS-AI-Security-Framework-1.0: AISF-DATA-04 | CIS-3.0: 2.1.4 | PCI-3.2.1: 1.3, 2.2, 2.2.2, 7.2, 7.2.1 | ISO27001-2022: A.8.1 | NIST-800-53-Revision-4: sc_7_3, sc_7 | NIST-CSF-1.1: ac_3, ac_5, ds_5, ip_8, pt_3 | AWS-Well-Architected-Framework-Security-Pillar: SEC03-BP07 | NIST-CSF-2.0: ac_3 | KISA-ISMS-P-2023: 2.6.1, 2.6.2, 2.10.2 | C5-2025: PS-03.02B, IAM-10.01B, COS-02.01B | NIST-800-53-Revision-5: ac_2_6, ac_3, ac_3_7, ac_4_21, ac_6, ac_17_b, ac_17_1, ac_17_4_a, ac_17_9, ac_17_10, cm_6_a, cm_9_b, mp_2, sc_7_2, sc_7_3, sc_7_7, sc_7_9_a, sc_7_11, sc_7_12, sc_7_16, sc_7_20, sc_7_21, sc_7_24_b, sc_7_25, sc_7_26, sc_7_27, sc_7_28, sc_7_a, sc_7_b, sc_7_c, sc_25 | RBI-Cyber-Security-Framework: annex_i_1_3 | CIS-5.0: 2.1.4 | CIS-1.4: 2.1.5 | HIPAA: 164_308_a_1_ii_b, 164_308_a_3_i | GxP-21-CFR-Part-11: 11.10-d, 11.10-g | FFIEC: d3-pc-im-b-1;internet-exposed;;;;5.33.1;https://docs.aws.amazon.com/AmazonS3/latest/userguide/access-control-block-public-access.html;;
profile: None;2026-07-13 09:37:50.757461;735291151388;;;;;;prowler-aws-s3_bucket_cross_region_replication-735291151388-ap-south-1-cloudguardian-data-dd2b6927;aws;s3_bucket_cross_region_replication;S3 bucket has cross-region replication configured to a bucket in a different region;Software and Configuration Checks/AWS Security Best Practices | Effects/Data Destruction;FAIL;S3 Bucket cloudguardian-data-dd2b6927 does not have correct cross region replication configuration.;False;s3;;low;AwsS3Bucket;arn:aws:s3:::cloudguardian-data-dd2b6927;cloudguardian-data-dd2b6927;;Name=cloudguardian-bucket;aws;ap-south-1;"**Amazon S3 buckets** use **cross-Region replication** with `versioning` and an enabled rule that targets a destination bucket in a different AWS Region.

Buckets with same-Region targets, missing destinations, or disabled `versioning` don't meet this replication posture.";"**Single-Region storage** creates an availability gap: a Regional outage, control-plane isolation, or denial of service can make data **unreachable**.

Lack of replication raises RPO/RTO, delaying recovery and disrupting multi-Region workloads. Missing replicas also weaken data **integrity** during restore from corruption or deletion.";;"Enable **CRR** to a different Region with `versioning` and least-privilege roles.

- Replicate needed prefixes and metadata
- Consider `S3 Replication Time Control` for tighter RPO
- Protect deletes via `delete marker` strategy and Object Lock
- Monitor replication metrics and test DR regularly

Align with **defense in depth** and availability by design.";https://hub.prowler.com/check/s3_bucket_cross_region_replication;"```yaml
# CloudFormation: Enable versioning and CRR to a bucket in another region
Resources:
  ExampleBucket:
    Type: AWS::S3::Bucket
    Properties:
      VersioningConfiguration:
        Status: Enabled  # critical: enables versioning (required for replication)
      ReplicationConfiguration:  # critical: enables cross-Region replication
        Role: !GetAtt ReplicationRole.Arn
        Rules:
          - Status: Enabled  # critical: replication rule must be enabled
            Destination:
              Bucket: arn:aws:s3:::<example_destination_bucket_name>  # critical: destination bucket ARN in a different region

  ReplicationRole:
    Type: AWS::IAM::Role
    Properties:
      AssumeRolePolicyDocument:
        Version: '2012-10-17'
        Statement:
          - Effect: Allow
            Principal:
              Service: s3.amazonaws.com
            Action: sts:AssumeRole
      Policies:
        - PolicyName: s3-replication-minimal
          PolicyDocument:
            Version: '2012-10-17'
            Statement:
              - Effect: Allow
                Action:
                  - s3:ListBucket
                  - s3:GetReplicationConfiguration
                Resource: !Sub arn:aws:s3:::${ExampleBucket}
              - Effect: Allow
                Action:
                  - s3:GetObjectVersionForReplication
                  - s3:GetObjectVersionAcl
                  - s3:GetObjectVersionTagging
                Resource: !Sub arn:aws:s3:::${ExampleBucket}/*
              - Effect: Allow
                Action:
                  - s3:ReplicateObject
                  - s3:ReplicateDelete
                  - s3:ReplicateTags
                Resource: arn:aws:s3:::<example_destination_bucket_name>/*
```";"```hcl
# Enable versioning and minimal CRR to a bucket in another region
resource ""aws_s3_bucket"" ""source"" {
  bucket = ""<example_resource_name>""

  versioning {                      
    enabled = true  # critical: required for replication
  }

  replication_configuration {        
    role = aws_iam_role.replication.arn  # critical: role used by S3 to replicate

    rules {
      status = ""Enabled""  # critical: replication rule must be enabled
      destination {
        bucket = ""arn:aws:s3:::<example_destination_bucket_name>""  # critical: destination bucket ARN in a different region
      }
    }
  }
}

resource ""aws_iam_role"" ""replication"" {
  name = ""<example_resource_name>-s3-replication-role""
  assume_role_policy = jsonencode({
    Version = ""2012-10-17""
    Statement = [{
      Effect    = ""Allow""
      Principal = { Service = ""s3.amazonaws.com"" }
      Action    = ""sts:AssumeRole""
    }]
  })
}

resource ""aws_iam_role_policy"" ""replication"" {
  name = ""<example_resource_name>-s3-replication-policy""
  role = aws_iam_role.replication.id
  policy = jsonencode({
    Version = ""2012-10-17"",
    Statement = [
      {
        Effect = ""Allow"",
        Action = [""s3:ListBucket"", ""s3:GetReplicationConfiguration""],
        Resource = ""arn:aws:s3:::${aws_s3_bucket.source.bucket}""
      },
      {
        Effect = ""Allow"",
        Action = [
          ""s3:GetObjectVersionForReplication"",
          ""s3:GetObjectVersionAcl"",
          ""s3:GetObjectVersionTagging""
        ],
        Resource = ""arn:aws:s3:::${aws_s3_bucket.source.bucket}/*""
      },
      {
        Effect = ""Allow"",
        Action = [""s3:ReplicateObject"", ""s3:ReplicateDelete"", ""s3:ReplicateTags""],
        Resource = ""arn:aws:s3:::<example_destination_bucket_name>/*""
      }
    ]
  })
}
```";;"1. In the S3 console, open the source bucket
2. Go to Properties > Bucket Versioning and click Enable
3. Go to Management > Replication rules > Create replication rule
4. Scope: Apply to all objects in the bucket
5. Destination: Select a bucket in a different AWS Region
6. Status: Ensure Enabled is selected
7. IAM role: Choose Create new role (recommended)
8. Save the rule";SecNumCloud-3.2: 12.5 | KISA-ISMS-P-2023-korean: 2.9.2 | ASD-Essential-Eight-Nov 2023: E8-8.3 | CCC-v2025.10: CCC.Core.CN08.AR01, CCC.Core.CN08.AR02, CCC.Core.CN10.AR01, CCC.AuditLog.CN05.AR01 | PCI-3.2.1: 2.2, 3.1, 3.1.c, 10.5, 10.5.3 | ISO27001-2022: A.8.14 | NIST-CSF-2.0: be_5, ds_4, pt_5 | KISA-ISMS-P-2023: 2.9.2 | C5-2025: PS-02.01B, PS-02.01AS, PS-02.02AS;resilience;;;;5.33.1;https://docs.aws.amazon.com/securityhub/latest/userguide/s3-controls.html#s3-7 | https://docs.aws.amazon.com/AmazonS3/latest/userguide/replication.html;;
profile: None;2026-07-13 09:37:50.757461;735291151388;;;;;;prowler-aws-s3_bucket_default_encryption-735291151388-ap-south-1-cloudguardian-data-dd2b6927;aws;s3_bucket_default_encryption;[DEPRECATED] S3 bucket has default server-side encryption (SSE) enabled;Software and Configuration Checks/AWS Security Best Practices | Software and Configuration Checks/Industry and Regulatory Standards/AWS Foundational Security Best Practices | Software and Configuration Checks/Industry and Regulatory Standards/CIS AWS Foundations Benchmark | Effects/Data Exposure;PASS;S3 Bucket cloudguardian-data-dd2b6927 has Server Side Encryption with AES256.;False;s3;;medium;AwsS3Bucket;arn:aws:s3:::cloudguardian-data-dd2b6927;cloudguardian-data-dd2b6927;;Name=cloudguardian-bucket;aws;ap-south-1;[DEPRECATED] **Amazon S3 buckets** have a default **server-side encryption** setting that automatically encrypts new objects using `SSE-S3` or `SSE-KMS`. This evaluates whether a bucket has a default encryption configuration defined.;Without default encryption, older objects may remain unencrypted and new uploads won't be forced to use `SSE-KMS`. This reduces confidentiality and governance by limiting key audit logs, rotation, and cross-account controls, and increases exposure if data is copied, replicated, or accessed outside intended paths.;;Enable default encryption on all buckets, preferring `SSE-KMS` for sensitive data to retain key control and auditing. Enforce encryption with restrictive bucket policies, apply **least privilege** to KMS keys with rotation, and re-encrypt existing objects. Use **defense in depth** monitoring to detect drift and noncompliant uploads.;https://hub.prowler.com/check/s3_bucket_default_encryption;"```yaml
Resources:
  <example_resource_name>:
    Type: AWS::S3::Bucket
    Properties:
      BucketEncryption:
        ServerSideEncryptionConfiguration:
          - ServerSideEncryptionByDefault:
              SSEAlgorithm: AES256  # Critical: enables default SSE-S3 so new objects are encrypted
```";"```hcl
resource ""aws_s3_bucket"" ""<example_resource_name>"" {
  bucket = ""<example_resource_name>""
}

resource ""aws_s3_bucket_server_side_encryption_configuration"" ""<example_resource_name>"" {
  bucket = aws_s3_bucket.<example_resource_name>.id

  rule {
    apply_server_side_encryption_by_default {
      sse_algorithm = ""AES256""  # Critical: enables default SSE-S3 for the bucket
    }
  }
}
```";"aws s3api put-bucket-encryption --bucket <bucket_name> --server-side-encryption-configuration '{""Rules"":[{""ApplyServerSideEncryptionByDefault"":{""SSEAlgorithm"":""AES256""}}]}'";"1. Open the AWS S3 console and select the bucket
2. Go to the Properties tab
3. In Default encryption, click Edit
4. Enable default encryption and select SSE-S3 (AES-256)
5. Click Save changes";CIS-1.5: 2.1.1 | FedRAMP-Low-Revision-4: sc-13 | SecNumCloud-3.2: 10.1 | AWS-Foundational-Technical-Review: S3-001 | KISA-ISMS-P-2023-korean: 2.7.1, 2.10.2 | ENS-RD2022: mp.si.2.aws.s3.1 | CISA: your-systems-3, your-data-1, your-data-2 | GxP-EU-Annex-11: 7.1-data-storage-damage-protection | NIST-800-171-Revision-2: 3_3_8, 3_5_10, 3_13_11, 3_13_16 | PCI-4.0: 3.5.1.30, 8.3.2.48 | FedRamp-Moderate-Revision-4: sc-13, sc-28 | CCC-v2025.10: CCC.Core.CN02.AR01 | MITRE-ATTACK: T1119, T1530 | AWS-AI-Security-Framework-1.0: AISF-INFRA-05, AISF-DATA-04 | PCI-3.2.1: 3.4, 3.4.1, 3.4.1.a, 3.4.1.c, 3.4.a, 3.4.b, 3.4.d, 8.2, 8.2.1, 8.2.1.a | ISO27001-2022: A.8.11, A.8.24 | NIST-800-53-Revision-4: sc_28 | NIST-CSF-1.1: ds_1 | GDPR: article_32 | AWS-Well-Architected-Framework-Security-Pillar: SEC08-BP03 | NIST-CSF-2.0: ds_1, ds_3 | KISA-ISMS-P-2023: 2.7.1, 2.10.2 | C5-2025: OPS-31.01B, IAM-07.03B, CRY-01.02AC, CRY-05.01AC, PSS-12.02B | NIST-800-53-Revision-5: au_9_3, cm_6_a, cm_9_b, cp_9_d, cp_9_8, pm_11_b, sc_8_3, sc_8_4, sc_13_a, sc_16_1, sc_28_1, si_19_4 | SOC2: pi_1_4 | RBI-Cyber-Security-Framework: annex_i_1_3 | CIS-1.4: 2.1.1 | HIPAA: 164_308_a_1_ii_b, 164_308_a_4_ii_a, 164_312_a_2_iv, 164_312_c_1, 164_312_c_2, 164_312_e_2_ii | GxP-21-CFR-Part-11: 11.10-c, 11.30 | FFIEC: d3-pc-am-b-12 | FedRAMP-20x-KSI-Low-25.05C: ksi-svc;encryption;;;This check is being deprecated since AWS automatically applies SSE-S3 to every S3 bucket (both new buckets and previously-unencrypted existing buckets) as of January 5, 2023, and encryption can no longer be disabled. For SSE-KMS validation, use `s3_bucket_kms_encryption` instead.;5.33.1;https://docs.aws.amazon.com/AmazonS3/latest/userguide/default-encryption-faq.html;;
profile: None;2026-07-13 09:37:50.757461;735291151388;;;;;;prowler-aws-s3_bucket_kms_encryption-735291151388-ap-south-1-cloudguardian-data-dd2b6927;aws;s3_bucket_kms_encryption;S3 bucket has server-side encryption with AWS KMS;Software and Configuration Checks/AWS Security Best Practices | Software and Configuration Checks/Industry and Regulatory Standards/AWS Foundational Security Best Practices | Software and Configuration Checks/Industry and Regulatory Standards/CIS AWS Foundations Benchmark | Effects/Data Exposure;FAIL;Server Side Encryption is not configured with kms for S3 Bucket cloudguardian-data-dd2b6927.;False;s3;;medium;AwsS3Bucket;arn:aws:s3:::cloudguardian-data-dd2b6927;cloudguardian-data-dd2b6927;;Name=cloudguardian-bucket;aws;ap-south-1;**Amazon S3 buckets** use server-side encryption with **AWS KMS** keys, including dual-layer `aws:kms:dsse`. The evaluation identifies buckets whose default encryption is `aws:kms` or `aws:kms:dsse` rather than SSE-S3.;Without **KMS-based encryption**, data relies only on SSE-S3, reducing **confidentiality** controls. Missing key policies and grants weakens **least privilege**, cross-account scoping, and the ability to disable or rotate keys. Lack of **KMS audit trails** obscures key usage, hindering detection of misuse and **defense in depth**.;;Enable default **SSE-KMS** (or **DSSE-KMS** for highly sensitive data). Use a customer-managed key, enforce **least privilege** and separation of duties for key usage, and require KMS encryption via bucket policy (specify `aws:kms` and a designated key). Monitor key activity in **CloudTrail** and consider **S3 Bucket Keys** to control cost.;https://hub.prowler.com/check/s3_bucket_kms_encryption;"```yaml
# CloudFormation: enable default SSE-KMS on the bucket
Resources:
  <example_resource_name>:
    Type: AWS::S3::Bucket
    Properties:
      BucketEncryption:
        ServerSideEncryptionConfiguration:
          - ServerSideEncryptionByDefault:
              SSEAlgorithm: aws:kms  # Critical: sets default encryption to AWS KMS (SSE-KMS)
```";"```hcl
# Enable default SSE-KMS on an existing S3 bucket
resource ""aws_s3_bucket_server_side_encryption_configuration"" ""<example_resource_name>"" {
  bucket = ""<example_bucket_name>""

  rule {
    apply_server_side_encryption_by_default {
      sse_algorithm = ""aws:kms"" # Critical: enforces SSE-KMS by default
    }
  }
}
```";"aws s3api put-bucket-encryption --bucket <BUCKET_NAME> --server-side-encryption-configuration '{""Rules"":[{""ApplyServerSideEncryptionByDefault"":{""SSEAlgorithm"":""aws:kms""}}]}'";"1. In the AWS Console, go to S3 and open the target bucket
2. Select the Properties tab
3. Under Default encryption, click Edit
4. Choose Server-side encryption with AWS KMS keys (SSE-KMS)
5. Leave AWS managed key (aws/s3) selected (or choose your CMK if required)
6. Click Save changes";SecNumCloud-3.2: 10.1 | AWS-Foundational-Technical-Review: S3-001 | AWS-Foundational-Security-Best-Practices: S3.17 | KISA-ISMS-P-2023-korean: 2.7.2, 2.10.2 | PCI-4.0: 3.5.1.31, 8.3.2.50 | CCC-v2025.10: CCC.Core.CN02.AR01, CCC.ObjStor.CN01.AR01, CCC.ObjStor.CN01.AR02, CCC.ObjStor.CN01.AR03, CCC.ObjStor.CN01.AR04 | AWS-AI-Security-Framework-1.0: AISF-INFRA-05, AISF-DATA-04 | PCI-3.2.1: 3.4, 3.4.1, 3.4.1.a, 3.4.1.c, 3.4.a, 3.4.b, 3.4.d, 8.2, 8.2.1, 8.2.1.a | ISO27001-2022: A.8.11, A.8.24 | NIST-CSF-2.0: ds_1, ds_3, ds_5, pt_4 | KISA-ISMS-P-2023: 2.7.2, 2.10.2 | C5-2025: OIS-08.02B, OPS-31.01B, IAM-07.03B, CRY-01.02AC, CRY-05.02B, CRY-05.01AC, PSS-12.02B | SOC2: pi_1_4;encryption;;;;5.33.1;https://docs.aws.amazon.com/AmazonS3/latest/userguide/default-bucket-encryption.html | https://www.trendmicro.com/trendaivisiononecloudriskmanagement-staging/knowledge-base/aws/S3/encrypted-with-kms-customer-master-keys.html | https://docs.aws.amazon.com/AmazonS3/latest/userguide/UsingKMSEncryption.html;;
profile: None;2026-07-13 09:37:50.757461;735291151388;;;;;;prowler-aws-s3_bucket_lifecycle_enabled-735291151388-ap-south-1-cloudguardian-data-dd2b6927;aws;s3_bucket_lifecycle_enabled;S3 bucket has a lifecycle configuration enabled;Software and Configuration Checks/AWS Security Best Practices | Software and Configuration Checks/Industry and Regulatory Standards/AWS Foundational Security Best Practices;FAIL;S3 Bucket cloudguardian-data-dd2b6927 does not have a lifecycle configuration enabled.;False;s3;;low;AwsS3Bucket;arn:aws:s3:::cloudguardian-data-dd2b6927;cloudguardian-data-dd2b6927;;Name=cloudguardian-bucket;aws;ap-south-1;**Amazon S3 buckets** use **Lifecycle configurations** with at least one rule `Status: Enabled` to automate object `Transitions` and `Expiration` based on age, prefix, or tags;Without lifecycle rules, objects persist indefinitely, driving costs and retaining sensitive data beyond policy. Unchecked log/version growth strains operations and recovery. Long-lived data increases exposure if the account is compromised and can break required deletion timelines, affecting confidentiality and availability.;;Define **Lifecycle policies** by data classification: set `Expiration` to enforce retention, use `Transitions` to lower-cost classes, and enable `AbortIncompleteMultipartUpload`. For critical logs, keep versioning and, *if required*, **Object Lock**. Limit who can change lifecycle using least privilege and separation of duties.;https://hub.prowler.com/check/s3_bucket_lifecycle_enabled;"```yaml
# CloudFormation: enable a minimal S3 Lifecycle configuration
Resources:
  <example_resource_name>:
    Type: AWS::S3::Bucket
    Properties:
      LifecycleConfiguration:  # CRITICAL: Adds a Lifecycle configuration to the bucket
        Rules:
          - Status: Enabled     # CRITICAL: Rule must be Enabled to pass the check
            Filter:
              Prefix: """"        # Applies to all objects
            AbortIncompleteMultipartUpload:
              DaysAfterInitiation: 7  # Minimal action to satisfy schema
```";"```hcl
# Minimal lifecycle configuration to mark the bucket as having an enabled rule
resource ""aws_s3_bucket_lifecycle_configuration"" ""<example_resource_name>"" {
  bucket = ""<example_resource_name>""

  rule {
    status = ""Enabled""  # CRITICAL: Enables lifecycle rule to pass the check
    filter {}            # Applies to all objects

    abort_incomplete_multipart_upload {
      days_after_initiation = 7  # Minimal action to satisfy schema
    }
  }
}
```";"aws s3api put-bucket-lifecycle-configuration --bucket <BUCKET_NAME> --lifecycle-configuration '{""Rules"":[{""Status"":""Enabled"",""Filter"":{""Prefix"":""""},""AbortIncompleteMultipartUpload"":{""DaysAfterInitiation"":7}}]}'";"1. In the AWS Console, go to S3 and open the target bucket
2. Select the Management tab, then click Create lifecycle rule
3. Enter a name and choose This rule applies to all objects in the bucket
4. Under Lifecycle rule actions, select Clean up incomplete multipart uploads and set Days after initiation to 7
5. Ensure Status is Enabled and click Create rule";AWS-Foundational-Security-Best-Practices: S3.13 | KISA-ISMS-P-2023-korean: 2.9.3, 2.12.1 | PCI-4.0: 10.5.1.12, 10.5.1.13, 3.2.1.8, 3.2.1.9, 3.3.1.1.8, 3.3.1.1.9, 3.3.1.3.8, 3.3.1.3.9, 3.3.2.8, 3.3.2.9, 3.3.3.8, 3.3.3.9 | CCC-v2025.10: CCC.AuditLog.CN06.AR01 | PCI-3.2.1: 3.1, 3.1.a, 3.2, 3.2.c, 10.7, 10.7.a | ISO27001-2022: A.8.10 | NIS2: 12.2.2.a | NIST-CSF-2.0: ds_3, ds_4 | KISA-ISMS-P-2023: 2.9.3, 2.12.1 | C5-2025: OPS-32.02B;;;;;5.33.1;https://docs.aws.amazon.com/securityhub/latest/userguide/s3-controls.html#s3-13 | https://docs.aws.amazon.com/AmazonS3/latest/userguide/object-lifecycle-mgmt.html | https://docs.aws.amazon.com/AmazonS3/latest/userguide/how-to-set-lifecycle-configuration-intro.html | https://www.trendmicro.com/trendaivisiononecloudriskmanagement/knowledge-base/aws/S3/lifecycle-configuration.html;;
profile: None;2026-07-13 09:37:50.757461;735291151388;;;;;;prowler-aws-s3_bucket_object_versioning-735291151388-ap-south-1-cloudguardian-data-dd2b6927;aws;s3_bucket_object_versioning;S3 bucket has object versioning enabled;Software and Configuration Checks/AWS Security Best Practices | Software and Configuration Checks/Industry and Regulatory Standards/AWS Foundational Security Best Practices | Software and Configuration Checks/Industry and Regulatory Standards/CIS AWS Foundations Benchmark | Effects/Data Destruction;FAIL;S3 Bucket cloudguardian-data-dd2b6927 has versioning disabled.;False;s3;;medium;AwsS3Bucket;arn:aws:s3:::cloudguardian-data-dd2b6927;cloudguardian-data-dd2b6927;;Name=cloudguardian-bucket;aws;ap-south-1;**Amazon S3 buckets** are evaluated for **object versioning** being `Enabled`, which maintains multiple versions of the same object key for historical state retention;"Without **versioning**, deletions and overwrites remove the only copy, undermining **availability** and **integrity**.
- Compromised identities or buggy apps can mass-delete/corrupt data
- No historical versions means limited rollback and irrecoverable loss";;"Enable **S3 versioning** for buckets holding important or shared data.
- Enforce **least privilege** to limit delete/overwrite
- Use **Object Lock** and/or **MFA Delete** for stronger protection
- Apply **lifecycle rules** to manage noncurrent versions and costs
- Layer with backups/replication for **defense in depth**";https://hub.prowler.com/check/s3_bucket_object_versioning;"```yaml
# CloudFormation: enable versioning on an S3 bucket
Resources:
  <example_resource_name>:
    Type: AWS::S3::Bucket
    Properties:
      VersioningConfiguration:
        Status: Enabled  # Critical: turns on object versioning to pass the check
```";"```hcl
# Enable versioning on an existing S3 bucket
resource ""aws_s3_bucket_versioning"" ""<example_resource_name>"" {
  bucket = ""<example_resource_name>""
  versioning_configuration {
    status = ""Enabled""  # Critical: enables bucket versioning to remediate the finding
  }
}
```";aws s3api put-bucket-versioning --bucket <BUCKET_NAME> --versioning-configuration Status=Enabled;"1. In the AWS Console, go to S3 > Buckets and select the target bucket
2. Open the Properties tab
3. Find Bucket Versioning and click Edit
4. Select Enable and click Save changes";FedRAMP-Low-Revision-4: au-9, cp-9, cp-10, sc-5 | SecNumCloud-3.2: 12.5, 17.6 | AWS-Foundational-Security-Best-Practices: S3.14 | KISA-ISMS-P-2023-korean: 2.9.3, 2.12.1 | CISA: your-systems-3, your-data-4, booting-up-thing-to-do-first-1 | AWS-Audit-Manager-Control-Tower-Guardrails: 5.1.1 | GxP-EU-Annex-11: 5-data, 7.1-data-storage-damage-protection, 7.2-data-storage-backups, 16-business-continuity, 17-archiving, 4.8-validation-data-transfer | NIST-800-171-Revision-2: 3_3_8 | ASD-Essential-Eight-Nov 2023: E8-8.2 | PCI-4.0: 10.3.4.9 | FedRamp-Moderate-Revision-4: au-9-2, cp-9-b, cp-10, sc-5, si-12 | CCC-v2025.10: CCC.ObjStor.CN03.AR01, CCC.ObjStor.CN05.AR01, CCC.ObjStor.CN05.AR02, CCC.ObjStor.CN05.AR03, CCC.ObjStor.CN05.AR04 | MITRE-ATTACK: T1485, T1486 | AWS-AI-Security-Framework-1.0: AISF-DATA-04 | PCI-3.2.1: 3.1, 3.1.c, 10.5, 10.5.2, 10.5.3, 10.5.5 | ISO27001-2022: A.8.3, A.8.10 | NIST-800-53-Revision-4: cp_10, si_12 | NIST-CSF-1.1: be_5, ds_4, ip_4, ip_9, pt_5, rp_1, rp_1 | AWS-Well-Architected-Framework-Security-Pillar: SEC08-BP04 | KISA-ISMS-P-2023: 2.9.3, 2.12.1 | C5-2025: OPS-13.01AC, OPS-33.02B, DEV-07.01B | NIST-800-53-Revision-5: au_9_2, cp_1_2, cp_2_5, cp_6_a, cp_6_1, cp_6_2, cp_9_a, cp_9_b, cp_9_c, cp_10, cp_10_2, pm_11_b, pm_17_b, sc_5_2, sc_16_1, si_1_a_2, si_13_5 | SOC2: cc_7_4, cc_a_1_1, cc_c_1_2, pi_1_5 | RBI-Cyber-Security-Framework: annex_i_12 | HIPAA: 164_308_a_1_ii_b, 164_308_a_7_i, 164_308_a_7_ii_a, 164_308_a_7_ii_b, 164_308_a_7_ii_c, 164_312_a_2_ii, 164_312_c_1, 164_312_c_2 | GxP-21-CFR-Part-11: 11.10-a, 11.10-c | FFIEC: d5-ir-pl-b-6;resilience;;;;5.33.1;https://docs.aws.amazon.com/AmazonS3/latest/dev-retired/Versioning.html;;
profile: None;2026-07-13 09:37:50.757461;735291151388;;;;;;prowler-aws-s3_bucket_policy_public_write_access-735291151388-ap-south-1-cloudguardian-data-dd2b6927;aws;s3_bucket_policy_public_write_access;S3 bucket policy does not allow public write access;Software and Configuration Checks/AWS Security Best Practices | Software and Configuration Checks/Industry and Regulatory Standards/AWS Foundational Security Best Practices | Software and Configuration Checks/Industry and Regulatory Standards/CIS AWS Foundations Benchmark | Effects/Data Destruction | TTPs/Initial Access;PASS;S3 Bucket cloudguardian-data-dd2b6927 does not allow public write access in the bucket policy.;False;s3;;critical;AwsS3Bucket;arn:aws:s3:::cloudguardian-data-dd2b6927;cloudguardian-data-dd2b6927;;Name=cloudguardian-bucket;aws;ap-south-1;**Amazon S3 bucket policies** are evaluated for **public write permissions** (e.g., `s3:PutObject`, `s3:Delete*`, or `s3:*`). Account or bucket **Public Access Block** that restricts public buckets is considered when determining exposure.;Public write access lets anyone upload, overwrite, or delete objects, undermining **integrity** and **availability**. Attackers can plant malware, stage phishing content, poison data, or wipe buckets, causing outages and potential legal and cost impacts from storage abuse and content hosting.;;"Restrict writes to trusted principals using **least privilege**; avoid `Principal: ""*""`. Enable **Public Access Block** at account and bucket levels for defense in depth. Prefer IAM roles over broad bucket policies, require private access paths, and enable versioning to recover from unwanted changes.";https://hub.prowler.com/check/s3_bucket_policy_public_write_access;"```yaml
# CloudFormation: Enable bucket-level Public Access Block to prevent public policies from granting write
Resources:
  <example_resource_name>:
    Type: AWS::S3::Bucket
    Properties:
      PublicAccessBlockConfiguration:
        RestrictPublicBuckets: true  # Critical: blocks public access granted by any public bucket policy
```";"```hcl
# Enable bucket-level Public Access Block so public bucket policies (including write) are blocked
resource ""aws_s3_bucket_public_access_block"" ""<example_resource_name>"" {
  bucket                   = ""<example_resource_id>""
  restrict_public_buckets  = true  # Critical: prevents public access granted via bucket policies
}
```";aws s3api put-public-access-block --bucket <BUCKET_NAME> --public-access-block-configuration RestrictPublicBuckets=true;"1. Open the AWS S3 console and select the target bucket
2. Go to the Permissions tab
3. Under Block public access (bucket settings), click Edit
4. Enable ""Block public and cross-account access to buckets and objects through any public bucket or access point policies""
5. Click Save changes";FedRAMP-Low-Revision-4: ac-3, ac-17, cm-2, sc-7 | AWS-Foundational-Technical-Review: S3-001 | CIS-7.0: 2.21 | AWS-Foundational-Security-Best-Practices: S3.3 | KISA-ISMS-P-2023-korean: 2.5.6, 2.6.2, 2.10.2 | ENS-RD2022: op.acc.4.aws.iam.1, op.exp.8.r4.aws.ct.2 | CISA: your-systems-3, your-data-2 | AWS-Audit-Manager-Control-Tower-Guardrails: 4.1.2 | NIST-800-171-Revision-2: 3_1_1, 3_1_2, 3_1_3, 3_3_8, 3_4_6, 3_13_2, 3_13_5 | FedRamp-Moderate-Revision-4: ac-3, ac-4, ac-6, ac-17-1, ac-21-b, cm-2, sc-4, sc-7-3, sc-7 | CCC-v2025.10: CCC.Core.CN05.AR05, CCC.AuditLog.CN10.AR02 | MITRE-ATTACK: T1485, T1486 | AWS-AI-Security-Framework-1.0: AISF-DATA-04 | PCI-3.2.1: 1.2, 1.2.1, 1.2.1.a, 1.2.1.b, 1.2.1.c, 1.3, 1.3.1, 1.3.2, 1.3.4, 1.3.6, 7.2, 7.2.1 | ISO27001-2022: A.8.1 | NIST-800-53-Revision-4: ac_3, ac_4, ac_6, ac_21, sc_7_3, sc_7 | NIST-CSF-1.1: ac_3, ac_5, ds_5, ip_8, pt_3 | AWS-Well-Architected-Framework-Security-Pillar: SEC03-BP07 | KISA-ISMS-P-2023: 2.5.6, 2.6.2, 2.10.2 | C5-2025: PS-03.02B, IAM-10.01B | NIST-800-53-Revision-5: ac_2_6, ac_3, ac_3_7, ac_4_21, ac_6, ac_17_b, ac_17_1, ac_17_4_a, ac_17_9, ac_17_10, cm_6_a, cm_9_b, mp_2, sc_7_2, sc_7_3, sc_7_7, sc_7_9_a, sc_7_11, sc_7_12, sc_7_16, sc_7_20, sc_7_21, sc_7_24_b, sc_7_25, sc_7_26, sc_7_27, sc_7_28, sc_7_a, sc_7_b, sc_7_c, sc_25 | RBI-Cyber-Security-Framework: annex_i_1_3 | ProwlerThreatScore-1.0: 2.2.15 | HIPAA: 164_308_a_1_ii_b, 164_308_a_3_i, 164_312_a_1 | GxP-21-CFR-Part-11: 11.10-c, 11.10-d, 11.10-g, 11.10-k | FFIEC: d3-pc-im-b-1;internet-exposed;;;;5.33.1;https://docs.aws.amazon.com/IAM/latest/UserGuide/reference_policies_examples_s3_rw-bucket.html;;
profile: None;2026-07-13 09:37:50.757461;735291151388;;;;;;prowler-aws-s3_bucket_public_access-735291151388-ap-south-1-cloudguardian-data-dd2b6927;aws;s3_bucket_public_access;S3 bucket is not publicly accessible to Everyone or Authenticated Users;Software and Configuration Checks/AWS Security Best Practices/Network Reachability | Software and Configuration Checks/Industry and Regulatory Standards/AWS Foundational Security Best Practices | Software and Configuration Checks/Industry and Regulatory Standards/CIS AWS Foundations Benchmark | Effects/Data Exposure;PASS;S3 Bucket cloudguardian-data-dd2b6927 is not public.;False;s3;;critical;AwsS3Bucket;arn:aws:s3:::cloudguardian-data-dd2b6927;cloudguardian-data-dd2b6927;;Name=cloudguardian-bucket;aws;ap-south-1;**Amazon S3 buckets** are evaluated for **public access** via ACLs and bucket policies. The check identifies account or bucket `PublicAccessBlock` protections (`IgnorePublicAcls`, `RestrictPublicBuckets`) and flags buckets granting group access to `AllUsers` or `AuthenticatedUsers`, or with a public bucket policy.;Publicly accessible buckets jeopardize **confidentiality** through unauthenticated reads, **integrity** through write or ACL changes, and **availability** via object deletion or overwrite. Attackers can mass-exfiltrate data, host malware, or pivot after discovering secrets stored in objects.;;"Enforce defense in depth: enable **S3 Block Public Access** at org/account and bucket levels (`BlockPublicAcls`, `IgnorePublicAcls`, `BlockPublicPolicy`, `RestrictPublicBuckets`). Apply **least privilege** with explicit principals; avoid ACLs via Object Ownership. Use private access patterns (e.g., CloudFront OAC or presigned URLs) and monitor with analyzers.";https://hub.prowler.com/check/s3_bucket_public_access;"```yaml
# CloudFormation: Enable minimal S3 Block Public Access on the bucket
Resources:
  ExampleBucket:
    Type: AWS::S3::Bucket
    Properties:
      PublicAccessBlockConfiguration:
        IgnorePublicAcls: true        # Critical: ignores any public ACL grants (AllUsers/AuthenticatedUsers)
        RestrictPublicBuckets: true   # Critical: restricts buckets with public policies to same-account/service principals
```";"```hcl
# Enable minimal S3 Block Public Access on the bucket
resource ""aws_s3_bucket_public_access_block"" ""example"" {
  bucket = ""<example_resource_name>""

  ignore_public_acls     = true  # Critical: ignores public ACLs
  restrict_public_buckets = true # Critical: restricts buckets with public policies
}
```";aws s3api put-public-access-block --bucket <bucket_name> --public-access-block-configuration IgnorePublicAcls=true,RestrictPublicBuckets=true;"1. In the AWS Console, go to S3 and open the bucket <example_resource_name>
2. Select the Permissions tab
3. Under Block public access (bucket settings), click Edit
4. Check only:
   - Ignore public ACLs (true)
   - Restrict public buckets (true)
5. Click Save changes and confirm";FedRAMP-Low-Revision-4: ac-3, ac-17, cm-2, sc-7 | SecNumCloud-3.2: 9.7 | AWS-Foundational-Technical-Review: S3-001 | KISA-ISMS-P-2023-korean: 2.6.1, 2.6.2, 2.10.2 | ENS-RD2022: op.exp.8.r4.aws.ct.2 | CISA: your-systems-3, your-data-2 | AWS-Account-Security-Onboarding: S3 Block Public Access | AWS-Audit-Manager-Control-Tower-Guardrails: 4.1.1 | NIST-800-171-Revision-2: 3_1_1, 3_1_2, 3_1_3, 3_3_8, 3_4_6, 3_13_2, 3_13_5 | PCI-4.0: 1.2.8.33, 1.2.8.34, 1.3.1.37, 1.3.1.38, 1.3.2.37, 1.3.2.38, 1.4.2.35, 1.4.2.36, 1.5.1.33, 1.5.1.34, 10.3.2.21, 10.3.2.23, 10.3.3.23, 10.3.4.8, 3.5.1.3.26, 3.5.1.3.28, A1.1.2.17, A1.1.2.19, A1.1.3.33, A1.1.3.34, A1.2.1.31, A3.4.1.19, A3.4.1.21 | FedRamp-Moderate-Revision-4: ac-3, ac-4, ac-6, ac-17-1, ac-21-b, cm-2, sc-4, sc-7-3, sc-7 | CCC-v2025.10: CCC.Core.CN05.AR01, CCC.Core.CN05.AR04, CCC.Core.CN05.AR05, CCC.AuditLog.CN10.AR01, CCC.AuditLog.CN10.AR02, CCC.Logging.CN05.AR01, CCC.Logging.CN05.AR02 | MITRE-ATTACK: T1530 | AWS-AI-Security-Framework-1.0: AISF-DATA-04 | ISO27001-2022: A.8.1 | NIST-800-53-Revision-4: ac_3, ac_4, ac_6, ac_21, sc_7_3, sc_7 | NIST-CSF-1.1: ac_3, ac_5, ds_5, ip_8, pt_3 | AWS-Well-Architected-Framework-Security-Pillar: SEC03-BP07 | NIST-CSF-2.0: ra_1, ac_3, ds_5, ip_1 | KISA-ISMS-P-2023: 2.6.1, 2.6.2, 2.10.2 | C5-2025: PS-03.02B, IAM-10.01B, COS-02.01B | NIST-800-53-Revision-5: ac_2_6, ac_3, ac_3_7, ac_4_21, ac_6, ac_17_b, ac_17_1, ac_17_4_a, ac_17_9, ac_17_10, cm_6_a, cm_9_b, mp_2, sc_7_2, sc_7_3, sc_7_7, sc_7_9_a, sc_7_11, sc_7_12, sc_7_16, sc_7_20, sc_7_21, sc_7_24_b, sc_7_25, sc_7_26, sc_7_27, sc_7_28, sc_7_a, sc_7_b, sc_7_c, sc_25 | SOC2: cc_6_1 | RBI-Cyber-Security-Framework: annex_i_1_3 | HIPAA: 164_308_a_1_ii_b, 164_308_a_3_i, 164_312_a_1, 164_312_a_2_i | GxP-21-CFR-Part-11: 11.10-c, 11.10-d, 11.10-g, 11.10-k | FFIEC: d3-pc-im-b-1;internet-exposed;;;;5.33.1;https://docs.aws.amazon.com/id_id/kitchensink/latest/testguide/access-control-block-public-access.html | https://docs.aws.amazon.com/AmazonS3/latest/userguide/access-control-block-public-access.html;;
profile: None;2026-07-13 09:37:50.757461;735291151388;;;;;;prowler-aws-s3_bucket_secure_transport_policy-735291151388-ap-south-1-cloudguardian-data-dd2b6927;aws;s3_bucket_secure_transport_policy;S3 bucket policy denies requests over insecure transport;Software and Configuration Checks/AWS Security Best Practices/Network Reachability | Software and Configuration Checks/Industry and Regulatory Standards/AWS Foundational Security Best Practices | Software and Configuration Checks/Industry and Regulatory Standards/CIS AWS Foundations Benchmark;FAIL;S3 Bucket cloudguardian-data-dd2b6927 allows requests over insecure transport in the bucket policy.;False;s3;;medium;AwsS3Bucket;arn:aws:s3:::cloudguardian-data-dd2b6927;cloudguardian-data-dd2b6927;;Name=cloudguardian-bucket;aws;ap-south-1;"**Amazon S3 buckets** are evaluated for a bucket policy that enforces **secure transport** by denying requests when `aws:SecureTransport` is `false`.

Buckets without this explicit denial, or without a policy, are treated as allowing access over insecure transport.";HTTP access exposes object data and auth details to **eavesdropping** and **man-in-the-middle** attacks. Captured **pre-signed URLs** can be replayed to exfiltrate data. Traffic can be intercepted or altered, undermining **confidentiality** and **integrity** of S3 content.;;"Enforce **HTTPS-only** access with a bucket policy that denies requests when `aws:SecureTransport=false`.

Prefer **private access** (VPC endpoints or CloudFront with TLS), avoid S3 website endpoints, apply **least privilege**, use short-lived HTTPS **pre-signed URLs**, and monitor logs for insecure access attempts.";https://hub.prowler.com/check/s3_bucket_secure_transport_policy;"```yaml
# CloudFormation: Deny non-SSL (HTTP) requests to the S3 bucket
Resources:
  BucketPolicy:
    Type: AWS::S3::BucketPolicy
    Properties:
      Bucket: <example_resource_name>
      PolicyDocument:
        Version: '2012-10-17'
        Statement:
          - Effect: Deny
            Principal: ""*""
            Action: s3:*
            Resource: arn:aws:s3:::<example_resource_name>/*
            Condition:
              Bool:
                aws:SecureTransport: ""false""  # Critical: deny requests not using SSL/TLS
```";"```hcl
# Deny non-SSL (HTTP) requests to the S3 bucket
resource ""aws_s3_bucket_policy"" ""policy"" {
  bucket = ""<example_resource_name>""
  policy = jsonencode({
    Version   = ""2012-10-17""
    Statement = [{
      Effect    = ""Deny""
      Principal = ""*""
      Action    = ""s3:*""
      Resource  = ""arn:aws:s3:::<example_resource_name>/*""
      Condition = {
        Bool = {
          ""aws:SecureTransport"" = ""false"" # Critical: deny requests not using SSL/TLS
        }
      }
    }]
  })
}
```";"aws s3api put-bucket-policy --bucket <example_resource_name> --policy '{""Version"":""2012-10-17"",""Statement"":[{""Effect"":""Deny"",""Principal"":""*"",""Action"":""s3:*"",""Resource"":""arn:aws:s3:::<example_resource_name>/*"",""Condition"":{""Bool"":{""aws:SecureTransport"":""false""}}}]}'";"1. In the AWS Console, go to S3 and open the bucket <example_resource_name>
2. Select the Permissions tab and click Edit in Bucket policy
3. Paste this policy, replacing the bucket name:
   ```
   {
     ""Version"": ""2012-10-17"",
     ""Statement"": [
       {
         ""Effect"": ""Deny"",
         ""Principal"": ""*"",
         ""Action"": ""s3:*"",
         ""Resource"": ""arn:aws:s3:::<example_resource_name>/*"",
         ""Condition"": { ""Bool"": { ""aws:SecureTransport"": ""false"" } }
       }
     ]
   }
   ```
4. Click Save changes
";CIS-6.0: 3.1.1 | CIS-1.5: 2.1.2 | FedRAMP-Low-Revision-4: ac-17, sc-7 | SecNumCloud-3.2: 10.2 | AWS-Foundational-Technical-Review: S3-001 | CIS-7.0: 3.1.1 | CIS-2.0: 2.1.1 | AWS-Foundational-Security-Best-Practices: S3.5 | KISA-ISMS-P-2023-korean: 2.7.1, 2.10.2 | CIS-4.0.1: 2.1.1 | ENS-RD2022: mp.com.1.aws.s3.1, mp.com.3.aws.s3.1 | CISA: your-systems-3, your-data-2 | NIST-800-171-Revision-2: 3_1_13, 3_5_10, 3_13_1, 3_13_5, 3_13_8, 3_13_11, 3_13_16 | PCI-4.0: 1.2.5.15, 2.2.5.15, 2.2.7.19, 4.2.1.1.27, 4.2.1.19, 8.3.2.49 | FedRamp-Moderate-Revision-4: ac-17-2, sc-7, sc-8-1, sc-8, sc-23 | CCC-v2025.10: CCC.Core.CN01.AR01, CCC.Core.CN01.AR03 | MITRE-ATTACK: T1040 | AWS-AI-Security-Framework-1.0: AISF-INFRA-06, AISF-DATA-04 | CIS-3.0: 2.1.1 | NIST-800-53-Revision-4: ac_17_2, sc_7, sc_8_1, sc_8 | NIST-CSF-1.1: ds_2 | GDPR: article_32 | AWS-Well-Architected-Framework-Security-Pillar: SEC09-BP02 | NIST-CSF-2.0: ds_2, pt_4 | KISA-ISMS-P-2023: 2.7.1, 2.10.2 | NIST-800-53-Revision-5: ac_4, ac_4_22, ac_17_2, ac_24_1, au_9_3, ca_9_b, cm_6_a, cm_9_b, ia_5_1_c, pm_11_b, pm_17_b, sc_7_4_b, sc_7_4_g, sc_7_5, sc_8, sc_8_1, sc_8_2, sc_8_3, sc_8_4, sc_8_5, sc_13_a, sc_16_1, sc_23, si_1_a_2 | RBI-Cyber-Security-Framework: annex_i_1_3 | ProwlerThreatScore-1.0: 4.1.1 | CIS-5.0: 2.1.1 | CIS-1.4: 2.1.2 | HIPAA: 164_308_a_1_ii_b, 164_312_a_2_iv, 164_312_c_1, 164_312_c_2, 164_312_e_1, 164_312_e_2_i, 164_312_e_2_ii | GxP-21-CFR-Part-11: 11.10-c, 11.30 | FFIEC: d3-pc-am-b-12, d3-pc-am-b-13, d3-pc-am-b-15 | FedRAMP-20x-KSI-Low-25.05C: ksi-svc;encryption;;;;5.33.1;https://www.trendmicro.com/trendaivisiononecloudriskmanagement/knowledge-base/aws/S3/secure-transport.html | https://aws.amazon.com/premiumsupport/knowledge-center/s3-bucket-policy-for-config-rule/;;
profile: None;2026-07-13 09:37:50.757461;735291151388;;;;;;prowler-aws-s3_bucket_server_access_logging_enabled-735291151388-ap-south-1-cloudguardian-data-dd2b6927;aws;s3_bucket_server_access_logging_enabled;S3 bucket has server access logging enabled;Software and Configuration Checks/AWS Security Best Practices | Software and Configuration Checks/Industry and Regulatory Standards/AWS Foundational Security Best Practices | Software and Configuration Checks/Industry and Regulatory Standards/CIS AWS Foundations Benchmark;FAIL;S3 Bucket cloudguardian-data-dd2b6927 has server access logging disabled.;False;s3;;medium;AwsS3Bucket;arn:aws:s3:::cloudguardian-data-dd2b6927;cloudguardian-data-dd2b6927;;Name=cloudguardian-bucket;aws;ap-south-1;**Amazon S3 buckets** are evaluated for **server access logging** configured to record access requests and deliver logs to a designated destination bucket.;Without access logs, object reads, writes, and deletions may go untracked, hindering detection of unauthorized access and data exfiltration. This degrades forensic visibility, delays incident response, and weakens evidence integrity, impacting confidentiality and integrity.;;Enable **server access logging** and send logs to a dedicated log bucket with least privilege, retention, and monitoring. Complement with **CloudTrail data events** for object-level visibility. Apply **defense in depth** by centralizing logs and protecting them from tampering.;https://hub.prowler.com/check/s3_bucket_server_access_logging_enabled;"```yaml
Resources:
  <example_resource_name>:
    Type: AWS::S3::Bucket
    Properties:
      LoggingConfiguration:
        DestinationBucketName: <example_resource_id>  # CRITICAL: Enables server access logging by sending logs to this bucket
```";"```hcl
resource ""aws_s3_bucket_logging"" ""<example_resource_name>"" {
  bucket        = ""<example_bucket_name>""
  target_bucket = ""<example_log_bucket_name>""  # CRITICAL: Enables server access logging by specifying the target bucket
}
```";"aws s3api put-bucket-logging --bucket <BUCKET_NAME> --bucket-logging-status '{""LoggingEnabled"":{""TargetBucket"":""<LOG_BUCKET>"",""TargetPrefix"":""logs/""}}'";"1. Open the AWS Management Console and go to S3
2. Select the bucket with the finding
3. Go to the Properties tab
4. In Server access logging, click Edit
5. Toggle Enable, choose the target log bucket, and Save";FedRAMP-Low-Revision-4: ac-2, au-2 | SecNumCloud-3.2: 12.6 | AWS-Foundational-Technical-Review: S3-001 | AWS-Foundational-Security-Best-Practices: S3.9 | KISA-ISMS-P-2023-korean: 2.9.4, 2.10.2 | CISA: your-systems-3, your-data-2 | NIST-800-171-Revision-2: 3_1_12, 3_3_1, 3_3_2, 3_3_3, 3_6_1, 3_6_2, 3_13_1, 3_14_6, 3_14_7 | PCI-4.0: 10.2.1.1.30, 10.2.1.2.27, 10.2.1.3.27, 10.2.1.4.27, 10.2.1.5.27, 10.2.1.6.27, 10.2.1.7.27, 10.2.1.27, 10.2.2.27, 10.3.1.27, 10.6.3.34, 5.3.4.32, A1.2.1.32 | FedRamp-Moderate-Revision-4: ac-2-4, ac-2-g, au-2-a-d, au-3, au-6-1-3, au-12-a-c | CCC-v2025.10: CCC.Core.CN04.AR03, CCC.AuditLog.CN04.AR01 | AWS-AI-Security-Framework-1.0: AISF-DATA-04 | PCI-3.2.1: 10.1, 10.2, 10.2.1, 10.2.2, 10.2.3, 10.2.4, 10.2.6, 10.2.7, 10.3, 10.3.1, 10.3.2, 10.3.3, 10.3.4, 10.3.5, 10.3.6, 10.5, 10.5.4 | ISO27001-2022: A.8.15 | NIST-800-53-Revision-4: ac_2, au_2, au_3, au_12 | NIS2: 1.1.1.h, 3.2.3.c, 11.2.2.f | NIST-CSF-1.1: ae_1, ae_3, ae_4, cm_1, cm_3, cm_6, cm_7, am_3, ac_6, ds_5, pt_1 | AWS-Well-Architected-Framework-Security-Pillar: SEC04-BP01 | KISA-ISMS-P-2023: 2.9.4, 2.10.2 | C5-2025: AM-01.01AC, OPS-11.02AC, OPS-15.01B, OPS-15.02B, OPS-15.03B, OPS-15.01AC, OPS-26.05B, OPS-26.01AS, IAM-06.04B, IAM-07.04B, IAM-10.01B, SSO-05.01AC, PSS-04.05B | NIST-800-53-Revision-5: ac_2_4, ac_3_1, ac_3_10, ac_4_26, ac_6_9, au_2_b, au_3_a, au_3_b, au_3_c, au_3_d, au_3_e, au_3_f, au_6_3, au_6_4, au_6_6, au_6_9, au_8_b, au_10, au_12_a, au_12_c, au_12_1, au_12_2, au_12_3, au_12_4, au_14_a, au_14_b, au_14_3, ca_7_b, cm_5_1_b, cm_6_a, cm_9_b, ia_3_3_b, ma_4_1_a, pm_14_a_1, pm_14_b, pm_31, sc_7_9_b, si_1_1_c, si_3_8_b, si_4_2, si_4_17, si_4_20, si_7_8, si_10_1_c | SOC2: cc_7_2, cc_7_3, cc_a_1_1 | RBI-Cyber-Security-Framework: annex_i_7_4 | HIPAA: 164_308_a_1_ii_d, 164_308_a_3_ii_a, 164_308_a_6_ii, 164_312_b, 164_312_e_2_i | GxP-21-CFR-Part-11: 11.10-e, 11.10-k | FFIEC: d2-ma-ma-b-1, d2-ma-ma-b-2, d3-dc-an-b-3, d3-dc-an-b-4, d5-dr-de-b-3 | FedRAMP-20x-KSI-Low-25.05C: ksi-mla;logging | forensics-ready;;;;5.33.1;https://docs.amazonaws.cn/en_us/config/latest/developerguide/s3-bucket-logging-enabled.html | https://docs.aws.amazon.com/AmazonS3/latest/dev/security-best-practices.html;;
profile: None;2026-07-13 09:37:50.757461;735291151388;;;;;;prowler-aws-vpc_different_regions-735291151388-ap-south-1-735291151388;aws;vpc_different_regions;VPCs are present in more than one region;Software and Configuration Checks/AWS Security Best Practices | Effects/Denial of Service;FAIL;VPCs found only in one region.;False;vpc;;medium;AwsEc2Vpc;arn:aws:ec2:ap-south-1:735291151388:vpc;735291151388;;;aws;ap-south-1;Non-default **VPCs** are evaluated across the account to determine whether they exist in **more than one region**. The result reflects if your custom network topology is regionally distributed or concentrated in a single region.;Single-region VPC deployment weakens **availability** and **resilience**. A regional outage, service disruption, or network control misconfiguration can cause broad downtime, hinder recovery, and increase the **blast radius** of incidents impacting business continuity.;;"Adopt a **multi-region network design**:
- Create VPCs in at least two regions for critical workloads
- Replicate routing, security controls, and endpoints consistently
- Apply **fault tolerance** and **defense in depth** with data replication and resilient DNS/failover to avoid single-region dependency";https://hub.prowler.com/check/vpc_different_regions;"```yaml
# Deploy this stack in a second AWS region to pass the check
Resources:
  <example_resource_name>:
    Type: AWS::EC2::VPC
    Properties:
      CidrBlock: 10.0.0.0/16  # Critical: creates a non-default VPC in this region
```";"```hcl
provider ""aws"" {
  alias  = ""other""
  region = ""<OTHER_REGION>"" # Critical: ensures the VPC is created in a second region
}

resource ""aws_vpc"" ""<example_resource_name>"" {
  provider   = aws.other
  cidr_block = ""10.0.0.0/16"" # Critical: creates a non-default VPC in that region
}
```";aws ec2 create-vpc --region <OTHER_REGION> --cidr-block <CIDR_BLOCK>;"1. Open the AWS Console and go to VPC
2. In the Region selector (top right), choose a different region than your existing non-default VPCs
3. Click Create VPC > VPC only
4. Enter an IPv4 CIDR block (e.g., 10.0.0.0/16)
5. Click Create VPC
6. Verify a non-default VPC now exists in this second region";KISA-ISMS-P-2023-korean: 2.9.2 | ENS-RD2022: mp.com.4.r3.aws.vpc.1, op.cont.2.aws.vpc.1 | ISO27001-2022: A.8.20, A.8.21, A.8.22 | KISA-ISMS-P-2023: 2.9.2 | C5-2025: PS-02.01B, PS-02.01AS, PS-02.02AS;resilience;;;;5.33.1;https://docs.aws.amazon.com/vpc/latest/userguide/vpc-example-private-subnets-nat.html | https://docs.aws.amazon.com/vpc/latest/userguide/VPC_Scenario2.html;;
profile: None;2026-07-13 09:37:50.757461;735291151388;;;;;;prowler-aws-vpc_endpoint_for_ec2_enabled-735291151388-ap-south-1-vpc-0984a8becd852763a;aws;vpc_endpoint_for_ec2_enabled;VPC has an Amazon EC2 VPC endpoint;Software and Configuration Checks/AWS Security Best Practices/Network Reachability;FAIL;VPC vpc-0984a8becd852763a has no EC2 endpoint.;False;vpc;;medium;AwsEc2VpcEndpointService;arn:aws:ec2:ap-south-1:735291151388:vpc/vpc-0984a8becd852763a;vpc-0984a8becd852763a;;Name=cloudguardian-vpc;aws;ap-south-1;**Amazon VPCs** are evaluated for an **interface VPC endpoint** to the **Amazon EC2 API** (`ec2`). Its presence indicates private EC2 API connectivity over **AWS PrivateLink** within the VPC.;Without a private EC2 endpoint, EC2 API traffic exits via IGW/NAT. This expands exposure to network path threats (e.g., DNS hijack, MITM) and weakens egress isolation. It also adds an internet egress dependency for API access, reducing availability if NAT/edge paths fail.;;"Use an **interface VPC endpoint** for the EC2 service in each VPC that requires EC2 API access.
- Enable **private DNS** to keep calls on the AWS network
- Apply restrictive endpoint policies (least privilege)
- Reduce reliance on public egress and layer controls for **defense in depth**";https://hub.prowler.com/check/vpc_endpoint_for_ec2_enabled;"```yaml
# CloudFormation: create an EC2 interface VPC endpoint in the VPC
Resources:
  VPCEndpoint:
    Type: AWS::EC2::VPCEndpoint
    Properties:
      VpcId: ""<example_resource_id>""                 # CRITICAL: target VPC for the endpoint
      ServiceName: !Sub ""com.amazonaws.${AWS::Region}.ec2""  # CRITICAL: EC2 interface endpoint service
      VpcEndpointType: Interface                      # CRITICAL: create an interface endpoint
      SubnetIds:                                      # CRITICAL: subnets to place the endpoint ENIs
        - ""<example_resource_id>""
```";"```hcl
# Create an EC2 interface VPC endpoint
resource ""aws_vpc_endpoint"" ""<example_resource_name>"" {
  vpc_id            = ""<example_resource_id>""           # CRITICAL: target VPC
  service_name      = ""com.amazonaws.<region>.ec2""      # CRITICAL: EC2 interface endpoint service
  vpc_endpoint_type = ""Interface""                       # CRITICAL: interface endpoint
  subnet_ids        = [""<example_resource_id>""]         # CRITICAL: subnet(s) for endpoint ENIs
}
```";aws ec2 create-vpc-endpoint --vpc-id <VPC_ID> --service-name com.amazonaws.<REGION>.ec2 --vpc-endpoint-type Interface --subnet-ids <SUBNET_ID>;"1. In the AWS console, go to VPC > Endpoints
2. Click Create endpoint
3. For Service category, choose AWS services and select Service name com.amazonaws.<region>.ec2
4. Select your VPC and at least one subnet
5. Click Create endpoint";AWS-Foundational-Security-Best-Practices: EC2.10 | KISA-ISMS-P-2023-korean: 2.6.1, 2.10.2 | PCI-4.0: 1.2.8.18, 1.2.8.38, 1.3.1.21, 1.3.1.42, 1.3.2.21, 1.3.2.42, 1.4.1.5, 1.4.2.19, 1.4.2.40, 1.4.4.5, 1.5.1.18, 1.5.1.38, A1.1.3.18, A1.1.3.38 | CCC-v2025.10: CCC.Core.CN05.AR05 | AWS-AI-Security-Framework-1.0: AISF-INFRA-08 | PCI-3.2.1: 1.3, 2.2, 2.2.2 | ISO27001-2022: A.8.20, A.8.21, A.8.22 | NIST-CSF-2.0: ra_5, ae_1 | KISA-ISMS-P-2023: 2.6.1, 2.10.2;internet-exposed | trust-boundaries;;;;5.33.1;https://docs.aws.amazon.com/config/latest/developerguide/service-vpc-endpoint-enabled.html | https://docs.aws.amazon.com/securityhub/latest/userguide/ec2-controls.html#ec2-10 | https://docs.aws.amazon.com/AWSEC2/latest/UserGuide/interface-vpc-endpoints.html;;
profile: None;2026-07-13 09:37:50.757461;735291151388;;;;;;prowler-aws-vpc_flow_logs_enabled-735291151388-ap-south-1-vpc-0984a8becd852763a;aws;vpc_flow_logs_enabled;VPC flow logs are enabled;Software and Configuration Checks/AWS Security Best Practices | Software and Configuration Checks/Industry and Regulatory Standards/AWS Foundational Security Best Practices | Software and Configuration Checks/Industry and Regulatory Standards/CIS AWS Foundations Benchmark | Software and Configuration Checks/Industry and Regulatory Standards/PCI-DSS | Software and Configuration Checks/Industry and Regulatory Standards/NIST 800-53 Controls (USA) | Software and Configuration Checks/Industry and Regulatory Standards/NIST CSF Controls (USA);FAIL;VPC cloudguardian-vpc Flow logs are disabled.;False;vpc;;medium;AwsEc2Vpc;arn:aws:ec2:ap-south-1:735291151388:vpc/vpc-0984a8becd852763a;vpc-0984a8becd852763a;;Name=cloudguardian-vpc;aws;ap-south-1;"**AWS VPCs** have **Flow Logs** configured to capture IP traffic for their network interfaces and deliver records to a logging destination.

VPCs lacking an active flow log configuration are highlighted.";"Without flow logs, network activity is opaque, hindering detection and investigation of malicious traffic. Attackers can probe, exfiltrate, or move laterally unnoticed, impacting **confidentiality** and **integrity**; outages and misconfigurations are harder to diagnose, reducing **availability**.";;"Enable **VPC Flow Logs** for all VPCs to provide baseline telemetry.
Prefer capturing at least `REJECT` and, for sensitive networks, `ALL`. Send logs to a centralized, access-controlled destination with retention. Apply **least privilege** to writers/readers and integrate with monitoring for **defense in depth**.";https://hub.prowler.com/check/vpc_flow_logs_enabled;"```yaml
# CloudFormation: Enable VPC Flow Logs to S3 for an existing VPC
Resources:
  FlowLog:
    Type: AWS::EC2::FlowLog
    Properties:
      ResourceId: <example_resource_id>         # Critical: target the VPC ID
      ResourceType: VPC                         # Critical: enable flow logs at VPC level
      TrafficType: ALL                          # Critical: log all traffic
      LogDestinationType: s3                    # Critical: send logs to S3 (no IAM role needed)
      LogDestination: arn:aws:s3:::<example_resource_name>  # Critical: S3 bucket ARN
```";"```hcl
# Enable VPC Flow Logs to S3 for an existing VPC
resource ""aws_flow_log"" ""vpc"" {
  vpc_id               = ""<example_resource_id>""                 # Critical: target the VPC to enable flow logs
  traffic_type         = ""ALL""                                   # Critical: log all traffic
  log_destination_type = ""s3""                                    # Critical: send logs to S3 (no IAM role needed)
  log_destination      = ""arn:aws:s3:::<example_resource_name>""  # Critical: S3 bucket ARN
}
```";aws ec2 create-flow-logs --resource-type VPC --resource-ids <VPC_ID> --traffic-type ALL --log-destination-type s3 --log-destination arn:aws:s3:::<S3_BUCKET_NAME>;"1. In the AWS Console, go to VPC > Your VPCs
2. Select the target VPC
3. Open the Flow logs tab and click Create flow log
4. Set Traffic type to All
5. Set Destination to S3 and enter Bucket ARN: arn:aws:s3:::<example_resource_name>
6. Click Create flow log";CIS-6.0: 4.7 | CIS-1.5: 3.9 | FedRAMP-Low-Revision-4: au-2 | ISO27001-2013: A.12.4.R | SecNumCloud-3.2: 12.6, 12.14, 13.1, 13.3 | CIS-7.0: 4.7 | CIS-2.0: 3.9 | AWS-Foundational-Security-Best-Practices: EC2.6 | KISA-ISMS-P-2023-korean: 2.9.4, 2.10.2 | CIS-4.0.1: 3.7 | ENS-RD2022: op.mon.1.aws.flow.1 | CISA: your-surroundings-1, your-data-2 | AWS-Account-Security-Onboarding: Send VPC Flow Logs (only DENYs) to S3 bucket | NIST-800-171-Revision-2: 3_3_1, 3_3_3, 3_6_1, 3_6_2, 3_13_1, 3_14_6, 3_14_7 | PCI-4.0: 10.2.1.1.34, 10.2.1.2.29, 10.2.1.3.29, 10.2.1.4.29, 10.2.1.5.29, 10.2.1.6.29, 10.2.1.7.29, 10.2.1.29, 10.2.2.29, 10.3.1.29, 10.6.3.39, 5.3.4.34, A1.2.1.34 | FedRamp-Moderate-Revision-4: au-2-a-d, au-3, au-6-1-3, au-12-a-c | CCC-v2025.10: CCC.Core.CN04.AR02, CCC.Logging.CN01.AR01, CCC.Logging.CN01.AR02, CCC.VPC.CN04.AR01 | AWS-AI-Security-Framework-1.0: AISF-INFRA-08 | CIS-3.0: 3.7 | PCI-3.2.1: 4.1, 4.1.e, 4.1.f, 10.1 | ISO27001-2022: A.8.15, A.8.16, A.8.20, A.8.21, A.8.22, A.8.23 | NIST-800-53-Revision-4: au_2, au_3, au_12 | NIS2: 3.2.3.c | NIST-CSF-1.1: ae_1, ae_3, cm_1, cm_7, am_3, ds_5, pt_1 | GDPR: article_25, article_30 | AWS-Well-Architected-Framework-Security-Pillar: SEC04-BP01, SEC04-BP02, SEC04-BP03, SEC05-BP04, SEC09-BP04 | NIST-CSF-2.0: po_4, pt_1, pt_4, ae_1, cm_1 | KISA-ISMS-P-2023: 2.9.4, 2.10.2 | C5-2025: AM-01.01AC, OPS-11.02AC, OPS-26.05B, OPS-26.01AS | NIST-800-53-Revision-5: ac_4_26, au_2_b, au_3_a, au_3_b, au_3_c, au_3_d, au_3_e, au_6_3, au_6_4, au_6_6, au_6_9, au_8_b, au_12_a, au_12_c, au_12_1, au_12_2, au_12_3, au_12_4, au_14_a, au_14_b, au_14_3, ca_7_b, cm_5_1_b, cm_6_a, cm_9_b, ia_3_3_b, ma_4_1_a, pm_14_a_1, pm_14_b, pm_31, si_4_17, si_7_8 | SOC2: cc_7_2, cc_7_3 | RBI-Cyber-Security-Framework: annex_i_7_4 | ProwlerThreatScore-1.0: 3.1.4 | CIS-5.0: 3.7 | CIS-1.4: 3.9 | HIPAA: 164_308_a_1_ii_d, 164_308_a_3_ii_a, 164_308_a_6_ii, 164_312_b, 164_312_c_2 | GxP-21-CFR-Part-11: 11.10-e | FFIEC: d2-ma-ma-b-1, d2-ma-ma-b-2, d3-dc-an-b-3, d3-dc-an-b-4, d3-dc-ev-b-1, d3-dc-ev-b-3, d3-pc-im-b-3 | FedRAMP-20x-KSI-Low-25.05C: ksi-mla;logging | forensics-ready;;;;5.33.1;http://docs.aws.amazon.com/AmazonVPC/latest/UserGuide/flow-logs.html | https://www.trendmicro.com/trendaivisiononecloudriskmanagement/knowledge-base/aws/VPC/vpc-flow-logs-enabled.html;;
profile: None;2026-07-13 09:37:50.757461;735291151388;;;;;;prowler-aws-vpc_subnet_different_az-735291151388-ap-south-1-vpc-0984a8becd852763a;aws;vpc_subnet_different_az;VPC has subnets in more than one Availability Zone;Software and Configuration Checks/AWS Security Best Practices | Effects/Denial of Service;PASS;VPC cloudguardian-vpc has subnets in more than one availability zone.;False;vpc;;medium;AwsEc2Subnet;arn:aws:ec2:ap-south-1:735291151388:vpc/vpc-0984a8becd852763a;vpc-0984a8becd852763a;;Name=cloudguardian-vpc;aws;ap-south-1;**VPCs** are assessed for **subnets spread across multiple Availability Zones**. The finding distinguishes VPCs with subnets confined to a single AZ or with no subnets from those with subnets in `2+` distinct AZs.;Single-AZ subnet layouts create a **single point of failure**, leading to **service downtime** during AZ outages, maintenance, or capacity events. Lack of **zonal redundancy** constrains load balancing and egress design, reduces **fault isolation**, and undermines availability and recovery objectives.;;Distribute subnets across `2+` **Availability Zones** and deploy workloads in separate AZs for **high availability**. Mirror network tiers per AZ, align routing and egress per AZ, and enforce multi-AZ layouts with IaC and policy guardrails. *Regularly test failover* to validate resilience.;https://hub.prowler.com/check/vpc_subnet_different_az;"```yaml
# CloudFormation: create two subnets in different AZs to ensure VPC spans multiple AZs
Resources:
  SubnetA:
    Type: AWS::EC2::Subnet
    Properties:
      VpcId: <example_resource_id>
      CidrBlock: 10.0.0.0/24
      AvailabilityZone: <example_az_1>  # Critical: place subnet in AZ1 to start AZ diversity
  SubnetB:
    Type: AWS::EC2::Subnet
    Properties:
      VpcId: <example_resource_id>
      CidrBlock: 10.0.1.0/24
      AvailabilityZone: <example_az_2>  # Critical: second AZ ensures VPC has subnets in more than one AZ
```";"```hcl
# Create two subnets in different AZs so the VPC spans multiple Availability Zones
resource ""aws_subnet"" ""subnet_a"" {
  vpc_id            = ""<example_resource_id>""
  cidr_block        = ""10.0.0.0/24""
  availability_zone = ""<example_az_1>"" # Critical: first AZ
}

resource ""aws_subnet"" ""subnet_b"" {
  vpc_id            = ""<example_resource_id>""
  cidr_block        = ""10.0.1.0/24""
  availability_zone = ""<example_az_2>"" # Critical: second AZ; ensures subnets in more than one AZ
}
```";;"1. In the AWS Console, go to VPC > Subnets
2. Click Create subnet
3. Select the target VPC (<example_resource_id>)
4. Add two subnets with non-overlapping CIDRs in different Availability Zones (e.g., <example_az_1> and <example_az_2>)
5. Click Create subnet to save
";SecNumCloud-3.2: 17.2 | KISA-ISMS-P-2023-korean: 2.9.2 | ENS-RD2022: mp.com.4.r3.aws.vpc.1, op.cont.2.aws.vpc.1 | ISO27001-2022: A.8.14, A.8.20, A.8.21, A.8.22 | NIST-CSF-2.0: be_5, ac_5 | KISA-ISMS-P-2023: 2.9.2 | C5-2025: PS-02.01B, PS-02.02AS;resilience;;;;5.33.1;https://docs.aws.amazon.com/pdfs/whitepapers/latest/building-scalable-secure-multi-vpc-network-infrastructure/building-scalable-secure-multi-vpc-network-infrastructure.pdf | https://docs.aws.amazon.com/vpc/latest/userguide/configure-subnets.html;;
profile: None;2026-07-13 09:37:50.757461;735291151388;;;;;;prowler-aws-vpc_subnet_no_public_ip_by_default-735291151388-ap-south-1-subnet-065b4c67cbd638d69;aws;vpc_subnet_no_public_ip_by_default;VPC subnet does not assign public IP addresses by default;Software and Configuration Checks/AWS Security Best Practices/Network Reachability | Software and Configuration Checks/Industry and Regulatory Standards/AWS Foundational Security Best Practices;FAIL;VPC subnet cloudguardian-public assigns public IP by default.;False;vpc;;high;AwsEc2Subnet;arn:aws:ec2:ap-south-1:735291151388:subnet/subnet-065b4c67cbd638d69;subnet-065b4c67cbd638d69;;Name=cloudguardian-public;aws;ap-south-1;"**VPC subnets** where `MapPublicIpOnLaunch` is `true` automatically assign a public IPv4 address to instances at launch.

This identifies subnets configured for default public IP assignment.";**Internet-exposed instances** become reachable by default, enabling port scans, SSH/RDP brute force, and exploit attempts. Successful access can lead to data exfiltration (**confidentiality**), unauthorized changes (**integrity**), and outages (**availability**) through abuse or DDoS.;;"Disable subnet auto-assign to enforce **least-privilege exposure**. Place workloads in **private subnets**, use controlled egress (NAT or private endpoints), and prefer bastions or SSM for administration.

*When public access is necessary*, assign IPs explicitly and restrict with tight security groups and routes for **defense in depth**.";https://hub.prowler.com/check/vpc_subnet_no_public_ip_by_default;"```yaml
# CloudFormation: Subnet with public IP auto-assign disabled
Resources:
  ExampleSubnet:
    Type: AWS::EC2::Subnet
    Properties:
      VpcId: <example_resource_id>
      CidrBlock: 10.0.1.0/24
      MapPublicIpOnLaunch: false  # Critical: disables automatic public IPv4 assignment on instance launch
```";"```hcl
# Subnet with public IP auto-assign disabled
resource ""aws_subnet"" ""example"" {
  vpc_id     = ""<example_resource_id>""
  cidr_block = ""10.0.1.0/24""

  map_public_ip_on_launch = false  # Critical: prevents assigning public IPs by default
}
```";aws ec2 modify-subnet-attribute --subnet-id <SUBNET_ID> --no-map-public-ip-on-launch;"1. Open the AWS Console and go to VPC
2. Click Subnets and select the target subnet
3. Choose Actions > Edit subnet settings (or Modify auto-assign IP settings)
4. Uncheck Enable auto-assign public IPv4 address
5. Save changes";SecNumCloud-3.2: 9.7 | AWS-Foundational-Technical-Review: NETSEC-002 | AWS-Foundational-Security-Best-Practices: EC2.15 | KISA-ISMS-P-2023-korean: 2.6.1, 2.10.2 | AWS-AI-Security-Framework-1.0: AISF-INFRA-08 | ISO27001-2022: A.8.20, A.8.21, A.8.22 | NIST-CSF-2.0: be_5 | KISA-ISMS-P-2023: 2.6.1, 2.10.2 | C5-2025: PS-03.02B | SOC2: cc_6_6 | RBI-Cyber-Security-Framework: annex_i_1_3;internet-exposed;;;;5.33.1;https://docs.aws.amazon.com/config/latest/developerguide/subnet-auto-assign-public-ip-disabled.html;;
profile: None;2026-07-13 09:37:50.757461;735291151388;;;;;;prowler-aws-vpc_subnet_separate_private_public-735291151388-ap-south-1-vpc-0984a8becd852763a;aws;vpc_subnet_separate_private_public;VPC has both public and private subnets;Software and Configuration Checks/AWS Security Best Practices/Network Reachability;FAIL;VPC cloudguardian-vpc has only public subnets.;False;vpc;;medium;AwsEc2Subnet;arn:aws:ec2:ap-south-1:735291151388:vpc/vpc-0984a8becd852763a;vpc-0984a8becd852763a;;Name=cloudguardian-vpc;aws;ap-south-1;"**Amazon VPCs** are assessed for network segmentation: at least one **public subnet** (internet-routable) and one **private subnet** (non-internet-routable).

It flags VPCs with no subnets, only public subnets, or only private subnets.";"Missing subnet separation erodes **segmentation**.
- Only public: workloads face Internet exposure, enabling scanning, brute force, and lateral movement, threatening **confidentiality** and **integrity**.
- Only private: no controlled egress can break patching and dependencies, impacting **availability**.
- No subnets: misconfiguration leaves services unreachable.";;Segment each VPC: put internet-facing endpoints in **public subnets** and internal workloads in **private subnets**. Restrict ingress/egress with tight route tables, NACLs, and security groups, minimizing `0.0.0.0/0`. Apply **least privilege** and **defense in depth**. Provide controlled outbound for private subnets via managed egress and use hardened admin access patterns.;https://hub.prowler.com/check/vpc_subnet_separate_private_public;"```yaml
# CloudFormation: add one public and one private subnet to a VPC
Resources:
  InternetGateway:
    Type: AWS::EC2::InternetGateway

  VPCGatewayAttachment:
    Type: AWS::EC2::VPCGatewayAttachment
    Properties:
      VpcId: <example_resource_id>
      InternetGatewayId: !Ref InternetGateway

  PublicSubnet:
    Type: AWS::EC2::Subnet
    Properties:
      VpcId: <example_resource_id>
      CidrBlock: 10.0.1.0/24  # creates a subnet to be made public via route

  PrivateSubnet:
    Type: AWS::EC2::Subnet
    Properties:
      VpcId: <example_resource_id>
      CidrBlock: 10.0.2.0/24  # creates a subnet that remains private (no IGW route)

  PublicRouteTable:
    Type: AWS::EC2::RouteTable
    Properties:
      VpcId: <example_resource_id>

  PublicDefaultRoute:
    Type: AWS::EC2::Route
    DependsOn: VPCGatewayAttachment
    Properties:
      RouteTableId: !Ref PublicRouteTable
      DestinationCidrBlock: 0.0.0.0/0  # CRITICAL: makes routes to the Internet
      GatewayId: !Ref InternetGateway    # CRITICAL: via Internet Gateway

  PublicAssociation:
    Type: AWS::EC2::SubnetRouteTableAssociation
    Properties:
      SubnetId: !Ref PublicSubnet
      RouteTableId: !Ref PublicRouteTable  # CRITICAL: marks this subnet as public

  PrivateRouteTable:
    Type: AWS::EC2::RouteTable
    Properties:
      VpcId: <example_resource_id>

  PrivateAssociation:
    Type: AWS::EC2::SubnetRouteTableAssociation
    Properties:
      SubnetId: !Ref PrivateSubnet
      RouteTableId: !Ref PrivateRouteTable  # CRITICAL: no IGW route -> private subnet
```";"```hcl
# Terraform: add one public and one private subnet to a VPC
resource ""aws_internet_gateway"" ""<example_resource_name>"" {
  vpc_id = ""<example_resource_id>""
}

resource ""aws_subnet"" ""public_<example_resource_name>"" {
  vpc_id     = ""<example_resource_id>""
  cidr_block = ""10.0.1.0/24""
}

resource ""aws_subnet"" ""private_<example_resource_name>"" {
  vpc_id     = ""<example_resource_id>""
  cidr_block = ""10.0.2.0/24""
}

resource ""aws_route_table"" ""public_<example_resource_name>"" {
  vpc_id = ""<example_resource_id>""
  route {                         # CRITICAL: makes subnet public via IGW
    cidr_block = ""0.0.0.0/0""      # default route to Internet
    gateway_id = aws_internet_gateway.<example_resource_name>.id
  }
}

resource ""aws_route_table_association"" ""public_assoc_<example_resource_name>"" {
  subnet_id      = aws_subnet.public_<example_resource_name>.id
  route_table_id = aws_route_table.public_<example_resource_name>.id  # CRITICAL
}

resource ""aws_route_table"" ""private_<example_resource_name>"" {
  vpc_id = ""<example_resource_id>""  # CRITICAL: no IGW route keeps subnet private
}

resource ""aws_route_table_association"" ""private_assoc_<example_resource_name>"" {
  subnet_id      = aws_subnet.private_<example_resource_name>.id
  route_table_id = aws_route_table.private_<example_resource_name>.id  # CRITICAL
}
```";;"1. In the AWS console, go to VPC > Your VPCs and select the failing VPC
2. Attach an Internet Gateway if none exists: Internet Gateways > Create > Attach to the VPC
3. Create two subnets: Subnets > Create subnet
   - Subnet A (public): CIDR e.g., 10.0.1.0/24
   - Subnet B (private): CIDR e.g., 10.0.2.0/24
4. Create a route table for public subnet: Route tables > Create
   - Add route: 0.0.0.0/0 -> Internet Gateway (IGW)
   - Associate this route table to Subnet A (public)
5. Create a route table for private subnet: Route tables > Create
   - Do not add a route to an Internet Gateway
   - Associate this route table to Subnet B (private)
6. Verify the VPC now has at least one subnet with an IGW route (public) and one without (private)";SecNumCloud-3.2: 13.2 | AWS-Foundational-Technical-Review: NETSEC-002 | KISA-ISMS-P-2023-korean: 2.6.1, 2.10.2 | ENS-RD2022: mp.com.4.aws.vpc.1, mp.com.4.r1.aws.vpc.1 | AWS-AI-Security-Framework-1.0: AISF-INFRA-08 | ISO27001-2022: A.8.20, A.8.21, A.8.22 | NIST-CSF-2.0: be_5, ac_5 | KISA-ISMS-P-2023: 2.6.1, 2.10.2 | C5-2025: PS-03.02B, COS-02.01B, COS-07.04B | SOC2: cc_6_6;trust-boundaries;;;;5.33.1;https://docs.aws.amazon.com/vpc/latest/userguide/VPC_Scenario2.html;;
