PROVIDER;DESCRIPTION;ACCOUNTID;REGION;ASSESSMENTDATE;REQUIREMENTS_ID;REQUIREMENTS_DESCRIPTION;REQUIREMENTS_ATTRIBUTES_IDGRUPOCONTROL;REQUIREMENTS_ATTRIBUTES_MARCO;REQUIREMENTS_ATTRIBUTES_CATEGORIA;REQUIREMENTS_ATTRIBUTES_DESCRIPCIONCONTROL;REQUIREMENTS_ATTRIBUTES_NIVEL;REQUIREMENTS_ATTRIBUTES_TIPO;REQUIREMENTS_ATTRIBUTES_DIMENSIONES;REQUIREMENTS_ATTRIBUTES_MODOEJECUCION;REQUIREMENTS_ATTRIBUTES_DEPENDENCIAS;STATUS;STATUSEXTENDED;RESOURCEID;CHECKID;MUTED;RESOURCENAME;FRAMEWORK;NAME
aws;The accreditation scheme of the ENS (National Security Scheme) has been developed by the Ministry of Finance and Public Administrations and the CCN (National Cryptological Center). This includes the basic principles and minimum requirements necessary for the adequate protection of information.;735291151388;ap-south-1;2026-07-11 14:19:13.485135;op.ext.7.aws.am.1;Gestión de incidentes;op.exp.7;operacional;explotación;Deberá proveerse la información relacionada con contactos alternativos (de facturación, operaciones y seguridad), con correos que no dependan de la misma persona. Deberá comprobarse regularmente que estas cuentas funcionan correctamente y mantener listas de correo para asegurar la recepción de avisos por personal disponible en cada momento. Además, deberán establecerse preguntas de desafío de seguridad y respuestas para el caso de que sea necesario autenticarse como propiterio de la cuenta para ponerse en contacto con el soporte de AWS.;alto;requisito;confidencialidad,integridad,trazabilidad,autenticidad,disponibilidad;automático;;MANUAL;Login to the AWS Console. Choose your account name on the top right of the window -> My Account -> Contact Information.;arn:aws:iam::735291151388:root;account_maintain_current_contact_details;False;735291151388;ENS;ENS RD 311/2022 - Categoría Alta
aws;The accreditation scheme of the ENS (National Security Scheme) has been developed by the Ministry of Finance and Public Administrations and the CCN (National Cryptological Center). This includes the basic principles and minimum requirements necessary for the adequate protection of information.;735291151388;ap-south-1;2026-07-11 14:19:13.485135;op.ext.7.aws.am.1;Gestión de incidentes;op.exp.7;operacional;explotación;Deberá proveerse la información relacionada con contactos alternativos (de facturación, operaciones y seguridad), con correos que no dependan de la misma persona. Deberá comprobarse regularmente que estas cuentas funcionan correctamente y mantener listas de correo para asegurar la recepción de avisos por personal disponible en cada momento. Además, deberán establecerse preguntas de desafío de seguridad y respuestas para el caso de que sea necesario autenticarse como propiterio de la cuenta para ponerse en contacto con el soporte de AWS.;alto;requisito;confidencialidad,integridad,trazabilidad,autenticidad,disponibilidad;automático;;MANUAL;Login to the AWS Console. Choose your account name on the top right of the window -> My Account -> Alternate Contacts -> Security Section.;arn:aws:iam::735291151388:root;account_security_contact_information_is_registered;False;735291151388;ENS;ENS RD 311/2022 - Categoría Alta
aws;The accreditation scheme of the ENS (National Security Scheme) has been developed by the Ministry of Finance and Public Administrations and the CCN (National Cryptological Center). This includes the basic principles and minimum requirements necessary for the adequate protection of information.;735291151388;ap-south-1;2026-07-11 14:19:13.485135;op.ext.7.aws.am.1;Gestión de incidentes;op.exp.7;operacional;explotación;Deberá proveerse la información relacionada con contactos alternativos (de facturación, operaciones y seguridad), con correos que no dependan de la misma persona. Deberá comprobarse regularmente que estas cuentas funcionan correctamente y mantener listas de correo para asegurar la recepción de avisos por personal disponible en cada momento. Además, deberán establecerse preguntas de desafío de seguridad y respuestas para el caso de que sea necesario autenticarse como propiterio de la cuenta para ponerse en contacto con el soporte de AWS.;alto;requisito;confidencialidad,integridad,trazabilidad,autenticidad,disponibilidad;automático;;MANUAL;Login to the AWS Console as root. Choose your account name on the top right of the window -> My Account -> Configure Security Challenge Questions.;arn:aws:iam::735291151388:root;account_security_questions_are_registered_in_the_aws_account;False;735291151388;ENS;ENS RD 311/2022 - Categoría Alta
aws;The accreditation scheme of the ENS (National Security Scheme) has been developed by the Ministry of Finance and Public Administrations and the CCN (National Cryptological Center). This includes the basic principles and minimum requirements necessary for the adequate protection of information.;735291151388;ap-south-1;2026-07-11 14:19:13.485135;mp.info.6.aws.bcku.1;Copias de seguridad;mp.info.6;medidas de protección;protección de la información;Para los procedimientos de respaldo de cualquiera de los dos entornos (local y nube) y siempre y cuando se utilicen recursos compatibles en el entorno local, la entidad puede hacer uso de AWS Backup, que permite elaboración de planes de respaldo y la definición de reglas de frecuencia, ciclo de vida, lugar de almacenamiento y etiquetado de las copias de seguridad.;alto;recomendacion;disponibilidad;automático;;FAIL;No Backup Vault exist.;arn:aws:backup:ap-south-1:735291151388:backup-vault;backup_vaults_exist;False;735291151388;ENS;ENS RD 311/2022 - Categoría Alta
aws;The accreditation scheme of the ENS (National Security Scheme) has been developed by the Ministry of Finance and Public Administrations and the CCN (National Cryptological Center). This includes the basic principles and minimum requirements necessary for the adequate protection of information.;735291151388;ap-south-1;2026-07-11 14:19:13.485135;op.exp.8.r4.aws.ct.3;Control de acceso;op.exp.8.r4;operacional;explotación;Activar el acceso por MFA al registro de actividad almacenado en los buckets de Amazon S3 dedicados para AWS CloudTrail.;alto;refuerzo;trazabilidad;automático;;FAIL;Trail cloudguardian-trail bucket (cloudguardian-data-c8f4e2a3) does not have MFA delete enabled.;arn:aws:cloudtrail:ap-south-1:735291151388:trail/cloudguardian-trail;cloudtrail_bucket_requires_mfa_delete;False;cloudguardian-trail;ENS;ENS RD 311/2022 - Categoría Alta
aws;The accreditation scheme of the ENS (National Security Scheme) has been developed by the Ministry of Finance and Public Administrations and the CCN (National Cryptological Center). This includes the basic principles and minimum requirements necessary for the adequate protection of information.;735291151388;ap-south-1;2026-07-11 14:19:13.485135;op.exp.8.r1.aws.ct.7;Revisión de los registros;op.exp.8.r1;operacional;explotación;Integrar CloudTrail con el servicio CloudWatch Logs;alto;refuerzo;trazabilidad;automático;;FAIL;Single region trail cloudguardian-trail has not been logging in the last 24h or is not configured to deliver logs.;arn:aws:cloudtrail:ap-south-1:735291151388:trail/cloudguardian-trail;cloudtrail_cloudwatch_logging_enabled;False;cloudguardian-trail;ENS;ENS RD 311/2022 - Categoría Alta
aws;The accreditation scheme of the ENS (National Security Scheme) has been developed by the Ministry of Finance and Public Administrations and the CCN (National Cryptological Center). This includes the basic principles and minimum requirements necessary for the adequate protection of information.;735291151388;ap-south-1;2026-07-11 14:19:13.485135;op.mon.3.aws.cwl.1;Vigilancia;op.mon.3;operacional;monitorización del sistema;Se deberá utilizar el servicio CloudWatch Logs para acceder a los registros de los diferentes servicios de AWS de forma centralizada;alto;requisito;confidencialidad,integridad,trazabilidad,autenticidad,disponibilidad;automático;;FAIL;Single region trail cloudguardian-trail has not been logging in the last 24h or is not configured to deliver logs.;arn:aws:cloudtrail:ap-south-1:735291151388:trail/cloudguardian-trail;cloudtrail_cloudwatch_logging_enabled;False;cloudguardian-trail;ENS;ENS RD 311/2022 - Categoría Alta
aws;The accreditation scheme of the ENS (National Security Scheme) has been developed by the Ministry of Finance and Public Administrations and the CCN (National Cryptological Center). This includes the basic principles and minimum requirements necessary for the adequate protection of information.;735291151388;ap-south-1;2026-07-11 14:19:13.485135;op.exp.8.r1.aws.ct.2;Revisión de los registros;op.exp.8.r1;operacional;explotación;Configurar la herramienta CloudTrail de manera que realice el registro de eventos de administración, eventos de datos y eventos anómalos (insights).;alto;refuerzo;trazabilidad;automático;;FAIL;Trail cloudguardian-trail does not have insight selectors and it is logging.;arn:aws:cloudtrail:ap-south-1:735291151388:trail/cloudguardian-trail;cloudtrail_insights_exist;False;cloudguardian-trail;ENS;ENS RD 311/2022 - Categoría Alta
aws;The accreditation scheme of the ENS (National Security Scheme) has been developed by the Ministry of Finance and Public Administrations and the CCN (National Cryptological Center). This includes the basic principles and minimum requirements necessary for the adequate protection of information.;735291151388;ap-south-1;2026-07-11 14:19:13.485135;op.exp.8.r1.aws.ct.3;Revisión de los registros;op.exp.8.r1;operacional;explotación;Registrar los eventos de lectura y escritura de datos.;alto;refuerzo;trazabilidad;automático;;FAIL;Trail cloudguardian-trail does not have insight selectors and it is logging.;arn:aws:cloudtrail:ap-south-1:735291151388:trail/cloudguardian-trail;cloudtrail_insights_exist;False;cloudguardian-trail;ENS;ENS RD 311/2022 - Categoría Alta
aws;The accreditation scheme of the ENS (National Security Scheme) has been developed by the Ministry of Finance and Public Administrations and the CCN (National Cryptological Center). This includes the basic principles and minimum requirements necessary for the adequate protection of information.;735291151388;ap-south-1;2026-07-11 14:19:13.485135;op.exp.8.r4.aws.ct.4;Control de acceso;op.exp.8.r4;operacional;explotación;Configurar los archivos de logs de AWS CloudTrail para aprovechar el cifrado del lado del servidor (SSE - Server Side Encryption) y las claves maestras creadas por el cliente (CMK de KMS).;alto;refuerzo;trazabilidad;automático;;FAIL;Single region trail cloudguardian-trail has encryption disabled.;arn:aws:cloudtrail:ap-south-1:735291151388:trail/cloudguardian-trail;cloudtrail_kms_encryption_enabled;False;cloudguardian-trail;ENS;ENS RD 311/2022 - Categoría Alta
aws;The accreditation scheme of the ENS (National Security Scheme) has been developed by the Ministry of Finance and Public Administrations and the CCN (National Cryptological Center). This includes the basic principles and minimum requirements necessary for the adequate protection of information.;735291151388;ap-south-1;2026-07-11 14:19:13.485135;op.exp.8.r4.aws.ct.7;Control de acceso;op.exp.8.r4;operacional;explotación;Cifrado de los trails con KMS;alto;refuerzo;trazabilidad;automático;;FAIL;Single region trail cloudguardian-trail has encryption disabled.;arn:aws:cloudtrail:ap-south-1:735291151388:trail/cloudguardian-trail;cloudtrail_kms_encryption_enabled;False;cloudguardian-trail;ENS;ENS RD 311/2022 - Categoría Alta
aws;The accreditation scheme of the ENS (National Security Scheme) has been developed by the Ministry of Finance and Public Administrations and the CCN (National Cryptological Center). This includes the basic principles and minimum requirements necessary for the adequate protection of information.;735291151388;ap-south-1;2026-07-11 14:19:13.485135;op.exp.8.aws.ct.3;Registro de actividad;op.exp.8;operacional;explotación;Habilitar la validación de archivos en todos los trails, evitando así que estos se vean modificados o eliminados.;alto;requisito;trazabilidad;automático;;FAIL;Single region trail cloudguardian-trail has log file validation disabled.;arn:aws:cloudtrail:ap-south-1:735291151388:trail/cloudguardian-trail;cloudtrail_log_file_validation_enabled;False;cloudguardian-trail;ENS;ENS RD 311/2022 - Categoría Alta
aws;The accreditation scheme of the ENS (National Security Scheme) has been developed by the Ministry of Finance and Public Administrations and the CCN (National Cryptological Center). This includes the basic principles and minimum requirements necessary for the adequate protection of information.;735291151388;ap-south-1;2026-07-11 14:19:13.485135;op.exp.8.r1.aws.ct.6;Revisión de los registros;op.exp.8.r1;operacional;explotación;Habilitar la entrega continua de eventos de CloudTrail a un bucket de Amazon S3;alto;refuerzo;trazabilidad;automático;;FAIL;Single region Trail cloudguardian-trail S3 bucket access logging is not enabled for bucket cloudguardian-data-c8f4e2a3.;arn:aws:cloudtrail:ap-south-1:735291151388:trail/cloudguardian-trail;cloudtrail_logs_s3_bucket_access_logging_enabled;False;cloudguardian-trail;ENS;ENS RD 311/2022 - Categoría Alta
aws;The accreditation scheme of the ENS (National Security Scheme) has been developed by the Ministry of Finance and Public Administrations and the CCN (National Cryptological Center). This includes the basic principles and minimum requirements necessary for the adequate protection of information.;735291151388;ap-south-1;2026-07-11 14:19:13.485135;op.exp.8.r4.aws.ct.5;Control de acceso;op.exp.8.r4;operacional;explotación;El almacén de logs de CloudTrail no debería ser accesible de forma pública;alto;refuerzo;trazabilidad;automático;;FAIL;Single region Trail cloudguardian-trail S3 bucket access logging is not enabled for bucket cloudguardian-data-c8f4e2a3.;arn:aws:cloudtrail:ap-south-1:735291151388:trail/cloudguardian-trail;cloudtrail_logs_s3_bucket_access_logging_enabled;False;cloudguardian-trail;ENS;ENS RD 311/2022 - Categoría Alta
aws;The accreditation scheme of the ENS (National Security Scheme) has been developed by the Ministry of Finance and Public Administrations and the CCN (National Cryptological Center). This includes the basic principles and minimum requirements necessary for the adequate protection of information.;735291151388;ap-south-1;2026-07-11 14:19:13.485135;op.exp.8.aws.ct.4;Registro de actividad;op.exp.8;operacional;explotación;Habilitar la entrega continua de eventos de CloudTrail a un bucket S3 dedicado con el fin de unificar los archivos de registro.;alto;requisito;trazabilidad;automático;;PASS;S3 Bucket cloudguardian-data-c8f4e2a3 from single region trail cloudguardian-trail is not publicly accessible.;arn:aws:cloudtrail:ap-south-1:735291151388:trail/cloudguardian-trail;cloudtrail_logs_s3_bucket_is_not_publicly_accessible;False;cloudguardian-trail;ENS;ENS RD 311/2022 - Categoría Alta
aws;The accreditation scheme of the ENS (National Security Scheme) has been developed by the Ministry of Finance and Public Administrations and the CCN (National Cryptological Center). This includes the basic principles and minimum requirements necessary for the adequate protection of information.;735291151388;ap-south-1;2026-07-11 14:19:13.485135;op.exp.8.r4.aws.ct.2;Control de acceso;op.exp.8.r4;operacional;explotación;Utilizar una política de bucket para restringir el acceso de forma pública e imponer restricciones sobre cuáles de los usuarios pueden eliminar objetos de Amazon S3.;alto;refuerzo;trazabilidad;automático;;PASS;S3 Bucket cloudguardian-data-c8f4e2a3 from single region trail cloudguardian-trail is not publicly accessible.;arn:aws:cloudtrail:ap-south-1:735291151388:trail/cloudguardian-trail;cloudtrail_logs_s3_bucket_is_not_publicly_accessible;False;cloudguardian-trail;ENS;ENS RD 311/2022 - Categoría Alta
aws;The accreditation scheme of the ENS (National Security Scheme) has been developed by the Ministry of Finance and Public Administrations and the CCN (National Cryptological Center). This includes the basic principles and minimum requirements necessary for the adequate protection of information.;735291151388;ap-south-1;2026-07-11 14:19:13.485135;op.exp.8.r4.aws.ct.6;Control de acceso;op.exp.8.r4;operacional;explotación;El almacén de logs de CloudTrail no debería ser accesible de forma pública  (ACLs);alto;refuerzo;trazabilidad;automático;;PASS;S3 Bucket cloudguardian-data-c8f4e2a3 from single region trail cloudguardian-trail is not publicly accessible.;arn:aws:cloudtrail:ap-south-1:735291151388:trail/cloudguardian-trail;cloudtrail_logs_s3_bucket_is_not_publicly_accessible;False;cloudguardian-trail;ENS;ENS RD 311/2022 - Categoría Alta
aws;The accreditation scheme of the ENS (National Security Scheme) has been developed by the Ministry of Finance and Public Administrations and the CCN (National Cryptological Center). This includes the basic principles and minimum requirements necessary for the adequate protection of information.;735291151388;ap-south-1;2026-07-11 14:19:13.485135;op.acc.6.r5.aws.iam.1;Registro;op.acc.6.r5;operacional;control de acceso;Para registrar los intentos de acceso, se deberá habilitar CloudTrail en todas las regiones y activar el registro de acceso de usuarios.;alto;refuerzo;confidencialidad,integridad,trazabilidad,autenticidad;automático;;PASS;Trail cloudguardian-trail is not multiregion and it is logging.;arn:aws:cloudtrail:ap-south-1:735291151388:trail/cloudguardian-trail;cloudtrail_multi_region_enabled;False;cloudguardian-trail;ENS;ENS RD 311/2022 - Categoría Alta
aws;The accreditation scheme of the ENS (National Security Scheme) has been developed by the Ministry of Finance and Public Administrations and the CCN (National Cryptological Center). This includes the basic principles and minimum requirements necessary for the adequate protection of information.;735291151388;ap-south-1;2026-07-11 14:19:13.485135;op.exp.5.aws.ct.1;Gestión de cambios;op.exp.5;operacional;explotación;Asegurar que CloudTrail esté activo para todas las regiones.;alto;recomendacion;confidencialidad,integridad,trazabilidad,autenticidad,disponibilidad;automático;;PASS;Trail cloudguardian-trail is not multiregion and it is logging.;arn:aws:cloudtrail:ap-south-1:735291151388:trail/cloudguardian-trail;cloudtrail_multi_region_enabled;False;cloudguardian-trail;ENS;ENS RD 311/2022 - Categoría Alta
aws;The accreditation scheme of the ENS (National Security Scheme) has been developed by the Ministry of Finance and Public Administrations and the CCN (National Cryptological Center). This includes the basic principles and minimum requirements necessary for the adequate protection of information.;735291151388;ap-south-1;2026-07-11 14:19:13.485135;op.exp.8.aws.ct.1;Registro de actividad;op.exp.8;operacional;explotación;Habilitar la herramienta CloudTrail en todas las regiones. Este serviio está habilitado por defecto cuando se crea una nueva cuenta, pero es posible deshabilitarlo.;alto;requisito;trazabilidad;automático;;PASS;Trail cloudguardian-trail is not multiregion and it is logging.;arn:aws:cloudtrail:ap-south-1:735291151388:trail/cloudguardian-trail;cloudtrail_multi_region_enabled;False;cloudguardian-trail;ENS;ENS RD 311/2022 - Categoría Alta
aws;The accreditation scheme of the ENS (National Security Scheme) has been developed by the Ministry of Finance and Public Administrations and the CCN (National Cryptological Center). This includes the basic principles and minimum requirements necessary for the adequate protection of information.;735291151388;ap-south-1;2026-07-11 14:19:13.485135;op.exp.8.aws.ct.6;Registro de actividad;op.exp.8;operacional;explotación;Activar el servicio de AWS CloudTrail para registrar la actividad de los usuarios relativa a la configuración de los servicios VPN Site-to-Site y AWS DirectConnect;alto;medida;trazabilidad;automático;;PASS;Trail cloudguardian-trail is not multiregion and it is logging.;arn:aws:cloudtrail:ap-south-1:735291151388:trail/cloudguardian-trail;cloudtrail_multi_region_enabled;False;cloudguardian-trail;ENS;ENS RD 311/2022 - Categoría Alta
aws;The accreditation scheme of the ENS (National Security Scheme) has been developed by the Ministry of Finance and Public Administrations and the CCN (National Cryptological Center). This includes the basic principles and minimum requirements necessary for the adequate protection of information.;735291151388;ap-south-1;2026-07-11 14:19:13.485135;op.exp.9.aws.ct.1;Registro de la gestión de incidentes;op.exp.9;operacional;explotación;Habilitar AWS Incident Manager y AWS CloudTrail en todas las regiones con el fin de recopilar información para generar contenido prescriptivo para la creación de informes exigidos por la medida de seguridad.;alto;recomendacion;confidencialidad,integridad,trazabilidad,autenticidad,disponibilidad;automático;;PASS;Trail cloudguardian-trail is not multiregion and it is logging.;arn:aws:cloudtrail:ap-south-1:735291151388:trail/cloudguardian-trail;cloudtrail_multi_region_enabled;False;cloudguardian-trail;ENS;ENS RD 311/2022 - Categoría Alta
aws;The accreditation scheme of the ENS (National Security Scheme) has been developed by the Ministry of Finance and Public Administrations and the CCN (National Cryptological Center). This includes the basic principles and minimum requirements necessary for the adequate protection of information.;735291151388;ap-south-1;2026-07-11 14:19:13.485135;op.mon.1.aws.ct.1;Detección de intrusión;op.mon.1;operacional;monitorización del sistema;Activar el servicio de eventos AWS CloudTrail para todas las regiones.;alto;requisito;confidencialidad,integridad,trazabilidad,autenticidad,disponibilidad;automático;;PASS;Trail cloudguardian-trail is not multiregion and it is logging.;arn:aws:cloudtrail:ap-south-1:735291151388:trail/cloudguardian-trail;cloudtrail_multi_region_enabled;False;cloudguardian-trail;ENS;ENS RD 311/2022 - Categoría Alta
aws;The accreditation scheme of the ENS (National Security Scheme) has been developed by the Ministry of Finance and Public Administrations and the CCN (National Cryptological Center). This includes the basic principles and minimum requirements necessary for the adequate protection of information.;735291151388;ap-south-1;2026-07-11 14:19:13.485135;op.exp.8.r1.aws.ct.2;Revisión de los registros;op.exp.8.r1;operacional;explotación;Configurar la herramienta CloudTrail de manera que realice el registro de eventos de administración, eventos de datos y eventos anómalos (insights).;alto;refuerzo;trazabilidad;automático;;FAIL;No CloudTrail trails have a data event to record all S3 object-level API operations.;arn:aws:cloudtrail:ap-south-1:735291151388:trail;cloudtrail_s3_dataevents_read_enabled;False;735291151388;ENS;ENS RD 311/2022 - Categoría Alta
aws;The accreditation scheme of the ENS (National Security Scheme) has been developed by the Ministry of Finance and Public Administrations and the CCN (National Cryptological Center). This includes the basic principles and minimum requirements necessary for the adequate protection of information.;735291151388;ap-south-1;2026-07-11 14:19:13.485135;op.exp.8.r1.aws.ct.3;Revisión de los registros;op.exp.8.r1;operacional;explotación;Registrar los eventos de lectura y escritura de datos.;alto;refuerzo;trazabilidad;automático;;FAIL;No CloudTrail trails have a data event to record all S3 object-level API operations.;arn:aws:cloudtrail:ap-south-1:735291151388:trail;cloudtrail_s3_dataevents_read_enabled;False;735291151388;ENS;ENS RD 311/2022 - Categoría Alta
aws;The accreditation scheme of the ENS (National Security Scheme) has been developed by the Ministry of Finance and Public Administrations and the CCN (National Cryptological Center). This includes the basic principles and minimum requirements necessary for the adequate protection of information.;735291151388;ap-south-1;2026-07-11 14:19:13.485135;op.exp.8.r1.aws.ct.4;Revisión de los registros;op.exp.8.r1;operacional;explotación;Registrar los eventos de lectura y escritura de datos.;alto;refuerzo;trazabilidad;automático;;FAIL;No CloudTrail trails have a data event to record all S3 object-level API operations.;arn:aws:cloudtrail:ap-south-1:735291151388:trail;cloudtrail_s3_dataevents_read_enabled;False;735291151388;ENS;ENS RD 311/2022 - Categoría Alta
aws;The accreditation scheme of the ENS (National Security Scheme) has been developed by the Ministry of Finance and Public Administrations and the CCN (National Cryptological Center). This includes the basic principles and minimum requirements necessary for the adequate protection of information.;735291151388;ap-south-1;2026-07-11 14:19:13.485135;op.exp.8.aws.ct.4;Registro de actividad;op.exp.8;operacional;explotación;Habilitar la entrega continua de eventos de CloudTrail a un bucket S3 dedicado con el fin de unificar los archivos de registro.;alto;requisito;trazabilidad;automático;;FAIL;No CloudTrail trails have a data event to record all S3 object-level API operations.;arn:aws:cloudtrail:ap-south-1:735291151388:trail;cloudtrail_s3_dataevents_write_enabled;False;735291151388;ENS;ENS RD 311/2022 - Categoría Alta
aws;The accreditation scheme of the ENS (National Security Scheme) has been developed by the Ministry of Finance and Public Administrations and the CCN (National Cryptological Center). This includes the basic principles and minimum requirements necessary for the adequate protection of information.;735291151388;ap-south-1;2026-07-11 14:19:13.485135;op.exp.8.r1.aws.ct.2;Revisión de los registros;op.exp.8.r1;operacional;explotación;Configurar la herramienta CloudTrail de manera que realice el registro de eventos de administración, eventos de datos y eventos anómalos (insights).;alto;refuerzo;trazabilidad;automático;;FAIL;No CloudTrail trails have a data event to record all S3 object-level API operations.;arn:aws:cloudtrail:ap-south-1:735291151388:trail;cloudtrail_s3_dataevents_write_enabled;False;735291151388;ENS;ENS RD 311/2022 - Categoría Alta
aws;The accreditation scheme of the ENS (National Security Scheme) has been developed by the Ministry of Finance and Public Administrations and the CCN (National Cryptological Center). This includes the basic principles and minimum requirements necessary for the adequate protection of information.;735291151388;ap-south-1;2026-07-11 14:19:13.485135;op.exp.8.r1.aws.ct.3;Revisión de los registros;op.exp.8.r1;operacional;explotación;Registrar los eventos de lectura y escritura de datos.;alto;refuerzo;trazabilidad;automático;;FAIL;No CloudTrail trails have a data event to record all S3 object-level API operations.;arn:aws:cloudtrail:ap-south-1:735291151388:trail;cloudtrail_s3_dataevents_write_enabled;False;735291151388;ENS;ENS RD 311/2022 - Categoría Alta
aws;The accreditation scheme of the ENS (National Security Scheme) has been developed by the Ministry of Finance and Public Administrations and the CCN (National Cryptological Center). This includes the basic principles and minimum requirements necessary for the adequate protection of information.;735291151388;ap-south-1;2026-07-11 14:19:13.485135;op.exp.8.r1.aws.ct.4;Revisión de los registros;op.exp.8.r1;operacional;explotación;Registrar los eventos de lectura y escritura de datos.;alto;refuerzo;trazabilidad;automático;;FAIL;No CloudTrail trails have a data event to record all S3 object-level API operations.;arn:aws:cloudtrail:ap-south-1:735291151388:trail;cloudtrail_s3_dataevents_write_enabled;False;735291151388;ENS;ENS RD 311/2022 - Categoría Alta
aws;The accreditation scheme of the ENS (National Security Scheme) has been developed by the Ministry of Finance and Public Administrations and the CCN (National Cryptological Center). This includes the basic principles and minimum requirements necessary for the adequate protection of information.;735291151388;ap-south-1;2026-07-11 14:19:13.485135;op.acc.4.aws.iam.1;Proceso de gestión de derechos de acceso;op.acc.4;operacional;control de acceso;Las políticas IAM deben permitir sólo los privilegios necesarios para cada rol. Se recomienda comenzar con el mínimo nivel de permisos e ir añadiendo permisos adicionales según vaya surgiendo la necesidad en lugar de comenzar con permisos administrativos.;alto;requisito;confidencialidad,integridad,trazabilidad,autenticidad;automático;;PASS;CloudWatch doesn't allow cross-account sharing.;arn:aws:iam:ap-south-1:735291151388:role;cloudwatch_cross_account_sharing_disabled;False;735291151388;ENS;ENS RD 311/2022 - Categoría Alta
aws;The accreditation scheme of the ENS (National Security Scheme) has been developed by the Ministry of Finance and Public Administrations and the CCN (National Cryptological Center). This includes the basic principles and minimum requirements necessary for the adequate protection of information.;735291151388;ap-south-1;2026-07-11 14:19:13.485135;op.exp.8.aws.ct.2;Registro de actividad;op.exp.8;operacional;explotación;Establecer un filtro de métricas desde AWS CloudWatch para detectar cambios en las configuraciones de CloudTrail;alto;requisito;trazabilidad;automático;;FAIL;No CloudWatch log groups found with metric filters or alarms associated.;arn:aws:logs:ap-south-1:735291151388:log-group;cloudwatch_log_metric_filter_and_alarm_for_cloudtrail_configuration_changes_enabled;False;735291151388;ENS;ENS RD 311/2022 - Categoría Alta
aws;The accreditation scheme of the ENS (National Security Scheme) has been developed by the Ministry of Finance and Public Administrations and the CCN (National Cryptological Center). This includes the basic principles and minimum requirements necessary for the adequate protection of information.;735291151388;ap-south-1;2026-07-11 14:19:13.485135;op.exp.8.r1.aws.ct.2;Revisión de los registros;op.exp.8.r1;operacional;explotación;Configurar la herramienta CloudTrail de manera que realice el registro de eventos de administración, eventos de datos y eventos anómalos (insights).;alto;refuerzo;trazabilidad;automático;;FAIL;No CloudWatch log groups found with metric filters or alarms associated.;arn:aws:logs:ap-south-1:735291151388:log-group;cloudwatch_log_metric_filter_and_alarm_for_cloudtrail_configuration_changes_enabled;False;735291151388;ENS;ENS RD 311/2022 - Categoría Alta
aws;The accreditation scheme of the ENS (National Security Scheme) has been developed by the Ministry of Finance and Public Administrations and the CCN (National Cryptological Center). This includes the basic principles and minimum requirements necessary for the adequate protection of information.;735291151388;ap-south-1;2026-07-11 14:19:13.485135;op.exp.8.r1.aws.ct.3;Revisión de los registros;op.exp.8.r1;operacional;explotación;Registrar los eventos de lectura y escritura de datos.;alto;refuerzo;trazabilidad;automático;;FAIL;No CloudWatch log groups found with metric filters or alarms associated.;arn:aws:logs:ap-south-1:735291151388:log-group;cloudwatch_log_metric_filter_and_alarm_for_cloudtrail_configuration_changes_enabled;False;735291151388;ENS;ENS RD 311/2022 - Categoría Alta
aws;The accreditation scheme of the ENS (National Security Scheme) has been developed by the Ministry of Finance and Public Administrations and the CCN (National Cryptological Center). This includes the basic principles and minimum requirements necessary for the adequate protection of information.;735291151388;ap-south-1;2026-07-11 14:19:13.485135;op.exp.8.aws.ct.5;Registro de actividad;op.exp.8;operacional;explotación;Se deberán habilitar alertas para los siguientes eventos: * Llamadas no permitidas a la API, * Accesos no permitidos a la consola, * Todos los intentos de acceso sin el correcto uso de MFA, * Toda la actividad realizada sobre y por la cuenta root, * Cualquier cambio en las políticas IAM;alto;recomendacion;trazabilidad;automático;;FAIL;No CloudWatch log groups found with metric filters or alarms associated.;arn:aws:logs:ap-south-1:735291151388:log-group;cloudwatch_log_metric_filter_authentication_failures;False;735291151388;ENS;ENS RD 311/2022 - Categoría Alta
aws;The accreditation scheme of the ENS (National Security Scheme) has been developed by the Ministry of Finance and Public Administrations and the CCN (National Cryptological Center). This includes the basic principles and minimum requirements necessary for the adequate protection of information.;735291151388;ap-south-1;2026-07-11 14:19:13.485135;op.exp.10.aws.cmk.4;Protección de claves criptográficas;op.exp.10;operacional;explotación;Para el archivo posterior a la explotación y destrucción de las claves se debe deshabilitar todas las claves CMK que no estén en uso.;alto;requisito;confidencialidad,integridad,trazabilidad,autenticidad,disponibilidad;automático;;FAIL;No CloudWatch log groups found with metric filters or alarms associated.;arn:aws:logs:ap-south-1:735291151388:log-group;cloudwatch_log_metric_filter_disable_or_scheduled_deletion_of_kms_cmk;False;735291151388;ENS;ENS RD 311/2022 - Categoría Alta
aws;The accreditation scheme of the ENS (National Security Scheme) has been developed by the Ministry of Finance and Public Administrations and the CCN (National Cryptological Center). This includes the basic principles and minimum requirements necessary for the adequate protection of information.;735291151388;ap-south-1;2026-07-11 14:19:13.485135;op.exp.10.aws.cmk.5;Protección de claves criptográficas;op.exp.10;operacional;explotación;Eliminar las claves deshabilitadas que no estén en uso y no mantengan ningún objeto o recurso cifrado, completando el ciclo de vida de la clave.;alto;requisito;confidencialidad,integridad,trazabilidad,autenticidad,disponibilidad;automático;;FAIL;No CloudWatch log groups found with metric filters or alarms associated.;arn:aws:logs:ap-south-1:735291151388:log-group;cloudwatch_log_metric_filter_disable_or_scheduled_deletion_of_kms_cmk;False;735291151388;ENS;ENS RD 311/2022 - Categoría Alta
aws;The accreditation scheme of the ENS (National Security Scheme) has been developed by the Ministry of Finance and Public Administrations and the CCN (National Cryptological Center). This includes the basic principles and minimum requirements necessary for the adequate protection of information.;735291151388;ap-south-1;2026-07-11 14:19:13.485135;op.exp.8.aws.ct.5;Registro de actividad;op.exp.8;operacional;explotación;Se deberán habilitar alertas para los siguientes eventos: * Llamadas no permitidas a la API, * Accesos no permitidos a la consola, * Todos los intentos de acceso sin el correcto uso de MFA, * Toda la actividad realizada sobre y por la cuenta root, * Cualquier cambio en las políticas IAM;alto;recomendacion;trazabilidad;automático;;FAIL;No CloudWatch log groups found with metric filters or alarms associated.;arn:aws:logs:ap-south-1:735291151388:log-group;cloudwatch_log_metric_filter_policy_changes;False;735291151388;ENS;ENS RD 311/2022 - Categoría Alta
aws;The accreditation scheme of the ENS (National Security Scheme) has been developed by the Ministry of Finance and Public Administrations and the CCN (National Cryptological Center). This includes the basic principles and minimum requirements necessary for the adequate protection of information.;735291151388;ap-south-1;2026-07-11 14:19:13.485135;op.exp.8.aws.ct.5;Registro de actividad;op.exp.8;operacional;explotación;Se deberán habilitar alertas para los siguientes eventos: * Llamadas no permitidas a la API, * Accesos no permitidos a la consola, * Todos los intentos de acceso sin el correcto uso de MFA, * Toda la actividad realizada sobre y por la cuenta root, * Cualquier cambio en las políticas IAM;alto;recomendacion;trazabilidad;automático;;FAIL;No CloudWatch log groups found with metric filters or alarms associated.;arn:aws:logs:ap-south-1:735291151388:log-group;cloudwatch_log_metric_filter_root_usage;False;735291151388;ENS;ENS RD 311/2022 - Categoría Alta
aws;The accreditation scheme of the ENS (National Security Scheme) has been developed by the Ministry of Finance and Public Administrations and the CCN (National Cryptological Center). This includes the basic principles and minimum requirements necessary for the adequate protection of information.;735291151388;ap-south-1;2026-07-11 14:19:13.485135;op.exp.8.aws.cw.1;Registro de actividad;op.exp.8;operacional;explotación;Crear alertas utilizando herramientas como Amazon CloudWatch Events para anunciar el inicio de sesión y el uso de las credenciales de usuario root de la cuenta de administración;alto;requisito;trazabilidad;automático;;FAIL;No CloudWatch log groups found with metric filters or alarms associated.;arn:aws:logs:ap-south-1:735291151388:log-group;cloudwatch_log_metric_filter_root_usage;False;735291151388;ENS;ENS RD 311/2022 - Categoría Alta
aws;The accreditation scheme of the ENS (National Security Scheme) has been developed by the Ministry of Finance and Public Administrations and the CCN (National Cryptological Center). This includes the basic principles and minimum requirements necessary for the adequate protection of information.;735291151388;ap-south-1;2026-07-11 14:19:13.485135;op.exp.8.aws.ct.5;Registro de actividad;op.exp.8;operacional;explotación;Se deberán habilitar alertas para los siguientes eventos: * Llamadas no permitidas a la API, * Accesos no permitidos a la consola, * Todos los intentos de acceso sin el correcto uso de MFA, * Toda la actividad realizada sobre y por la cuenta root, * Cualquier cambio en las políticas IAM;alto;recomendacion;trazabilidad;automático;;FAIL;No CloudWatch log groups found with metric filters or alarms associated.;arn:aws:logs:ap-south-1:735291151388:log-group;cloudwatch_log_metric_filter_sign_in_without_mfa;False;735291151388;ENS;ENS RD 311/2022 - Categoría Alta
aws;The accreditation scheme of the ENS (National Security Scheme) has been developed by the Ministry of Finance and Public Administrations and the CCN (National Cryptological Center). This includes the basic principles and minimum requirements necessary for the adequate protection of information.;735291151388;ap-south-1;2026-07-11 14:19:13.485135;op.exp.8.aws.ct.5;Registro de actividad;op.exp.8;operacional;explotación;Se deberán habilitar alertas para los siguientes eventos: * Llamadas no permitidas a la API, * Accesos no permitidos a la consola, * Todos los intentos de acceso sin el correcto uso de MFA, * Toda la actividad realizada sobre y por la cuenta root, * Cualquier cambio en las políticas IAM;alto;recomendacion;trazabilidad;automático;;FAIL;No CloudWatch log groups found with metric filters or alarms associated.;arn:aws:logs:ap-south-1:735291151388:log-group;cloudwatch_log_metric_filter_unauthorized_api_calls;False;735291151388;ENS;ENS RD 311/2022 - Categoría Alta
aws;The accreditation scheme of the ENS (National Security Scheme) has been developed by the Ministry of Finance and Public Administrations and the CCN (National Cryptological Center). This includes the basic principles and minimum requirements necessary for the adequate protection of information.;735291151388;ap-south-1;2026-07-11 14:19:13.485135;op.exp.1.aws.cfg.1;Inventario de activos;op.exp.1;operacional;explotación;En lo referente al inventariado de activos, asegurar que AWS Config está habilitado en todas las regiones y utilizar la herramienta para obtener una vista de los recursos existentes en las cuentas de AWS.;alto;requisito;confidencialidad,integridad,trazabilidad,autenticidad,disponibilidad;automático;;FAIL;AWS Config recorder 735291151388 is disabled.;arn:aws:config:ap-south-1:735291151388:recorder;config_recorder_all_regions_enabled;False;735291151388;ENS;ENS RD 311/2022 - Categoría Alta
aws;The accreditation scheme of the ENS (National Security Scheme) has been developed by the Ministry of Finance and Public Administrations and the CCN (National Cryptological Center). This includes the basic principles and minimum requirements necessary for the adequate protection of information.;735291151388;ap-south-1;2026-07-11 14:19:13.485135;op.exp.1.aws.cfg.2;Inventario de activos;op.exp.1;operacional;explotación;Configurar una regla de Config Rules que alerte sobre el despliegue de recursos sin las etiquetas correspondientes asociadas.;bajo;recomendacion;confidencialidad,integridad,trazabilidad,autenticidad,disponibilidad;automático;;FAIL;AWS Config recorder 735291151388 is disabled.;arn:aws:config:ap-south-1:735291151388:recorder;config_recorder_all_regions_enabled;False;735291151388;ENS;ENS RD 311/2022 - Categoría Alta
aws;The accreditation scheme of the ENS (National Security Scheme) has been developed by the Ministry of Finance and Public Administrations and the CCN (National Cryptological Center). This includes the basic principles and minimum requirements necessary for the adequate protection of information.;735291151388;ap-south-1;2026-07-11 14:19:13.485135;op.exp.3.aws.cfg.1;Gestión de la configuración de seguridad;op.exp.3;operacional;explotación;El cumplimiento de los requisitos se puede apoyar en la utilización de los servicios Config, Config Rules y Conformance Packs para identificar líneas base de configuración para evaluar si los recursos de AWS se ajustan a las prácticas autorizadas por la organización.;bajo;recomendacion;confidencialidad,integridad,trazabilidad,autenticidad,disponibilidad;automático;;FAIL;AWS Config recorder 735291151388 is disabled.;arn:aws:config:ap-south-1:735291151388:recorder;config_recorder_all_regions_enabled;False;735291151388;ENS;ENS RD 311/2022 - Categoría Alta
aws;The accreditation scheme of the ENS (National Security Scheme) has been developed by the Ministry of Finance and Public Administrations and the CCN (National Cryptological Center). This includes the basic principles and minimum requirements necessary for the adequate protection of information.;735291151388;ap-south-1;2026-07-11 14:19:13.485135;op.exp.3.r3.aws.cfg.1;Copias de seguridad;op.exp.3.r3;operacional;explotación;La entidad usuaria puede consultar el histórico de configuraciones de recursos en AWS Config.;alto;refuerzo;confidencialidad,integridad,trazabilidad,autenticidad,disponibilidad;automático;;FAIL;AWS Config recorder 735291151388 is disabled.;arn:aws:config:ap-south-1:735291151388:recorder;config_recorder_all_regions_enabled;False;735291151388;ENS;ENS RD 311/2022 - Categoría Alta
aws;The accreditation scheme of the ENS (National Security Scheme) has been developed by the Ministry of Finance and Public Administrations and the CCN (National Cryptological Center). This includes the basic principles and minimum requirements necessary for the adequate protection of information.;735291151388;ap-south-1;2026-07-11 14:19:13.485135;op.mon.3.r2.aws.cfg.1;Análisis dinámico;op.mon.3.r2;operacional;monitorización del sistema;Utilizar las herramientas AWS Config y Security hub;alto;refuerzo;confidencialidad,integridad,trazabilidad,autenticidad,disponibilidad;automático;;FAIL;AWS Config recorder 735291151388 is disabled.;arn:aws:config:ap-south-1:735291151388:recorder;config_recorder_all_regions_enabled;False;735291151388;ENS;ENS RD 311/2022 - Categoría Alta
aws;The accreditation scheme of the ENS (National Security Scheme) has been developed by the Ministry of Finance and Public Administrations and the CCN (National Cryptological Center). This includes the basic principles and minimum requirements necessary for the adequate protection of information.;735291151388;ap-south-1;2026-07-11 14:19:13.485135;op.mon.3.r6.aws.cfg.1;Inspecciones de seguridad;op.mon.3.r6;operacional;monitorización del sistema;Utilizar Config Rules y AWS Inspector;alto;refuerzo;confidencialidad,integridad,trazabilidad,autenticidad,disponibilidad;automático;;FAIL;AWS Config recorder 735291151388 is disabled.;arn:aws:config:ap-south-1:735291151388:recorder;config_recorder_all_regions_enabled;False;735291151388;ENS;ENS RD 311/2022 - Categoría Alta
aws;The accreditation scheme of the ENS (National Security Scheme) has been developed by the Ministry of Finance and Public Administrations and the CCN (National Cryptological Center). This includes the basic principles and minimum requirements necessary for the adequate protection of information.;735291151388;ap-south-1;2026-07-11 14:19:13.485135;mp.si.2.aws.kms.1;Criptografía;mp.si.2;medidas de protección;protección de los soportes de información;Aplicar cifrado sobre el almacenamiento de las instancias en todos sus volúmenes de datos.;alto;requisito;confidencialidad,integridad;automático;;FAIL;EBS Snapshot vol-022955d77ae658dd5 is unencrypted.;arn:aws:ec2:ap-south-1:735291151388:volume/vol-022955d77ae658dd5;ec2_ebs_volume_encryption;False;vol-022955d77ae658dd5;ENS;ENS RD 311/2022 - Categoría Alta
aws;The accreditation scheme of the ENS (National Security Scheme) has been developed by the Ministry of Finance and Public Administrations and the CCN (National Cryptological Center). This includes the basic principles and minimum requirements necessary for the adequate protection of information.;735291151388;ap-south-1;2026-07-11 14:19:13.485135;mp.com.4.aws.vpc.2;Separación de flujos de información en la red;mp.com.4;medidas de protección;protección de las comunicaciones;Evitar el uso de subnets con la opción de asignación automática de IPs (auto-assign Public IP).;alto;requisito;confidencialidad,integridad,trazabilidad,autenticidad,disponibilidad;automático;;FAIL;EC2 Instance i-0c7395c282641f31e at IP 13.207.69.17 is internet-facing with Instance Profile arn:aws:iam::735291151388:instance-profile/cloudguardian-web-profile.;arn:aws:ec2:ap-south-1:735291151388:instance/i-0c7395c282641f31e;ec2_instance_internet_facing_with_instance_profile;False;i-0c7395c282641f31e;ENS;ENS RD 311/2022 - Categoría Alta
aws;The accreditation scheme of the ENS (National Security Scheme) has been developed by the Ministry of Finance and Public Administrations and the CCN (National Cryptological Center). This includes the basic principles and minimum requirements necessary for the adequate protection of information.;735291151388;ap-south-1;2026-07-11 14:19:13.485135;op.acc.4.aws.iam.6;Proceso de gestión de derechos de acceso;op.acc.4;operacional;control de acceso;Con AWS Systems Manager Automation pueden utilizarse documentos de automatización y diseñar flujos de trabajo para la administración de cambios o la ejecución de operaciones estándar para administrar las instancias EC2 (p. ej., actualizar los sistemas operativos), en lugar de permitir el acceso directo. ;alto;recomendacion;confidencialidad,integridad,trazabilidad,autenticidad;automático;;PASS;EC2 Instance i-0c7395c282641f31e is managed by Systems Manager.;arn:aws:ec2:ap-south-1:735291151388:instance/i-0c7395c282641f31e;ec2_instance_managed_by_ssm;False;i-0c7395c282641f31e;ENS;ENS RD 311/2022 - Categoría Alta
aws;The accreditation scheme of the ENS (National Security Scheme) has been developed by the Ministry of Finance and Public Administrations and the CCN (National Cryptological Center). This includes the basic principles and minimum requirements necessary for the adequate protection of information.;735291151388;ap-south-1;2026-07-11 14:19:13.485135;op.acc.4.aws.sys.1;Proceso de gestión de derechos de acceso;op.acc.4;operacional;control de acceso;Habilitar systems manager automation para evitar acceso remoto humano a tareas automatizables.;alto;requisito;confidencialidad,integridad,trazabilidad,autenticidad;automático;;PASS;EC2 Instance i-0c7395c282641f31e is managed by Systems Manager.;arn:aws:ec2:ap-south-1:735291151388:instance/i-0c7395c282641f31e;ec2_instance_managed_by_ssm;False;i-0c7395c282641f31e;ENS;ENS RD 311/2022 - Categoría Alta
aws;The accreditation scheme of the ENS (National Security Scheme) has been developed by the Ministry of Finance and Public Administrations and the CCN (National Cryptological Center). This includes the basic principles and minimum requirements necessary for the adequate protection of information.;735291151388;ap-south-1;2026-07-11 14:19:13.485135;op.exp.1.aws.sys.1;Inventario de activos;op.exp.1;operacional;explotación;En el ámbito del software desplegado en las instancias de EC2, habilitar AWS System Manager Inventory para todo el entorno de EC2 en caso de no utilizar herramientas de terceros.;alto;requisito;confidencialidad,integridad,trazabilidad,autenticidad,disponibilidad;automático;;PASS;EC2 Instance i-0c7395c282641f31e is managed by Systems Manager.;arn:aws:ec2:ap-south-1:735291151388:instance/i-0c7395c282641f31e;ec2_instance_managed_by_ssm;False;i-0c7395c282641f31e;ENS;ENS RD 311/2022 - Categoría Alta
aws;The accreditation scheme of the ENS (National Security Scheme) has been developed by the Ministry of Finance and Public Administrations and the CCN (National Cryptological Center). This includes the basic principles and minimum requirements necessary for the adequate protection of information.;735291151388;ap-south-1;2026-07-11 14:19:13.485135;op.exp.4.aws.sys.2;Mantenimiento y actualizaciones de seguridad;op.exp.4;operacional;explotación;Utilizar AWS Systems Manager Patch Manager para planificar y gestionar la aplicación de parches minimizando los riesgos asociados a tener instancias con software desactualizado y expuesto a vulnerabilidades conocidas.;alto;requisito;confidencialidad,integridad,trazabilidad,autenticidad,disponibilidad;automático;;PASS;EC2 Instance i-0c7395c282641f31e is managed by Systems Manager.;arn:aws:ec2:ap-south-1:735291151388:instance/i-0c7395c282641f31e;ec2_instance_managed_by_ssm;False;i-0c7395c282641f31e;ENS;ENS RD 311/2022 - Categoría Alta
aws;The accreditation scheme of the ENS (National Security Scheme) has been developed by the Ministry of Finance and Public Administrations and the CCN (National Cryptological Center). This includes the basic principles and minimum requirements necessary for the adequate protection of information.;735291151388;ap-south-1;2026-07-11 14:19:13.485135;op.exp.4.r2.aws.sys.1;Prevención de fallos;op.exp.4.r2;operacional;explotación;Utilizar la solución AWS Systems Manager Automation para automatizar las tareas de corrección en servicios de AWS como EC2 y RDS.;alto;recomendacion;confidencialidad,integridad,trazabilidad,autenticidad,disponibilidad;automático;;PASS;EC2 Instance i-0c7395c282641f31e is managed by Systems Manager.;arn:aws:ec2:ap-south-1:735291151388:instance/i-0c7395c282641f31e;ec2_instance_managed_by_ssm;False;i-0c7395c282641f31e;ENS;ENS RD 311/2022 - Categoría Alta
aws;The accreditation scheme of the ENS (National Security Scheme) has been developed by the Ministry of Finance and Public Administrations and the CCN (National Cryptological Center). This includes the basic principles and minimum requirements necessary for the adequate protection of information.;735291151388;ap-south-1;2026-07-11 14:19:13.485135;op.exp.9.aws.img.1;Registro de la gestión de incidentes;op.exp.9;operacional;explotación;Habilitar AWS Incident Manager y AWS CloudTrail en todas las regiones con el fin de recopilar información para generar contenido prescriptivo para la creación de informes exigidos por la medida de seguridad.;alto;recomendacion;confidencialidad,integridad,trazabilidad,autenticidad,disponibilidad;automático;;PASS;EC2 Instance i-0c7395c282641f31e is managed by Systems Manager.;arn:aws:ec2:ap-south-1:735291151388:instance/i-0c7395c282641f31e;ec2_instance_managed_by_ssm;False;i-0c7395c282641f31e;ENS;ENS RD 311/2022 - Categoría Alta
aws;The accreditation scheme of the ENS (National Security Scheme) has been developed by the Ministry of Finance and Public Administrations and the CCN (National Cryptological Center). This includes the basic principles and minimum requirements necessary for the adequate protection of information.;735291151388;ap-south-1;2026-07-11 14:19:13.485135;op.acc.4.aws.iam.3;Proceso de gestión de derechos de acceso;op.acc.4;operacional;control de acceso;Para una correcta implementación de la estrategia de políticas de acceso, se recomienda utilizar la herramienta Policy Simulator para probar y solucionar posibles problemas en la asignación de políticas.;alto;recomendacion;confidencialidad,integridad,trazabilidad,autenticidad;automatico;;PASS;EC2 Instance i-0c7395c282641f31e is managed by Systems Manager.;arn:aws:ec2:ap-south-1:735291151388:instance/i-0c7395c282641f31e;ec2_instance_managed_by_ssm;False;i-0c7395c282641f31e;ENS;ENS RD 311/2022 - Categoría Alta
aws;The accreditation scheme of the ENS (National Security Scheme) has been developed by the Ministry of Finance and Public Administrations and the CCN (National Cryptological Center). This includes the basic principles and minimum requirements necessary for the adequate protection of information.;735291151388;ap-south-1;2026-07-11 14:19:13.485135;mp.com.1.aws.sg.2;Perímetro seguro;mp.com.1;medidas de protección;protección de las comunicaciones;Evitar la existencia de Security Groups que dejen abierto todo el tráfico entrante.;alto;requisito;confidencialidad,integridad,trazabilidad,autenticidad,disponibilidad;automático;;PASS;Security group cloudguardian-web-sg (sg-0fdba0a657788f1d7) does not have all ports open to the Internet.;arn:aws:ec2:ap-south-1:735291151388:security-group/sg-0fdba0a657788f1d7;ec2_securitygroup_allow_ingress_from_internet_to_all_ports;False;sg-0fdba0a657788f1d7;ENS;ENS RD 311/2022 - Categoría Alta
aws;The accreditation scheme of the ENS (National Security Scheme) has been developed by the Ministry of Finance and Public Administrations and the CCN (National Cryptological Center). This includes the basic principles and minimum requirements necessary for the adequate protection of information.;735291151388;ap-south-1;2026-07-11 14:19:13.485135;mp.com.1.aws.sg.2;Perímetro seguro;mp.com.1;medidas de protección;protección de las comunicaciones;Evitar la existencia de Security Groups que dejen abierto todo el tráfico entrante.;alto;requisito;confidencialidad,integridad,trazabilidad,autenticidad,disponibilidad;automático;;PASS;Security group cloudguardian-rds-sg (sg-0be0be5f1a7d28519) does not have all ports open to the Internet.;arn:aws:ec2:ap-south-1:735291151388:security-group/sg-0be0be5f1a7d28519;ec2_securitygroup_allow_ingress_from_internet_to_all_ports;False;sg-0be0be5f1a7d28519;ENS;ENS RD 311/2022 - Categoría Alta
aws;The accreditation scheme of the ENS (National Security Scheme) has been developed by the Ministry of Finance and Public Administrations and the CCN (National Cryptological Center). This includes the basic principles and minimum requirements necessary for the adequate protection of information.;735291151388;ap-south-1;2026-07-11 14:19:13.485135;mp.com.1.aws.sg.1;Perímetro seguro;mp.com.1;medidas de protección;protección de las comunicaciones;Asegurar que el Security Group restrinja todo el tráfico. Para ello, se deberán agregar las reglas del Security Group que se aplica por defecto cuando se crea una VPC.;alto;requisito;confidencialidad,integridad,trazabilidad,autenticidad,disponibilidad;automático;;PASS;Security group cloudguardian-web-sg (sg-0fdba0a657788f1d7) was not created using the EC2 Launch Wizard.;arn:aws:ec2:ap-south-1:735291151388:security-group/sg-0fdba0a657788f1d7;ec2_securitygroup_from_launch_wizard;False;sg-0fdba0a657788f1d7;ENS;ENS RD 311/2022 - Categoría Alta
aws;The accreditation scheme of the ENS (National Security Scheme) has been developed by the Ministry of Finance and Public Administrations and the CCN (National Cryptological Center). This includes the basic principles and minimum requirements necessary for the adequate protection of information.;735291151388;ap-south-1;2026-07-11 14:19:13.485135;mp.com.1.aws.sg.1;Perímetro seguro;mp.com.1;medidas de protección;protección de las comunicaciones;Asegurar que el Security Group restrinja todo el tráfico. Para ello, se deberán agregar las reglas del Security Group que se aplica por defecto cuando se crea una VPC.;alto;requisito;confidencialidad,integridad,trazabilidad,autenticidad,disponibilidad;automático;;PASS;Security group default (sg-01da1c49051ece125) was not created using the EC2 Launch Wizard.;arn:aws:ec2:ap-south-1:735291151388:security-group/sg-01da1c49051ece125;ec2_securitygroup_from_launch_wizard;False;sg-01da1c49051ece125;ENS;ENS RD 311/2022 - Categoría Alta
aws;The accreditation scheme of the ENS (National Security Scheme) has been developed by the Ministry of Finance and Public Administrations and the CCN (National Cryptological Center). This includes the basic principles and minimum requirements necessary for the adequate protection of information.;735291151388;ap-south-1;2026-07-11 14:19:13.485135;mp.com.1.aws.sg.1;Perímetro seguro;mp.com.1;medidas de protección;protección de las comunicaciones;Asegurar que el Security Group restrinja todo el tráfico. Para ello, se deberán agregar las reglas del Security Group que se aplica por defecto cuando se crea una VPC.;alto;requisito;confidencialidad,integridad,trazabilidad,autenticidad,disponibilidad;automático;;PASS;Security group default (sg-0d804f6e736cdd9da) was not created using the EC2 Launch Wizard.;arn:aws:ec2:ap-south-1:735291151388:security-group/sg-0d804f6e736cdd9da;ec2_securitygroup_from_launch_wizard;False;sg-0d804f6e736cdd9da;ENS;ENS RD 311/2022 - Categoría Alta
aws;The accreditation scheme of the ENS (National Security Scheme) has been developed by the Ministry of Finance and Public Administrations and the CCN (National Cryptological Center). This includes the basic principles and minimum requirements necessary for the adequate protection of information.;735291151388;ap-south-1;2026-07-11 14:19:13.485135;mp.com.1.aws.sg.1;Perímetro seguro;mp.com.1;medidas de protección;protección de las comunicaciones;Asegurar que el Security Group restrinja todo el tráfico. Para ello, se deberán agregar las reglas del Security Group que se aplica por defecto cuando se crea una VPC.;alto;requisito;confidencialidad,integridad,trazabilidad,autenticidad,disponibilidad;automático;;PASS;Security group cloudguardian-rds-sg (sg-0be0be5f1a7d28519) was not created using the EC2 Launch Wizard.;arn:aws:ec2:ap-south-1:735291151388:security-group/sg-0be0be5f1a7d28519;ec2_securitygroup_from_launch_wizard;False;sg-0be0be5f1a7d28519;ENS;ENS RD 311/2022 - Categoría Alta
aws;The accreditation scheme of the ENS (National Security Scheme) has been developed by the Ministry of Finance and Public Administrations and the CCN (National Cryptological Center). This includes the basic principles and minimum requirements necessary for the adequate protection of information.;735291151388;ap-south-1;2026-07-11 14:19:13.485135;mp.com.1.aws.sg.1;Perímetro seguro;mp.com.1;medidas de protección;protección de las comunicaciones;Asegurar que el Security Group restrinja todo el tráfico. Para ello, se deberán agregar las reglas del Security Group que se aplica por defecto cuando se crea una VPC.;alto;requisito;confidencialidad,integridad,trazabilidad,autenticidad,disponibilidad;automático;;FAIL;Security group launch-wizard-1 (sg-0aaba2fb7e64252aa) was created using the EC2 Launch Wizard.;arn:aws:ec2:ap-south-1:735291151388:security-group/sg-0aaba2fb7e64252aa;ec2_securitygroup_from_launch_wizard;False;sg-0aaba2fb7e64252aa;ENS;ENS RD 311/2022 - Categoría Alta
aws;The accreditation scheme of the ENS (National Security Scheme) has been developed by the Ministry of Finance and Public Administrations and the CCN (National Cryptological Center). This includes the basic principles and minimum requirements necessary for the adequate protection of information.;735291151388;ap-south-1;2026-07-11 14:19:13.485135;mp.com.1.aws.sg.3;Perímetro seguro;mp.com.1;medidas de protección;protección de las comunicaciones;Evitar tener un repositorio de Security Groups que no estén siendo usados.;alto;requisito;confidencialidad,integridad,trazabilidad,autenticidad,disponibilidad;automático;;PASS;Security group cloudguardian-web-sg (sg-0fdba0a657788f1d7) it is being used.;arn:aws:ec2:ap-south-1:735291151388:security-group/sg-0fdba0a657788f1d7;ec2_securitygroup_not_used;False;sg-0fdba0a657788f1d7;ENS;ENS RD 311/2022 - Categoría Alta
aws;The accreditation scheme of the ENS (National Security Scheme) has been developed by the Ministry of Finance and Public Administrations and the CCN (National Cryptological Center). This includes the basic principles and minimum requirements necessary for the adequate protection of information.;735291151388;ap-south-1;2026-07-11 14:19:13.485135;mp.com.1.aws.sg.3;Perímetro seguro;mp.com.1;medidas de protección;protección de las comunicaciones;Evitar tener un repositorio de Security Groups que no estén siendo usados.;alto;requisito;confidencialidad,integridad,trazabilidad,autenticidad,disponibilidad;automático;;PASS;Security group cloudguardian-rds-sg (sg-0be0be5f1a7d28519) it is being used.;arn:aws:ec2:ap-south-1:735291151388:security-group/sg-0be0be5f1a7d28519;ec2_securitygroup_not_used;False;sg-0be0be5f1a7d28519;ENS;ENS RD 311/2022 - Categoría Alta
aws;The accreditation scheme of the ENS (National Security Scheme) has been developed by the Ministry of Finance and Public Administrations and the CCN (National Cryptological Center). This includes the basic principles and minimum requirements necessary for the adequate protection of information.;735291151388;ap-south-1;2026-07-11 14:19:13.485135;mp.com.1.aws.sg.3;Perímetro seguro;mp.com.1;medidas de protección;protección de las comunicaciones;Evitar tener un repositorio de Security Groups que no estén siendo usados.;alto;requisito;confidencialidad,integridad,trazabilidad,autenticidad,disponibilidad;automático;;FAIL;Security group launch-wizard-1 (sg-0aaba2fb7e64252aa) it is not being used.;arn:aws:ec2:ap-south-1:735291151388:security-group/sg-0aaba2fb7e64252aa;ec2_securitygroup_not_used;False;sg-0aaba2fb7e64252aa;ENS;ENS RD 311/2022 - Categoría Alta
aws;The accreditation scheme of the ENS (National Security Scheme) has been developed by the Ministry of Finance and Public Administrations and the CCN (National Cryptological Center). This includes the basic principles and minimum requirements necessary for the adequate protection of information.;735291151388;us-east-1;2026-07-11 14:19:13.485135;mp.com.1.aws.nfw.2;Perímetro seguro;mp.com.1;medidas de protección;protección de las comunicaciones;Incidir en la utilización de AWS Firewall Manager para gestionar los firewalls de forma centralizada.;alto;requisito;confidencialidad,integridad,trazabilidad,autenticidad,disponibilidad;automático;;FAIL;FMS without any compliant policy for account 735291151388.;arn:aws:fms:us-east-1:735291151388:policy;fms_policy_compliant;False;735291151388;ENS;ENS RD 311/2022 - Categoría Alta
aws;The accreditation scheme of the ENS (National Security Scheme) has been developed by the Ministry of Finance and Public Administrations and the CCN (National Cryptological Center). This includes the basic principles and minimum requirements necessary for the adequate protection of information.;735291151388;ap-south-1;2026-07-11 14:19:13.485135;op.acc.6.r2.aws.iam.1;Contraseña + otro factor de autenticación;op.acc.6.r2;operacional;control de acceso;MFA deberá estar habilitado para todas las cuentas que tengan contraseña para acceder a la consola, incluyendo el usuario root.;alto;refuerzo;confidencialidad,integridad,trazabilidad,autenticidad;automático;op.acc.6.r1,op.acc.6.r4;FAIL;Group admin provides administrator access to User Alex with MFA disabled.;arn:aws:iam::735291151388:group/admin;iam_administrator_access_with_mfa;False;admin;ENS;ENS RD 311/2022 - Categoría Alta
aws;The accreditation scheme of the ENS (National Security Scheme) has been developed by the Ministry of Finance and Public Administrations and the CCN (National Cryptological Center). This includes the basic principles and minimum requirements necessary for the adequate protection of information.;735291151388;ap-south-1;2026-07-11 14:19:13.485135;op.acc.2.aws.iam.4;Requisitos de acceso;op.acc.2;operacional;control de acceso;Se deberá delegar en cuentas administradoras la administración de la organización, dejando la cuenta maestra sin uso y con las medidas de seguridad pertinentes.;alto;requisito;confidencialidad,integridad,trazabilidad,autenticidad;automático;;FAIL;Root user in the account was last accessed 1 days ago.;arn:aws:iam::735291151388:root;iam_avoid_root_usage;False;<root_account>;ENS;ENS RD 311/2022 - Categoría Alta
aws;The accreditation scheme of the ENS (National Security Scheme) has been developed by the Ministry of Finance and Public Administrations and the CCN (National Cryptological Center). This includes the basic principles and minimum requirements necessary for the adequate protection of information.;735291151388;ap-south-1;2026-07-11 14:19:13.485135;op.acc.4.aws.iam.7;Proceso de gestión de derechos de acceso;op.acc.4;operacional;control de acceso;Se restringirá todo acceso a las acciones especificadas para el usuario root de una cuenta.;alto;requisito;confidencialidad,integridad,trazabilidad,autenticidad;automático;;FAIL;Root user in the account was last accessed 1 days ago.;arn:aws:iam::735291151388:root;iam_avoid_root_usage;False;<root_account>;ENS;ENS RD 311/2022 - Categoría Alta
aws;The accreditation scheme of the ENS (National Security Scheme) has been developed by the Ministry of Finance and Public Administrations and the CCN (National Cryptological Center). This includes the basic principles and minimum requirements necessary for the adequate protection of information.;735291151388;ap-south-1;2026-07-11 14:19:13.485135;op.acc.4.aws.iam.1;Proceso de gestión de derechos de acceso;op.acc.4;operacional;control de acceso;Las políticas IAM deben permitir sólo los privilegios necesarios para cada rol. Se recomienda comenzar con el mínimo nivel de permisos e ir añadiendo permisos adicionales según vaya surgiendo la necesidad en lugar de comenzar con permisos administrativos.;alto;requisito;confidencialidad,integridad,trazabilidad,autenticidad;automático;;PASS;AWS policy AmazonRDSServiceRolePolicy is attached but does not allow '*:*' administrative privileges.;arn:aws:iam::aws:policy/aws-service-role/AmazonRDSServiceRolePolicy;iam_aws_attached_policy_no_administrative_privileges;False;AmazonRDSServiceRolePolicy;ENS;ENS RD 311/2022 - Categoría Alta
aws;The accreditation scheme of the ENS (National Security Scheme) has been developed by the Ministry of Finance and Public Administrations and the CCN (National Cryptological Center). This includes the basic principles and minimum requirements necessary for the adequate protection of information.;735291151388;ap-south-1;2026-07-11 14:19:13.485135;op.acc.4.aws.iam.2;Proceso de gestión de derechos de acceso;op.acc.4;operacional;control de acceso;Evitar políticas con comodines (wildcards) en su definición, que puedan otorgar privilegios administrativos completos.;alto;requisito;confidencialidad,integridad,trazabilidad,autenticidad;automático;;PASS;AWS policy AmazonRDSServiceRolePolicy is attached but does not allow '*:*' administrative privileges.;arn:aws:iam::aws:policy/aws-service-role/AmazonRDSServiceRolePolicy;iam_aws_attached_policy_no_administrative_privileges;False;AmazonRDSServiceRolePolicy;ENS;ENS RD 311/2022 - Categoría Alta
aws;The accreditation scheme of the ENS (National Security Scheme) has been developed by the Ministry of Finance and Public Administrations and the CCN (National Cryptological Center). This includes the basic principles and minimum requirements necessary for the adequate protection of information.;735291151388;ap-south-1;2026-07-11 14:19:13.485135;op.acc.4.aws.iam.9;Proceso de gestión de derechos de acceso;op.acc.4;operacional;control de acceso;Se configurarán diferentes permisos a las cuentas de usuario, limitando la utilización de la cuenta “root” para tareas específicas que necesiten un nivel de privilegios elevado, esta configuración debe entenderse como un mecanismo para impedir que el trabajo directo con usuarios con privilegios de administrador repercuta negativamente en la seguridad, a acometer todas las acciones con el máximo privilegio cuando este no es siempre requerido.;alto;requisito;confidencialidad,integridad,trazabilidad,autenticidad;automático;;PASS;AWS policy AmazonRDSServiceRolePolicy is attached but does not allow '*:*' administrative privileges.;arn:aws:iam::aws:policy/aws-service-role/AmazonRDSServiceRolePolicy;iam_aws_attached_policy_no_administrative_privileges;False;AmazonRDSServiceRolePolicy;ENS;ENS RD 311/2022 - Categoría Alta
aws;The accreditation scheme of the ENS (National Security Scheme) has been developed by the Ministry of Finance and Public Administrations and the CCN (National Cryptological Center). This includes the basic principles and minimum requirements necessary for the adequate protection of information.;735291151388;ap-south-1;2026-07-11 14:19:13.485135;op.exp.8.r4.aws.ct.8;Control de acceso;op.exp.8.r4;operacional;explotación;Asignar correctamente las políticas IAM para el acceso y borrado de los registros y sus copias de seguridad haciendo uso del principio de mínimo privilegio.;alto;refuerzo;trazabilidad;automático;;PASS;AWS policy AmazonRDSServiceRolePolicy is attached but does not allow '*:*' administrative privileges.;arn:aws:iam::aws:policy/aws-service-role/AmazonRDSServiceRolePolicy;iam_aws_attached_policy_no_administrative_privileges;False;AmazonRDSServiceRolePolicy;ENS;ENS RD 311/2022 - Categoría Alta
aws;The accreditation scheme of the ENS (National Security Scheme) has been developed by the Ministry of Finance and Public Administrations and the CCN (National Cryptological Center). This includes the basic principles and minimum requirements necessary for the adequate protection of information.;735291151388;ap-south-1;2026-07-11 14:19:13.485135;op.acc.4.aws.iam.1;Proceso de gestión de derechos de acceso;op.acc.4;operacional;control de acceso;Las políticas IAM deben permitir sólo los privilegios necesarios para cada rol. Se recomienda comenzar con el mínimo nivel de permisos e ir añadiendo permisos adicionales según vaya surgiendo la necesidad en lugar de comenzar con permisos administrativos.;alto;requisito;confidencialidad,integridad,trazabilidad,autenticidad;automático;;PASS;AWS policy AWSTrustedAdvisorServiceRolePolicy is attached but does not allow '*:*' administrative privileges.;arn:aws:iam::aws:policy/aws-service-role/AWSTrustedAdvisorServiceRolePolicy;iam_aws_attached_policy_no_administrative_privileges;False;AWSTrustedAdvisorServiceRolePolicy;ENS;ENS RD 311/2022 - Categoría Alta
aws;The accreditation scheme of the ENS (National Security Scheme) has been developed by the Ministry of Finance and Public Administrations and the CCN (National Cryptological Center). This includes the basic principles and minimum requirements necessary for the adequate protection of information.;735291151388;ap-south-1;2026-07-11 14:19:13.485135;op.acc.4.aws.iam.2;Proceso de gestión de derechos de acceso;op.acc.4;operacional;control de acceso;Evitar políticas con comodines (wildcards) en su definición, que puedan otorgar privilegios administrativos completos.;alto;requisito;confidencialidad,integridad,trazabilidad,autenticidad;automático;;PASS;AWS policy AWSTrustedAdvisorServiceRolePolicy is attached but does not allow '*:*' administrative privileges.;arn:aws:iam::aws:policy/aws-service-role/AWSTrustedAdvisorServiceRolePolicy;iam_aws_attached_policy_no_administrative_privileges;False;AWSTrustedAdvisorServiceRolePolicy;ENS;ENS RD 311/2022 - Categoría Alta
aws;The accreditation scheme of the ENS (National Security Scheme) has been developed by the Ministry of Finance and Public Administrations and the CCN (National Cryptological Center). This includes the basic principles and minimum requirements necessary for the adequate protection of information.;735291151388;ap-south-1;2026-07-11 14:19:13.485135;op.acc.4.aws.iam.9;Proceso de gestión de derechos de acceso;op.acc.4;operacional;control de acceso;Se configurarán diferentes permisos a las cuentas de usuario, limitando la utilización de la cuenta “root” para tareas específicas que necesiten un nivel de privilegios elevado, esta configuración debe entenderse como un mecanismo para impedir que el trabajo directo con usuarios con privilegios de administrador repercuta negativamente en la seguridad, a acometer todas las acciones con el máximo privilegio cuando este no es siempre requerido.;alto;requisito;confidencialidad,integridad,trazabilidad,autenticidad;automático;;PASS;AWS policy AWSTrustedAdvisorServiceRolePolicy is attached but does not allow '*:*' administrative privileges.;arn:aws:iam::aws:policy/aws-service-role/AWSTrustedAdvisorServiceRolePolicy;iam_aws_attached_policy_no_administrative_privileges;False;AWSTrustedAdvisorServiceRolePolicy;ENS;ENS RD 311/2022 - Categoría Alta
aws;The accreditation scheme of the ENS (National Security Scheme) has been developed by the Ministry of Finance and Public Administrations and the CCN (National Cryptological Center). This includes the basic principles and minimum requirements necessary for the adequate protection of information.;735291151388;ap-south-1;2026-07-11 14:19:13.485135;op.exp.8.r4.aws.ct.8;Control de acceso;op.exp.8.r4;operacional;explotación;Asignar correctamente las políticas IAM para el acceso y borrado de los registros y sus copias de seguridad haciendo uso del principio de mínimo privilegio.;alto;refuerzo;trazabilidad;automático;;PASS;AWS policy AWSTrustedAdvisorServiceRolePolicy is attached but does not allow '*:*' administrative privileges.;arn:aws:iam::aws:policy/aws-service-role/AWSTrustedAdvisorServiceRolePolicy;iam_aws_attached_policy_no_administrative_privileges;False;AWSTrustedAdvisorServiceRolePolicy;ENS;ENS RD 311/2022 - Categoría Alta
aws;The accreditation scheme of the ENS (National Security Scheme) has been developed by the Ministry of Finance and Public Administrations and the CCN (National Cryptological Center). This includes the basic principles and minimum requirements necessary for the adequate protection of information.;735291151388;ap-south-1;2026-07-11 14:19:13.485135;op.acc.4.aws.iam.1;Proceso de gestión de derechos de acceso;op.acc.4;operacional;control de acceso;Las políticas IAM deben permitir sólo los privilegios necesarios para cada rol. Se recomienda comenzar con el mínimo nivel de permisos e ir añadiendo permisos adicionales según vaya surgiendo la necesidad en lugar de comenzar con permisos administrativos.;alto;requisito;confidencialidad,integridad,trazabilidad,autenticidad;automático;;FAIL;AWS policy AdministratorAccess is attached and allows '*:*' administrative privileges.;arn:aws:iam::aws:policy/AdministratorAccess;iam_aws_attached_policy_no_administrative_privileges;False;AdministratorAccess;ENS;ENS RD 311/2022 - Categoría Alta
aws;The accreditation scheme of the ENS (National Security Scheme) has been developed by the Ministry of Finance and Public Administrations and the CCN (National Cryptological Center). This includes the basic principles and minimum requirements necessary for the adequate protection of information.;735291151388;ap-south-1;2026-07-11 14:19:13.485135;op.acc.4.aws.iam.2;Proceso de gestión de derechos de acceso;op.acc.4;operacional;control de acceso;Evitar políticas con comodines (wildcards) en su definición, que puedan otorgar privilegios administrativos completos.;alto;requisito;confidencialidad,integridad,trazabilidad,autenticidad;automático;;FAIL;AWS policy AdministratorAccess is attached and allows '*:*' administrative privileges.;arn:aws:iam::aws:policy/AdministratorAccess;iam_aws_attached_policy_no_administrative_privileges;False;AdministratorAccess;ENS;ENS RD 311/2022 - Categoría Alta
aws;The accreditation scheme of the ENS (National Security Scheme) has been developed by the Ministry of Finance and Public Administrations and the CCN (National Cryptological Center). This includes the basic principles and minimum requirements necessary for the adequate protection of information.;735291151388;ap-south-1;2026-07-11 14:19:13.485135;op.acc.4.aws.iam.9;Proceso de gestión de derechos de acceso;op.acc.4;operacional;control de acceso;Se configurarán diferentes permisos a las cuentas de usuario, limitando la utilización de la cuenta “root” para tareas específicas que necesiten un nivel de privilegios elevado, esta configuración debe entenderse como un mecanismo para impedir que el trabajo directo con usuarios con privilegios de administrador repercuta negativamente en la seguridad, a acometer todas las acciones con el máximo privilegio cuando este no es siempre requerido.;alto;requisito;confidencialidad,integridad,trazabilidad,autenticidad;automático;;FAIL;AWS policy AdministratorAccess is attached and allows '*:*' administrative privileges.;arn:aws:iam::aws:policy/AdministratorAccess;iam_aws_attached_policy_no_administrative_privileges;False;AdministratorAccess;ENS;ENS RD 311/2022 - Categoría Alta
aws;The accreditation scheme of the ENS (National Security Scheme) has been developed by the Ministry of Finance and Public Administrations and the CCN (National Cryptological Center). This includes the basic principles and minimum requirements necessary for the adequate protection of information.;735291151388;ap-south-1;2026-07-11 14:19:13.485135;op.exp.8.r4.aws.ct.8;Control de acceso;op.exp.8.r4;operacional;explotación;Asignar correctamente las políticas IAM para el acceso y borrado de los registros y sus copias de seguridad haciendo uso del principio de mínimo privilegio.;alto;refuerzo;trazabilidad;automático;;FAIL;AWS policy AdministratorAccess is attached and allows '*:*' administrative privileges.;arn:aws:iam::aws:policy/AdministratorAccess;iam_aws_attached_policy_no_administrative_privileges;False;AdministratorAccess;ENS;ENS RD 311/2022 - Categoría Alta
aws;The accreditation scheme of the ENS (National Security Scheme) has been developed by the Ministry of Finance and Public Administrations and the CCN (National Cryptological Center). This includes the basic principles and minimum requirements necessary for the adequate protection of information.;735291151388;ap-south-1;2026-07-11 14:19:13.485135;op.acc.4.aws.iam.1;Proceso de gestión de derechos de acceso;op.acc.4;operacional;control de acceso;Las políticas IAM deben permitir sólo los privilegios necesarios para cada rol. Se recomienda comenzar con el mínimo nivel de permisos e ir añadiendo permisos adicionales según vaya surgiendo la necesidad en lugar de comenzar con permisos administrativos.;alto;requisito;confidencialidad,integridad,trazabilidad,autenticidad;automático;;PASS;AWS policy AWSSupportServiceRolePolicy is attached but does not allow '*:*' administrative privileges.;arn:aws:iam::aws:policy/aws-service-role/AWSSupportServiceRolePolicy;iam_aws_attached_policy_no_administrative_privileges;False;AWSSupportServiceRolePolicy;ENS;ENS RD 311/2022 - Categoría Alta
aws;The accreditation scheme of the ENS (National Security Scheme) has been developed by the Ministry of Finance and Public Administrations and the CCN (National Cryptological Center). This includes the basic principles and minimum requirements necessary for the adequate protection of information.;735291151388;ap-south-1;2026-07-11 14:19:13.485135;op.acc.4.aws.iam.2;Proceso de gestión de derechos de acceso;op.acc.4;operacional;control de acceso;Evitar políticas con comodines (wildcards) en su definición, que puedan otorgar privilegios administrativos completos.;alto;requisito;confidencialidad,integridad,trazabilidad,autenticidad;automático;;PASS;AWS policy AWSSupportServiceRolePolicy is attached but does not allow '*:*' administrative privileges.;arn:aws:iam::aws:policy/aws-service-role/AWSSupportServiceRolePolicy;iam_aws_attached_policy_no_administrative_privileges;False;AWSSupportServiceRolePolicy;ENS;ENS RD 311/2022 - Categoría Alta
aws;The accreditation scheme of the ENS (National Security Scheme) has been developed by the Ministry of Finance and Public Administrations and the CCN (National Cryptological Center). This includes the basic principles and minimum requirements necessary for the adequate protection of information.;735291151388;ap-south-1;2026-07-11 14:19:13.485135;op.acc.4.aws.iam.9;Proceso de gestión de derechos de acceso;op.acc.4;operacional;control de acceso;Se configurarán diferentes permisos a las cuentas de usuario, limitando la utilización de la cuenta “root” para tareas específicas que necesiten un nivel de privilegios elevado, esta configuración debe entenderse como un mecanismo para impedir que el trabajo directo con usuarios con privilegios de administrador repercuta negativamente en la seguridad, a acometer todas las acciones con el máximo privilegio cuando este no es siempre requerido.;alto;requisito;confidencialidad,integridad,trazabilidad,autenticidad;automático;;PASS;AWS policy AWSSupportServiceRolePolicy is attached but does not allow '*:*' administrative privileges.;arn:aws:iam::aws:policy/aws-service-role/AWSSupportServiceRolePolicy;iam_aws_attached_policy_no_administrative_privileges;False;AWSSupportServiceRolePolicy;ENS;ENS RD 311/2022 - Categoría Alta
aws;The accreditation scheme of the ENS (National Security Scheme) has been developed by the Ministry of Finance and Public Administrations and the CCN (National Cryptological Center). This includes the basic principles and minimum requirements necessary for the adequate protection of information.;735291151388;ap-south-1;2026-07-11 14:19:13.485135;op.exp.8.r4.aws.ct.8;Control de acceso;op.exp.8.r4;operacional;explotación;Asignar correctamente las políticas IAM para el acceso y borrado de los registros y sus copias de seguridad haciendo uso del principio de mínimo privilegio.;alto;refuerzo;trazabilidad;automático;;PASS;AWS policy AWSSupportServiceRolePolicy is attached but does not allow '*:*' administrative privileges.;arn:aws:iam::aws:policy/aws-service-role/AWSSupportServiceRolePolicy;iam_aws_attached_policy_no_administrative_privileges;False;AWSSupportServiceRolePolicy;ENS;ENS RD 311/2022 - Categoría Alta
aws;The accreditation scheme of the ENS (National Security Scheme) has been developed by the Ministry of Finance and Public Administrations and the CCN (National Cryptological Center). This includes the basic principles and minimum requirements necessary for the adequate protection of information.;735291151388;ap-south-1;2026-07-11 14:19:13.485135;op.acc.4.aws.iam.1;Proceso de gestión de derechos de acceso;op.acc.4;operacional;control de acceso;Las políticas IAM deben permitir sólo los privilegios necesarios para cada rol. Se recomienda comenzar con el mínimo nivel de permisos e ir añadiendo permisos adicionales según vaya surgiendo la necesidad en lugar de comenzar con permisos administrativos.;alto;requisito;confidencialidad,integridad,trazabilidad,autenticidad;automático;;PASS;AWS policy AWSResourceExplorerServiceRolePolicy is attached but does not allow '*:*' administrative privileges.;arn:aws:iam::aws:policy/aws-service-role/AWSResourceExplorerServiceRolePolicy;iam_aws_attached_policy_no_administrative_privileges;False;AWSResourceExplorerServiceRolePolicy;ENS;ENS RD 311/2022 - Categoría Alta
aws;The accreditation scheme of the ENS (National Security Scheme) has been developed by the Ministry of Finance and Public Administrations and the CCN (National Cryptological Center). This includes the basic principles and minimum requirements necessary for the adequate protection of information.;735291151388;ap-south-1;2026-07-11 14:19:13.485135;op.acc.4.aws.iam.2;Proceso de gestión de derechos de acceso;op.acc.4;operacional;control de acceso;Evitar políticas con comodines (wildcards) en su definición, que puedan otorgar privilegios administrativos completos.;alto;requisito;confidencialidad,integridad,trazabilidad,autenticidad;automático;;PASS;AWS policy AWSResourceExplorerServiceRolePolicy is attached but does not allow '*:*' administrative privileges.;arn:aws:iam::aws:policy/aws-service-role/AWSResourceExplorerServiceRolePolicy;iam_aws_attached_policy_no_administrative_privileges;False;AWSResourceExplorerServiceRolePolicy;ENS;ENS RD 311/2022 - Categoría Alta
aws;The accreditation scheme of the ENS (National Security Scheme) has been developed by the Ministry of Finance and Public Administrations and the CCN (National Cryptological Center). This includes the basic principles and minimum requirements necessary for the adequate protection of information.;735291151388;ap-south-1;2026-07-11 14:19:13.485135;op.acc.4.aws.iam.9;Proceso de gestión de derechos de acceso;op.acc.4;operacional;control de acceso;Se configurarán diferentes permisos a las cuentas de usuario, limitando la utilización de la cuenta “root” para tareas específicas que necesiten un nivel de privilegios elevado, esta configuración debe entenderse como un mecanismo para impedir que el trabajo directo con usuarios con privilegios de administrador repercuta negativamente en la seguridad, a acometer todas las acciones con el máximo privilegio cuando este no es siempre requerido.;alto;requisito;confidencialidad,integridad,trazabilidad,autenticidad;automático;;PASS;AWS policy AWSResourceExplorerServiceRolePolicy is attached but does not allow '*:*' administrative privileges.;arn:aws:iam::aws:policy/aws-service-role/AWSResourceExplorerServiceRolePolicy;iam_aws_attached_policy_no_administrative_privileges;False;AWSResourceExplorerServiceRolePolicy;ENS;ENS RD 311/2022 - Categoría Alta
aws;The accreditation scheme of the ENS (National Security Scheme) has been developed by the Ministry of Finance and Public Administrations and the CCN (National Cryptological Center). This includes the basic principles and minimum requirements necessary for the adequate protection of information.;735291151388;ap-south-1;2026-07-11 14:19:13.485135;op.exp.8.r4.aws.ct.8;Control de acceso;op.exp.8.r4;operacional;explotación;Asignar correctamente las políticas IAM para el acceso y borrado de los registros y sus copias de seguridad haciendo uso del principio de mínimo privilegio.;alto;refuerzo;trazabilidad;automático;;PASS;AWS policy AWSResourceExplorerServiceRolePolicy is attached but does not allow '*:*' administrative privileges.;arn:aws:iam::aws:policy/aws-service-role/AWSResourceExplorerServiceRolePolicy;iam_aws_attached_policy_no_administrative_privileges;False;AWSResourceExplorerServiceRolePolicy;ENS;ENS RD 311/2022 - Categoría Alta
aws;The accreditation scheme of the ENS (National Security Scheme) has been developed by the Ministry of Finance and Public Administrations and the CCN (National Cryptological Center). This includes the basic principles and minimum requirements necessary for the adequate protection of information.;735291151388;ap-south-1;2026-07-11 14:19:13.485135;op.acc.1.aws.iam.2;Proveedor de identidad centralizado;op.acc.1;operacional;control de acceso;Es muy recomendable la utilización de un proveedor de identidades que permita administrar las identidades en un lugar centralizado, en vez de utilizar IAM para ello.;alto;requisito;trazabilidad,autenticidad;automático;;FAIL;No SAML Providers found.;arn:aws:iam::735291151388:root;iam_check_saml_providers_sts;False;735291151388;ENS;ENS RD 311/2022 - Categoría Alta
aws;The accreditation scheme of the ENS (National Security Scheme) has been developed by the Ministry of Finance and Public Administrations and the CCN (National Cryptological Center). This includes the basic principles and minimum requirements necessary for the adequate protection of information.;735291151388;ap-south-1;2026-07-11 14:19:13.485135;op.acc.4.aws.iam.1;Proceso de gestión de derechos de acceso;op.acc.4;operacional;control de acceso;Las políticas IAM deben permitir sólo los privilegios necesarios para cada rol. Se recomienda comenzar con el mínimo nivel de permisos e ir añadiendo permisos adicionales según vaya surgiendo la necesidad en lugar de comenzar con permisos administrativos.;alto;requisito;confidencialidad,integridad,trazabilidad,autenticidad;automático;;FAIL;Inline policy cloudguardian-s3-read-only attached to role cloudguardian-web-role allows '*:*' administrative privileges.;arn:aws:iam::735291151388:role/cloudguardian-web-role;iam_inline_policy_no_administrative_privileges;False;cloudguardian-web-role/cloudguardian-s3-read-only;ENS;ENS RD 311/2022 - Categoría Alta
aws;The accreditation scheme of the ENS (National Security Scheme) has been developed by the Ministry of Finance and Public Administrations and the CCN (National Cryptological Center). This includes the basic principles and minimum requirements necessary for the adequate protection of information.;735291151388;ap-south-1;2026-07-11 14:19:13.485135;op.acc.4.aws.iam.2;Proceso de gestión de derechos de acceso;op.acc.4;operacional;control de acceso;Evitar políticas con comodines (wildcards) en su definición, que puedan otorgar privilegios administrativos completos.;alto;requisito;confidencialidad,integridad,trazabilidad,autenticidad;automático;;FAIL;Inline policy cloudguardian-s3-read-only attached to role cloudguardian-web-role allows '*:*' administrative privileges.;arn:aws:iam::735291151388:role/cloudguardian-web-role;iam_inline_policy_no_administrative_privileges;False;cloudguardian-web-role/cloudguardian-s3-read-only;ENS;ENS RD 311/2022 - Categoría Alta
aws;The accreditation scheme of the ENS (National Security Scheme) has been developed by the Ministry of Finance and Public Administrations and the CCN (National Cryptological Center). This includes the basic principles and minimum requirements necessary for the adequate protection of information.;735291151388;ap-south-1;2026-07-11 14:19:13.485135;op.acc.4.aws.iam.9;Proceso de gestión de derechos de acceso;op.acc.4;operacional;control de acceso;Se configurarán diferentes permisos a las cuentas de usuario, limitando la utilización de la cuenta “root” para tareas específicas que necesiten un nivel de privilegios elevado, esta configuración debe entenderse como un mecanismo para impedir que el trabajo directo con usuarios con privilegios de administrador repercuta negativamente en la seguridad, a acometer todas las acciones con el máximo privilegio cuando este no es siempre requerido.;alto;requisito;confidencialidad,integridad,trazabilidad,autenticidad;automático;;FAIL;Inline policy cloudguardian-s3-read-only attached to role cloudguardian-web-role allows '*:*' administrative privileges.;arn:aws:iam::735291151388:role/cloudguardian-web-role;iam_inline_policy_no_administrative_privileges;False;cloudguardian-web-role/cloudguardian-s3-read-only;ENS;ENS RD 311/2022 - Categoría Alta
aws;The accreditation scheme of the ENS (National Security Scheme) has been developed by the Ministry of Finance and Public Administrations and the CCN (National Cryptological Center). This includes the basic principles and minimum requirements necessary for the adequate protection of information.;735291151388;ap-south-1;2026-07-11 14:19:13.485135;op.exp.8.r4.aws.ct.8;Control de acceso;op.exp.8.r4;operacional;explotación;Asignar correctamente las políticas IAM para el acceso y borrado de los registros y sus copias de seguridad haciendo uso del principio de mínimo privilegio.;alto;refuerzo;trazabilidad;automático;;FAIL;Inline policy cloudguardian-s3-read-only attached to role cloudguardian-web-role allows '*:*' administrative privileges.;arn:aws:iam::735291151388:role/cloudguardian-web-role;iam_inline_policy_no_administrative_privileges;False;cloudguardian-web-role/cloudguardian-s3-read-only;ENS;ENS RD 311/2022 - Categoría Alta
aws;The accreditation scheme of the ENS (National Security Scheme) has been developed by the Ministry of Finance and Public Administrations and the CCN (National Cryptological Center). This includes the basic principles and minimum requirements necessary for the adequate protection of information.;735291151388;ap-south-1;2026-07-11 14:19:13.485135;op.acc.4.aws.iam.7;Proceso de gestión de derechos de acceso;op.acc.4;operacional;control de acceso;Se restringirá todo acceso a las acciones especificadas para el usuario root de una cuenta.;alto;requisito;confidencialidad,integridad,trazabilidad,autenticidad;automático;;PASS;Root account does not have access keys.;arn:aws:iam::735291151388:root;iam_no_root_access_key;False;<root_account>;ENS;ENS RD 311/2022 - Categoría Alta
aws;The accreditation scheme of the ENS (National Security Scheme) has been developed by the Ministry of Finance and Public Administrations and the CCN (National Cryptological Center). This includes the basic principles and minimum requirements necessary for the adequate protection of information.;735291151388;ap-south-1;2026-07-11 14:19:13.485135;op.acc.6.aws.iam.3;Mecanismo de autenticación (usuarios de la organización);op.acc.6;operacional;control de acceso;Deberá habilitarse el vencimiento de las credenciales de los usuarios. (Bien a través de la política de contraseñas de IAM o del proveedor de identidades federado).;alto;requisito;confidencialidad,integridad,trazabilidad,autenticidad;automático;;FAIL;Password expiration is not set.;arn:aws:iam:ap-south-1:735291151388:password-policy;iam_password_policy_expires_passwords_within_90_days_or_less;False;735291151388;ENS;ENS RD 311/2022 - Categoría Alta
aws;The accreditation scheme of the ENS (National Security Scheme) has been developed by the Ministry of Finance and Public Administrations and the CCN (National Cryptological Center). This includes the basic principles and minimum requirements necessary for the adequate protection of information.;735291151388;ap-south-1;2026-07-11 14:19:13.485135;op.acc.6.r1.aws.iam.1;Contraseñas;op.acc.6.r1;operacional;control de acceso;Las contraseñas de los usuarios deberán tener normas de complejidad mínima y robustez.;alto;refuerzo;confidencialidad,integridad,trazabilidad,autenticidad;automático;op.acc.6.r2,op.acc.6.r4;FAIL;IAM password policy does not require at least one lowercase letter.;arn:aws:iam:ap-south-1:735291151388:password-policy;iam_password_policy_lowercase;False;735291151388;ENS;ENS RD 311/2022 - Categoría Alta
aws;The accreditation scheme of the ENS (National Security Scheme) has been developed by the Ministry of Finance and Public Administrations and the CCN (National Cryptological Center). This includes the basic principles and minimum requirements necessary for the adequate protection of information.;735291151388;ap-south-1;2026-07-11 14:19:13.485135;op.acc.6.r1.aws.iam.1;Contraseñas;op.acc.6.r1;operacional;control de acceso;Las contraseñas de los usuarios deberán tener normas de complejidad mínima y robustez.;alto;refuerzo;confidencialidad,integridad,trazabilidad,autenticidad;automático;op.acc.6.r2,op.acc.6.r4;FAIL;IAM password policy does not require minimum length of 14 characters.;arn:aws:iam:ap-south-1:735291151388:password-policy;iam_password_policy_minimum_length_14;False;735291151388;ENS;ENS RD 311/2022 - Categoría Alta
aws;The accreditation scheme of the ENS (National Security Scheme) has been developed by the Ministry of Finance and Public Administrations and the CCN (National Cryptological Center). This includes the basic principles and minimum requirements necessary for the adequate protection of information.;735291151388;ap-south-1;2026-07-11 14:19:13.485135;op.acc.6.r1.aws.iam.1;Contraseñas;op.acc.6.r1;operacional;control de acceso;Las contraseñas de los usuarios deberán tener normas de complejidad mínima y robustez.;alto;refuerzo;confidencialidad,integridad,trazabilidad,autenticidad;automático;op.acc.6.r2,op.acc.6.r4;FAIL;IAM password policy does not require at least one number.;arn:aws:iam:ap-south-1:735291151388:password-policy;iam_password_policy_number;False;735291151388;ENS;ENS RD 311/2022 - Categoría Alta
aws;The accreditation scheme of the ENS (National Security Scheme) has been developed by the Ministry of Finance and Public Administrations and the CCN (National Cryptological Center). This includes the basic principles and minimum requirements necessary for the adequate protection of information.;735291151388;ap-south-1;2026-07-11 14:19:13.485135;op.acc.6.r1.aws.iam.1;Contraseñas;op.acc.6.r1;operacional;control de acceso;Las contraseñas de los usuarios deberán tener normas de complejidad mínima y robustez.;alto;refuerzo;confidencialidad,integridad,trazabilidad,autenticidad;automático;op.acc.6.r2,op.acc.6.r4;FAIL;IAM password policy reuse prevention is less than 24 or not set.;arn:aws:iam:ap-south-1:735291151388:password-policy;iam_password_policy_reuse_24;False;735291151388;ENS;ENS RD 311/2022 - Categoría Alta
aws;The accreditation scheme of the ENS (National Security Scheme) has been developed by the Ministry of Finance and Public Administrations and the CCN (National Cryptological Center). This includes the basic principles and minimum requirements necessary for the adequate protection of information.;735291151388;ap-south-1;2026-07-11 14:19:13.485135;op.acc.6.r1.aws.iam.1;Contraseñas;op.acc.6.r1;operacional;control de acceso;Las contraseñas de los usuarios deberán tener normas de complejidad mínima y robustez.;alto;refuerzo;confidencialidad,integridad,trazabilidad,autenticidad;automático;op.acc.6.r2,op.acc.6.r4;FAIL;IAM password policy does not require at least one symbol.;arn:aws:iam:ap-south-1:735291151388:password-policy;iam_password_policy_symbol;False;735291151388;ENS;ENS RD 311/2022 - Categoría Alta
aws;The accreditation scheme of the ENS (National Security Scheme) has been developed by the Ministry of Finance and Public Administrations and the CCN (National Cryptological Center). This includes the basic principles and minimum requirements necessary for the adequate protection of information.;735291151388;ap-south-1;2026-07-11 14:19:13.485135;op.acc.6.r1.aws.iam.1;Contraseñas;op.acc.6.r1;operacional;control de acceso;Las contraseñas de los usuarios deberán tener normas de complejidad mínima y robustez.;alto;refuerzo;confidencialidad,integridad,trazabilidad,autenticidad;automático;op.acc.6.r2,op.acc.6.r4;FAIL;IAM password policy does not require at least one uppercase letter.;arn:aws:iam:ap-south-1:735291151388:password-policy;iam_password_policy_uppercase;False;735291151388;ENS;ENS RD 311/2022 - Categoría Alta
aws;The accreditation scheme of the ENS (National Security Scheme) has been developed by the Ministry of Finance and Public Administrations and the CCN (National Cryptological Center). This includes the basic principles and minimum requirements necessary for the adequate protection of information.;735291151388;ap-south-1;2026-07-11 14:19:13.485135;op.exp.8.r4.aws.ct.8;Control de acceso;op.exp.8.r4;operacional;explotación;Asignar correctamente las políticas IAM para el acceso y borrado de los registros y sus copias de seguridad haciendo uso del principio de mínimo privilegio.;alto;refuerzo;trazabilidad;automático;;PASS;User Alex has no inline or attached policies.;arn:aws:iam::735291151388:user/Alex;iam_policy_attached_only_to_group_or_roles;False;Alex;ENS;ENS RD 311/2022 - Categoría Alta
aws;The accreditation scheme of the ENS (National Security Scheme) has been developed by the Ministry of Finance and Public Administrations and the CCN (National Cryptological Center). This includes the basic principles and minimum requirements necessary for the adequate protection of information.;735291151388;ap-south-1;2026-07-11 14:19:13.485135;op.exp.8.r4.aws.ct.1;Control de acceso;op.exp.8.r4;operacional;explotación;Asignar correctamente las políticas AWS IAM para el acceso y borrado de los registros y sus copias de seguridad haciendo uso del principio de mínimo privilegio.;alto;refuerzo;trazabilidad;automático;;PASS;User Alex has no inline or attached policies.;arn:aws:iam::735291151388:user/Alex;iam_policy_attached_only_to_group_or_roles;False;Alex;ENS;ENS RD 311/2022 - Categoría Alta
aws;The accreditation scheme of the ENS (National Security Scheme) has been developed by the Ministry of Finance and Public Administrations and the CCN (National Cryptological Center). This includes the basic principles and minimum requirements necessary for the adequate protection of information.;735291151388;ap-south-1;2026-07-11 14:19:13.485135;op.acc.6.r7.aws.iam.1;Suspensión por no utilización;op.acc.6.r7;operacional;control de acceso;Activar la deshabilitación de las credenciales de los usuarios IAM que no hayan sido empleadas durante un periodo de tiempo (o bien, se deberá establecer la deshabilitación en el proveedor de identidades).;alto;refuerzo;confidencialidad,integridad,trazabilidad,autenticidad;automático;;PASS;IAM Role AWSServiceRoleForResourceExplorer accessed Bedrock 0 days ago (threshold: 60 days).;arn:aws:iam::735291151388:role/aws-service-role/resource-explorer-2.amazonaws.com/AWSServiceRoleForResourceExplorer;iam_role_access_not_stale_to_bedrock;False;AWSServiceRoleForResourceExplorer;ENS;ENS RD 311/2022 - Categoría Alta
aws;The accreditation scheme of the ENS (National Security Scheme) has been developed by the Ministry of Finance and Public Administrations and the CCN (National Cryptological Center). This includes the basic principles and minimum requirements necessary for the adequate protection of information.;735291151388;ap-south-1;2026-07-11 14:19:13.485135;op.acc.6.r7.aws.iam.1;Suspensión por no utilización;op.acc.6.r7;operacional;control de acceso;Activar la deshabilitación de las credenciales de los usuarios IAM que no hayan sido empleadas durante un periodo de tiempo (o bien, se deberá establecer la deshabilitación en el proveedor de identidades).;alto;refuerzo;confidencialidad,integridad,trazabilidad,autenticidad;automático;;FAIL;IAM Role AWSServiceRoleForSupport has Bedrock permissions but has never used them.;arn:aws:iam::735291151388:role/aws-service-role/support.amazonaws.com/AWSServiceRoleForSupport;iam_role_access_not_stale_to_bedrock;False;AWSServiceRoleForSupport;ENS;ENS RD 311/2022 - Categoría Alta
aws;The accreditation scheme of the ENS (National Security Scheme) has been developed by the Ministry of Finance and Public Administrations and the CCN (National Cryptological Center). This includes the basic principles and minimum requirements necessary for the adequate protection of information.;735291151388;ap-south-1;2026-07-11 14:19:13.485135;op.acc.6.r7.aws.iam.1;Suspensión por no utilización;op.acc.6.r7;operacional;control de acceso;Activar la deshabilitación de las credenciales de los usuarios IAM que no hayan sido empleadas durante un periodo de tiempo (o bien, se deberá establecer la deshabilitación en el proveedor de identidades).;alto;refuerzo;confidencialidad,integridad,trazabilidad,autenticidad;automático;;FAIL;IAM Role cloudguardian-web-role has Bedrock permissions but has never used them.;arn:aws:iam::735291151388:role/cloudguardian-web-role;iam_role_access_not_stale_to_bedrock;False;cloudguardian-web-role;ENS;ENS RD 311/2022 - Categoría Alta
aws;The accreditation scheme of the ENS (National Security Scheme) has been developed by the Ministry of Finance and Public Administrations and the CCN (National Cryptological Center). This includes the basic principles and minimum requirements necessary for the adequate protection of information.;735291151388;ap-south-1;2026-07-11 14:19:13.485135;op.exp.8.r4.aws.ct.8;Control de acceso;op.exp.8.r4;operacional;explotación;Asignar correctamente las políticas IAM para el acceso y borrado de los registros y sus copias de seguridad haciendo uso del principio de mínimo privilegio.;alto;refuerzo;trazabilidad;automático;;FAIL;IAM Service Role cloudguardian-web-role does not prevent against a cross-service confused deputy attack.;arn:aws:iam::735291151388:role/cloudguardian-web-role;iam_role_cross_service_confused_deputy_prevention;False;cloudguardian-web-role;ENS;ENS RD 311/2022 - Categoría Alta
aws;The accreditation scheme of the ENS (National Security Scheme) has been developed by the Ministry of Finance and Public Administrations and the CCN (National Cryptological Center). This includes the basic principles and minimum requirements necessary for the adequate protection of information.;735291151388;ap-south-1;2026-07-11 14:19:13.485135;op.exp.8.r4.aws.ct.1;Control de acceso;op.exp.8.r4;operacional;explotación;Asignar correctamente las políticas AWS IAM para el acceso y borrado de los registros y sus copias de seguridad haciendo uso del principio de mínimo privilegio.;alto;refuerzo;trazabilidad;automático;;FAIL;IAM Service Role cloudguardian-web-role does not prevent against a cross-service confused deputy attack.;arn:aws:iam::735291151388:role/cloudguardian-web-role;iam_role_cross_service_confused_deputy_prevention;False;cloudguardian-web-role;ENS;ENS RD 311/2022 - Categoría Alta
aws;The accreditation scheme of the ENS (National Security Scheme) has been developed by the Ministry of Finance and Public Administrations and the CCN (National Cryptological Center). This includes the basic principles and minimum requirements necessary for the adequate protection of information.;735291151388;ap-south-1;2026-07-11 14:19:13.485135;op.acc.6.r4.aws.iam.1;Certificados en dispositvo físico;op.acc.6.r4;operacional;control de acceso;Habilitar los dispositivos MFA físicos para todos los usuarios IAM mediante la consola, línea de comandos o la propia API de IAM. Del mismo modo, el uso de estos certificados deberá estar protegido por un segundo factor de tipo PIN o biométrico.;alto;refuerzo;confidencialidad,integridad,trazabilidad,autenticidad;automático;op.acc.6.r1,op.acc.6.r3;PASS;Root account has a hardware MFA device enabled.;arn:aws:iam::735291151388:mfa;iam_root_hardware_mfa_enabled;False;<root_account>;ENS;ENS RD 311/2022 - Categoría Alta
aws;The accreditation scheme of the ENS (National Security Scheme) has been developed by the Ministry of Finance and Public Administrations and the CCN (National Cryptological Center). This includes the basic principles and minimum requirements necessary for the adequate protection of information.;735291151388;ap-south-1;2026-07-11 14:19:13.485135;op.acc.6.r2.aws.iam.1;Contraseña + otro factor de autenticación;op.acc.6.r2;operacional;control de acceso;MFA deberá estar habilitado para todas las cuentas que tengan contraseña para acceder a la consola, incluyendo el usuario root.;alto;refuerzo;confidencialidad,integridad,trazabilidad,autenticidad;automático;op.acc.6.r1,op.acc.6.r4;PASS;MFA is enabled for root account.;arn:aws:iam::735291151388:root;iam_root_mfa_enabled;False;<root_account>;ENS;ENS RD 311/2022 - Categoría Alta
aws;The accreditation scheme of the ENS (National Security Scheme) has been developed by the Ministry of Finance and Public Administrations and the CCN (National Cryptological Center). This includes the basic principles and minimum requirements necessary for the adequate protection of information.;735291151388;ap-south-1;2026-07-11 14:19:13.485135;op.acc.6.aws.iam.2;Mecanismo de autenticación (usuarios de la organización);op.acc.6;operacional;control de acceso;Las claves de acceso deberán rotarse cada 90 días o menos.;alto;requisito;confidencialidad,integridad,trazabilidad,autenticidad;automático;;PASS;User <root_account> does not have access keys.;arn:aws:iam::735291151388:root;iam_rotate_access_key_90_days;False;<root_account>;ENS;ENS RD 311/2022 - Categoría Alta
aws;The accreditation scheme of the ENS (National Security Scheme) has been developed by the Ministry of Finance and Public Administrations and the CCN (National Cryptological Center). This includes the basic principles and minimum requirements necessary for the adequate protection of information.;735291151388;ap-south-1;2026-07-11 14:19:13.485135;op.acc.6.aws.iam.3;Mecanismo de autenticación (usuarios de la organización);op.acc.6;operacional;control de acceso;Deberá habilitarse el vencimiento de las credenciales de los usuarios. (Bien a través de la política de contraseñas de IAM o del proveedor de identidades federado).;alto;requisito;confidencialidad,integridad,trazabilidad,autenticidad;automático;;PASS;User <root_account> does not have access keys.;arn:aws:iam::735291151388:root;iam_rotate_access_key_90_days;False;<root_account>;ENS;ENS RD 311/2022 - Categoría Alta
aws;The accreditation scheme of the ENS (National Security Scheme) has been developed by the Ministry of Finance and Public Administrations and the CCN (National Cryptological Center). This includes the basic principles and minimum requirements necessary for the adequate protection of information.;735291151388;ap-south-1;2026-07-11 14:19:13.485135;op.acc.6.aws.iam.2;Mecanismo de autenticación (usuarios de la organización);op.acc.6;operacional;control de acceso;Las claves de acceso deberán rotarse cada 90 días o menos.;alto;requisito;confidencialidad,integridad,trazabilidad,autenticidad;automático;;PASS;User Alex does not have access keys older than 90 days.;arn:aws:iam::735291151388:user/Alex;iam_rotate_access_key_90_days;False;Alex;ENS;ENS RD 311/2022 - Categoría Alta
aws;The accreditation scheme of the ENS (National Security Scheme) has been developed by the Ministry of Finance and Public Administrations and the CCN (National Cryptological Center). This includes the basic principles and minimum requirements necessary for the adequate protection of information.;735291151388;ap-south-1;2026-07-11 14:19:13.485135;op.acc.6.aws.iam.3;Mecanismo de autenticación (usuarios de la organización);op.acc.6;operacional;control de acceso;Deberá habilitarse el vencimiento de las credenciales de los usuarios. (Bien a través de la política de contraseñas de IAM o del proveedor de identidades federado).;alto;requisito;confidencialidad,integridad,trazabilidad,autenticidad;automático;;PASS;User Alex does not have access keys older than 90 days.;arn:aws:iam::735291151388:user/Alex;iam_rotate_access_key_90_days;False;Alex;ENS;ENS RD 311/2022 - Categoría Alta
aws;The accreditation scheme of the ENS (National Security Scheme) has been developed by the Ministry of Finance and Public Administrations and the CCN (National Cryptological Center). This includes the basic principles and minimum requirements necessary for the adequate protection of information.;735291151388;ap-south-1;2026-07-11 14:19:13.485135;op.acc.3.r2.aws.iam.1;Privilegios de auditoría;op.acc.3.r2;operacional;control de acceso;Disponer de cuentas con privilegios de auditoría estrictamente controladas y personalizadas.;opcional;refuerzo;confidencialidad,integridad,trazabilidad,autenticidad;automático;;FAIL;SecurityAudit policy is not attached to any role.;arn:aws:iam::aws:policy/SecurityAudit;iam_securityaudit_role_created;False;SecurityAudit;ENS;ENS RD 311/2022 - Categoría Alta
aws;The accreditation scheme of the ENS (National Security Scheme) has been developed by the Ministry of Finance and Public Administrations and the CCN (National Cryptological Center). This includes the basic principles and minimum requirements necessary for the adequate protection of information.;735291151388;ap-south-1;2026-07-11 14:19:13.485135;op.acc.3.r1.aws.iam.1;Segregación rigurosa;op.acc.3.r1;operacional;control de acceso;En caso de ser de aplicación, la segregación deberá tener en cuenta la separación de las funciones de configuración y mantenimiento y de auditoría de cualquier otra.;alto;refuerzo;confidencialidad,integridad,trazabilidad,autenticidad;automático;;FAIL;AWS Support Access policy is not attached to any role.;arn:aws:iam::aws:policy/AWSSupportAccess;iam_support_role_created;False;735291151388;ENS;ENS RD 311/2022 - Categoría Alta
aws;The accreditation scheme of the ENS (National Security Scheme) has been developed by the Ministry of Finance and Public Administrations and the CCN (National Cryptological Center). This includes the basic principles and minimum requirements necessary for the adequate protection of information.;735291151388;ap-south-1;2026-07-11 14:19:13.485135;op.acc.6.r7.aws.iam.1;Suspensión por no utilización;op.acc.6.r7;operacional;control de acceso;Activar la deshabilitación de las credenciales de los usuarios IAM que no hayan sido empleadas durante un periodo de tiempo (o bien, se deberá establecer la deshabilitación en el proveedor de identidades).;alto;refuerzo;confidencialidad,integridad,trazabilidad,autenticidad;automático;;PASS;IAM User Alex accessed Bedrock 0 days ago (threshold: 60 days).;arn:aws:iam::735291151388:user/Alex;iam_user_access_not_stale_to_bedrock;False;Alex;ENS;ENS RD 311/2022 - Categoría Alta
aws;The accreditation scheme of the ENS (National Security Scheme) has been developed by the Ministry of Finance and Public Administrations and the CCN (National Cryptological Center). This includes the basic principles and minimum requirements necessary for the adequate protection of information.;735291151388;ap-south-1;2026-07-11 14:19:13.485135;op.acc.6.aws.iam.2;Mecanismo de autenticación (usuarios de la organización);op.acc.6;operacional;control de acceso;Las claves de acceso deberán rotarse cada 90 días o menos.;alto;requisito;confidencialidad,integridad,trazabilidad,autenticidad;automático;;PASS;User <root_account> does not have access keys.;arn:aws:iam::735291151388:root;iam_user_accesskey_unused;False;<root_account>;ENS;ENS RD 311/2022 - Categoría Alta
aws;The accreditation scheme of the ENS (National Security Scheme) has been developed by the Ministry of Finance and Public Administrations and the CCN (National Cryptological Center). This includes the basic principles and minimum requirements necessary for the adequate protection of information.;735291151388;ap-south-1;2026-07-11 14:19:13.485135;op.acc.6.aws.iam.3;Mecanismo de autenticación (usuarios de la organización);op.acc.6;operacional;control de acceso;Deberá habilitarse el vencimiento de las credenciales de los usuarios. (Bien a través de la política de contraseñas de IAM o del proveedor de identidades federado).;alto;requisito;confidencialidad,integridad,trazabilidad,autenticidad;automático;;PASS;User <root_account> does not have access keys.;arn:aws:iam::735291151388:root;iam_user_accesskey_unused;False;<root_account>;ENS;ENS RD 311/2022 - Categoría Alta
aws;The accreditation scheme of the ENS (National Security Scheme) has been developed by the Ministry of Finance and Public Administrations and the CCN (National Cryptological Center). This includes the basic principles and minimum requirements necessary for the adequate protection of information.;735291151388;ap-south-1;2026-07-11 14:19:13.485135;op.acc.6.r7.aws.iam.1;Suspensión por no utilización;op.acc.6.r7;operacional;control de acceso;Activar la deshabilitación de las credenciales de los usuarios IAM que no hayan sido empleadas durante un periodo de tiempo (o bien, se deberá establecer la deshabilitación en el proveedor de identidades).;alto;refuerzo;confidencialidad,integridad,trazabilidad,autenticidad;automático;;PASS;User <root_account> does not have access keys.;arn:aws:iam::735291151388:root;iam_user_accesskey_unused;False;<root_account>;ENS;ENS RD 311/2022 - Categoría Alta
aws;The accreditation scheme of the ENS (National Security Scheme) has been developed by the Ministry of Finance and Public Administrations and the CCN (National Cryptological Center). This includes the basic principles and minimum requirements necessary for the adequate protection of information.;735291151388;ap-south-1;2026-07-11 14:19:13.485135;op.acc.6.aws.iam.2;Mecanismo de autenticación (usuarios de la organización);op.acc.6;operacional;control de acceso;Las claves de acceso deberán rotarse cada 90 días o menos.;alto;requisito;confidencialidad,integridad,trazabilidad,autenticidad;automático;;PASS;User Alex does not have unused access keys for 45 days.;arn:aws:iam::735291151388:user/Alex;iam_user_accesskey_unused;False;Alex;ENS;ENS RD 311/2022 - Categoría Alta
aws;The accreditation scheme of the ENS (National Security Scheme) has been developed by the Ministry of Finance and Public Administrations and the CCN (National Cryptological Center). This includes the basic principles and minimum requirements necessary for the adequate protection of information.;735291151388;ap-south-1;2026-07-11 14:19:13.485135;op.acc.6.aws.iam.3;Mecanismo de autenticación (usuarios de la organización);op.acc.6;operacional;control de acceso;Deberá habilitarse el vencimiento de las credenciales de los usuarios. (Bien a través de la política de contraseñas de IAM o del proveedor de identidades federado).;alto;requisito;confidencialidad,integridad,trazabilidad,autenticidad;automático;;PASS;User Alex does not have unused access keys for 45 days.;arn:aws:iam::735291151388:user/Alex;iam_user_accesskey_unused;False;Alex;ENS;ENS RD 311/2022 - Categoría Alta
aws;The accreditation scheme of the ENS (National Security Scheme) has been developed by the Ministry of Finance and Public Administrations and the CCN (National Cryptological Center). This includes the basic principles and minimum requirements necessary for the adequate protection of information.;735291151388;ap-south-1;2026-07-11 14:19:13.485135;op.acc.6.r7.aws.iam.1;Suspensión por no utilización;op.acc.6.r7;operacional;control de acceso;Activar la deshabilitación de las credenciales de los usuarios IAM que no hayan sido empleadas durante un periodo de tiempo (o bien, se deberá establecer la deshabilitación en el proveedor de identidades).;alto;refuerzo;confidencialidad,integridad,trazabilidad,autenticidad;automático;;PASS;User Alex does not have unused access keys for 45 days.;arn:aws:iam::735291151388:user/Alex;iam_user_accesskey_unused;False;Alex;ENS;ENS RD 311/2022 - Categoría Alta
aws;The accreditation scheme of the ENS (National Security Scheme) has been developed by the Ministry of Finance and Public Administrations and the CCN (National Cryptological Center). This includes the basic principles and minimum requirements necessary for the adequate protection of information.;735291151388;ap-south-1;2026-07-11 14:19:13.485135;op.acc.6.aws.iam.2;Mecanismo de autenticación (usuarios de la organización);op.acc.6;operacional;control de acceso;Las claves de acceso deberán rotarse cada 90 días o menos.;alto;requisito;confidencialidad,integridad,trazabilidad,autenticidad;automático;;PASS;User Alex does not have console access enabled or is unused.;arn:aws:iam::735291151388:user/Alex;iam_user_console_access_unused;False;Alex;ENS;ENS RD 311/2022 - Categoría Alta
aws;The accreditation scheme of the ENS (National Security Scheme) has been developed by the Ministry of Finance and Public Administrations and the CCN (National Cryptological Center). This includes the basic principles and minimum requirements necessary for the adequate protection of information.;735291151388;ap-south-1;2026-07-11 14:19:13.485135;op.acc.6.aws.iam.3;Mecanismo de autenticación (usuarios de la organización);op.acc.6;operacional;control de acceso;Deberá habilitarse el vencimiento de las credenciales de los usuarios. (Bien a través de la política de contraseñas de IAM o del proveedor de identidades federado).;alto;requisito;confidencialidad,integridad,trazabilidad,autenticidad;automático;;PASS;User Alex does not have console access enabled or is unused.;arn:aws:iam::735291151388:user/Alex;iam_user_console_access_unused;False;Alex;ENS;ENS RD 311/2022 - Categoría Alta
aws;The accreditation scheme of the ENS (National Security Scheme) has been developed by the Ministry of Finance and Public Administrations and the CCN (National Cryptological Center). This includes the basic principles and minimum requirements necessary for the adequate protection of information.;735291151388;ap-south-1;2026-07-11 14:19:13.485135;op.acc.6.r7.aws.iam.1;Suspensión por no utilización;op.acc.6.r7;operacional;control de acceso;Activar la deshabilitación de las credenciales de los usuarios IAM que no hayan sido empleadas durante un periodo de tiempo (o bien, se deberá establecer la deshabilitación en el proveedor de identidades).;alto;refuerzo;confidencialidad,integridad,trazabilidad,autenticidad;automático;;PASS;User Alex does not have console access enabled or is unused.;arn:aws:iam::735291151388:user/Alex;iam_user_console_access_unused;False;Alex;ENS;ENS RD 311/2022 - Categoría Alta
aws;The accreditation scheme of the ENS (National Security Scheme) has been developed by the Ministry of Finance and Public Administrations and the CCN (National Cryptological Center). This includes the basic principles and minimum requirements necessary for the adequate protection of information.;735291151388;ap-south-1;2026-07-11 14:19:13.485135;op.acc.6.r2.aws.iam.1;Contraseña + otro factor de autenticación;op.acc.6.r2;operacional;control de acceso;MFA deberá estar habilitado para todas las cuentas que tengan contraseña para acceder a la consola, incluyendo el usuario root.;alto;refuerzo;confidencialidad,integridad,trazabilidad,autenticidad;automático;op.acc.6.r1,op.acc.6.r4;PASS;User Alex does not have Console Password enabled.;arn:aws:iam::735291151388:user/Alex;iam_user_mfa_enabled_console_access;False;Alex;ENS;ENS RD 311/2022 - Categoría Alta
aws;The accreditation scheme of the ENS (National Security Scheme) has been developed by the Ministry of Finance and Public Administrations and the CCN (National Cryptological Center). This includes the basic principles and minimum requirements necessary for the adequate protection of information.;735291151388;ap-south-1;2026-07-11 14:19:13.485135;op.acc.6.r4.aws.iam.1;Certificados en dispositvo físico;op.acc.6.r4;operacional;control de acceso;Habilitar los dispositivos MFA físicos para todos los usuarios IAM mediante la consola, línea de comandos o la propia API de IAM. Del mismo modo, el uso de estos certificados deberá estar protegido por un segundo factor de tipo PIN o biométrico.;alto;refuerzo;confidencialidad,integridad,trazabilidad,autenticidad;automático;op.acc.6.r1,op.acc.6.r3;PASS;User Alex does not have Console Password enabled.;arn:aws:iam::735291151388:user/Alex;iam_user_mfa_enabled_console_access;False;Alex;ENS;ENS RD 311/2022 - Categoría Alta
aws;The accreditation scheme of the ENS (National Security Scheme) has been developed by the Ministry of Finance and Public Administrations and the CCN (National Cryptological Center). This includes the basic principles and minimum requirements necessary for the adequate protection of information.;735291151388;ap-south-1;2026-07-11 14:19:13.485135;op.acc.6.r8.aws.iam.1;Doble factor para acceso desde o a través de zonas no controladas;op.acc.6.r8;operacional;control de acceso;Se deberá emplear como mecanismo de autenticación o bien una contraseña más otro factor de autenticación, o bien un certificado cualificado (con o sin soporte físico) protegido por un doble factor de autenticación.;alto;refuerzo;confidencialidad,integridad,trazabilidad,autenticidad;automático;;PASS;User Alex does not have Console Password enabled.;arn:aws:iam::735291151388:user/Alex;iam_user_mfa_enabled_console_access;False;Alex;ENS;ENS RD 311/2022 - Categoría Alta
aws;The accreditation scheme of the ENS (National Security Scheme) has been developed by the Ministry of Finance and Public Administrations and the CCN (National Cryptological Center). This includes the basic principles and minimum requirements necessary for the adequate protection of information.;735291151388;ap-south-1;2026-07-11 14:19:13.485135;op.acc.6.aws.iam.4;Mecanismo de autenticación (usuarios de la organización);op.acc.6;operacional;control de acceso;Se deberá evitar la asignación por defecto de claves de acceso para todos los usuarios que tengan acceso a la consola. Para cumplir con este requisito, se recomienda revisar qué usuarios se encuentran dados de alta en la cuenta de AWS y disponen de acceso a la consola de administración y evitar la asignación de claves de acceso cuando no son necesarias.;alto;requisito;confidencialidad,integridad,trazabilidad,autenticidad;automático;;PASS;User <root_account> does not have access keys or uses the access keys configured.;arn:aws:iam::735291151388:root;iam_user_no_setup_initial_access_key;False;<root_account>;ENS;ENS RD 311/2022 - Categoría Alta
aws;The accreditation scheme of the ENS (National Security Scheme) has been developed by the Ministry of Finance and Public Administrations and the CCN (National Cryptological Center). This includes the basic principles and minimum requirements necessary for the adequate protection of information.;735291151388;ap-south-1;2026-07-11 14:19:13.485135;op.acc.6.aws.iam.4;Mecanismo de autenticación (usuarios de la organización);op.acc.6;operacional;control de acceso;Se deberá evitar la asignación por defecto de claves de acceso para todos los usuarios que tengan acceso a la consola. Para cumplir con este requisito, se recomienda revisar qué usuarios se encuentran dados de alta en la cuenta de AWS y disponen de acceso a la consola de administración y evitar la asignación de claves de acceso cuando no son necesarias.;alto;requisito;confidencialidad,integridad,trazabilidad,autenticidad;automático;;PASS;User Alex does not have access keys or uses the access keys configured.;arn:aws:iam::735291151388:user/Alex;iam_user_no_setup_initial_access_key;False;Alex;ENS;ENS RD 311/2022 - Categoría Alta
aws;The accreditation scheme of the ENS (National Security Scheme) has been developed by the Ministry of Finance and Public Administrations and the CCN (National Cryptological Center). This includes the basic principles and minimum requirements necessary for the adequate protection of information.;735291151388;ap-south-1;2026-07-11 14:19:13.485135;op.acc.6.aws.iam.1;Mecanismo de autenticación (usuarios de la organización);op.acc.6;operacional;control de acceso;Evitar el uso permanente de múltiples claves de acceso para un mismo usuario IAM.;alto;requisito;confidencialidad,integridad,trazabilidad,autenticidad;automático;;PASS;User <root_account> does not have 2 active access keys.;arn:aws:iam::735291151388:root;iam_user_two_active_access_key;False;<root_account>;ENS;ENS RD 311/2022 - Categoría Alta
aws;The accreditation scheme of the ENS (National Security Scheme) has been developed by the Ministry of Finance and Public Administrations and the CCN (National Cryptological Center). This includes the basic principles and minimum requirements necessary for the adequate protection of information.;735291151388;ap-south-1;2026-07-11 14:19:13.485135;op.acc.6.aws.iam.1;Mecanismo de autenticación (usuarios de la organización);op.acc.6;operacional;control de acceso;Evitar el uso permanente de múltiples claves de acceso para un mismo usuario IAM.;alto;requisito;confidencialidad,integridad,trazabilidad,autenticidad;automático;;PASS;User Alex does not have 2 active access keys.;arn:aws:iam::735291151388:user/Alex;iam_user_two_active_access_key;False;Alex;ENS;ENS RD 311/2022 - Categoría Alta
aws;The accreditation scheme of the ENS (National Security Scheme) has been developed by the Ministry of Finance and Public Administrations and the CCN (National Cryptological Center). This includes the basic principles and minimum requirements necessary for the adequate protection of information.;735291151388;ap-south-1;2026-07-11 14:19:13.485135;mp.com.1.aws.nfw.1;Perímetro seguro;mp.com.1;medidas de protección;protección de las comunicaciones;Filtrar todo el tráfico entrante y saliente de la VPC a través de Firewalls de red.;alto;requisito;confidencialidad,integridad,trazabilidad,autenticidad,disponibilidad;automático;;FAIL;VPC cloudguardian-vpc does not have Network Firewall enabled.;arn:aws:ec2:ap-south-1:735291151388:vpc/vpc-056acc9b951114346;networkfirewall_in_all_vpc;False;vpc-056acc9b951114346;ENS;ENS RD 311/2022 - Categoría Alta
aws;The accreditation scheme of the ENS (National Security Scheme) has been developed by the Ministry of Finance and Public Administrations and the CCN (National Cryptological Center). This includes the basic principles and minimum requirements necessary for the adequate protection of information.;735291151388;ap-south-1;2026-07-11 14:19:13.485135;op.acc.4.aws.iam.1;Proceso de gestión de derechos de acceso;op.acc.4;operacional;control de acceso;Las políticas IAM deben permitir sólo los privilegios necesarios para cada rol. Se recomienda comenzar con el mínimo nivel de permisos e ir añadiendo permisos adicionales según vaya surgiendo la necesidad en lugar de comenzar con permisos administrativos.;alto;requisito;confidencialidad,integridad,trazabilidad,autenticidad;automático;;FAIL;AWS Organizations is not in-use for this AWS Account.;arn:aws:organizations::735291151388:unknown;organizations_account_part_of_organizations;False;unknown;ENS;ENS RD 311/2022 - Categoría Alta
aws;The accreditation scheme of the ENS (National Security Scheme) has been developed by the Ministry of Finance and Public Administrations and the CCN (National Cryptological Center). This includes the basic principles and minimum requirements necessary for the adequate protection of information.;735291151388;ap-south-1;2026-07-11 14:19:13.485135;op.acc.4.aws.iam.8;Proceso de gestión de derechos de acceso;op.acc.4;operacional;control de acceso;Se restringirá todo acceso a las acciones especificadas para el usuario root de una cuenta.;alto;requisito;confidencialidad,integridad,trazabilidad,autenticidad;automático;;FAIL;AWS Organizations is not in-use for this AWS Account.;arn:aws:organizations::735291151388:unknown;organizations_account_part_of_organizations;False;unknown;ENS;ENS RD 311/2022 - Categoría Alta
aws;The accreditation scheme of the ENS (National Security Scheme) has been developed by the Ministry of Finance and Public Administrations and the CCN (National Cryptological Center). This includes the basic principles and minimum requirements necessary for the adequate protection of information.;735291151388;ap-south-1;2026-07-11 14:19:13.485135;op.acc.4.aws.iam.1;Proceso de gestión de derechos de acceso;op.acc.4;operacional;control de acceso;Las políticas IAM deben permitir sólo los privilegios necesarios para cada rol. Se recomienda comenzar con el mínimo nivel de permisos e ir añadiendo permisos adicionales según vaya surgiendo la necesidad en lugar de comenzar con permisos administrativos.;alto;requisito;confidencialidad,integridad,trazabilidad,autenticidad;automático;;FAIL;AWS Organizations is not in-use for this AWS Account.;arn:aws:organizations::735291151388:unknown;organizations_scp_check_deny_regions;False;unknown;ENS;ENS RD 311/2022 - Categoría Alta
aws;The accreditation scheme of the ENS (National Security Scheme) has been developed by the Ministry of Finance and Public Administrations and the CCN (National Cryptological Center). This includes the basic principles and minimum requirements necessary for the adequate protection of information.;735291151388;ap-south-1;2026-07-11 14:19:13.485135;op.acc.4.aws.iam.8;Proceso de gestión de derechos de acceso;op.acc.4;operacional;control de acceso;Se restringirá todo acceso a las acciones especificadas para el usuario root de una cuenta.;alto;requisito;confidencialidad,integridad,trazabilidad,autenticidad;automático;;FAIL;AWS Organizations is not in-use for this AWS Account.;arn:aws:organizations::735291151388:unknown;organizations_scp_check_deny_regions;False;unknown;ENS;ENS RD 311/2022 - Categoría Alta
aws;The accreditation scheme of the ENS (National Security Scheme) has been developed by the Ministry of Finance and Public Administrations and the CCN (National Cryptological Center). This includes the basic principles and minimum requirements necessary for the adequate protection of information.;735291151388;ap-south-1;2026-07-11 14:19:13.485135;op.exp.1.aws.sys.2;Inventario de activos;op.exp.1;operacional;explotación;Asignar metadatos personalizados a cada nodo administrado con información sobre el responsable del activo.;alto;requisito;confidencialidad,integridad,trazabilidad,autenticidad,disponibilidad;automático;;FAIL;AWS Organizations is not in-use for this AWS Account.;arn:aws:organizations::735291151388:unknown;organizations_tags_policies_enabled_and_attached;False;unknown;ENS;ENS RD 311/2022 - Categoría Alta
aws;The accreditation scheme of the ENS (National Security Scheme) has been developed by the Ministry of Finance and Public Administrations and the CCN (National Cryptological Center). This includes the basic principles and minimum requirements necessary for the adequate protection of information.;735291151388;ap-south-1;2026-07-11 14:19:13.485135;op.exp.1.aws.tag.1;Inventario de activos;op.exp.1;operacional;explotación;Para la correcta identificación del responsable, asociar etiquetas para todos los activos.;alto;requisito;confidencialidad,integridad,trazabilidad,autenticidad,disponibilidad;automático;;FAIL;AWS Organizations is not in-use for this AWS Account.;arn:aws:organizations::735291151388:unknown;organizations_tags_policies_enabled_and_attached;False;unknown;ENS;ENS RD 311/2022 - Categoría Alta
aws;The accreditation scheme of the ENS (National Security Scheme) has been developed by the Ministry of Finance and Public Administrations and the CCN (National Cryptological Center). This includes the basic principles and minimum requirements necessary for the adequate protection of information.;735291151388;ap-south-1;2026-07-11 14:19:13.485135;op.exp.10.aws.tag.1;Protección de claves criptográficas;op.exp.10;operacional;explotación;Se recomienda utilizar tags y alias para una mejor gestión y administración de las claves.;alto;recomendacion;confidencialidad,integridad,trazabilidad,autenticidad,disponibilidad;automático;;FAIL;AWS Organizations is not in-use for this AWS Account.;arn:aws:organizations::735291151388:unknown;organizations_tags_policies_enabled_and_attached;False;unknown;ENS;ENS RD 311/2022 - Categoría Alta
aws;The accreditation scheme of the ENS (National Security Scheme) has been developed by the Ministry of Finance and Public Administrations and the CCN (National Cryptological Center). This includes the basic principles and minimum requirements necessary for the adequate protection of information.;735291151388;ap-south-1;2026-07-11 14:19:13.485135;mp.info.6.aws.tag.1;Copias de seguridad;mp.info.6;medidas de protección;protección de la información;Los planes de respaldo se pueden integrar con AWS Tags, acotando con base en las etiquetas de los recursos el alcance de cada proceso de copiado.;alto;recomendacion;disponibilidad;automático;;FAIL;AWS Organizations is not in-use for this AWS Account.;arn:aws:organizations::735291151388:unknown;organizations_tags_policies_enabled_and_attached;False;unknown;ENS;ENS RD 311/2022 - Categoría Alta
aws;The accreditation scheme of the ENS (National Security Scheme) has been developed by the Ministry of Finance and Public Administrations and the CCN (National Cryptological Center). This includes the basic principles and minimum requirements necessary for the adequate protection of information.;735291151388;ap-south-1;2026-07-11 14:19:13.485135;mp.si.2.aws.rds.1;Criptografía;mp.si.2;medidas de protección;protección de los soportes de información;Aplicar cifrado sobre las bases de datos AWS RDS.;alto;requisito;confidencialidad,integridad;automático;;FAIL;RDS Instance cloudguardian-db is not encrypted.;arn:aws:rds:ap-south-1:735291151388:db:cloudguardian-db;rds_instance_storage_encrypted;False;cloudguardian-db;ENS;ENS RD 311/2022 - Categoría Alta
aws;The accreditation scheme of the ENS (National Security Scheme) has been developed by the Ministry of Finance and Public Administrations and the CCN (National Cryptological Center). This includes the basic principles and minimum requirements necessary for the adequate protection of information.;735291151388;ap-south-1;2026-07-11 14:19:13.485135;op.exp.1.aws.re.1;Inventario de activos;op.exp.1;operacional;explotación;Se recomienda el uso de AWS Resource Explorer para la exploración de los recursos como instancias RDB, buckets S3o tablas de Amazon DynamoDB.;alto;recomendacion;confidencialidad,integridad,trazabilidad,autenticidad,disponibilidad;automático;;PASS;Resource Explorer Indexes found: 3.;arn:aws:resource-explorer-2:ap-south-1:735291151388:index/8c58e2b2-3e65-4e38-a110-d7997f9da0c9;resourceexplorer2_indexes_found;False;735291151388;ENS;ENS RD 311/2022 - Categoría Alta
aws;The accreditation scheme of the ENS (National Security Scheme) has been developed by the Ministry of Finance and Public Administrations and the CCN (National Cryptological Center). This includes the basic principles and minimum requirements necessary for the adequate protection of information.;735291151388;ap-south-1;2026-07-11 14:19:13.485135;mp.si.2.aws.s3.1;Criptografía;mp.si.2;medidas de protección;protección de los soportes de información;Aplicar cifrado sobre los distintos buckets de S3, de los cuales se debe asegurar que tengan activado el cifrado en reposo.;alto;requisito;confidencialidad,integridad;automático;;PASS;S3 Bucket cloudguardian-data-c8f4e2a3 has Server Side Encryption with AES256.;arn:aws:s3:::cloudguardian-data-c8f4e2a3;s3_bucket_default_encryption;False;cloudguardian-data-c8f4e2a3;ENS;ENS RD 311/2022 - Categoría Alta
aws;The accreditation scheme of the ENS (National Security Scheme) has been developed by the Ministry of Finance and Public Administrations and the CCN (National Cryptological Center). This includes the basic principles and minimum requirements necessary for the adequate protection of information.;735291151388;ap-south-1;2026-07-11 14:19:13.485135;op.acc.4.aws.iam.1;Proceso de gestión de derechos de acceso;op.acc.4;operacional;control de acceso;Las políticas IAM deben permitir sólo los privilegios necesarios para cada rol. Se recomienda comenzar con el mínimo nivel de permisos e ir añadiendo permisos adicionales según vaya surgiendo la necesidad en lugar de comenzar con permisos administrativos.;alto;requisito;confidencialidad,integridad,trazabilidad,autenticidad;automático;;PASS;S3 Bucket cloudguardian-data-c8f4e2a3 does not allow public write access in the bucket policy.;arn:aws:s3:::cloudguardian-data-c8f4e2a3;s3_bucket_policy_public_write_access;False;cloudguardian-data-c8f4e2a3;ENS;ENS RD 311/2022 - Categoría Alta
aws;The accreditation scheme of the ENS (National Security Scheme) has been developed by the Ministry of Finance and Public Administrations and the CCN (National Cryptological Center). This includes the basic principles and minimum requirements necessary for the adequate protection of information.;735291151388;ap-south-1;2026-07-11 14:19:13.485135;op.exp.8.r4.aws.ct.2;Control de acceso;op.exp.8.r4;operacional;explotación;Utilizar una política de bucket para restringir el acceso de forma pública e imponer restricciones sobre cuáles de los usuarios pueden eliminar objetos de Amazon S3.;alto;refuerzo;trazabilidad;automático;;PASS;S3 Bucket cloudguardian-data-c8f4e2a3 does not allow public write access in the bucket policy.;arn:aws:s3:::cloudguardian-data-c8f4e2a3;s3_bucket_policy_public_write_access;False;cloudguardian-data-c8f4e2a3;ENS;ENS RD 311/2022 - Categoría Alta
aws;The accreditation scheme of the ENS (National Security Scheme) has been developed by the Ministry of Finance and Public Administrations and the CCN (National Cryptological Center). This includes the basic principles and minimum requirements necessary for the adequate protection of information.;735291151388;ap-south-1;2026-07-11 14:19:13.485135;op.exp.8.r4.aws.ct.2;Control de acceso;op.exp.8.r4;operacional;explotación;Utilizar una política de bucket para restringir el acceso de forma pública e imponer restricciones sobre cuáles de los usuarios pueden eliminar objetos de Amazon S3.;alto;refuerzo;trazabilidad;automático;;PASS;S3 Bucket cloudguardian-data-c8f4e2a3 is not public.;arn:aws:s3:::cloudguardian-data-c8f4e2a3;s3_bucket_public_access;False;cloudguardian-data-c8f4e2a3;ENS;ENS RD 311/2022 - Categoría Alta
aws;The accreditation scheme of the ENS (National Security Scheme) has been developed by the Ministry of Finance and Public Administrations and the CCN (National Cryptological Center). This includes the basic principles and minimum requirements necessary for the adequate protection of information.;735291151388;ap-south-1;2026-07-11 14:19:13.485135;mp.com.1.aws.s3.1;Perímetro seguro;mp.com.1;medidas de protección;protección de las comunicaciones;Asegurar que los Buckets S3 de almacenamiento apliquen cifrado para la transferencia de datos empleando Secure Sockets Layer (SSL);alto;requisito;confidencialidad,integridad,trazabilidad,autenticidad,disponibilidad;automático;;FAIL;S3 Bucket cloudguardian-data-c8f4e2a3 allows requests over insecure transport in the bucket policy.;arn:aws:s3:::cloudguardian-data-c8f4e2a3;s3_bucket_secure_transport_policy;False;cloudguardian-data-c8f4e2a3;ENS;ENS RD 311/2022 - Categoría Alta
aws;The accreditation scheme of the ENS (National Security Scheme) has been developed by the Ministry of Finance and Public Administrations and the CCN (National Cryptological Center). This includes the basic principles and minimum requirements necessary for the adequate protection of information.;735291151388;ap-south-1;2026-07-11 14:19:13.485135;mp.com.3.aws.s3.1;Protección de la integridad y de la autenticidad;mp.com.3;medidas de protección;protección de las comunicaciones;Asegurar que los Buckets de almacenamiento S3 apliquen cifrado para la transferencia de datos empleando TLS.;alto;requisito;integridad,autenticidad;automático;;FAIL;S3 Bucket cloudguardian-data-c8f4e2a3 allows requests over insecure transport in the bucket policy.;arn:aws:s3:::cloudguardian-data-c8f4e2a3;s3_bucket_secure_transport_policy;False;cloudguardian-data-c8f4e2a3;ENS;ENS RD 311/2022 - Categoría Alta
aws;The accreditation scheme of the ENS (National Security Scheme) has been developed by the Ministry of Finance and Public Administrations and the CCN (National Cryptological Center). This includes the basic principles and minimum requirements necessary for the adequate protection of information.;735291151388;ap-south-1;2026-07-11 14:19:13.485135;op.exp.9.aws.img.1;Registro de la gestión de incidentes;op.exp.9;operacional;explotación;Habilitar AWS Incident Manager y AWS CloudTrail en todas las regiones con el fin de recopilar información para generar contenido prescriptivo para la creación de informes exigidos por la medida de seguridad.;alto;recomendacion;confidencialidad,integridad,trazabilidad,autenticidad,disponibilidad;automático;;FAIL;No SSM Incidents replication set exists.;arn:aws:ssm-incidents:ap-south-1:735291151388:replication-set;ssmincidents_enabled_with_plans;False;735291151388;ENS;ENS RD 311/2022 - Categoría Alta
aws;The accreditation scheme of the ENS (National Security Scheme) has been developed by the Ministry of Finance and Public Administrations and the CCN (National Cryptological Center). This includes the basic principles and minimum requirements necessary for the adequate protection of information.;735291151388;ap-south-1;2026-07-11 14:19:13.485135;mp.com.4.r3.aws.vpc.1;Segmentación física;mp.com.4.r3;medidas de protección;protección de las comunicaciones;Implementar la segmentación a través de diferentes VPCs situadas en diferentes ubicaciones.;alto;refuerzo;confidencialidad,integridad;automático;mp.com.4.r2;FAIL;VPCs found only in one region.;arn:aws:ec2:ap-south-1:735291151388:vpc;vpc_different_regions;False;735291151388;ENS;ENS RD 311/2022 - Categoría Alta
aws;The accreditation scheme of the ENS (National Security Scheme) has been developed by the Ministry of Finance and Public Administrations and the CCN (National Cryptological Center). This includes the basic principles and minimum requirements necessary for the adequate protection of information.;735291151388;ap-south-1;2026-07-11 14:19:13.485135;op.cont.2.aws.vpc.1;Plan de continuidad;op.cont.2;operacional;continuidad del servicio;Distribución de las VPCs entre múltiples regiones y zonas de disponibilidad de AWS para garantizar la continuidad del servicio ante fallos regionales o zonales.;alto;requisito;disponibilidad;automático;;FAIL;VPCs found only in one region.;arn:aws:ec2:ap-south-1:735291151388:vpc;vpc_different_regions;False;735291151388;ENS;ENS RD 311/2022 - Categoría Alta
aws;The accreditation scheme of the ENS (National Security Scheme) has been developed by the Ministry of Finance and Public Administrations and the CCN (National Cryptological Center). This includes the basic principles and minimum requirements necessary for the adequate protection of information.;735291151388;ap-south-1;2026-07-11 14:19:13.485135;op.mon.1.aws.flow.1;Detección de intrusión;op.mon.1;operacional;monitorización del sistema;Activar el servicio VPC FlowLogs.;alto;requisito;confidencialidad,integridad,trazabilidad,autenticidad,disponibilidad;automático;;FAIL;VPC cloudguardian-vpc Flow logs are disabled.;arn:aws:ec2:ap-south-1:735291151388:vpc/vpc-056acc9b951114346;vpc_flow_logs_enabled;False;vpc-056acc9b951114346;ENS;ENS RD 311/2022 - Categoría Alta
aws;The accreditation scheme of the ENS (National Security Scheme) has been developed by the Ministry of Finance and Public Administrations and the CCN (National Cryptological Center). This includes the basic principles and minimum requirements necessary for the adequate protection of information.;735291151388;ap-south-1;2026-07-11 14:19:13.485135;mp.com.4.r3.aws.vpc.1;Segmentación física;mp.com.4.r3;medidas de protección;protección de las comunicaciones;Implementar la segmentación a través de diferentes VPCs situadas en diferentes ubicaciones.;alto;refuerzo;confidencialidad,integridad;automático;mp.com.4.r2;PASS;VPC cloudguardian-vpc has subnets in more than one availability zone.;arn:aws:ec2:ap-south-1:735291151388:vpc/vpc-056acc9b951114346;vpc_subnet_different_az;False;vpc-056acc9b951114346;ENS;ENS RD 311/2022 - Categoría Alta
aws;The accreditation scheme of the ENS (National Security Scheme) has been developed by the Ministry of Finance and Public Administrations and the CCN (National Cryptological Center). This includes the basic principles and minimum requirements necessary for the adequate protection of information.;735291151388;ap-south-1;2026-07-11 14:19:13.485135;op.cont.2.aws.vpc.1;Plan de continuidad;op.cont.2;operacional;continuidad del servicio;Distribución de las VPCs entre múltiples regiones y zonas de disponibilidad de AWS para garantizar la continuidad del servicio ante fallos regionales o zonales.;alto;requisito;disponibilidad;automático;;PASS;VPC cloudguardian-vpc has subnets in more than one availability zone.;arn:aws:ec2:ap-south-1:735291151388:vpc/vpc-056acc9b951114346;vpc_subnet_different_az;False;vpc-056acc9b951114346;ENS;ENS RD 311/2022 - Categoría Alta
aws;The accreditation scheme of the ENS (National Security Scheme) has been developed by the Ministry of Finance and Public Administrations and the CCN (National Cryptological Center). This includes the basic principles and minimum requirements necessary for the adequate protection of information.;735291151388;ap-south-1;2026-07-11 14:19:13.485135;mp.com.4.aws.vpc.1;Separación de flujos de información en la red;mp.com.4;medidas de protección;protección de las comunicaciones;Los flujos de información de red se deben separar a través de la utilización de diferentes subnets.;alto;requisito;confidencialidad,integridad,trazabilidad,autenticidad,disponibilidad;automático;;FAIL;VPC cloudguardian-vpc has only public subnets.;arn:aws:ec2:ap-south-1:735291151388:vpc/vpc-056acc9b951114346;vpc_subnet_separate_private_public;False;vpc-056acc9b951114346;ENS;ENS RD 311/2022 - Categoría Alta
aws;The accreditation scheme of the ENS (National Security Scheme) has been developed by the Ministry of Finance and Public Administrations and the CCN (National Cryptological Center). This includes the basic principles and minimum requirements necessary for the adequate protection of information.;735291151388;ap-south-1;2026-07-11 14:19:13.485135;mp.com.4.r1.aws.vpc.1;Segmentación lógica avanzada;mp.com.4.r1;medidas de protección;protección de las comunicaciones;Implementar la segmentación a través de la utilización de diferentes VPCs.;alto;refuerzo;confidencialidad,integridad,trazabilidad,autenticidad,disponibilidad;automático;;FAIL;VPC cloudguardian-vpc has only public subnets.;arn:aws:ec2:ap-south-1:735291151388:vpc/vpc-056acc9b951114346;vpc_subnet_separate_private_public;False;vpc-056acc9b951114346;ENS;ENS RD 311/2022 - Categoría Alta
aws;The accreditation scheme of the ENS (National Security Scheme) has been developed by the Ministry of Finance and Public Administrations and the CCN (National Cryptological Center). This includes the basic principles and minimum requirements necessary for the adequate protection of information.;;;2026-07-11 14:19:13.485135;op.pl.2.r1.aws.warch.1;Sistema de gestión;op.pl.2.r1;operacional;planificación;Es recomendable que la entidad usuaria se apoye en el marco de trabajo AWS Well-Architected Framework;alto;recomendacion;confidencialidad,integridad,trazabilidad,autenticidad,disponibilidad;manual;;MANUAL;Manual check;manual_check;manual;False;Manual check;ENS;ENS RD 311/2022 - Categoría Alta
aws;The accreditation scheme of the ENS (National Security Scheme) has been developed by the Ministry of Finance and Public Administrations and the CCN (National Cryptological Center). This includes the basic principles and minimum requirements necessary for the adequate protection of information.;;;2026-07-11 14:19:13.485135;op.pl.2.r2.aws.warch.1;Sistema de gestión de la seguridad con mejora continua;op.pl.2.r2;operacional;planificación;Es recomendable que la entidad usuaria se apoye en el marco de trabajo AWS Well-Architected Framework;alto;recomendacion;confidencialidad,integridad,trazabilidad,autenticidad,disponibilidad;manual;;MANUAL;Manual check;manual_check;manual;False;Manual check;ENS;ENS RD 311/2022 - Categoría Alta
aws;The accreditation scheme of the ENS (National Security Scheme) has been developed by the Ministry of Finance and Public Administrations and the CCN (National Cryptological Center). This includes the basic principles and minimum requirements necessary for the adequate protection of information.;;;2026-07-11 14:19:13.485135;op.pl.2.r3.aws.warch.1;Validación de datos;op.pl.2.r3;operacional;planificación;Es recomendable que la entidad usuaria se apoye en el marco de trabajo AWS Well-Architected Framework;alto;recomendacion;confidencialidad,integridad,trazabilidad,autenticidad,disponibilidad;manual;;MANUAL;Manual check;manual_check;manual;False;Manual check;ENS;ENS RD 311/2022 - Categoría Alta
aws;The accreditation scheme of the ENS (National Security Scheme) has been developed by the Ministry of Finance and Public Administrations and the CCN (National Cryptological Center). This includes the basic principles and minimum requirements necessary for the adequate protection of information.;;;2026-07-11 14:19:13.485135;op.pl.4.aws.ec2.1;Necesidades de procesamiento;op.pl.4;operacional;planificación;La entidad usuaria deberá llevar a cabo el estudio de capacidades a las que hace referencia la medida de seguridad, si bien (…) deberá tener especialmente en cuenta: * Las capacidades de procesamiento, almacenamiento y comunicaciones de las instancais desplegadas en AWS.;alto;requisito;disponibilidad;manual;;MANUAL;Manual check;manual_check;manual;False;Manual check;ENS;ENS RD 311/2022 - Categoría Alta
aws;The accreditation scheme of the ENS (National Security Scheme) has been developed by the Ministry of Finance and Public Administrations and the CCN (National Cryptological Center). This includes the basic principles and minimum requirements necessary for the adequate protection of information.;;;2026-07-11 14:19:13.485135;op.pl.4.aws.sq.1;Necesidades de procesamiento;op.pl.4;operacional;planificación;La entidad usuaria deberá llevar a cabo el estudio de capacidades a las que hace referencia la medida de seguridad, si bien (…) deberá tener especialmente en cuenta: * Las cuotas de los servicios a utilizar.;alto;requisito;disponibilidad;manual;;MANUAL;Manual check;manual_check;manual;False;Manual check;ENS;ENS RD 311/2022 - Categoría Alta
aws;The accreditation scheme of the ENS (National Security Scheme) has been developed by the Ministry of Finance and Public Administrations and the CCN (National Cryptological Center). This includes the basic principles and minimum requirements necessary for the adequate protection of information.;;;2026-07-11 14:19:13.485135;op.pl.4.r1.aws.cw.1;Mejora continua de la gestión de la capacidad;op.pl.4.r1;operacional;planificación;En caso de no disponer de herramientas de terceros, se deberán utilizar las herramientas de monitorización de la capaciad indicadas para monitorizar las capacidades de la infraestructura y el grado de consumo de los servicios en función de las cuotas disponibles. (CloudWatch);alto;refuerzo;disponibilidad;manual;;MANUAL;Manual check;manual_check;manual;False;Manual check;ENS;ENS RD 311/2022 - Categoría Alta
aws;The accreditation scheme of the ENS (National Security Scheme) has been developed by the Ministry of Finance and Public Administrations and the CCN (National Cryptological Center). This includes the basic principles and minimum requirements necessary for the adequate protection of information.;;;2026-07-11 14:19:13.485135;op.pl.4.r1.aws.sq.1;Mejora continua de la gestión de la capacidad;op.pl.4.r1;operacional;planificación;En caso de no disponer de herramientas de terceros, se deberán utilizar las herramientas de monitorización de la capaciad indicadas para monitorizar las capacidades de la infraestructura y el grado de consumo de los servicios en función de las cuotas disponibles. (Service Quotas);alto;refuerzo;disponibilidad;manual;;MANUAL;Manual check;manual_check;manual;False;Manual check;ENS;ENS RD 311/2022 - Categoría Alta
aws;The accreditation scheme of the ENS (National Security Scheme) has been developed by the Ministry of Finance and Public Administrations and the CCN (National Cryptological Center). This includes the basic principles and minimum requirements necessary for the adequate protection of information.;;;2026-07-11 14:19:13.485135;op.pl.4.r1.aws.sq.2;Previsión y actualización de la capacidad;op.pl.4.r1;operacional;planificación;En cuanto a la monitorización sobre el grado de consumo, utilizar la solución nativa Quota Monitor.;alto;recomendacion;disponibilidad;manual;;MANUAL;Manual check;manual_check;manual;False;Manual check;ENS;ENS RD 311/2022 - Categoría Alta
aws;The accreditation scheme of the ENS (National Security Scheme) has been developed by the Ministry of Finance and Public Administrations and the CCN (National Cryptological Center). This includes the basic principles and minimum requirements necessary for the adequate protection of information.;;;2026-07-11 14:19:13.485135;op.pl.4.r1.aws.sns.1;Monitorización de la capacidad;op.pl.4.r1;operacional;planificación;Para la creación de alarmas en materia de capacidad de las instancias, se debe configurar un tema de SNS que permita el envío de mails automáticos a la dirección de correo seleccionada.;alto;recomendacion;disponibilidad;manual;;MANUAL;Manual check;manual_check;manual;False;Manual check;ENS;ENS RD 311/2022 - Categoría Alta
aws;The accreditation scheme of the ENS (National Security Scheme) has been developed by the Ministry of Finance and Public Administrations and the CCN (National Cryptological Center). This includes the basic principles and minimum requirements necessary for the adequate protection of information.;;;2026-07-11 14:19:13.485135;op.pl.4.r1.aws.sns.2;Monitorización de la capacidad;op.pl.4.r1;operacional;planificación;Configurar alarmas correspondientes a las diferentes capacidades (SNS) como uso de CPU, capacidad de almacenamiento o latencia.;alto;recomendacion;disponibilidad;manual;;MANUAL;Manual check;manual_check;manual;False;Manual check;ENS;ENS RD 311/2022 - Categoría Alta
aws;The accreditation scheme of the ENS (National Security Scheme) has been developed by the Ministry of Finance and Public Administrations and the CCN (National Cryptological Center). This includes the basic principles and minimum requirements necessary for the adequate protection of information.;;;2026-07-11 14:19:13.485135;op.pl.4.r1.aws.sq.3;Monitorización de la capacidad;op.pl.4.r1;operacional;planificación;Visualizar las cuotas de servicio y configurar alarmas a través de la integración de AWS Service Quotas con CloudWatch.;alto;recomendacion;disponibilidad;manual;;MANUAL;Manual check;manual_check;manual;False;Manual check;ENS;ENS RD 311/2022 - Categoría Alta
aws;The accreditation scheme of the ENS (National Security Scheme) has been developed by the Ministry of Finance and Public Administrations and the CCN (National Cryptological Center). This includes the basic principles and minimum requirements necessary for the adequate protection of information.;;;2026-07-11 14:19:13.485135;op.acc.1.aws.iam.1;Identificador único;op.acc.1;operacional;control de acceso;Utilizar los grupos y roles, en lugar de los usuarios individuales, para controlar el acceso. Esto permitirá implementar un conjunto de permisos en lugar de actualizar muchas políticas individuales cuando el acceso de un usuario necesita cambiar.;alto;requisito;trazabilidad,autenticidad;manual;;MANUAL;Manual check;manual_check;manual;False;Manual check;ENS;ENS RD 311/2022 - Categoría Alta
aws;The accreditation scheme of the ENS (National Security Scheme) has been developed by the Ministry of Finance and Public Administrations and the CCN (National Cryptological Center). This includes the basic principles and minimum requirements necessary for the adequate protection of information.;;;2026-07-11 14:19:13.485135;op.acc.1.aws.iam.3;Proveedor de identidad centralizado;op.acc.1;operacional;control de acceso;"El usuario raíz actúa como usuario IAM de seguridad (usuario ""breakglass""), dado que no se encuentra sincronizado con el proveedor de identidades externo, lo que permite la recuperación de emergencia del acceso a AWS en caso de imposibilidad de autenticar a los usuarios a través del proveedor de identidades.";alto;recomendacion;trazabilidad,autenticidad;manual;;MANUAL;Manual check;manual_check;manual;False;Manual check;ENS;ENS RD 311/2022 - Categoría Alta
aws;The accreditation scheme of the ENS (National Security Scheme) has been developed by the Ministry of Finance and Public Administrations and the CCN (National Cryptological Center). This includes the basic principles and minimum requirements necessary for the adequate protection of information.;;;2026-07-11 14:19:13.485135;op.acc.1.aws.iam.4;Identificador único;op.acc.1;operacional;control de acceso;Utilizar identificadores únicos para los usuarios del sistema.;alto;requisito;trazabilidad,autenticidad;manual;;MANUAL;Manual check;manual_check;manual;False;Manual check;ENS;ENS RD 311/2022 - Categoría Alta
aws;The accreditation scheme of the ENS (National Security Scheme) has been developed by the Ministry of Finance and Public Administrations and the CCN (National Cryptological Center). This includes the basic principles and minimum requirements necessary for the adequate protection of information.;;;2026-07-11 14:19:13.485135;op.acc.1.aws.iam.5;Identificador único;op.acc.1;operacional;control de acceso;Cada cuenta estará asociada a un identificador único.;alto;requisito;trazabilidad,autenticidad;manual;;MANUAL;Manual check;manual_check;manual;False;Manual check;ENS;ENS RD 311/2022 - Categoría Alta
aws;The accreditation scheme of the ENS (National Security Scheme) has been developed by the Ministry of Finance and Public Administrations and the CCN (National Cryptological Center). This includes the basic principles and minimum requirements necessary for the adequate protection of information.;;;2026-07-11 14:19:13.485135;op.acc.1.aws.iam.6;Cuentas de usuario;op.acc.1;operacional;control de acceso;"Las cuentas deben ser inhabilitadas en los siguientes casos: cuando el usuario deja la organización; cuando el usuario cesa en la función para la cual se requería la cuenta de usuario; o, cuando la persona que la autorizó, da orden en sentido contrario.";alto;requisito;trazabilidad,autenticidad;manual;;MANUAL;Manual check;manual_check;manual;False;Manual check;ENS;ENS RD 311/2022 - Categoría Alta
aws;The accreditation scheme of the ENS (National Security Scheme) has been developed by the Ministry of Finance and Public Administrations and the CCN (National Cryptological Center). This includes the basic principles and minimum requirements necessary for the adequate protection of information.;;;2026-07-11 14:19:13.485135;op.acc.1.aws.iam.7;Cuentas de usuario;op.acc.1;operacional;control de acceso;Las cuentas se retendrán durante el periodo necesario para atender a las necesidades de trazabilidad de los registros de actividad asociados a las mismas. A este periodo se le denominará periodo de retención.;alto;requisito;trazabilidad,autenticidad;manual;;MANUAL;Manual check;manual_check;manual;False;Manual check;ENS;ENS RD 311/2022 - Categoría Alta
aws;The accreditation scheme of the ENS (National Security Scheme) has been developed by the Ministry of Finance and Public Administrations and the CCN (National Cryptological Center). This includes the basic principles and minimum requirements necessary for the adequate protection of information.;;;2026-07-11 14:19:13.485135;op.acc.1.r1.aws.iam.1;Identificación de usuario;op.acc.1.r1;operacional;control de acceso;Los identificadores de usuario deberán ser asignados en el proveedor de identidades (o en IAM) de modo que se permita singularizar a la persona asociada a cada identificador y cumplir con el resto de requisitos del refuerzo;alto;refuerzo;trazabilidad,autenticidad;manual;;MANUAL;Manual check;manual_check;manual;False;Manual check;ENS;ENS RD 311/2022 - Categoría Alta
aws;The accreditation scheme of the ENS (National Security Scheme) has been developed by the Ministry of Finance and Public Administrations and the CCN (National Cryptological Center). This includes the basic principles and minimum requirements necessary for the adequate protection of information.;;;2026-07-11 14:19:13.485135;op.acc.2.aws.iam.1;Requisitos de acceso;op.acc.2;operacional;control de acceso;Hacer uso de las políticas IAM para la asignación de privilegios de acceso. Deberán administrarse permisos para controlar el acceso de las identidades de personas y máquinas y sus cargas de trabajo.;alto;requisito;confidencialidad,integridad,trazabilidad,autenticidad;manual;;MANUAL;Manual check;manual_check;manual;False;Manual check;ENS;ENS RD 311/2022 - Categoría Alta
aws;The accreditation scheme of the ENS (National Security Scheme) has been developed by the Ministry of Finance and Public Administrations and the CCN (National Cryptological Center). This includes the basic principles and minimum requirements necessary for the adequate protection of information.;;;2026-07-11 14:19:13.485135;op.acc.2.aws.vpn.1;Requisitos de acceso;op.acc.2;operacional;control de acceso;Deberá definirse una correcta política de permisos IAM para operaciones de Amazon WorkSpaces según las recomendaciónes establecidas en la sección 3.1.1 Control de Acceso de la guía CCN STIC-887A Guía de configuración segura AWS.;alto;requisito;confidencialidad,integridad,trazabilidad,autenticidad;manual;;MANUAL;Manual check;manual_check;manual;False;Manual check;ENS;ENS RD 311/2022 - Categoría Alta
aws;The accreditation scheme of the ENS (National Security Scheme) has been developed by the Ministry of Finance and Public Administrations and the CCN (National Cryptological Center). This includes the basic principles and minimum requirements necessary for the adequate protection of information.;;;2026-07-11 14:19:13.485135;op.acc.2.aws.iam.2;Requisitos de acceso;op.acc.2;operacional;control de acceso;Deberá definirse una política IAM que conceda permiso al usuario o rol de IAM para utilizar los recursos y las acciones de la API específicos que necesita;alto;requisito;confidencialidad,integridad,trazabilidad,autenticidad;manual;;MANUAL;Manual check;manual_check;manual;False;Manual check;ENS;ENS RD 311/2022 - Categoría Alta
aws;The accreditation scheme of the ENS (National Security Scheme) has been developed by the Ministry of Finance and Public Administrations and the CCN (National Cryptological Center). This includes the basic principles and minimum requirements necessary for the adequate protection of information.;;;2026-07-11 14:19:13.485135;op.acc.2.aws.iam.3;Requisitos de acceso;op.acc.2;operacional;control de acceso;De acuerdo con las medidas del Esquema Nacional de seguridad los derechos de acceso de cada recurso, se establecerán según las decisiones de la persona responsable del recurso, ateniéndose a la política y normativa de seguridad del sistema;alto;requisito;confidencialidad,integridad,trazabilidad,autenticidad;manual;;MANUAL;Manual check;manual_check;manual;False;Manual check;ENS;ENS RD 311/2022 - Categoría Alta
aws;The accreditation scheme of the ENS (National Security Scheme) has been developed by the Ministry of Finance and Public Administrations and the CCN (National Cryptological Center). This includes the basic principles and minimum requirements necessary for the adequate protection of information.;;;2026-07-11 14:19:13.485135;op.acc.2.aws.vpn.2;Requisitos de acceso;op.acc.2;operacional;control de acceso;Deberán restringirse los permisos a usuarios para utilizar la acción ec2:DescribeVpnConnections. Esta acción permite a los usuarios ver la información de configuración de la gateway de cliente sobre las conexiones Site-to-Site VPN de su cuenta.;alto;requisito;confidencialidad,integridad,trazabilidad,autenticidad;manual;;MANUAL;Manual check;manual_check;manual;False;Manual check;ENS;ENS RD 311/2022 - Categoría Alta
aws;The accreditation scheme of the ENS (National Security Scheme) has been developed by the Ministry of Finance and Public Administrations and the CCN (National Cryptological Center). This includes the basic principles and minimum requirements necessary for the adequate protection of information.;;;2026-07-11 14:19:13.485135;op.acc.2.aws.vpn.3;Requisitos de acceso;op.acc.2;operacional;control de acceso;La rotación de certificados de VPN deberá asignarse siguiendo las recomendaciónes de segregación de funciones tal y como se explica en la sección 3.1.1.;alto;requisito;confidencialidad,integridad,trazabilidad,autenticidad;manual;;MANUAL;Manual check;manual_check;manual;False;Manual check;ENS;ENS RD 311/2022 - Categoría Alta
aws;The accreditation scheme of the ENS (National Security Scheme) has been developed by the Ministry of Finance and Public Administrations and the CCN (National Cryptological Center). This includes the basic principles and minimum requirements necessary for the adequate protection of information.;;;2026-07-11 14:19:13.485135;op.acc.2.r1.aws.iam.1;Privilegios de acceso;op.acc.2.r1;operacional;control de acceso;Evitar el uso de asunción de roles para cualquier cuenta.;alto;refuerzo;confidencialidad,integridad,trazabilidad,autenticidad;manual;;MANUAL;Manual check;manual_check;manual;False;Manual check;ENS;ENS RD 311/2022 - Categoría Alta
aws;The accreditation scheme of the ENS (National Security Scheme) has been developed by the Ministry of Finance and Public Administrations and the CCN (National Cryptological Center). This includes the basic principles and minimum requirements necessary for the adequate protection of information.;;;2026-07-11 14:19:13.485135;op.acc.3.aws.iam.1;Segregación de funciones y tareas;op.acc.3;operacional;control de acceso;Enumerar los recursos específicos a los que puede obtener acceso una función de trabajo.;alto;requisito;confidencialidad,integridad,trazabilidad,autenticidad;manual;;MANUAL;Manual check;manual_check;manual;False;Manual check;ENS;ENS RD 311/2022 - Categoría Alta
aws;The accreditation scheme of the ENS (National Security Scheme) has been developed by the Ministry of Finance and Public Administrations and the CCN (National Cryptological Center). This includes the basic principles and minimum requirements necessary for the adequate protection of information.;;;2026-07-11 14:19:13.485135;op.acc.3.aws.iam.2;Segregación de funciones y tareas;op.acc.3;operacional;control de acceso;Emplear correctamente el uso de RBAC/ABAC para separar las funciones de desarrollo y operación.;alto;requisito;confidencialidad,integridad,trazabilidad,autenticidad;manual;;MANUAL;Manual check;manual_check;manual;False;Manual check;ENS;ENS RD 311/2022 - Categoría Alta
aws;The accreditation scheme of the ENS (National Security Scheme) has been developed by the Ministry of Finance and Public Administrations and the CCN (National Cryptological Center). This includes the basic principles and minimum requirements necessary for the adequate protection of information.;;;2026-07-11 14:19:13.485135;op.acc.3.aws.iam.3;Segregación de funciones y tareas;op.acc.3;operacional;control de acceso;Emplear correctamente el uso de RBAC/ABAC para separar las funciones de autorización y control de uso.;alto;requisito;confidencialidad,integridad,trazabilidad,autenticidad;manual;;MANUAL;Manual check;manual_check;manual;False;Manual check;ENS;ENS RD 311/2022 - Categoría Alta
aws;The accreditation scheme of the ENS (National Security Scheme) has been developed by the Ministry of Finance and Public Administrations and the CCN (National Cryptological Center). This includes the basic principles and minimum requirements necessary for the adequate protection of information.;;;2026-07-11 14:19:13.485135;op.acc.3.aws.iam.4;Segregación de funciones y tareas;op.acc.3;operacional;control de acceso;Las políticas IAM deberían estar asociadas solo a grupos y a roles.;alto;requisito;confidencialidad,integridad,trazabilidad,autenticidad;manual;;MANUAL;Manual check;manual_check;manual;False;Manual check;ENS;ENS RD 311/2022 - Categoría Alta
aws;The accreditation scheme of the ENS (National Security Scheme) has been developed by the Ministry of Finance and Public Administrations and the CCN (National Cryptological Center). This includes the basic principles and minimum requirements necessary for the adequate protection of information.;;;2026-07-11 14:19:13.485135;op.acc.3.r3.aws.iam.1;Acceso a la información de seguridad;op.acc.3.r3;operacional;control de acceso;Limitar el acceso a la información de seguridad del sistema a los administradores de seguridad utilizando los mecanismos de acceso imprescindibles (consola, interfaz web, acceso remoto etc.).;opcional;refuerzo;confidencialidad,integridad,trazabilidad,autenticidad;manual;;MANUAL;Manual check;manual_check;manual;False;Manual check;ENS;ENS RD 311/2022 - Categoría Alta
aws;The accreditation scheme of the ENS (National Security Scheme) has been developed by the Ministry of Finance and Public Administrations and the CCN (National Cryptological Center). This includes the basic principles and minimum requirements necessary for the adequate protection of information.;;;2026-07-11 14:19:13.485135;op.acc.4.aws.iam.12;Proceso de gestión de derechos de acceso;op.acc.4;operacional;control de acceso;Las políticas IAM únicamente deben poder asignarse por el usuario que tenga la función de control de accesos expresamente atribuida.;alto;requisito;confidencialidad,integridad,trazabilidad,autenticidad;manual;;MANUAL;Manual check;manual_check;manual;False;Manual check;ENS;ENS RD 311/2022 - Categoría Alta
aws;The accreditation scheme of the ENS (National Security Scheme) has been developed by the Ministry of Finance and Public Administrations and the CCN (National Cryptological Center). This includes the basic principles and minimum requirements necessary for the adequate protection of information.;;;2026-07-11 14:19:13.485135;op.acc.4.aws.iam.13;Proceso de gestión de derechos de acceso;op.acc.4;operacional;control de acceso;No utilizar el usuario raíz salvo necesidad expresa.;alto;requisito;confidencialidad,integridad,trazabilidad,autenticidad;manual;;MANUAL;Manual check;manual_check;manual;False;Manual check;ENS;ENS RD 311/2022 - Categoría Alta
aws;The accreditation scheme of the ENS (National Security Scheme) has been developed by the Ministry of Finance and Public Administrations and the CCN (National Cryptological Center). This includes the basic principles and minimum requirements necessary for the adequate protection of information.;;;2026-07-11 14:19:13.485135;op.acc.4.aws.iam.4;Proceso de gestión de derechos de acceso;op.acc.4;operacional;control de acceso;Se puede utilizar Acces Analyzer para identificar recursos y cuentas, validar las políticas contra las prácticas recomendadas y generar políticas con base en la actividad de acceso de registros de CloudTrail.;alto;recomendacion;confidencialidad,integridad,trazabilidad,autenticidad;manual;;MANUAL;Manual check;manual_check;manual;False;Manual check;ENS;ENS RD 311/2022 - Categoría Alta
aws;The accreditation scheme of the ENS (National Security Scheme) has been developed by the Ministry of Finance and Public Administrations and the CCN (National Cryptological Center). This includes the basic principles and minimum requirements necessary for the adequate protection of information.;;;2026-07-11 14:19:13.485135;op.acc.4.aws.iam.5;Proceso de gestión de derechos de acceso;op.acc.4;operacional;control de acceso;En cuanto a los accesos a las instancias alojadas en AWS se recomienda emplear mecanismos para mantener a las personas alejadas de los datos. Es decir, limitar al máximo el acceso directo a los datos por parte de los usuarios.;alto;recomendacion;confidencialidad,integridad,trazabilidad,autenticidad;manual;;MANUAL;Manual check;manual_check;manual;False;Manual check;ENS;ENS RD 311/2022 - Categoría Alta
aws;The accreditation scheme of the ENS (National Security Scheme) has been developed by the Ministry of Finance and Public Administrations and the CCN (National Cryptological Center). This includes the basic principles and minimum requirements necessary for the adequate protection of information.;;;2026-07-11 14:19:13.485135;op.acc.4.aws.iam.10;Proceso de gestión de derechos de acceso;op.acc.4;operacional;control de acceso;Se evitará que los usuarios puedan deshabilitar o modificar servicios relacionados con el área de seguridad como AWS Config o AWS CloudWatch.;alto;requisito;confidencialidad,integridad,trazabilidad,autenticidad;manual;;MANUAL;Manual check;manual_check;manual;False;Manual check;ENS;ENS RD 311/2022 - Categoría Alta
aws;The accreditation scheme of the ENS (National Security Scheme) has been developed by the Ministry of Finance and Public Administrations and the CCN (National Cryptological Center). This includes the basic principles and minimum requirements necessary for the adequate protection of information.;;;2026-07-11 14:19:13.485135;op.acc.4.aws.iam.11;Proceso de gestión de derechos de acceso;op.acc.4;operacional;control de acceso;Deberá definirse una política de IAM que conceda permiso al usuario o rol de IAM  para utilizar exclusivamente los recursos y las acciones de WorkSpace que necesita.;alto;requisito;confidencialidad,integridad,trazabilidad,autenticidad;manual;;MANUAL;Manual check;manual_check;manual;False;Manual check;ENS;ENS RD 311/2022 - Categoría Alta
aws;The accreditation scheme of the ENS (National Security Scheme) has been developed by the Ministry of Finance and Public Administrations and the CCN (National Cryptological Center). This includes the basic principles and minimum requirements necessary for the adequate protection of information.;;;2026-07-11 14:19:13.485135;op.acc.4.aws.vpn.1;Proceso de gestión de derechos de acceso;op.acc.4;operacional;control de acceso;Las configuraciones de las políticas de las AWS VPN deben tener las redes específicas con las que se va a establecer la conectividad y evitar políticas genéricas basadas en routing donde se pierde el control granular de las redes permitidas en los SA de la VPN.;alto;requisito;confidencialidad,integridad,trazabilidad,autenticidad;manual;;MANUAL;Manual check;manual_check;manual;False;Manual check;ENS;ENS RD 311/2022 - Categoría Alta
aws;The accreditation scheme of the ENS (National Security Scheme) has been developed by the Ministry of Finance and Public Administrations and the CCN (National Cryptological Center). This includes the basic principles and minimum requirements necessary for the adequate protection of information.;;;2026-07-11 14:19:13.485135;op.acc.4.aws.vpn.2;Proceso de gestión de derechos de acceso;op.acc.4;operacional;control de acceso;En configuraciones de AWS DirectConnect, deberán controlarse los AS y el routing que se lleva por BGP, de modo que se propague el mínimo de rutas y se asegure que no exista redistribución de rutas/redes privadas de entornos del cliente hacia el ISP.;alto;requisito;confidencialidad,integridad,trazabilidad,autenticidad;manual;;MANUAL;Manual check;manual_check;manual;False;Manual check;ENS;ENS RD 311/2022 - Categoría Alta
aws;The accreditation scheme of the ENS (National Security Scheme) has been developed by the Ministry of Finance and Public Administrations and the CCN (National Cryptological Center). This includes the basic principles and minimum requirements necessary for the adequate protection of information.;;;2026-07-11 14:19:13.485135;op.acc.6.r2.aws.iam.2;Contraseña + otro factor de autenticación;op.acc.6.r2;operacional;control de acceso;Se recomienda que la organización determine qué llamadas a la API deben también contar con seguridad reforzada a través de un doble factor de autenticación.;alto;refuerzo;confidencialidad,integridad,trazabilidad,autenticidad;manual;;MANUAL;Manual check;manual_check;manual;False;Manual check;ENS;ENS RD 311/2022 - Categoría Alta
aws;The accreditation scheme of the ENS (National Security Scheme) has been developed by the Ministry of Finance and Public Administrations and the CCN (National Cryptological Center). This includes the basic principles and minimum requirements necessary for the adequate protection of information.;;;2026-07-11 14:19:13.485135;op.acc.6.r3.aws.iam.1;Certificados;op.acc.6.r3;operacional;control de acceso;Utilizar el servicio AWS IAM Roles Anywhere para crear un ancla de confianza en la que se haga referencia al servicio AWS Certificate Manager Private CA o registrar sus propias autoridades de certificación (CA), permitiendo usar el certificado emitido por la misma para obtener credenciales temporales para el acceso al entorno AWS. Estos certificados deberán estar protegidos por un segundo factor.;alto;refuerzo;confidencialidad,integridad,trazabilidad,autenticidad;manual;;MANUAL;Manual check;manual_check;manual;False;Manual check;ENS;ENS RD 311/2022 - Categoría Alta
aws;The accreditation scheme of the ENS (National Security Scheme) has been developed by the Ministry of Finance and Public Administrations and the CCN (National Cryptological Center). This includes the basic principles and minimum requirements necessary for the adequate protection of information.;;;2026-07-11 14:19:13.485135;op.acc.6.r5.aws.iam.2;Registro;op.acc.6.r5;operacional;control de acceso;Habilitar la información de usuario sobre la fecha de último uso de sus claves de acceso.;alto;recomendacion;confidencialidad,integridad,trazabilidad,autenticidad;manual;;MANUAL;Manual check;manual_check;manual;False;Manual check;ENS;ENS RD 311/2022 - Categoría Alta
aws;The accreditation scheme of the ENS (National Security Scheme) has been developed by the Ministry of Finance and Public Administrations and the CCN (National Cryptological Center). This includes the basic principles and minimum requirements necessary for the adequate protection of information.;;;2026-07-11 14:19:13.485135;op.acc.6.r9.aws.iam.1;Acceso remoto (todos los niveles);op.acc.6.9;operacional;control de acceso;Deberá asegurarse que se está haciendo uso de HTTPS en todas las llamadas a API. Esto se puede lograr a través de una política IAM que rechace el tráfico que no sea HTTPS.;alto;refuerzo;confidencialidad,integridad,trazabilidad,autenticidad;manual;;MANUAL;Manual check;manual_check;manual;False;Manual check;ENS;ENS RD 311/2022 - Categoría Alta
aws;The accreditation scheme of the ENS (National Security Scheme) has been developed by the Ministry of Finance and Public Administrations and the CCN (National Cryptological Center). This includes the basic principles and minimum requirements necessary for the adequate protection of information.;;;2026-07-11 14:19:13.485135;op.acc.6.r9.aws.iam.2;Acceso remoto (todos los niveles);op.acc.6.9;operacional;control de acceso;En caso de que las llamadas a las APIs no se produzcan de manera constante, se recomienda condicionar su realización a aquellas franjas horarias en las que sean necesarias. ;alto;refuerzo;confidencialidad,integridad,trazabilidad,autenticidad;manual;;MANUAL;Manual check;manual_check;manual;False;Manual check;ENS;ENS RD 311/2022 - Categoría Alta
aws;The accreditation scheme of the ENS (National Security Scheme) has been developed by the Ministry of Finance and Public Administrations and the CCN (National Cryptological Center). This includes the basic principles and minimum requirements necessary for the adequate protection of information.;;;2026-07-11 14:19:13.485135;op.exp.1.r2.aws.sminv.1;Identificación periódica de activos;op.exp.1.r2;operacional;explotación;Disponer de herramientas que permitan visualizar de forma continua el estado de todos los equipos en la red, en particular servidores y los dispositivos de red y comunicaciones.;opcional;refuerzo;confidencialidad,integridad,trazabilidad,autenticidad,disponibilidad;manual;;MANUAL;Manual check;manual_check;manual;False;Manual check;ENS;ENS RD 311/2022 - Categoría Alta
aws;The accreditation scheme of the ENS (National Security Scheme) has been developed by the Ministry of Finance and Public Administrations and the CCN (National Cryptological Center). This includes the basic principles and minimum requirements necessary for the adequate protection of information.;;;2026-07-11 14:19:13.485135;op.exp.1.r3.aws.tag.1;Lista de componentes software;op.exp.1.r4;operacional;explotación;Mantener actualizada una relación de los componentes software de terceros utilizados en el despliegue del sistema. Listado equivalente a lo requerido en mp.sw.1.r5.;opcional;refuerzo;confidencialidad,integridad,trazabilidad,autenticidad,disponibilidad;manual;;MANUAL;Manual check;manual_check;manual;False;Manual check;ENS;ENS RD 311/2022 - Categoría Alta
aws;The accreditation scheme of the ENS (National Security Scheme) has been developed by the Ministry of Finance and Public Administrations and the CCN (National Cryptological Center). This includes the basic principles and minimum requirements necessary for the adequate protection of information.;;;2026-07-11 14:19:13.485135;op.exp.3.r4.aws.cfg.2;Copias de seguridad;op.exp.3.r3;operacional;explotación;Desplegar toda la infraestructura de AWS a través de código con el servicio AWS CloudFormation.;alto;recomendacion;confidencialidad,integridad,trazabilidad,autenticidad,disponibilidad;manual;;MANUAL;Manual check;manual_check;manual;False;Manual check;ENS;ENS RD 311/2022 - Categoría Alta
aws;The accreditation scheme of the ENS (National Security Scheme) has been developed by the Ministry of Finance and Public Administrations and the CCN (National Cryptological Center). This includes the basic principles and minimum requirements necessary for the adequate protection of information.;;;2026-07-11 14:19:13.485135;op.exp.4.aws.ami.1;Mantenimiento y actualizaciones de seguridad;op.exp.4;operacional;explotación;Una forma eficiente de garantizar la instalación de las versiones actualizadas y aprobadas del software de los sistemas es la utilización de Golden AMIs.;alto;recomendacion;confidencialidad,integridad,trazabilidad,autenticidad,disponibilidad;manual;;MANUAL;Manual check;manual_check;manual;False;Manual check;ENS;ENS RD 311/2022 - Categoría Alta
aws;The accreditation scheme of the ENS (National Security Scheme) has been developed by the Ministry of Finance and Public Administrations and the CCN (National Cryptological Center). This includes the basic principles and minimum requirements necessary for the adequate protection of information.;;;2026-07-11 14:19:13.485135;op.exp.5.aws.cm.1;Gestión de cambios;op.exp.5;operacional;explotación;La entidad usuaria puede hacer uso de la utilidad AWS Change Manager para mantener un registro actualizado de las plantillas y peticiones de cambio en las que se incluya información en detalle sobre estos.;alto;recomendacion;confidencialidad,integridad,trazabilidad,autenticidad,disponibilidad;manual;;MANUAL;Manual check;manual_check;manual;False;Manual check;ENS;ENS RD 311/2022 - Categoría Alta
aws;The accreditation scheme of the ENS (National Security Scheme) has been developed by the Ministry of Finance and Public Administrations and the CCN (National Cryptological Center). This includes the basic principles and minimum requirements necessary for the adequate protection of information.;;;2026-07-11 14:19:13.485135;op.exp.5.aws.cal.1;Gestión de cambios;op.exp.5;operacional;explotación;Utilizar AWS Change Calendar para establecer una ventana de tiempo (fecha y hora) en la que realizar los cambios y las pruebas de preproducción en equipos equivalentes a los de producción sin riesgo a que estas afecten a la continuidad del servicio prestado.;alto;recomendacion;confidencialidad,integridad,trazabilidad,autenticidad,disponibilidad;manual;;MANUAL;Manual check;manual_check;manual;False;Manual check;ENS;ENS RD 311/2022 - Categoría Alta
aws;The accreditation scheme of the ENS (National Security Scheme) has been developed by the Ministry of Finance and Public Administrations and the CCN (National Cryptological Center). This includes the basic principles and minimum requirements necessary for the adequate protection of information.;;;2026-07-11 14:19:13.485135;op.exp.6.r1.aws.sys.1;Escaneo periódico;op.exp.6.r1;operacional;explotación;Automatizar las operaciones estándar a llevar a cabo para la respuesta en caso de incidente a través de AWS System Manager;alto;recomendacion;confidencialidad,integridad,trazabilidad,autenticidad,disponibilidad;manual;;MANUAL;Manual check;manual_check;manual;False;Manual check;ENS;ENS RD 311/2022 - Categoría Alta
aws;The accreditation scheme of the ENS (National Security Scheme) has been developed by the Ministry of Finance and Public Administrations and the CCN (National Cryptological Center). This includes the basic principles and minimum requirements necessary for the adequate protection of information.;;;2026-07-11 14:19:13.485135;op.exp.6.r3.aws.sys.1;Lista blanca;op.exp.6.r3;operacional;explotación;Hacer uso de AWS System Manager Inventory para definir, a nivel de software, una lista blanca de aplicaciones.;alto;recomendacion;confidencialidad,integridad,trazabilidad,autenticidad,disponibilidad;manual;;MANUAL;Manual check;manual_check;manual;False;Manual check;ENS;ENS RD 311/2022 - Categoría Alta
aws;The accreditation scheme of the ENS (National Security Scheme) has been developed by the Ministry of Finance and Public Administrations and the CCN (National Cryptological Center). This includes the basic principles and minimum requirements necessary for the adequate protection of information.;;;2026-07-11 14:19:13.485135;op.exp.6.r4.aws.sys.1;Capacidad de respuesta en caso de incidente;op.exp.6.r4;operacional;explotación;Automatizar tareas estándar a través de AWS System Manager;alto;refuerzo;confidencialidad,integridad,trazabilidad,autenticidad,disponibilidad;manual;;MANUAL;Manual check;manual_check;manual;False;Manual check;ENS;ENS RD 311/2022 - Categoría Alta
aws;The accreditation scheme of the ENS (National Security Scheme) has been developed by the Ministry of Finance and Public Administrations and the CCN (National Cryptological Center). This includes the basic principles and minimum requirements necessary for the adequate protection of information.;;;2026-07-11 14:19:13.485135;op.exp.8.r1.aws.cw.1;Revisión de los registros;op.exp.8.r1;operacional;explotación;Utilizar el servicio AWS CloudWatch para centralizar y revisar los registros de todos los sistemas independientemente de su origen.;alto;refuerzo;trazabilidad;manual;;MANUAL;Manual check;manual_check;manual;False;Manual check;ENS;ENS RD 311/2022 - Categoría Alta
aws;The accreditation scheme of the ENS (National Security Scheme) has been developed by the Ministry of Finance and Public Administrations and the CCN (National Cryptological Center). This includes the basic principles and minimum requirements necessary for the adequate protection of information.;;;2026-07-11 14:19:13.485135;op.exp.8.r3.aws.ct.1;Retención de registros;op.exp.8.r3;operacional;explotación;Ejecutar la acción PutRetentionPolicy de Amazon CloudWatch, permitiendo así establecer la retención del grupo de registros especificado y configurar el número de días durante los cuales se conservarán los eventos de registro en el grupo seleccionado de acuerdo con el documento de seguridad correspondiente. Paralelamente, se debe definir un periodo de retención para los datos almacenados en CloudTrail Lakes.;alto;refuerzo;trazabilidad;manual;;MANUAL;Manual check;manual_check;manual;False;Manual check;ENS;ENS RD 311/2022 - Categoría Alta
aws;The accreditation scheme of the ENS (National Security Scheme) has been developed by the Ministry of Finance and Public Administrations and the CCN (National Cryptological Center). This includes the basic principles and minimum requirements necessary for the adequate protection of information.;;;2026-07-11 14:19:13.485135;op.exp.10.aws.cmk.6;Protección de claves criptográficas;op.exp.10;operacional;explotación;Utilizar el principio de mínimos privilegios para las políticas asociadas a claves.;alto;requisito;confidencialidad,integridad,trazabilidad,autenticidad,disponibilidad;manual;;MANUAL;Manual check;manual_check;manual;False;Manual check;ENS;ENS RD 311/2022 - Categoría Alta
aws;The accreditation scheme of the ENS (National Security Scheme) has been developed by the Ministry of Finance and Public Administrations and the CCN (National Cryptological Center). This includes the basic principles and minimum requirements necessary for the adequate protection of information.;;;2026-07-11 14:19:13.485135;op.exp.10.aws.cmk.7;Protección de claves criptográficas;op.exp.10;operacional;explotación;Utilizar tags y alias para una mejor administración de las claves.;alto;recomendacion;confidencialidad,integridad,trazabilidad,autenticidad,disponibilidad;manual;;MANUAL;Manual check;manual_check;manual;False;Manual check;ENS;ENS RD 311/2022 - Categoría Alta
aws;The accreditation scheme of the ENS (National Security Scheme) has been developed by the Ministry of Finance and Public Administrations and the CCN (National Cryptological Center). This includes the basic principles and minimum requirements necessary for the adequate protection of information.;;;2026-07-11 14:19:13.485135;op.exp.10.aws.cmk.8;Protección de claves criptográficas;op.exp.10;operacional;explotación;Utilizar las políticas IAM y las concesiones de claves para el acceso a las mismas.;alto;requisito;confidencialidad,integridad,trazabilidad,autenticidad,disponibilidad;manual;;MANUAL;Manual check;manual_check;manual;False;Manual check;ENS;ENS RD 311/2022 - Categoría Alta
aws;The accreditation scheme of the ENS (National Security Scheme) has been developed by the Ministry of Finance and Public Administrations and the CCN (National Cryptological Center). This includes the basic principles and minimum requirements necessary for the adequate protection of information.;;;2026-07-11 14:19:13.485135;op.cont.2.aws.az.1;Plan de continuidad;op.cont.2;operacional;continuidad del servicio;(Organizativo) Deberá implementarse correctamente la distribución de servicios según regiones y zonas de disponibilidad para limitar al máximo los riesgos asociados a una única ubicación.;alto;requisito;disponibilidad;manual;;MANUAL;Manual check;manual_check;manual;False;Manual check;ENS;ENS RD 311/2022 - Categoría Alta
aws;The accreditation scheme of the ENS (National Security Scheme) has been developed by the Ministry of Finance and Public Administrations and the CCN (National Cryptological Center). This includes the basic principles and minimum requirements necessary for the adequate protection of information.;;;2026-07-11 14:19:13.485135;op.mon.1.aws.gd.4;Detección de intrusión;op.mon.1;operacional;monitorización del sistema;La administración de Amazon GuardDuty quedará delegada exclusivamente a la cuenta de seguridad para garantizar una correcta asignación de los roles para este servicio.;alto;medida;confidencialidad,integridad,trazabilidad,autenticidad,disponibilidad;manual;;MANUAL;Manual check;manual_check;manual;False;Manual check;ENS;ENS RD 311/2022 - Categoría Alta
aws;The accreditation scheme of the ENS (National Security Scheme) has been developed by the Ministry of Finance and Public Administrations and the CCN (National Cryptological Center). This includes the basic principles and minimum requirements necessary for the adequate protection of information.;;;2026-07-11 14:19:13.485135;mp.com.2.aws.vpn.1;Protección de la confidencialidad;mp.com.2;medidas de protección;protección de las comunicaciones;Garantizar que las conexiones entre la VPC y la red local (remota) se canalizan a través de VPN Site-to-Site o bien a través de Direct Connect.;alto;requisito;confidencialidad;manual;;MANUAL;Manual check;manual_check;manual;False;Manual check;ENS;ENS RD 311/2022 - Categoría Alta
aws;The accreditation scheme of the ENS (National Security Scheme) has been developed by the Ministry of Finance and Public Administrations and the CCN (National Cryptological Center). This includes the basic principles and minimum requirements necessary for the adequate protection of information.;;;2026-07-11 14:19:13.485135;mp.com.2.aws.vpn.2;Protección de la confidencialidad;mp.com.2;medidas de protección;protección de las comunicaciones;Garantizar que las conexiones entre la VPC y la red local (remota) se canalizan a través de VPN Site-to-Site o bien a través de Direct Connect.;alto;requisito;confidencialidad;manual;;MANUAL;Manual check;manual_check;manual;False;Manual check;ENS;ENS RD 311/2022 - Categoría Alta
aws;The accreditation scheme of the ENS (National Security Scheme) has been developed by the Ministry of Finance and Public Administrations and the CCN (National Cryptological Center). This includes the basic principles and minimum requirements necessary for the adequate protection of information.;;;2026-07-11 14:19:13.485135;mp.com.3.r1.aws.vpn.1;Redes privadas virtuales;mp.com.3.r1;medidas de protección;protección de las comunicaciones;Utilizar VPN Site-to-Site para conectar las VPCs con las redes locales o externas.;alto;refuerzo;integridad,autenticidad;manual;;MANUAL;Manual check;manual_check;manual;False;Manual check;ENS;ENS RD 311/2022 - Categoría Alta
aws;The accreditation scheme of the ENS (National Security Scheme) has been developed by the Ministry of Finance and Public Administrations and the CCN (National Cryptological Center). This includes the basic principles and minimum requirements necessary for the adequate protection of information.;;;2026-07-11 14:19:13.485135;mp.si.2.r1.aws.kms.1;Productos certificados;mp.si.2.r1;medidas de protección;protección de los soportes de información;Utilizar productos certificados conforme a op.pl.5, si bien AWS KMS es un producto certificado cuyo uso satisface la exigencia de este control.;alto;refuerzo;confidencialidad,integridad;manual;;MANUAL;Manual check;manual_check;manual;False;Manual check;ENS;ENS RD 311/2022 - Categoría Alta
aws;The accreditation scheme of the ENS (National Security Scheme) has been developed by the Ministry of Finance and Public Administrations and the CCN (National Cryptological Center). This includes the basic principles and minimum requirements necessary for the adequate protection of information.;;;2026-07-11 14:19:13.485135;mp.sw.2.r1.aws.cfgd.1;Aceptación y puesta en servicio;mp.sw.2.r2;medidas de protección;protección de la información;Habilitar CloudFormation Guard para el apoyo en las tareas de inspección de recursos no conformes implementados en el código fuente.;alto;recomendacion;confidencialidad,integridad,trazabilidad,autenticidad,disponibilidad;manual;;MANUAL;Manual check;manual_check;manual;False;Manual check;ENS;ENS RD 311/2022 - Categoría Alta
aws;The accreditation scheme of the ENS (National Security Scheme) has been developed by the Ministry of Finance and Public Administrations and the CCN (National Cryptological Center). This includes the basic principles and minimum requirements necessary for the adequate protection of information.;;;2026-07-11 14:19:13.485135;mp.info.6.aws.iam.1;Copias de seguridad;mp.info.6;medidas de protección;protección de la información;La organización puede hacer uso de roles y políticas IAM para la definición y asignación de permisos en cuanto a controles de acceso de las copias de respaldo.;alto;recomendacion;disponibilidad;manual;;MANUAL;Manual check;manual_check;manual;False;Manual check;ENS;ENS RD 311/2022 - Categoría Alta
aws;The accreditation scheme of the ENS (National Security Scheme) has been developed by the Ministry of Finance and Public Administrations and the CCN (National Cryptological Center). This includes the basic principles and minimum requirements necessary for the adequate protection of information.;;;2026-07-11 14:19:13.485135;mp.info.6.r2.aws.bcku.1;Protección de las copias de seguridad;mp.info.6.r2;medidas de protección;protección de la información;La organización puede hacer uso de la nube de AWS como ubicación diferente para el almacenamiento de la copia de seguridad separada del resto o, incluo, utilizar los servicios de ubicación para separar una copia de seguridad en una ubicación diferente dentro de la propia nube.;alto;recomendacion;disponibilidad;manual;;MANUAL;Manual check;manual_check;manual;False;Manual check;ENS;ENS RD 311/2022 - Categoría Alta
aws;The accreditation scheme of the ENS (National Security Scheme) has been developed by the Ministry of Finance and Public Administrations and the CCN (National Cryptological Center). This includes the basic principles and minimum requirements necessary for the adequate protection of information.;;;2026-07-11 14:19:13.485135;mp.s.1.aws.wm.1;Protección del correo electrónico;mp.s.1;medidas de protección;protección de los servicios;Se deberá hacer uso del cifrado de la información contenida en los correos electrónicos.;alto;requisito;confidencialidad,integridad,trazabilidad,autenticidad,disponibilidad;manual;;MANUAL;Manual check;manual_check;manual;False;Manual check;ENS;ENS RD 311/2022 - Categoría Alta
aws;The accreditation scheme of the ENS (National Security Scheme) has been developed by the Ministry of Finance and Public Administrations and the CCN (National Cryptological Center). This includes the basic principles and minimum requirements necessary for the adequate protection of information.;;;2026-07-11 14:19:13.485135;mp.s.1.aws.wm.3;Protección del correo electrónico;mp.s.1;medidas de protección;protección de los servicios;En SES, se debe hacer uso de la opción que permite a los usuarios enviar correo electrónico cifrado con S/MIME;alto;requisito;confidencialidad,integridad,trazabilidad,autenticidad,disponibilidad;manual;;MANUAL;Manual check;manual_check;manual;False;Manual check;ENS;ENS RD 311/2022 - Categoría Alta
aws;The accreditation scheme of the ENS (National Security Scheme) has been developed by the Ministry of Finance and Public Administrations and the CCN (National Cryptological Center). This includes the basic principles and minimum requirements necessary for the adequate protection of information.;;;2026-07-11 14:19:13.485135;mp.s.1.aws.wm.2;Protección del correo electrónico;mp.s.1;medidas de protección;protección de los servicios;Habilitar el registro de eventos de Workmail en CloudWatch para realizar el seguimiento de mensajes con spam.;alto;requisito;confidencialidad,integridad,trazabilidad,autenticidad,disponibilidad;manual;;MANUAL;Manual check;manual_check;manual;False;Manual check;ENS;ENS RD 311/2022 - Categoría Alta
