PROVIDER;DESCRIPTION;ACCOUNTID;REGION;ASSESSMENTDATE;REQUIREMENTS_ID;REQUIREMENTS_DESCRIPTION;REQUIREMENTS_ATTRIBUTES_SECTION;REQUIREMENTS_ATTRIBUTES_SUBSECTION;REQUIREMENTS_ATTRIBUTES_SUBGROUP;REQUIREMENTS_ATTRIBUTES_SERVICE;REQUIREMENTS_ATTRIBUTES_TYPE;STATUS;STATUSEXTENDED;RESOURCEID;CHECKID;MUTED;RESOURCENAME;FRAMEWORK;NAME;REQUIREMENTS_ATTRIBUTES_COMMENT
aws;The Payment Card Industry Data Security Standard (PCI DSS) is a proprietary information security standard. It's administered by the PCI Security Standards Council, which was founded by American Express, Discover Financial Services, JCB International, MasterCard Worldwide, and Visa Inc. PCI DSS applies to entities that store, process, or transmit cardholder data (CHD) or sensitive authentication data (SAD). This includes, but isn't limited to, merchants, processors, acquirers, issuers, and service providers. The PCI DSS is mandated by the card brands and administered by the Payment Card Industry Security Standards Council.;735291151388;ap-south-1;2026-07-11 14:19:13.485135;3.2;If sensitive authentication data is received, render all data unrecoverable upon completion of the authorization process. It is permissible for issuers and companies that support issuing services to store sensitive authentication data if there is a business justification and the data is stored securely. Sensitive authentication data includes the data as cited in the following Requirements 3.2.1 through 3.2.3. Sensitive authentication data consists of full track data, card validation code or value, and PIN data. Storage of sensitive authentication data after authorization is prohibited! This data is very valuable to malicious individuals as it allows them to generate counterfeit payment cards and create fraudulent transactions. Entities that issue payment cards or that perform or support issuing services will often create and control sensitive authentication data as part of the issuing function. It is allowable for companies that perform, facilitate, or support issuing services to store sensitive authentication data ONLY IF they have a legitimate business need to store such data. It should be noted that all PCI DSS requirements apply to issuers, and the only exception for issuers and issuer processors is that sensitive authentication data may be retained if there is a legitimate reason to do so. A legitimate reason is one that is necessary for the performance of the function being provided for the issuer and not one of convenience. Any such data must be stored securely and in accordance with all PCI DSS and specific payment brand requirements.;Requirement 3: Protect stored cardholder data;Requirement 3: Protect stored cardholder data;;;;FAIL;Single region trail cloudguardian-trail has not been logging in the last 24h or is not configured to deliver logs.;arn:aws:cloudtrail:ap-south-1:735291151388:trail/cloudguardian-trail;cloudtrail_cloudwatch_logging_enabled;False;cloudguardian-trail;PCI;Payment Card Industry Data Security Standard (PCI DSS) v3.2.1;
aws;The Payment Card Industry Data Security Standard (PCI DSS) is a proprietary information security standard. It's administered by the PCI Security Standards Council, which was founded by American Express, Discover Financial Services, JCB International, MasterCard Worldwide, and Visa Inc. PCI DSS applies to entities that store, process, or transmit cardholder data (CHD) or sensitive authentication data (SAD). This includes, but isn't limited to, merchants, processors, acquirers, issuers, and service providers. The PCI DSS is mandated by the card brands and administered by the Payment Card Industry Security Standards Council.;735291151388;ap-south-1;2026-07-11 14:19:13.485135;3.2.3;These values should be known only to the card owner or bank that issued the card. If this data is stolen, malicious individuals can execute fraudulent PIN-based debit transactions (for example, ATM withdrawals). For a sample of system components, examine data sources, including but not limited to the following and verify that PINs and encrypted PIN blocks are not stored after authorization: incoming transaction data, all logs (for example, transaction, history, debugging, error), history files, trace files, several database schemas, database contents;Requirement 3: Protect stored cardholder data;3.2 Do not store sensitive authentication data after authorization (even if encrypted);;;;FAIL;Single region trail cloudguardian-trail has not been logging in the last 24h or is not configured to deliver logs.;arn:aws:cloudtrail:ap-south-1:735291151388:trail/cloudguardian-trail;cloudtrail_cloudwatch_logging_enabled;False;cloudguardian-trail;PCI;Payment Card Industry Data Security Standard (PCI DSS) v3.2.1;
aws;The Payment Card Industry Data Security Standard (PCI DSS) is a proprietary information security standard. It's administered by the PCI Security Standards Council, which was founded by American Express, Discover Financial Services, JCB International, MasterCard Worldwide, and Visa Inc. PCI DSS applies to entities that store, process, or transmit cardholder data (CHD) or sensitive authentication data (SAD). This includes, but isn't limited to, merchants, processors, acquirers, issuers, and service providers. The PCI DSS is mandated by the card brands and administered by the Payment Card Industry Security Standards Council.;735291151388;ap-south-1;2026-07-11 14:19:13.485135;3.4;The following approaches should be used to render PAN unreadable anywhere it is stored: One-way hashes based on strong cryptography, (hash must be of the entire PAN), truncation (hashing cannot be used to replace the truncated segment of PAN), index tokens and pads (pads must be securely stored) and strong cryptography with associated key-management processes and procedures. Note: It is a relatively trivial effort for a malicious individual to reconstruct original PAN data if they have access to both the truncated and hashed version of a PAN. Where hashed and truncated versions of the same PAN are present in an entity's environment, additional controls must be in place to ensure that the hashed and truncated versions cannot be correlated to reconstruct the original PAN. PANs stored in primary storage (databases, or flat files such as text files spreadsheets) as well as non-primary storage (backup, audit logs, exception or troubleshooting logs) must all be protected. One-way hash functions based on strong cryptography can be used to render cardholder data unreadable. Hash functions are appropriate when there is no need to retrieve the original number (one-way hashes are irreversible). It is recommended, but not currently a requirement, that an additional, random input value be added to the cardholder data prior to hashing to reduce the feasibility of an attacker comparing the data against (and deriving the PAN from) tables of pre- computed hash values. The intent of truncation is to permanently remove a segment of PAN data so that only a portion (generally not to exceed the first six and last four digits) of the PAN is stored. An index token is a cryptographic token that replaces the PAN based on a given index for an unpredictable value. A one-time pad is a system in which a randomly generated private key is used only once to encrypt a message that is then decrypted using a matching one-time pad and key. The intent of strong cryptography (as defined in the PCI DSS and PA-DSS Glossary of Terms, Abbreviations, and Acronyms) is that the encryption be based on an industry-tested and accepted algorithm (not a proprietary or `home- grown` algorithm) with strong cryptographic keys. By correlating hashed and truncated versions of a given PAN, a malicious individual may easily derive the original PAN value. Controls that prevent the correlation of this data will help ensure that the original PAN remains unreadable.;Requirement 3: Protect stored cardholder data;Requirement 3: Protect stored cardholder data;;;;FAIL;Single region trail cloudguardian-trail has not been logging in the last 24h or is not configured to deliver logs.;arn:aws:cloudtrail:ap-south-1:735291151388:trail/cloudguardian-trail;cloudtrail_cloudwatch_logging_enabled;False;cloudguardian-trail;PCI;Payment Card Industry Data Security Standard (PCI DSS) v3.2.1;
aws;The Payment Card Industry Data Security Standard (PCI DSS) is a proprietary information security standard. It's administered by the PCI Security Standards Council, which was founded by American Express, Discover Financial Services, JCB International, MasterCard Worldwide, and Visa Inc. PCI DSS applies to entities that store, process, or transmit cardholder data (CHD) or sensitive authentication data (SAD). This includes, but isn't limited to, merchants, processors, acquirers, issuers, and service providers. The PCI DSS is mandated by the card brands and administered by the Payment Card Industry Security Standards Council.;735291151388;ap-south-1;2026-07-11 14:19:13.485135;3.4.d;PANs stored in primary storage (databases, or flat files such as text files spreadsheets) as well as non-primary storage (backup, audit logs, exception or troubleshooting logs) must all be protected. One-way hash functions based on strong cryptography can be used to render cardholder data unreadable. Hash functions are appropriate when there is no need to retrieve the original number (one-way hashes are irreversible). It is recommended, but not currently a requirement, that an additional, random input value be added to the cardholder data prior to hashing to reduce the feasibility of an attacker comparing the data against (and deriving the PAN from) tables of pre- computed hash values. The intent of truncation is to permanently remove a segment of PAN data so that only a portion (generally not to exceed the first six and last four digits) of the PAN is stored. An index token is a cryptographic token that replaces the PAN based on a given index for an unpredictable value. A one-time pad is a system in which a randomly generated private key is used only once to encrypt a message that is then decrypted using a matching one-time pad and key. The intent of strong cryptography (as defined in the PCI DSS and PA-DSS Glossary of Terms, Abbreviations, and Acronyms) is that the encryption be based on an industry-tested and accepted algorithm (not a proprietary or 'home-grown` algorithm) with strong cryptographic keys. By correlating hashed and truncated versions of a given PAN, a malicious individual may easily derive the original PAN value. Controls that prevent the correlation of this data will help ensure that the original PAN remains unreadable.;Requirement 3: Protect stored cardholder data;3.4 Render PAN unreadable anywhere it is stored (including on portable digital media, backup media, and in logs) by using approaches like one-way hashes based on strong cryptography, truncation etc;;;;FAIL;Single region trail cloudguardian-trail has not been logging in the last 24h or is not configured to deliver logs.;arn:aws:cloudtrail:ap-south-1:735291151388:trail/cloudguardian-trail;cloudtrail_cloudwatch_logging_enabled;False;cloudguardian-trail;PCI;Payment Card Industry Data Security Standard (PCI DSS) v3.2.1;
aws;The Payment Card Industry Data Security Standard (PCI DSS) is a proprietary information security standard. It's administered by the PCI Security Standards Council, which was founded by American Express, Discover Financial Services, JCB International, MasterCard Worldwide, and Visa Inc. PCI DSS applies to entities that store, process, or transmit cardholder data (CHD) or sensitive authentication data (SAD). This includes, but isn't limited to, merchants, processors, acquirers, issuers, and service providers. The PCI DSS is mandated by the card brands and administered by the Payment Card Industry Security Standards Council.;735291151388;ap-south-1;2026-07-11 14:19:13.485135;10.1;It is critical to have a process or system that links user access to system components accessed. This system generates audit logs and provides the ability to trace back suspicious activity to a specific user. This control verifies, through observation and interviewing the system administrator, that: audit trails are enabled and active for system components, access to system components is linked to individual users.;Requirement 10: Track and monitor all access to network resources and cardholder data;Requirement 10: Track and monitor all access to network resources and cardholder data;;;;FAIL;Single region trail cloudguardian-trail has not been logging in the last 24h or is not configured to deliver logs.;arn:aws:cloudtrail:ap-south-1:735291151388:trail/cloudguardian-trail;cloudtrail_cloudwatch_logging_enabled;False;cloudguardian-trail;PCI;Payment Card Industry Data Security Standard (PCI DSS) v3.2.1;
aws;The Payment Card Industry Data Security Standard (PCI DSS) is a proprietary information security standard. It's administered by the PCI Security Standards Council, which was founded by American Express, Discover Financial Services, JCB International, MasterCard Worldwide, and Visa Inc. PCI DSS applies to entities that store, process, or transmit cardholder data (CHD) or sensitive authentication data (SAD). This includes, but isn't limited to, merchants, processors, acquirers, issuers, and service providers. The PCI DSS is mandated by the card brands and administered by the Payment Card Industry Security Standards Council.;735291151388;ap-south-1;2026-07-11 14:19:13.485135;10.2;It is critical to have a process or system that links user access to system components accessed. This system generates audit logs and provides the ability to trace back suspicious activity to a specific user. This control verifies, through observation and interviewing the system administrator, that: audit trails are enabled and active for system components, access to system components is linked to individual users.;Requirement 10: Track and monitor all access to network resources and cardholder data;Requirement 10: Track and monitor all access to network resources and cardholder data;;;;FAIL;Single region trail cloudguardian-trail has not been logging in the last 24h or is not configured to deliver logs.;arn:aws:cloudtrail:ap-south-1:735291151388:trail/cloudguardian-trail;cloudtrail_cloudwatch_logging_enabled;False;cloudguardian-trail;PCI;Payment Card Industry Data Security Standard (PCI DSS) v3.2.1;
aws;The Payment Card Industry Data Security Standard (PCI DSS) is a proprietary information security standard. It's administered by the PCI Security Standards Council, which was founded by American Express, Discover Financial Services, JCB International, MasterCard Worldwide, and Visa Inc. PCI DSS applies to entities that store, process, or transmit cardholder data (CHD) or sensitive authentication data (SAD). This includes, but isn't limited to, merchants, processors, acquirers, issuers, and service providers. The PCI DSS is mandated by the card brands and administered by the Payment Card Industry Security Standards Council.;735291151388;ap-south-1;2026-07-11 14:19:13.485135;10.2.1;Malicious individuals could obtain knowledge of a user account with access to systems in the CDE, or they could create a new, unauthorized account in order to access cardholder data. A record of all individual accesses to cardholder data can identify which accounts may have been compromised or misused. This control verifies all individual access to cardholder data is loggedVerify all individual access to cardholder data is logged.;Requirement 10: Track and monitor all access to network resources and cardholder data;10.2 Through interviews of responsible personnel, observation of audit logs, and examination of audit log settings;;;;FAIL;Single region trail cloudguardian-trail has not been logging in the last 24h or is not configured to deliver logs.;arn:aws:cloudtrail:ap-south-1:735291151388:trail/cloudguardian-trail;cloudtrail_cloudwatch_logging_enabled;False;cloudguardian-trail;PCI;Payment Card Industry Data Security Standard (PCI DSS) v3.2.1;
aws;The Payment Card Industry Data Security Standard (PCI DSS) is a proprietary information security standard. It's administered by the PCI Security Standards Council, which was founded by American Express, Discover Financial Services, JCB International, MasterCard Worldwide, and Visa Inc. PCI DSS applies to entities that store, process, or transmit cardholder data (CHD) or sensitive authentication data (SAD). This includes, but isn't limited to, merchants, processors, acquirers, issuers, and service providers. The PCI DSS is mandated by the card brands and administered by the Payment Card Industry Security Standards Council.;735291151388;ap-south-1;2026-07-11 14:19:13.485135;10.2.2;Accounts with increased privileges, such as the “administrator” or “root” account, have the potential to greatly impact the security or operational functionality of a system. Without a log of the activities performed, an organization is unable to trace any issues resulting from an administrative mistake or misuse of privilege back to the specific action and individual. This control verifies all actions taken by any individual with root or administrative privileges are logged.;Requirement 10: Track and monitor all access to network resources and cardholder data;10.2 Through interviews of responsible personnel, observation of audit logs, and examination of audit log settings;;;;FAIL;Single region trail cloudguardian-trail has not been logging in the last 24h or is not configured to deliver logs.;arn:aws:cloudtrail:ap-south-1:735291151388:trail/cloudguardian-trail;cloudtrail_cloudwatch_logging_enabled;False;cloudguardian-trail;PCI;Payment Card Industry Data Security Standard (PCI DSS) v3.2.1;
aws;The Payment Card Industry Data Security Standard (PCI DSS) is a proprietary information security standard. It's administered by the PCI Security Standards Council, which was founded by American Express, Discover Financial Services, JCB International, MasterCard Worldwide, and Visa Inc. PCI DSS applies to entities that store, process, or transmit cardholder data (CHD) or sensitive authentication data (SAD). This includes, but isn't limited to, merchants, processors, acquirers, issuers, and service providers. The PCI DSS is mandated by the card brands and administered by the Payment Card Industry Security Standards Council.;735291151388;ap-south-1;2026-07-11 14:19:13.485135;10.2.3;Malicious users often attempt to alter audit logs to hide their actions, and a record of access allows an organization to trace any inconsistencies or potential tampering of the logs to an individual account. Having access to logs identifying changes, additions, and deletions can help retrace steps made by unauthorized personnel. This control verifies access to all audit trails is logged.;Requirement 10: Track and monitor all access to network resources and cardholder data;10.2 Through interviews of responsible personnel, observation of audit logs, and examination of audit log settings;;;;FAIL;Single region trail cloudguardian-trail has not been logging in the last 24h or is not configured to deliver logs.;arn:aws:cloudtrail:ap-south-1:735291151388:trail/cloudguardian-trail;cloudtrail_cloudwatch_logging_enabled;False;cloudguardian-trail;PCI;Payment Card Industry Data Security Standard (PCI DSS) v3.2.1;
aws;The Payment Card Industry Data Security Standard (PCI DSS) is a proprietary information security standard. It's administered by the PCI Security Standards Council, which was founded by American Express, Discover Financial Services, JCB International, MasterCard Worldwide, and Visa Inc. PCI DSS applies to entities that store, process, or transmit cardholder data (CHD) or sensitive authentication data (SAD). This includes, but isn't limited to, merchants, processors, acquirers, issuers, and service providers. The PCI DSS is mandated by the card brands and administered by the Payment Card Industry Security Standards Council.;735291151388;ap-south-1;2026-07-11 14:19:13.485135;10.2.4;Malicious users often attempt to alter audit logs to hide their actions, and a record of access allows an organization to trace any inconsistencies or potential tampering of the logs to an individual account. Having access to logs identifying changes, additions, and deletions can help retrace steps made by unauthorized personnel. This control verifies access to all audit trails is logged.;Requirement 10: Track and monitor all access to network resources and cardholder data;10.2 Through interviews of responsible personnel, observation of audit logs, and examination of audit log settings;;;;FAIL;Single region trail cloudguardian-trail has not been logging in the last 24h or is not configured to deliver logs.;arn:aws:cloudtrail:ap-south-1:735291151388:trail/cloudguardian-trail;cloudtrail_cloudwatch_logging_enabled;False;cloudguardian-trail;PCI;Payment Card Industry Data Security Standard (PCI DSS) v3.2.1;
aws;The Payment Card Industry Data Security Standard (PCI DSS) is a proprietary information security standard. It's administered by the PCI Security Standards Council, which was founded by American Express, Discover Financial Services, JCB International, MasterCard Worldwide, and Visa Inc. PCI DSS applies to entities that store, process, or transmit cardholder data (CHD) or sensitive authentication data (SAD). This includes, but isn't limited to, merchants, processors, acquirers, issuers, and service providers. The PCI DSS is mandated by the card brands and administered by the Payment Card Industry Security Standards Council.;735291151388;ap-south-1;2026-07-11 14:19:13.485135;10.2.6;Turning the audit logs off (or pausing them) prior to performing illicit activities is a common practice for malicious users wishing to avoid detection. Initialization of audit logs could indicate that the log function was disabled by a user to hide their actions. This control verifies the following are logged: initialization of audit logs, stopping or pausing of audit logs.;Requirement 10: Track and monitor all access to network resources and cardholder data;10.2 Through interviews of responsible personnel, observation of audit logs, and examination of audit log settings;;;;FAIL;Single region trail cloudguardian-trail has not been logging in the last 24h or is not configured to deliver logs.;arn:aws:cloudtrail:ap-south-1:735291151388:trail/cloudguardian-trail;cloudtrail_cloudwatch_logging_enabled;False;cloudguardian-trail;PCI;Payment Card Industry Data Security Standard (PCI DSS) v3.2.1;
aws;The Payment Card Industry Data Security Standard (PCI DSS) is a proprietary information security standard. It's administered by the PCI Security Standards Council, which was founded by American Express, Discover Financial Services, JCB International, MasterCard Worldwide, and Visa Inc. PCI DSS applies to entities that store, process, or transmit cardholder data (CHD) or sensitive authentication data (SAD). This includes, but isn't limited to, merchants, processors, acquirers, issuers, and service providers. The PCI DSS is mandated by the card brands and administered by the Payment Card Industry Security Standards Council.;735291151388;ap-south-1;2026-07-11 14:19:13.485135;10.2.7;Malicious software, such as malware, often creates or replaces system level objects on the target system in order to control a particular function or operation on that system. By logging when system-level objects, such as database tables or stored procedures, are created or deleted, it will be easier to determine whether such modifications were authorized. This control verifies creation and deletion of system level objects are logged.;Requirement 10: Track and monitor all access to network resources and cardholder data;10.2 Through interviews of responsible personnel, observation of audit logs, and examination of audit log settings;;;;FAIL;Single region trail cloudguardian-trail has not been logging in the last 24h or is not configured to deliver logs.;arn:aws:cloudtrail:ap-south-1:735291151388:trail/cloudguardian-trail;cloudtrail_cloudwatch_logging_enabled;False;cloudguardian-trail;PCI;Payment Card Industry Data Security Standard (PCI DSS) v3.2.1;
aws;The Payment Card Industry Data Security Standard (PCI DSS) is a proprietary information security standard. It's administered by the PCI Security Standards Council, which was founded by American Express, Discover Financial Services, JCB International, MasterCard Worldwide, and Visa Inc. PCI DSS applies to entities that store, process, or transmit cardholder data (CHD) or sensitive authentication data (SAD). This includes, but isn't limited to, merchants, processors, acquirers, issuers, and service providers. The PCI DSS is mandated by the card brands and administered by the Payment Card Industry Security Standards Council.;735291151388;ap-south-1;2026-07-11 14:19:13.485135;10.3;By recording these details for the auditable events at 10.2, a potential compromise can be quickly identified, and with sufficient detail to know who, what, where, when, and how. Through interviews and observation of audit logs, for each auditable event (from 10.2), perform the following:;Requirement 10: Track and monitor all access to network resources and cardholder data;Requirement 10: Track and monitor all access to network resources and cardholder data;;;;FAIL;Single region trail cloudguardian-trail has not been logging in the last 24h or is not configured to deliver logs.;arn:aws:cloudtrail:ap-south-1:735291151388:trail/cloudguardian-trail;cloudtrail_cloudwatch_logging_enabled;False;cloudguardian-trail;PCI;Payment Card Industry Data Security Standard (PCI DSS) v3.2.1;
aws;The Payment Card Industry Data Security Standard (PCI DSS) is a proprietary information security standard. It's administered by the PCI Security Standards Council, which was founded by American Express, Discover Financial Services, JCB International, MasterCard Worldwide, and Visa Inc. PCI DSS applies to entities that store, process, or transmit cardholder data (CHD) or sensitive authentication data (SAD). This includes, but isn't limited to, merchants, processors, acquirers, issuers, and service providers. The PCI DSS is mandated by the card brands and administered by the Payment Card Industry Security Standards Council.;735291151388;ap-south-1;2026-07-11 14:19:13.485135;10.3.1;By recording these details for the auditable events at 10.2, a potential compromise can be quickly identified, and with sufficient detail to know who, what, where, when, and how. This control verifies user identification is included in log entries.;Requirement 10: Track and monitor all access to network resources and cardholder data;10.3 Record at least the following audit trail entries for all system components for each event;;;;FAIL;Single region trail cloudguardian-trail has not been logging in the last 24h or is not configured to deliver logs.;arn:aws:cloudtrail:ap-south-1:735291151388:trail/cloudguardian-trail;cloudtrail_cloudwatch_logging_enabled;False;cloudguardian-trail;PCI;Payment Card Industry Data Security Standard (PCI DSS) v3.2.1;
aws;The Payment Card Industry Data Security Standard (PCI DSS) is a proprietary information security standard. It's administered by the PCI Security Standards Council, which was founded by American Express, Discover Financial Services, JCB International, MasterCard Worldwide, and Visa Inc. PCI DSS applies to entities that store, process, or transmit cardholder data (CHD) or sensitive authentication data (SAD). This includes, but isn't limited to, merchants, processors, acquirers, issuers, and service providers. The PCI DSS is mandated by the card brands and administered by the Payment Card Industry Security Standards Council.;735291151388;ap-south-1;2026-07-11 14:19:13.485135;10.3.2;By recording these details for the auditable events at 10.2, a potential compromise can be quickly identified, and with sufficient detail to know who, what, where, when, and how. This control verifies event is included in log entries.;Requirement 10: Track and monitor all access to network resources and cardholder data;10.3 Record at least the following audit trail entries for all system components for each event;;;;FAIL;Single region trail cloudguardian-trail has not been logging in the last 24h or is not configured to deliver logs.;arn:aws:cloudtrail:ap-south-1:735291151388:trail/cloudguardian-trail;cloudtrail_cloudwatch_logging_enabled;False;cloudguardian-trail;PCI;Payment Card Industry Data Security Standard (PCI DSS) v3.2.1;
aws;The Payment Card Industry Data Security Standard (PCI DSS) is a proprietary information security standard. It's administered by the PCI Security Standards Council, which was founded by American Express, Discover Financial Services, JCB International, MasterCard Worldwide, and Visa Inc. PCI DSS applies to entities that store, process, or transmit cardholder data (CHD) or sensitive authentication data (SAD). This includes, but isn't limited to, merchants, processors, acquirers, issuers, and service providers. The PCI DSS is mandated by the card brands and administered by the Payment Card Industry Security Standards Council.;735291151388;ap-south-1;2026-07-11 14:19:13.485135;10.3.3;By recording these details for the auditable events at 10.2, a potential compromise can be quickly identified, and with sufficient detail to know who, what, where, when, and how. This verifies date and time stamp is included in log entries.;Requirement 10: Track and monitor all access to network resources and cardholder data;10.3 Record at least the following audit trail entries for all system components for each event;;;;FAIL;Single region trail cloudguardian-trail has not been logging in the last 24h or is not configured to deliver logs.;arn:aws:cloudtrail:ap-south-1:735291151388:trail/cloudguardian-trail;cloudtrail_cloudwatch_logging_enabled;False;cloudguardian-trail;PCI;Payment Card Industry Data Security Standard (PCI DSS) v3.2.1;
aws;The Payment Card Industry Data Security Standard (PCI DSS) is a proprietary information security standard. It's administered by the PCI Security Standards Council, which was founded by American Express, Discover Financial Services, JCB International, MasterCard Worldwide, and Visa Inc. PCI DSS applies to entities that store, process, or transmit cardholder data (CHD) or sensitive authentication data (SAD). This includes, but isn't limited to, merchants, processors, acquirers, issuers, and service providers. The PCI DSS is mandated by the card brands and administered by the Payment Card Industry Security Standards Council.;735291151388;ap-south-1;2026-07-11 14:19:13.485135;10.3.4;By recording these details for the auditable events at 10.2, a potential compromise can be quickly identified, and with sufficient detail to know who, what, where, when, and how. This control verifies success or failure indication is included in log entries.;Requirement 10: Track and monitor all access to network resources and cardholder data;10.3 Record at least the following audit trail entries for all system components for each event;;;;FAIL;Single region trail cloudguardian-trail has not been logging in the last 24h or is not configured to deliver logs.;arn:aws:cloudtrail:ap-south-1:735291151388:trail/cloudguardian-trail;cloudtrail_cloudwatch_logging_enabled;False;cloudguardian-trail;PCI;Payment Card Industry Data Security Standard (PCI DSS) v3.2.1;
aws;The Payment Card Industry Data Security Standard (PCI DSS) is a proprietary information security standard. It's administered by the PCI Security Standards Council, which was founded by American Express, Discover Financial Services, JCB International, MasterCard Worldwide, and Visa Inc. PCI DSS applies to entities that store, process, or transmit cardholder data (CHD) or sensitive authentication data (SAD). This includes, but isn't limited to, merchants, processors, acquirers, issuers, and service providers. The PCI DSS is mandated by the card brands and administered by the Payment Card Industry Security Standards Council.;735291151388;ap-south-1;2026-07-11 14:19:13.485135;10.3.5;By recording these details for the auditable events at 10.2, a potential compromise can be quickly identified, and with sufficient detail to know who, what, where, when, and how. This control verifies origination of event is included in log entries.;Requirement 10: Track and monitor all access to network resources and cardholder data;10.3 Record at least the following audit trail entries for all system components for each event;;;;FAIL;Single region trail cloudguardian-trail has not been logging in the last 24h or is not configured to deliver logs.;arn:aws:cloudtrail:ap-south-1:735291151388:trail/cloudguardian-trail;cloudtrail_cloudwatch_logging_enabled;False;cloudguardian-trail;PCI;Payment Card Industry Data Security Standard (PCI DSS) v3.2.1;
aws;The Payment Card Industry Data Security Standard (PCI DSS) is a proprietary information security standard. It's administered by the PCI Security Standards Council, which was founded by American Express, Discover Financial Services, JCB International, MasterCard Worldwide, and Visa Inc. PCI DSS applies to entities that store, process, or transmit cardholder data (CHD) or sensitive authentication data (SAD). This includes, but isn't limited to, merchants, processors, acquirers, issuers, and service providers. The PCI DSS is mandated by the card brands and administered by the Payment Card Industry Security Standards Council.;735291151388;ap-south-1;2026-07-11 14:19:13.485135;10.3.6;By recording these details for the auditable events at 10.2, a potential compromise can be quickly identified, and with sufficient detail to know who, what, where, when, and how. This control verifies identity or name of affected data, system component, or resources is included in log entries.;Requirement 10: Track and monitor all access to network resources and cardholder data;10.3 Record at least the following audit trail entries for all system components for each event;;;;FAIL;Single region trail cloudguardian-trail has not been logging in the last 24h or is not configured to deliver logs.;arn:aws:cloudtrail:ap-south-1:735291151388:trail/cloudguardian-trail;cloudtrail_cloudwatch_logging_enabled;False;cloudguardian-trail;PCI;Payment Card Industry Data Security Standard (PCI DSS) v3.2.1;
aws;The Payment Card Industry Data Security Standard (PCI DSS) is a proprietary information security standard. It's administered by the PCI Security Standards Council, which was founded by American Express, Discover Financial Services, JCB International, MasterCard Worldwide, and Visa Inc. PCI DSS applies to entities that store, process, or transmit cardholder data (CHD) or sensitive authentication data (SAD). This includes, but isn't limited to, merchants, processors, acquirers, issuers, and service providers. The PCI DSS is mandated by the card brands and administered by the Payment Card Industry Security Standards Council.;735291151388;ap-south-1;2026-07-11 14:19:13.485135;10.5;Often a malicious individual who has entered the network will attempt to edit the audit logs in order to hide their activity. Without adequate protection of audit logs, their completeness, accuracy, and integrity cannot be guaranteed, and the audit logs can be rendered useless as an investigation tool after a compromise. This control checks secure audit trails so they cannot be altered.;Requirement 10: Track and monitor all access to network resources and cardholder data;Requirement 10: Track and monitor all access to network resources and cardholder data;;;;FAIL;Single region trail cloudguardian-trail has not been logging in the last 24h or is not configured to deliver logs.;arn:aws:cloudtrail:ap-south-1:735291151388:trail/cloudguardian-trail;cloudtrail_cloudwatch_logging_enabled;False;cloudguardian-trail;PCI;Payment Card Industry Data Security Standard (PCI DSS) v3.2.1;
aws;The Payment Card Industry Data Security Standard (PCI DSS) is a proprietary information security standard. It's administered by the PCI Security Standards Council, which was founded by American Express, Discover Financial Services, JCB International, MasterCard Worldwide, and Visa Inc. PCI DSS applies to entities that store, process, or transmit cardholder data (CHD) or sensitive authentication data (SAD). This includes, but isn't limited to, merchants, processors, acquirers, issuers, and service providers. The PCI DSS is mandated by the card brands and administered by the Payment Card Industry Security Standards Council.;735291151388;ap-south-1;2026-07-11 14:19:13.485135;10.5.3;Adequate protection of the audit logs includes strong access control (limit access to logs based on “need to know” only), and use of physical or network segregation to make the logs harder to find and modify. Promptly backing up the logs to a centralized log server or media that is difficult to alter keeps the logs protected even if the system generating the logs becomes compromised. Promptly back up audit trail files to a centralized log server or media that is difficult to alter.;Requirement 10: Track and monitor all access to network resources and cardholder data;10.5 Interview system administrators and examine system configurations and permissions to verify that audit trails are secured so that they cannot be altered;;;;FAIL;Single region trail cloudguardian-trail has not been logging in the last 24h or is not configured to deliver logs.;arn:aws:cloudtrail:ap-south-1:735291151388:trail/cloudguardian-trail;cloudtrail_cloudwatch_logging_enabled;False;cloudguardian-trail;PCI;Payment Card Industry Data Security Standard (PCI DSS) v3.2.1;
aws;The Payment Card Industry Data Security Standard (PCI DSS) is a proprietary information security standard. It's administered by the PCI Security Standards Council, which was founded by American Express, Discover Financial Services, JCB International, MasterCard Worldwide, and Visa Inc. PCI DSS applies to entities that store, process, or transmit cardholder data (CHD) or sensitive authentication data (SAD). This includes, but isn't limited to, merchants, processors, acquirers, issuers, and service providers. The PCI DSS is mandated by the card brands and administered by the Payment Card Industry Security Standards Council.;735291151388;ap-south-1;2026-07-11 14:19:13.485135;10.5.4;By writing logs from external-facing technologies such as wireless, firewalls, DNS, and mail servers, the risk of those logs being lost or altered is lowered, as they are more secure within the internal network. Logs may be written directly, or offloaded or copied from external systems, to the secure internal system or media.;Requirement 10: Track and monitor all access to network resources and cardholder data;10.5 Interview system administrators and examine system configurations and permissions to verify that audit trails are secured so that they cannot be altered;;;;FAIL;Single region trail cloudguardian-trail has not been logging in the last 24h or is not configured to deliver logs.;arn:aws:cloudtrail:ap-south-1:735291151388:trail/cloudguardian-trail;cloudtrail_cloudwatch_logging_enabled;False;cloudguardian-trail;PCI;Payment Card Industry Data Security Standard (PCI DSS) v3.2.1;
aws;The Payment Card Industry Data Security Standard (PCI DSS) is a proprietary information security standard. It's administered by the PCI Security Standards Council, which was founded by American Express, Discover Financial Services, JCB International, MasterCard Worldwide, and Visa Inc. PCI DSS applies to entities that store, process, or transmit cardholder data (CHD) or sensitive authentication data (SAD). This includes, but isn't limited to, merchants, processors, acquirers, issuers, and service providers. The PCI DSS is mandated by the card brands and administered by the Payment Card Industry Security Standards Council.;735291151388;ap-south-1;2026-07-11 14:19:13.485135;3.4;The following approaches should be used to render PAN unreadable anywhere it is stored: One-way hashes based on strong cryptography, (hash must be of the entire PAN), truncation (hashing cannot be used to replace the truncated segment of PAN), index tokens and pads (pads must be securely stored) and strong cryptography with associated key-management processes and procedures. Note: It is a relatively trivial effort for a malicious individual to reconstruct original PAN data if they have access to both the truncated and hashed version of a PAN. Where hashed and truncated versions of the same PAN are present in an entity's environment, additional controls must be in place to ensure that the hashed and truncated versions cannot be correlated to reconstruct the original PAN. PANs stored in primary storage (databases, or flat files such as text files spreadsheets) as well as non-primary storage (backup, audit logs, exception or troubleshooting logs) must all be protected. One-way hash functions based on strong cryptography can be used to render cardholder data unreadable. Hash functions are appropriate when there is no need to retrieve the original number (one-way hashes are irreversible). It is recommended, but not currently a requirement, that an additional, random input value be added to the cardholder data prior to hashing to reduce the feasibility of an attacker comparing the data against (and deriving the PAN from) tables of pre- computed hash values. The intent of truncation is to permanently remove a segment of PAN data so that only a portion (generally not to exceed the first six and last four digits) of the PAN is stored. An index token is a cryptographic token that replaces the PAN based on a given index for an unpredictable value. A one-time pad is a system in which a randomly generated private key is used only once to encrypt a message that is then decrypted using a matching one-time pad and key. The intent of strong cryptography (as defined in the PCI DSS and PA-DSS Glossary of Terms, Abbreviations, and Acronyms) is that the encryption be based on an industry-tested and accepted algorithm (not a proprietary or `home- grown` algorithm) with strong cryptographic keys. By correlating hashed and truncated versions of a given PAN, a malicious individual may easily derive the original PAN value. Controls that prevent the correlation of this data will help ensure that the original PAN remains unreadable.;Requirement 3: Protect stored cardholder data;Requirement 3: Protect stored cardholder data;;;;FAIL;Single region trail cloudguardian-trail has encryption disabled.;arn:aws:cloudtrail:ap-south-1:735291151388:trail/cloudguardian-trail;cloudtrail_kms_encryption_enabled;False;cloudguardian-trail;PCI;Payment Card Industry Data Security Standard (PCI DSS) v3.2.1;
aws;The Payment Card Industry Data Security Standard (PCI DSS) is a proprietary information security standard. It's administered by the PCI Security Standards Council, which was founded by American Express, Discover Financial Services, JCB International, MasterCard Worldwide, and Visa Inc. PCI DSS applies to entities that store, process, or transmit cardholder data (CHD) or sensitive authentication data (SAD). This includes, but isn't limited to, merchants, processors, acquirers, issuers, and service providers. The PCI DSS is mandated by the card brands and administered by the Payment Card Industry Security Standards Council.;735291151388;ap-south-1;2026-07-11 14:19:13.485135;3.4.1;Decryption keys must not be associated with user accounts. Note: This requirement applies in addition to all other PCI DSS encryption and key- management requirements. PANs stored in primary storage (databases, or flat files such as text files spreadsheets) as well as non-primary storage (backup, audit logs, exception or troubleshooting logs) must all be protected. One-way hash functions based on strong cryptography can be used to render cardholder data unreadable. Hash functions are appropriate when there is no need to retrieve the original number (one-way hashes are irreversible). It is recommended, but not currently a requirement, that an additional, random input value be added to the cardholder data prior to hashing to reduce the feasibility of an attacker comparing the data against (and deriving the PAN from) tables of pre- computed hash values. The intent of truncation is to permanently remove a segment of PAN data so that only a portion (generally not to exceed the first six and last four digits) of the PAN is stored. An index token is a cryptographic token that replaces the PAN based on a given index for an unpredictable value. A one-time pad is a system in which a randomly generated private key is used only once to encrypt a message that is then decrypted using a matching one-time pad and key. The intent of strong cryptography (as defined in the PCI DSS and PA-DSS Glossary of Terms, Abbreviations, and Acronyms) is that the encryption be based on an industry-tested and accepted algorithm (not a proprietary or `home-grown` algorithm) with strong cryptographic keys. By correlating hashed and truncated versions of a given PAN, a malicious individual may easily derive the original PAN value. Controls that prevent the correlation of this data will help ensure that the original PAN remains unreadable.;Requirement 3: Protect stored cardholder data;3.4 Render PAN unreadable anywhere it is stored (including on portable digital media, backup media, and in logs) by using approaches like one-way hashes based on strong cryptography, truncation etc;;;;FAIL;Single region trail cloudguardian-trail has encryption disabled.;arn:aws:cloudtrail:ap-south-1:735291151388:trail/cloudguardian-trail;cloudtrail_kms_encryption_enabled;False;cloudguardian-trail;PCI;Payment Card Industry Data Security Standard (PCI DSS) v3.2.1;
aws;The Payment Card Industry Data Security Standard (PCI DSS) is a proprietary information security standard. It's administered by the PCI Security Standards Council, which was founded by American Express, Discover Financial Services, JCB International, MasterCard Worldwide, and Visa Inc. PCI DSS applies to entities that store, process, or transmit cardholder data (CHD) or sensitive authentication data (SAD). This includes, but isn't limited to, merchants, processors, acquirers, issuers, and service providers. The PCI DSS is mandated by the card brands and administered by the Payment Card Industry Security Standards Council.;735291151388;ap-south-1;2026-07-11 14:19:13.485135;3.4.1.a;The intent of this requirement is to address the acceptability of disk-level encryption for rendering cardholder data unreadable. Disk-level encryption encrypts the entire disk/partition on a computer and automatically decrypts the information when an authorized user requests it. Many disk- encryption solutions intercept operating system read/write operations and carry out the appropriate cryptographic transformations without any special action by the user other than supplying a password or pass phrase upon system startup or at the beginning of a session. Based on these characteristics of disk-level encryption, to be compliant with this requirement, the method cannot: 1) Use the same user account authenticator as the operating system, or 2) Use a decryption key that is associated with or derived from the system's local user account database or general network login credentials. Full disk encryption helps to protect data in the event of physical loss of a disk and therefore may be appropriate for portable devices that store cardholder data.;Requirement 3: Protect stored cardholder data;3.4.1 If disk encryption is used (rather than file- or column-level database encryption), logical access must be managed separately and independently of native operating system authentication and access control mechanisms (for example, by not using local user account databases or general network login credentials);;;;FAIL;Single region trail cloudguardian-trail has encryption disabled.;arn:aws:cloudtrail:ap-south-1:735291151388:trail/cloudguardian-trail;cloudtrail_kms_encryption_enabled;False;cloudguardian-trail;PCI;Payment Card Industry Data Security Standard (PCI DSS) v3.2.1;
aws;The Payment Card Industry Data Security Standard (PCI DSS) is a proprietary information security standard. It's administered by the PCI Security Standards Council, which was founded by American Express, Discover Financial Services, JCB International, MasterCard Worldwide, and Visa Inc. PCI DSS applies to entities that store, process, or transmit cardholder data (CHD) or sensitive authentication data (SAD). This includes, but isn't limited to, merchants, processors, acquirers, issuers, and service providers. The PCI DSS is mandated by the card brands and administered by the Payment Card Industry Security Standards Council.;735291151388;ap-south-1;2026-07-11 14:19:13.485135;3.4.1.c;Note: If disk encryption is not used to encrypt removable media, the data stored on this media will need to be rendered unreadable through some other method. The intent of this requirement is to address the acceptability of disk-level encryption for rendering cardholder data unreadable. Disk-level encryption encrypts the entire disk/partition on a computer and automatically decrypts the information when an authorized user requests it. Many disk- encryption solutions intercept operating system read/write operations and carry out the appropriate cryptographic transformations without any special action by the user other than supplying a password or pass phrase upon system startup or at the beginning of a session. Based on these characteristics of disk-level encryption, to be compliant with this requirement, the method cannot: 1) Use the same user account authenticator as the operating system, or 2) Use a decryption key that is associated with or derived from the system's local user account database or general network login credentials. Full disk encryption helps to protect data in the event of physical loss of a disk and therefore may be appropriate for portable devices that store cardholder data.;Requirement 3: Protect stored cardholder data;3.4.1 If disk encryption is used (rather than file- or column-level database encryption), logical access must be managed separately and independently of native operating system authentication and access control mechanisms (for example, by not using local user account databases or general network login credentials);;;;FAIL;Single region trail cloudguardian-trail has encryption disabled.;arn:aws:cloudtrail:ap-south-1:735291151388:trail/cloudguardian-trail;cloudtrail_kms_encryption_enabled;False;cloudguardian-trail;PCI;Payment Card Industry Data Security Standard (PCI DSS) v3.2.1;
aws;The Payment Card Industry Data Security Standard (PCI DSS) is a proprietary information security standard. It's administered by the PCI Security Standards Council, which was founded by American Express, Discover Financial Services, JCB International, MasterCard Worldwide, and Visa Inc. PCI DSS applies to entities that store, process, or transmit cardholder data (CHD) or sensitive authentication data (SAD). This includes, but isn't limited to, merchants, processors, acquirers, issuers, and service providers. The PCI DSS is mandated by the card brands and administered by the Payment Card Industry Security Standards Council.;735291151388;ap-south-1;2026-07-11 14:19:13.485135;3.4.a;Verify documentation about the system used to protect the PAN, including the vendor, type of system/process, and the encryption algorithms (if applicable) to verify that the PAN is rendered unreadable using any of the following methods: One-way hashes based on strong cryptography, truncation, index tokens and pads with the pads being securely stored, strong cryptography, with associated key-management processes and procedures. PANs stored in primary storage (databases, or flat files such as text files spreadsheets) as well as non-primary storage (backup, audit logs, exception or troubleshooting logs) must all be protected. One-way hash functions based on strong cryptography can be used to render cardholder data unreadable. Hash functions are appropriate when there is no need to retrieve the original number (one-way hashes are irreversible). It is recommended, but not currently a requirement, that an additional, random input value be added to the cardholder data prior to hashing to reduce the feasibility of an attacker comparing the data against (and deriving the PAN from) tables of pre- computed hash values. The intent of truncation is to permanently remove a segment of PAN data so that only a portion (generally not to exceed the first six and last four digits) of the PAN is stored. An index token is a cryptographic token that replaces the PAN based on a given index for an unpredictable value. A one-time pad is a system in which a randomly generated private key is used only once to encrypt a message that is then decrypted using a matching one-time pad and key. The intent of strong cryptography (as defined in the PCI DSS and PA-DSS Glossary of Terms, Abbreviations, and Acronyms) is that the encryption be based on an industry-tested and accepted algorithm (not a proprietary or `home-grown` algorithm) with strong cryptographic keys. By correlating hashed and truncated versions of a given PAN, a malicious individual may easily derive the original PAN value. Controls that prevent the correlation of this data will help ensure that the original PAN remains unreadable.;Requirement 3: Protect stored cardholder data;3.4 Render PAN unreadable anywhere it is stored (including on portable digital media, backup media, and in logs) by using approaches like one-way hashes based on strong cryptography, truncation etc;;;;FAIL;Single region trail cloudguardian-trail has encryption disabled.;arn:aws:cloudtrail:ap-south-1:735291151388:trail/cloudguardian-trail;cloudtrail_kms_encryption_enabled;False;cloudguardian-trail;PCI;Payment Card Industry Data Security Standard (PCI DSS) v3.2.1;
aws;The Payment Card Industry Data Security Standard (PCI DSS) is a proprietary information security standard. It's administered by the PCI Security Standards Council, which was founded by American Express, Discover Financial Services, JCB International, MasterCard Worldwide, and Visa Inc. PCI DSS applies to entities that store, process, or transmit cardholder data (CHD) or sensitive authentication data (SAD). This includes, but isn't limited to, merchants, processors, acquirers, issuers, and service providers. The PCI DSS is mandated by the card brands and administered by the Payment Card Industry Security Standards Council.;735291151388;ap-south-1;2026-07-11 14:19:13.485135;3.4.b;PANs stored in primary storage (databases, or flat files such as text files spreadsheets) as well as non-primary storage (backup, audit logs, exception or troubleshooting logs) must all be protected. One-way hash functions based on strong cryptography can be used to render cardholder data unreadable. Hash functions are appropriate when there is no need to retrieve the original number (one-way hashes are irreversible). It is recommended, but not currently a requirement, that an additional, random input value be added to the cardholder data prior to hashing to reduce the feasibility of an attacker comparing the data against (and deriving the PAN from) tables of pre- computed hash values. The intent of truncation is to permanently remove a segment of PAN data so that only a portion (generally not to exceed the first six and last four digits) of the PAN is stored. An index token is a cryptographic token that replaces the PAN based on a given index for an unpredictable value. A one-time pad is a system in which a randomly generated private key is used only once to encrypt a message that is then decrypted using a matching one-time pad and key. The intent of strong cryptography (as defined in the PCI DSS and PA-DSS Glossary of Terms, Abbreviations, and Acronyms) is that the encryption be based on an industry-tested and accepted algorithm (not a proprietary or `home- grown` algorithm) with strong cryptographic keys. By correlating hashed and truncated versions of a given PAN, a malicious individual may easily derive the original PAN value. Controls that prevent the correlation of this data will help ensure that the original PAN remains unreadable.;Requirement 3: Protect stored cardholder data;3.4 Render PAN unreadable anywhere it is stored (including on portable digital media, backup media, and in logs) by using approaches like one-way hashes based on strong cryptography, truncation etc;;;;FAIL;Single region trail cloudguardian-trail has encryption disabled.;arn:aws:cloudtrail:ap-south-1:735291151388:trail/cloudguardian-trail;cloudtrail_kms_encryption_enabled;False;cloudguardian-trail;PCI;Payment Card Industry Data Security Standard (PCI DSS) v3.2.1;
aws;The Payment Card Industry Data Security Standard (PCI DSS) is a proprietary information security standard. It's administered by the PCI Security Standards Council, which was founded by American Express, Discover Financial Services, JCB International, MasterCard Worldwide, and Visa Inc. PCI DSS applies to entities that store, process, or transmit cardholder data (CHD) or sensitive authentication data (SAD). This includes, but isn't limited to, merchants, processors, acquirers, issuers, and service providers. The PCI DSS is mandated by the card brands and administered by the Payment Card Industry Security Standards Council.;735291151388;ap-south-1;2026-07-11 14:19:13.485135;3.4.d;PANs stored in primary storage (databases, or flat files such as text files spreadsheets) as well as non-primary storage (backup, audit logs, exception or troubleshooting logs) must all be protected. One-way hash functions based on strong cryptography can be used to render cardholder data unreadable. Hash functions are appropriate when there is no need to retrieve the original number (one-way hashes are irreversible). It is recommended, but not currently a requirement, that an additional, random input value be added to the cardholder data prior to hashing to reduce the feasibility of an attacker comparing the data against (and deriving the PAN from) tables of pre- computed hash values. The intent of truncation is to permanently remove a segment of PAN data so that only a portion (generally not to exceed the first six and last four digits) of the PAN is stored. An index token is a cryptographic token that replaces the PAN based on a given index for an unpredictable value. A one-time pad is a system in which a randomly generated private key is used only once to encrypt a message that is then decrypted using a matching one-time pad and key. The intent of strong cryptography (as defined in the PCI DSS and PA-DSS Glossary of Terms, Abbreviations, and Acronyms) is that the encryption be based on an industry-tested and accepted algorithm (not a proprietary or 'home-grown` algorithm) with strong cryptographic keys. By correlating hashed and truncated versions of a given PAN, a malicious individual may easily derive the original PAN value. Controls that prevent the correlation of this data will help ensure that the original PAN remains unreadable.;Requirement 3: Protect stored cardholder data;3.4 Render PAN unreadable anywhere it is stored (including on portable digital media, backup media, and in logs) by using approaches like one-way hashes based on strong cryptography, truncation etc;;;;FAIL;Single region trail cloudguardian-trail has encryption disabled.;arn:aws:cloudtrail:ap-south-1:735291151388:trail/cloudguardian-trail;cloudtrail_kms_encryption_enabled;False;cloudguardian-trail;PCI;Payment Card Industry Data Security Standard (PCI DSS) v3.2.1;
aws;The Payment Card Industry Data Security Standard (PCI DSS) is a proprietary information security standard. It's administered by the PCI Security Standards Council, which was founded by American Express, Discover Financial Services, JCB International, MasterCard Worldwide, and Visa Inc. PCI DSS applies to entities that store, process, or transmit cardholder data (CHD) or sensitive authentication data (SAD). This includes, but isn't limited to, merchants, processors, acquirers, issuers, and service providers. The PCI DSS is mandated by the card brands and administered by the Payment Card Industry Security Standards Council.;735291151388;ap-south-1;2026-07-11 14:19:13.485135;8.2;Verify users are authenticated using unique ID, perform the following: examine documentation describing the authentication method(s) used, for each type of authentication method used and for each type of system component, observe an authentication to verify authentication is functioning consistent with documented authentication method(s). These authentication methods, when used in addition to unique IDs, help protect users' IDs from being compromised, since the one attempting the compromise needs to know both the unique ID and the password (or other authentication used). Note that a digital certificate is a valid option for “something you have” as long as it is unique for a particular user. Since one of the first steps a malicious individual will take to compromise a system is to exploit weak or nonexistent passwords, it is important to implement good processes for authentication management.;Requirement 8: Identify and authenticate access to system components;Requirement 8: Identify and authenticate access to system components;;;;FAIL;Single region trail cloudguardian-trail has encryption disabled.;arn:aws:cloudtrail:ap-south-1:735291151388:trail/cloudguardian-trail;cloudtrail_kms_encryption_enabled;False;cloudguardian-trail;PCI;Payment Card Industry Data Security Standard (PCI DSS) v3.2.1;
aws;The Payment Card Industry Data Security Standard (PCI DSS) is a proprietary information security standard. It's administered by the PCI Security Standards Council, which was founded by American Express, Discover Financial Services, JCB International, MasterCard Worldwide, and Visa Inc. PCI DSS applies to entities that store, process, or transmit cardholder data (CHD) or sensitive authentication data (SAD). This includes, but isn't limited to, merchants, processors, acquirers, issuers, and service providers. The PCI DSS is mandated by the card brands and administered by the Payment Card Industry Security Standards Council.;735291151388;ap-south-1;2026-07-11 14:19:13.485135;8.2.1;Many network devices and applications transmit unencrypted, readable passwords across the network and/or store passwords without encryption. A malicious individual can easily intercept unencrypted passwords during transmission using a “sniffer,” or directly access unencrypted passwords in files where they are stored, and use this data to gain unauthorized access. Note: Testing Procedures 8.2.1.d and 8.2.1.e are additional procedures that only apply if the entity being assessed is a service provider.;Requirement 8: Identify and authenticate access to system components;8.2 To verify that users are authenticated using unique ID and additional authentication (for example, a password/phrase) for access to the cardholder data environment perform the methods like examine documentation describing the authentication method(s) used etc;;;;FAIL;Single region trail cloudguardian-trail has encryption disabled.;arn:aws:cloudtrail:ap-south-1:735291151388:trail/cloudguardian-trail;cloudtrail_kms_encryption_enabled;False;cloudguardian-trail;PCI;Payment Card Industry Data Security Standard (PCI DSS) v3.2.1;
aws;The Payment Card Industry Data Security Standard (PCI DSS) is a proprietary information security standard. It's administered by the PCI Security Standards Council, which was founded by American Express, Discover Financial Services, JCB International, MasterCard Worldwide, and Visa Inc. PCI DSS applies to entities that store, process, or transmit cardholder data (CHD) or sensitive authentication data (SAD). This includes, but isn't limited to, merchants, processors, acquirers, issuers, and service providers. The PCI DSS is mandated by the card brands and administered by the Payment Card Industry Security Standards Council.;735291151388;ap-south-1;2026-07-11 14:19:13.485135;8.2.1.a;Many network devices and applications transmit unencrypted, readable passwords across the network and/or store passwords without encryption. A malicious individual can easily intercept unencrypted passwords during transmission using a “sniffer,” or directly access unencrypted passwords in files where they are stored, and use this data to gain unauthorized access. Note: Testing Procedures 8.2.1.d and 8.2.1.e are additional procedures that only apply if the entity being assessed is a service provider.;Requirement 8: Identify and authenticate access to system components;8.2.1 Using strong cryptography, render all authentication credentials (such as passwords/phrases) unreadable during transmission and storage on all system components;;;;FAIL;Single region trail cloudguardian-trail has encryption disabled.;arn:aws:cloudtrail:ap-south-1:735291151388:trail/cloudguardian-trail;cloudtrail_kms_encryption_enabled;False;cloudguardian-trail;PCI;Payment Card Industry Data Security Standard (PCI DSS) v3.2.1;
aws;The Payment Card Industry Data Security Standard (PCI DSS) is a proprietary information security standard. It's administered by the PCI Security Standards Council, which was founded by American Express, Discover Financial Services, JCB International, MasterCard Worldwide, and Visa Inc. PCI DSS applies to entities that store, process, or transmit cardholder data (CHD) or sensitive authentication data (SAD). This includes, but isn't limited to, merchants, processors, acquirers, issuers, and service providers. The PCI DSS is mandated by the card brands and administered by the Payment Card Industry Security Standards Council.;735291151388;ap-south-1;2026-07-11 14:19:13.485135;10.5;Often a malicious individual who has entered the network will attempt to edit the audit logs in order to hide their activity. Without adequate protection of audit logs, their completeness, accuracy, and integrity cannot be guaranteed, and the audit logs can be rendered useless as an investigation tool after a compromise. This control checks secure audit trails so they cannot be altered.;Requirement 10: Track and monitor all access to network resources and cardholder data;Requirement 10: Track and monitor all access to network resources and cardholder data;;;;FAIL;Single region trail cloudguardian-trail has log file validation disabled.;arn:aws:cloudtrail:ap-south-1:735291151388:trail/cloudguardian-trail;cloudtrail_log_file_validation_enabled;False;cloudguardian-trail;PCI;Payment Card Industry Data Security Standard (PCI DSS) v3.2.1;
aws;The Payment Card Industry Data Security Standard (PCI DSS) is a proprietary information security standard. It's administered by the PCI Security Standards Council, which was founded by American Express, Discover Financial Services, JCB International, MasterCard Worldwide, and Visa Inc. PCI DSS applies to entities that store, process, or transmit cardholder data (CHD) or sensitive authentication data (SAD). This includes, but isn't limited to, merchants, processors, acquirers, issuers, and service providers. The PCI DSS is mandated by the card brands and administered by the Payment Card Industry Security Standards Council.;735291151388;ap-south-1;2026-07-11 14:19:13.485135;10.5.2;Adequate protection of the audit logs includes strong access control (limit access to logs based on “need to know” only), and use of physical or network segregation to make the logs harder to find and modify. Promptly backing up the logs to a centralized log server or media that is difficult to alter keeps the logs protected even if the system generating the logs becomes compromised. Protect audit trail files from unauthorized modifications.;Requirement 10: Track and monitor all access to network resources and cardholder data;10.5 Interview system administrators and examine system configurations and permissions to verify that audit trails are secured so that they cannot be altered;;;;FAIL;Single region trail cloudguardian-trail has log file validation disabled.;arn:aws:cloudtrail:ap-south-1:735291151388:trail/cloudguardian-trail;cloudtrail_log_file_validation_enabled;False;cloudguardian-trail;PCI;Payment Card Industry Data Security Standard (PCI DSS) v3.2.1;
aws;The Payment Card Industry Data Security Standard (PCI DSS) is a proprietary information security standard. It's administered by the PCI Security Standards Council, which was founded by American Express, Discover Financial Services, JCB International, MasterCard Worldwide, and Visa Inc. PCI DSS applies to entities that store, process, or transmit cardholder data (CHD) or sensitive authentication data (SAD). This includes, but isn't limited to, merchants, processors, acquirers, issuers, and service providers. The PCI DSS is mandated by the card brands and administered by the Payment Card Industry Security Standards Council.;735291151388;ap-south-1;2026-07-11 14:19:13.485135;10.5.5;File-integrity monitoring or change-detection systems check for changes to critical files, and notify when such changes are noted. For file- integrity monitoring purposes, an entity usually monitors files that don't regularly change, but when changed indicate a possible compromise.;Requirement 10: Track and monitor all access to network resources and cardholder data;10.5 Interview system administrators and examine system configurations and permissions to verify that audit trails are secured so that they cannot be altered;;;;FAIL;Single region trail cloudguardian-trail has log file validation disabled.;arn:aws:cloudtrail:ap-south-1:735291151388:trail/cloudguardian-trail;cloudtrail_log_file_validation_enabled;False;cloudguardian-trail;PCI;Payment Card Industry Data Security Standard (PCI DSS) v3.2.1;
aws;The Payment Card Industry Data Security Standard (PCI DSS) is a proprietary information security standard. It's administered by the PCI Security Standards Council, which was founded by American Express, Discover Financial Services, JCB International, MasterCard Worldwide, and Visa Inc. PCI DSS applies to entities that store, process, or transmit cardholder data (CHD) or sensitive authentication data (SAD). This includes, but isn't limited to, merchants, processors, acquirers, issuers, and service providers. The PCI DSS is mandated by the card brands and administered by the Payment Card Industry Security Standards Council.;735291151388;ap-south-1;2026-07-11 14:19:13.485135;3.2;If sensitive authentication data is received, render all data unrecoverable upon completion of the authorization process. It is permissible for issuers and companies that support issuing services to store sensitive authentication data if there is a business justification and the data is stored securely. Sensitive authentication data includes the data as cited in the following Requirements 3.2.1 through 3.2.3. Sensitive authentication data consists of full track data, card validation code or value, and PIN data. Storage of sensitive authentication data after authorization is prohibited! This data is very valuable to malicious individuals as it allows them to generate counterfeit payment cards and create fraudulent transactions. Entities that issue payment cards or that perform or support issuing services will often create and control sensitive authentication data as part of the issuing function. It is allowable for companies that perform, facilitate, or support issuing services to store sensitive authentication data ONLY IF they have a legitimate business need to store such data. It should be noted that all PCI DSS requirements apply to issuers, and the only exception for issuers and issuer processors is that sensitive authentication data may be retained if there is a legitimate reason to do so. A legitimate reason is one that is necessary for the performance of the function being provided for the issuer and not one of convenience. Any such data must be stored securely and in accordance with all PCI DSS and specific payment brand requirements.;Requirement 3: Protect stored cardholder data;Requirement 3: Protect stored cardholder data;;;;PASS;Trail cloudguardian-trail is not multiregion and it is logging.;arn:aws:cloudtrail:ap-south-1:735291151388:trail/cloudguardian-trail;cloudtrail_multi_region_enabled;False;cloudguardian-trail;PCI;Payment Card Industry Data Security Standard (PCI DSS) v3.2.1;
aws;The Payment Card Industry Data Security Standard (PCI DSS) is a proprietary information security standard. It's administered by the PCI Security Standards Council, which was founded by American Express, Discover Financial Services, JCB International, MasterCard Worldwide, and Visa Inc. PCI DSS applies to entities that store, process, or transmit cardholder data (CHD) or sensitive authentication data (SAD). This includes, but isn't limited to, merchants, processors, acquirers, issuers, and service providers. The PCI DSS is mandated by the card brands and administered by the Payment Card Industry Security Standards Council.;735291151388;ap-south-1;2026-07-11 14:19:13.485135;3.2.3;These values should be known only to the card owner or bank that issued the card. If this data is stolen, malicious individuals can execute fraudulent PIN-based debit transactions (for example, ATM withdrawals). For a sample of system components, examine data sources, including but not limited to the following and verify that PINs and encrypted PIN blocks are not stored after authorization: incoming transaction data, all logs (for example, transaction, history, debugging, error), history files, trace files, several database schemas, database contents;Requirement 3: Protect stored cardholder data;3.2 Do not store sensitive authentication data after authorization (even if encrypted);;;;PASS;Trail cloudguardian-trail is not multiregion and it is logging.;arn:aws:cloudtrail:ap-south-1:735291151388:trail/cloudguardian-trail;cloudtrail_multi_region_enabled;False;cloudguardian-trail;PCI;Payment Card Industry Data Security Standard (PCI DSS) v3.2.1;
aws;The Payment Card Industry Data Security Standard (PCI DSS) is a proprietary information security standard. It's administered by the PCI Security Standards Council, which was founded by American Express, Discover Financial Services, JCB International, MasterCard Worldwide, and Visa Inc. PCI DSS applies to entities that store, process, or transmit cardholder data (CHD) or sensitive authentication data (SAD). This includes, but isn't limited to, merchants, processors, acquirers, issuers, and service providers. The PCI DSS is mandated by the card brands and administered by the Payment Card Industry Security Standards Council.;735291151388;ap-south-1;2026-07-11 14:19:13.485135;3.4;The following approaches should be used to render PAN unreadable anywhere it is stored: One-way hashes based on strong cryptography, (hash must be of the entire PAN), truncation (hashing cannot be used to replace the truncated segment of PAN), index tokens and pads (pads must be securely stored) and strong cryptography with associated key-management processes and procedures. Note: It is a relatively trivial effort for a malicious individual to reconstruct original PAN data if they have access to both the truncated and hashed version of a PAN. Where hashed and truncated versions of the same PAN are present in an entity's environment, additional controls must be in place to ensure that the hashed and truncated versions cannot be correlated to reconstruct the original PAN. PANs stored in primary storage (databases, or flat files such as text files spreadsheets) as well as non-primary storage (backup, audit logs, exception or troubleshooting logs) must all be protected. One-way hash functions based on strong cryptography can be used to render cardholder data unreadable. Hash functions are appropriate when there is no need to retrieve the original number (one-way hashes are irreversible). It is recommended, but not currently a requirement, that an additional, random input value be added to the cardholder data prior to hashing to reduce the feasibility of an attacker comparing the data against (and deriving the PAN from) tables of pre- computed hash values. The intent of truncation is to permanently remove a segment of PAN data so that only a portion (generally not to exceed the first six and last four digits) of the PAN is stored. An index token is a cryptographic token that replaces the PAN based on a given index for an unpredictable value. A one-time pad is a system in which a randomly generated private key is used only once to encrypt a message that is then decrypted using a matching one-time pad and key. The intent of strong cryptography (as defined in the PCI DSS and PA-DSS Glossary of Terms, Abbreviations, and Acronyms) is that the encryption be based on an industry-tested and accepted algorithm (not a proprietary or `home- grown` algorithm) with strong cryptographic keys. By correlating hashed and truncated versions of a given PAN, a malicious individual may easily derive the original PAN value. Controls that prevent the correlation of this data will help ensure that the original PAN remains unreadable.;Requirement 3: Protect stored cardholder data;Requirement 3: Protect stored cardholder data;;;;PASS;Trail cloudguardian-trail is not multiregion and it is logging.;arn:aws:cloudtrail:ap-south-1:735291151388:trail/cloudguardian-trail;cloudtrail_multi_region_enabled;False;cloudguardian-trail;PCI;Payment Card Industry Data Security Standard (PCI DSS) v3.2.1;
aws;The Payment Card Industry Data Security Standard (PCI DSS) is a proprietary information security standard. It's administered by the PCI Security Standards Council, which was founded by American Express, Discover Financial Services, JCB International, MasterCard Worldwide, and Visa Inc. PCI DSS applies to entities that store, process, or transmit cardholder data (CHD) or sensitive authentication data (SAD). This includes, but isn't limited to, merchants, processors, acquirers, issuers, and service providers. The PCI DSS is mandated by the card brands and administered by the Payment Card Industry Security Standards Council.;735291151388;ap-south-1;2026-07-11 14:19:13.485135;3.4.d;PANs stored in primary storage (databases, or flat files such as text files spreadsheets) as well as non-primary storage (backup, audit logs, exception or troubleshooting logs) must all be protected. One-way hash functions based on strong cryptography can be used to render cardholder data unreadable. Hash functions are appropriate when there is no need to retrieve the original number (one-way hashes are irreversible). It is recommended, but not currently a requirement, that an additional, random input value be added to the cardholder data prior to hashing to reduce the feasibility of an attacker comparing the data against (and deriving the PAN from) tables of pre- computed hash values. The intent of truncation is to permanently remove a segment of PAN data so that only a portion (generally not to exceed the first six and last four digits) of the PAN is stored. An index token is a cryptographic token that replaces the PAN based on a given index for an unpredictable value. A one-time pad is a system in which a randomly generated private key is used only once to encrypt a message that is then decrypted using a matching one-time pad and key. The intent of strong cryptography (as defined in the PCI DSS and PA-DSS Glossary of Terms, Abbreviations, and Acronyms) is that the encryption be based on an industry-tested and accepted algorithm (not a proprietary or 'home-grown` algorithm) with strong cryptographic keys. By correlating hashed and truncated versions of a given PAN, a malicious individual may easily derive the original PAN value. Controls that prevent the correlation of this data will help ensure that the original PAN remains unreadable.;Requirement 3: Protect stored cardholder data;3.4 Render PAN unreadable anywhere it is stored (including on portable digital media, backup media, and in logs) by using approaches like one-way hashes based on strong cryptography, truncation etc;;;;PASS;Trail cloudguardian-trail is not multiregion and it is logging.;arn:aws:cloudtrail:ap-south-1:735291151388:trail/cloudguardian-trail;cloudtrail_multi_region_enabled;False;cloudguardian-trail;PCI;Payment Card Industry Data Security Standard (PCI DSS) v3.2.1;
aws;The Payment Card Industry Data Security Standard (PCI DSS) is a proprietary information security standard. It's administered by the PCI Security Standards Council, which was founded by American Express, Discover Financial Services, JCB International, MasterCard Worldwide, and Visa Inc. PCI DSS applies to entities that store, process, or transmit cardholder data (CHD) or sensitive authentication data (SAD). This includes, but isn't limited to, merchants, processors, acquirers, issuers, and service providers. The PCI DSS is mandated by the card brands and administered by the Payment Card Industry Security Standards Council.;735291151388;ap-south-1;2026-07-11 14:19:13.485135;10.1;It is critical to have a process or system that links user access to system components accessed. This system generates audit logs and provides the ability to trace back suspicious activity to a specific user. This control verifies, through observation and interviewing the system administrator, that: audit trails are enabled and active for system components, access to system components is linked to individual users.;Requirement 10: Track and monitor all access to network resources and cardholder data;Requirement 10: Track and monitor all access to network resources and cardholder data;;;;PASS;Trail cloudguardian-trail is not multiregion and it is logging.;arn:aws:cloudtrail:ap-south-1:735291151388:trail/cloudguardian-trail;cloudtrail_multi_region_enabled;False;cloudguardian-trail;PCI;Payment Card Industry Data Security Standard (PCI DSS) v3.2.1;
aws;The Payment Card Industry Data Security Standard (PCI DSS) is a proprietary information security standard. It's administered by the PCI Security Standards Council, which was founded by American Express, Discover Financial Services, JCB International, MasterCard Worldwide, and Visa Inc. PCI DSS applies to entities that store, process, or transmit cardholder data (CHD) or sensitive authentication data (SAD). This includes, but isn't limited to, merchants, processors, acquirers, issuers, and service providers. The PCI DSS is mandated by the card brands and administered by the Payment Card Industry Security Standards Council.;735291151388;ap-south-1;2026-07-11 14:19:13.485135;10.2;It is critical to have a process or system that links user access to system components accessed. This system generates audit logs and provides the ability to trace back suspicious activity to a specific user. This control verifies, through observation and interviewing the system administrator, that: audit trails are enabled and active for system components, access to system components is linked to individual users.;Requirement 10: Track and monitor all access to network resources and cardholder data;Requirement 10: Track and monitor all access to network resources and cardholder data;;;;PASS;Trail cloudguardian-trail is not multiregion and it is logging.;arn:aws:cloudtrail:ap-south-1:735291151388:trail/cloudguardian-trail;cloudtrail_multi_region_enabled;False;cloudguardian-trail;PCI;Payment Card Industry Data Security Standard (PCI DSS) v3.2.1;
aws;The Payment Card Industry Data Security Standard (PCI DSS) is a proprietary information security standard. It's administered by the PCI Security Standards Council, which was founded by American Express, Discover Financial Services, JCB International, MasterCard Worldwide, and Visa Inc. PCI DSS applies to entities that store, process, or transmit cardholder data (CHD) or sensitive authentication data (SAD). This includes, but isn't limited to, merchants, processors, acquirers, issuers, and service providers. The PCI DSS is mandated by the card brands and administered by the Payment Card Industry Security Standards Council.;735291151388;ap-south-1;2026-07-11 14:19:13.485135;10.2.1;Malicious individuals could obtain knowledge of a user account with access to systems in the CDE, or they could create a new, unauthorized account in order to access cardholder data. A record of all individual accesses to cardholder data can identify which accounts may have been compromised or misused. This control verifies all individual access to cardholder data is loggedVerify all individual access to cardholder data is logged.;Requirement 10: Track and monitor all access to network resources and cardholder data;10.2 Through interviews of responsible personnel, observation of audit logs, and examination of audit log settings;;;;PASS;Trail cloudguardian-trail is not multiregion and it is logging.;arn:aws:cloudtrail:ap-south-1:735291151388:trail/cloudguardian-trail;cloudtrail_multi_region_enabled;False;cloudguardian-trail;PCI;Payment Card Industry Data Security Standard (PCI DSS) v3.2.1;
aws;The Payment Card Industry Data Security Standard (PCI DSS) is a proprietary information security standard. It's administered by the PCI Security Standards Council, which was founded by American Express, Discover Financial Services, JCB International, MasterCard Worldwide, and Visa Inc. PCI DSS applies to entities that store, process, or transmit cardholder data (CHD) or sensitive authentication data (SAD). This includes, but isn't limited to, merchants, processors, acquirers, issuers, and service providers. The PCI DSS is mandated by the card brands and administered by the Payment Card Industry Security Standards Council.;735291151388;ap-south-1;2026-07-11 14:19:13.485135;10.2.2;Accounts with increased privileges, such as the “administrator” or “root” account, have the potential to greatly impact the security or operational functionality of a system. Without a log of the activities performed, an organization is unable to trace any issues resulting from an administrative mistake or misuse of privilege back to the specific action and individual. This control verifies all actions taken by any individual with root or administrative privileges are logged.;Requirement 10: Track and monitor all access to network resources and cardholder data;10.2 Through interviews of responsible personnel, observation of audit logs, and examination of audit log settings;;;;PASS;Trail cloudguardian-trail is not multiregion and it is logging.;arn:aws:cloudtrail:ap-south-1:735291151388:trail/cloudguardian-trail;cloudtrail_multi_region_enabled;False;cloudguardian-trail;PCI;Payment Card Industry Data Security Standard (PCI DSS) v3.2.1;
aws;The Payment Card Industry Data Security Standard (PCI DSS) is a proprietary information security standard. It's administered by the PCI Security Standards Council, which was founded by American Express, Discover Financial Services, JCB International, MasterCard Worldwide, and Visa Inc. PCI DSS applies to entities that store, process, or transmit cardholder data (CHD) or sensitive authentication data (SAD). This includes, but isn't limited to, merchants, processors, acquirers, issuers, and service providers. The PCI DSS is mandated by the card brands and administered by the Payment Card Industry Security Standards Council.;735291151388;ap-south-1;2026-07-11 14:19:13.485135;10.2.3;Malicious users often attempt to alter audit logs to hide their actions, and a record of access allows an organization to trace any inconsistencies or potential tampering of the logs to an individual account. Having access to logs identifying changes, additions, and deletions can help retrace steps made by unauthorized personnel. This control verifies access to all audit trails is logged.;Requirement 10: Track and monitor all access to network resources and cardholder data;10.2 Through interviews of responsible personnel, observation of audit logs, and examination of audit log settings;;;;PASS;Trail cloudguardian-trail is not multiregion and it is logging.;arn:aws:cloudtrail:ap-south-1:735291151388:trail/cloudguardian-trail;cloudtrail_multi_region_enabled;False;cloudguardian-trail;PCI;Payment Card Industry Data Security Standard (PCI DSS) v3.2.1;
aws;The Payment Card Industry Data Security Standard (PCI DSS) is a proprietary information security standard. It's administered by the PCI Security Standards Council, which was founded by American Express, Discover Financial Services, JCB International, MasterCard Worldwide, and Visa Inc. PCI DSS applies to entities that store, process, or transmit cardholder data (CHD) or sensitive authentication data (SAD). This includes, but isn't limited to, merchants, processors, acquirers, issuers, and service providers. The PCI DSS is mandated by the card brands and administered by the Payment Card Industry Security Standards Council.;735291151388;ap-south-1;2026-07-11 14:19:13.485135;10.2.4;Malicious users often attempt to alter audit logs to hide their actions, and a record of access allows an organization to trace any inconsistencies or potential tampering of the logs to an individual account. Having access to logs identifying changes, additions, and deletions can help retrace steps made by unauthorized personnel. This control verifies access to all audit trails is logged.;Requirement 10: Track and monitor all access to network resources and cardholder data;10.2 Through interviews of responsible personnel, observation of audit logs, and examination of audit log settings;;;;PASS;Trail cloudguardian-trail is not multiregion and it is logging.;arn:aws:cloudtrail:ap-south-1:735291151388:trail/cloudguardian-trail;cloudtrail_multi_region_enabled;False;cloudguardian-trail;PCI;Payment Card Industry Data Security Standard (PCI DSS) v3.2.1;
aws;The Payment Card Industry Data Security Standard (PCI DSS) is a proprietary information security standard. It's administered by the PCI Security Standards Council, which was founded by American Express, Discover Financial Services, JCB International, MasterCard Worldwide, and Visa Inc. PCI DSS applies to entities that store, process, or transmit cardholder data (CHD) or sensitive authentication data (SAD). This includes, but isn't limited to, merchants, processors, acquirers, issuers, and service providers. The PCI DSS is mandated by the card brands and administered by the Payment Card Industry Security Standards Council.;735291151388;ap-south-1;2026-07-11 14:19:13.485135;10.2.6;Turning the audit logs off (or pausing them) prior to performing illicit activities is a common practice for malicious users wishing to avoid detection. Initialization of audit logs could indicate that the log function was disabled by a user to hide their actions. This control verifies the following are logged: initialization of audit logs, stopping or pausing of audit logs.;Requirement 10: Track and monitor all access to network resources and cardholder data;10.2 Through interviews of responsible personnel, observation of audit logs, and examination of audit log settings;;;;PASS;Trail cloudguardian-trail is not multiregion and it is logging.;arn:aws:cloudtrail:ap-south-1:735291151388:trail/cloudguardian-trail;cloudtrail_multi_region_enabled;False;cloudguardian-trail;PCI;Payment Card Industry Data Security Standard (PCI DSS) v3.2.1;
aws;The Payment Card Industry Data Security Standard (PCI DSS) is a proprietary information security standard. It's administered by the PCI Security Standards Council, which was founded by American Express, Discover Financial Services, JCB International, MasterCard Worldwide, and Visa Inc. PCI DSS applies to entities that store, process, or transmit cardholder data (CHD) or sensitive authentication data (SAD). This includes, but isn't limited to, merchants, processors, acquirers, issuers, and service providers. The PCI DSS is mandated by the card brands and administered by the Payment Card Industry Security Standards Council.;735291151388;ap-south-1;2026-07-11 14:19:13.485135;10.2.7;Malicious software, such as malware, often creates or replaces system level objects on the target system in order to control a particular function or operation on that system. By logging when system-level objects, such as database tables or stored procedures, are created or deleted, it will be easier to determine whether such modifications were authorized. This control verifies creation and deletion of system level objects are logged.;Requirement 10: Track and monitor all access to network resources and cardholder data;10.2 Through interviews of responsible personnel, observation of audit logs, and examination of audit log settings;;;;PASS;Trail cloudguardian-trail is not multiregion and it is logging.;arn:aws:cloudtrail:ap-south-1:735291151388:trail/cloudguardian-trail;cloudtrail_multi_region_enabled;False;cloudguardian-trail;PCI;Payment Card Industry Data Security Standard (PCI DSS) v3.2.1;
aws;The Payment Card Industry Data Security Standard (PCI DSS) is a proprietary information security standard. It's administered by the PCI Security Standards Council, which was founded by American Express, Discover Financial Services, JCB International, MasterCard Worldwide, and Visa Inc. PCI DSS applies to entities that store, process, or transmit cardholder data (CHD) or sensitive authentication data (SAD). This includes, but isn't limited to, merchants, processors, acquirers, issuers, and service providers. The PCI DSS is mandated by the card brands and administered by the Payment Card Industry Security Standards Council.;735291151388;ap-south-1;2026-07-11 14:19:13.485135;10.3;By recording these details for the auditable events at 10.2, a potential compromise can be quickly identified, and with sufficient detail to know who, what, where, when, and how. Through interviews and observation of audit logs, for each auditable event (from 10.2), perform the following:;Requirement 10: Track and monitor all access to network resources and cardholder data;Requirement 10: Track and monitor all access to network resources and cardholder data;;;;PASS;Trail cloudguardian-trail is not multiregion and it is logging.;arn:aws:cloudtrail:ap-south-1:735291151388:trail/cloudguardian-trail;cloudtrail_multi_region_enabled;False;cloudguardian-trail;PCI;Payment Card Industry Data Security Standard (PCI DSS) v3.2.1;
aws;The Payment Card Industry Data Security Standard (PCI DSS) is a proprietary information security standard. It's administered by the PCI Security Standards Council, which was founded by American Express, Discover Financial Services, JCB International, MasterCard Worldwide, and Visa Inc. PCI DSS applies to entities that store, process, or transmit cardholder data (CHD) or sensitive authentication data (SAD). This includes, but isn't limited to, merchants, processors, acquirers, issuers, and service providers. The PCI DSS is mandated by the card brands and administered by the Payment Card Industry Security Standards Council.;735291151388;ap-south-1;2026-07-11 14:19:13.485135;10.3.1;By recording these details for the auditable events at 10.2, a potential compromise can be quickly identified, and with sufficient detail to know who, what, where, when, and how. This control verifies user identification is included in log entries.;Requirement 10: Track and monitor all access to network resources and cardholder data;10.3 Record at least the following audit trail entries for all system components for each event;;;;PASS;Trail cloudguardian-trail is not multiregion and it is logging.;arn:aws:cloudtrail:ap-south-1:735291151388:trail/cloudguardian-trail;cloudtrail_multi_region_enabled;False;cloudguardian-trail;PCI;Payment Card Industry Data Security Standard (PCI DSS) v3.2.1;
aws;The Payment Card Industry Data Security Standard (PCI DSS) is a proprietary information security standard. It's administered by the PCI Security Standards Council, which was founded by American Express, Discover Financial Services, JCB International, MasterCard Worldwide, and Visa Inc. PCI DSS applies to entities that store, process, or transmit cardholder data (CHD) or sensitive authentication data (SAD). This includes, but isn't limited to, merchants, processors, acquirers, issuers, and service providers. The PCI DSS is mandated by the card brands and administered by the Payment Card Industry Security Standards Council.;735291151388;ap-south-1;2026-07-11 14:19:13.485135;10.3.2;By recording these details for the auditable events at 10.2, a potential compromise can be quickly identified, and with sufficient detail to know who, what, where, when, and how. This control verifies event is included in log entries.;Requirement 10: Track and monitor all access to network resources and cardholder data;10.3 Record at least the following audit trail entries for all system components for each event;;;;PASS;Trail cloudguardian-trail is not multiregion and it is logging.;arn:aws:cloudtrail:ap-south-1:735291151388:trail/cloudguardian-trail;cloudtrail_multi_region_enabled;False;cloudguardian-trail;PCI;Payment Card Industry Data Security Standard (PCI DSS) v3.2.1;
aws;The Payment Card Industry Data Security Standard (PCI DSS) is a proprietary information security standard. It's administered by the PCI Security Standards Council, which was founded by American Express, Discover Financial Services, JCB International, MasterCard Worldwide, and Visa Inc. PCI DSS applies to entities that store, process, or transmit cardholder data (CHD) or sensitive authentication data (SAD). This includes, but isn't limited to, merchants, processors, acquirers, issuers, and service providers. The PCI DSS is mandated by the card brands and administered by the Payment Card Industry Security Standards Council.;735291151388;ap-south-1;2026-07-11 14:19:13.485135;10.3.3;By recording these details for the auditable events at 10.2, a potential compromise can be quickly identified, and with sufficient detail to know who, what, where, when, and how. This verifies date and time stamp is included in log entries.;Requirement 10: Track and monitor all access to network resources and cardholder data;10.3 Record at least the following audit trail entries for all system components for each event;;;;PASS;Trail cloudguardian-trail is not multiregion and it is logging.;arn:aws:cloudtrail:ap-south-1:735291151388:trail/cloudguardian-trail;cloudtrail_multi_region_enabled;False;cloudguardian-trail;PCI;Payment Card Industry Data Security Standard (PCI DSS) v3.2.1;
aws;The Payment Card Industry Data Security Standard (PCI DSS) is a proprietary information security standard. It's administered by the PCI Security Standards Council, which was founded by American Express, Discover Financial Services, JCB International, MasterCard Worldwide, and Visa Inc. PCI DSS applies to entities that store, process, or transmit cardholder data (CHD) or sensitive authentication data (SAD). This includes, but isn't limited to, merchants, processors, acquirers, issuers, and service providers. The PCI DSS is mandated by the card brands and administered by the Payment Card Industry Security Standards Council.;735291151388;ap-south-1;2026-07-11 14:19:13.485135;10.3.4;By recording these details for the auditable events at 10.2, a potential compromise can be quickly identified, and with sufficient detail to know who, what, where, when, and how. This control verifies success or failure indication is included in log entries.;Requirement 10: Track and monitor all access to network resources and cardholder data;10.3 Record at least the following audit trail entries for all system components for each event;;;;PASS;Trail cloudguardian-trail is not multiregion and it is logging.;arn:aws:cloudtrail:ap-south-1:735291151388:trail/cloudguardian-trail;cloudtrail_multi_region_enabled;False;cloudguardian-trail;PCI;Payment Card Industry Data Security Standard (PCI DSS) v3.2.1;
aws;The Payment Card Industry Data Security Standard (PCI DSS) is a proprietary information security standard. It's administered by the PCI Security Standards Council, which was founded by American Express, Discover Financial Services, JCB International, MasterCard Worldwide, and Visa Inc. PCI DSS applies to entities that store, process, or transmit cardholder data (CHD) or sensitive authentication data (SAD). This includes, but isn't limited to, merchants, processors, acquirers, issuers, and service providers. The PCI DSS is mandated by the card brands and administered by the Payment Card Industry Security Standards Council.;735291151388;ap-south-1;2026-07-11 14:19:13.485135;10.3.5;By recording these details for the auditable events at 10.2, a potential compromise can be quickly identified, and with sufficient detail to know who, what, where, when, and how. This control verifies origination of event is included in log entries.;Requirement 10: Track and monitor all access to network resources and cardholder data;10.3 Record at least the following audit trail entries for all system components for each event;;;;PASS;Trail cloudguardian-trail is not multiregion and it is logging.;arn:aws:cloudtrail:ap-south-1:735291151388:trail/cloudguardian-trail;cloudtrail_multi_region_enabled;False;cloudguardian-trail;PCI;Payment Card Industry Data Security Standard (PCI DSS) v3.2.1;
aws;The Payment Card Industry Data Security Standard (PCI DSS) is a proprietary information security standard. It's administered by the PCI Security Standards Council, which was founded by American Express, Discover Financial Services, JCB International, MasterCard Worldwide, and Visa Inc. PCI DSS applies to entities that store, process, or transmit cardholder data (CHD) or sensitive authentication data (SAD). This includes, but isn't limited to, merchants, processors, acquirers, issuers, and service providers. The PCI DSS is mandated by the card brands and administered by the Payment Card Industry Security Standards Council.;735291151388;ap-south-1;2026-07-11 14:19:13.485135;10.3.6;By recording these details for the auditable events at 10.2, a potential compromise can be quickly identified, and with sufficient detail to know who, what, where, when, and how. This control verifies identity or name of affected data, system component, or resources is included in log entries.;Requirement 10: Track and monitor all access to network resources and cardholder data;10.3 Record at least the following audit trail entries for all system components for each event;;;;PASS;Trail cloudguardian-trail is not multiregion and it is logging.;arn:aws:cloudtrail:ap-south-1:735291151388:trail/cloudguardian-trail;cloudtrail_multi_region_enabled;False;cloudguardian-trail;PCI;Payment Card Industry Data Security Standard (PCI DSS) v3.2.1;
aws;The Payment Card Industry Data Security Standard (PCI DSS) is a proprietary information security standard. It's administered by the PCI Security Standards Council, which was founded by American Express, Discover Financial Services, JCB International, MasterCard Worldwide, and Visa Inc. PCI DSS applies to entities that store, process, or transmit cardholder data (CHD) or sensitive authentication data (SAD). This includes, but isn't limited to, merchants, processors, acquirers, issuers, and service providers. The PCI DSS is mandated by the card brands and administered by the Payment Card Industry Security Standards Council.;735291151388;ap-south-1;2026-07-11 14:19:13.485135;10.5;Often a malicious individual who has entered the network will attempt to edit the audit logs in order to hide their activity. Without adequate protection of audit logs, their completeness, accuracy, and integrity cannot be guaranteed, and the audit logs can be rendered useless as an investigation tool after a compromise. This control checks secure audit trails so they cannot be altered.;Requirement 10: Track and monitor all access to network resources and cardholder data;Requirement 10: Track and monitor all access to network resources and cardholder data;;;;PASS;Trail cloudguardian-trail is not multiregion and it is logging.;arn:aws:cloudtrail:ap-south-1:735291151388:trail/cloudguardian-trail;cloudtrail_multi_region_enabled;False;cloudguardian-trail;PCI;Payment Card Industry Data Security Standard (PCI DSS) v3.2.1;
aws;The Payment Card Industry Data Security Standard (PCI DSS) is a proprietary information security standard. It's administered by the PCI Security Standards Council, which was founded by American Express, Discover Financial Services, JCB International, MasterCard Worldwide, and Visa Inc. PCI DSS applies to entities that store, process, or transmit cardholder data (CHD) or sensitive authentication data (SAD). This includes, but isn't limited to, merchants, processors, acquirers, issuers, and service providers. The PCI DSS is mandated by the card brands and administered by the Payment Card Industry Security Standards Council.;735291151388;ap-south-1;2026-07-11 14:19:13.485135;10.5.4;By writing logs from external-facing technologies such as wireless, firewalls, DNS, and mail servers, the risk of those logs being lost or altered is lowered, as they are more secure within the internal network. Logs may be written directly, or offloaded or copied from external systems, to the secure internal system or media.;Requirement 10: Track and monitor all access to network resources and cardholder data;10.5 Interview system administrators and examine system configurations and permissions to verify that audit trails are secured so that they cannot be altered;;;;PASS;Trail cloudguardian-trail is not multiregion and it is logging.;arn:aws:cloudtrail:ap-south-1:735291151388:trail/cloudguardian-trail;cloudtrail_multi_region_enabled;False;cloudguardian-trail;PCI;Payment Card Industry Data Security Standard (PCI DSS) v3.2.1;
aws;The Payment Card Industry Data Security Standard (PCI DSS) is a proprietary information security standard. It's administered by the PCI Security Standards Council, which was founded by American Express, Discover Financial Services, JCB International, MasterCard Worldwide, and Visa Inc. PCI DSS applies to entities that store, process, or transmit cardholder data (CHD) or sensitive authentication data (SAD). This includes, but isn't limited to, merchants, processors, acquirers, issuers, and service providers. The PCI DSS is mandated by the card brands and administered by the Payment Card Industry Security Standards Council.;735291151388;ap-south-1;2026-07-11 14:19:13.485135;10.1;It is critical to have a process or system that links user access to system components accessed. This system generates audit logs and provides the ability to trace back suspicious activity to a specific user. This control verifies, through observation and interviewing the system administrator, that: audit trails are enabled and active for system components, access to system components is linked to individual users.;Requirement 10: Track and monitor all access to network resources and cardholder data;Requirement 10: Track and monitor all access to network resources and cardholder data;;;;FAIL;No CloudTrail trails have a data event to record all S3 object-level API operations.;arn:aws:cloudtrail:ap-south-1:735291151388:trail;cloudtrail_s3_dataevents_read_enabled;False;735291151388;PCI;Payment Card Industry Data Security Standard (PCI DSS) v3.2.1;
aws;The Payment Card Industry Data Security Standard (PCI DSS) is a proprietary information security standard. It's administered by the PCI Security Standards Council, which was founded by American Express, Discover Financial Services, JCB International, MasterCard Worldwide, and Visa Inc. PCI DSS applies to entities that store, process, or transmit cardholder data (CHD) or sensitive authentication data (SAD). This includes, but isn't limited to, merchants, processors, acquirers, issuers, and service providers. The PCI DSS is mandated by the card brands and administered by the Payment Card Industry Security Standards Council.;735291151388;ap-south-1;2026-07-11 14:19:13.485135;10.2;It is critical to have a process or system that links user access to system components accessed. This system generates audit logs and provides the ability to trace back suspicious activity to a specific user. This control verifies, through observation and interviewing the system administrator, that: audit trails are enabled and active for system components, access to system components is linked to individual users.;Requirement 10: Track and monitor all access to network resources and cardholder data;Requirement 10: Track and monitor all access to network resources and cardholder data;;;;FAIL;No CloudTrail trails have a data event to record all S3 object-level API operations.;arn:aws:cloudtrail:ap-south-1:735291151388:trail;cloudtrail_s3_dataevents_read_enabled;False;735291151388;PCI;Payment Card Industry Data Security Standard (PCI DSS) v3.2.1;
aws;The Payment Card Industry Data Security Standard (PCI DSS) is a proprietary information security standard. It's administered by the PCI Security Standards Council, which was founded by American Express, Discover Financial Services, JCB International, MasterCard Worldwide, and Visa Inc. PCI DSS applies to entities that store, process, or transmit cardholder data (CHD) or sensitive authentication data (SAD). This includes, but isn't limited to, merchants, processors, acquirers, issuers, and service providers. The PCI DSS is mandated by the card brands and administered by the Payment Card Industry Security Standards Council.;735291151388;ap-south-1;2026-07-11 14:19:13.485135;10.2.1;Malicious individuals could obtain knowledge of a user account with access to systems in the CDE, or they could create a new, unauthorized account in order to access cardholder data. A record of all individual accesses to cardholder data can identify which accounts may have been compromised or misused. This control verifies all individual access to cardholder data is loggedVerify all individual access to cardholder data is logged.;Requirement 10: Track and monitor all access to network resources and cardholder data;10.2 Through interviews of responsible personnel, observation of audit logs, and examination of audit log settings;;;;FAIL;No CloudTrail trails have a data event to record all S3 object-level API operations.;arn:aws:cloudtrail:ap-south-1:735291151388:trail;cloudtrail_s3_dataevents_read_enabled;False;735291151388;PCI;Payment Card Industry Data Security Standard (PCI DSS) v3.2.1;
aws;The Payment Card Industry Data Security Standard (PCI DSS) is a proprietary information security standard. It's administered by the PCI Security Standards Council, which was founded by American Express, Discover Financial Services, JCB International, MasterCard Worldwide, and Visa Inc. PCI DSS applies to entities that store, process, or transmit cardholder data (CHD) or sensitive authentication data (SAD). This includes, but isn't limited to, merchants, processors, acquirers, issuers, and service providers. The PCI DSS is mandated by the card brands and administered by the Payment Card Industry Security Standards Council.;735291151388;ap-south-1;2026-07-11 14:19:13.485135;10.2.2;Accounts with increased privileges, such as the “administrator” or “root” account, have the potential to greatly impact the security or operational functionality of a system. Without a log of the activities performed, an organization is unable to trace any issues resulting from an administrative mistake or misuse of privilege back to the specific action and individual. This control verifies all actions taken by any individual with root or administrative privileges are logged.;Requirement 10: Track and monitor all access to network resources and cardholder data;10.2 Through interviews of responsible personnel, observation of audit logs, and examination of audit log settings;;;;FAIL;No CloudTrail trails have a data event to record all S3 object-level API operations.;arn:aws:cloudtrail:ap-south-1:735291151388:trail;cloudtrail_s3_dataevents_read_enabled;False;735291151388;PCI;Payment Card Industry Data Security Standard (PCI DSS) v3.2.1;
aws;The Payment Card Industry Data Security Standard (PCI DSS) is a proprietary information security standard. It's administered by the PCI Security Standards Council, which was founded by American Express, Discover Financial Services, JCB International, MasterCard Worldwide, and Visa Inc. PCI DSS applies to entities that store, process, or transmit cardholder data (CHD) or sensitive authentication data (SAD). This includes, but isn't limited to, merchants, processors, acquirers, issuers, and service providers. The PCI DSS is mandated by the card brands and administered by the Payment Card Industry Security Standards Council.;735291151388;ap-south-1;2026-07-11 14:19:13.485135;10.2.3;Malicious users often attempt to alter audit logs to hide their actions, and a record of access allows an organization to trace any inconsistencies or potential tampering of the logs to an individual account. Having access to logs identifying changes, additions, and deletions can help retrace steps made by unauthorized personnel. This control verifies access to all audit trails is logged.;Requirement 10: Track and monitor all access to network resources and cardholder data;10.2 Through interviews of responsible personnel, observation of audit logs, and examination of audit log settings;;;;FAIL;No CloudTrail trails have a data event to record all S3 object-level API operations.;arn:aws:cloudtrail:ap-south-1:735291151388:trail;cloudtrail_s3_dataevents_read_enabled;False;735291151388;PCI;Payment Card Industry Data Security Standard (PCI DSS) v3.2.1;
aws;The Payment Card Industry Data Security Standard (PCI DSS) is a proprietary information security standard. It's administered by the PCI Security Standards Council, which was founded by American Express, Discover Financial Services, JCB International, MasterCard Worldwide, and Visa Inc. PCI DSS applies to entities that store, process, or transmit cardholder data (CHD) or sensitive authentication data (SAD). This includes, but isn't limited to, merchants, processors, acquirers, issuers, and service providers. The PCI DSS is mandated by the card brands and administered by the Payment Card Industry Security Standards Council.;735291151388;ap-south-1;2026-07-11 14:19:13.485135;10.2.4;Malicious users often attempt to alter audit logs to hide their actions, and a record of access allows an organization to trace any inconsistencies or potential tampering of the logs to an individual account. Having access to logs identifying changes, additions, and deletions can help retrace steps made by unauthorized personnel. This control verifies access to all audit trails is logged.;Requirement 10: Track and monitor all access to network resources and cardholder data;10.2 Through interviews of responsible personnel, observation of audit logs, and examination of audit log settings;;;;FAIL;No CloudTrail trails have a data event to record all S3 object-level API operations.;arn:aws:cloudtrail:ap-south-1:735291151388:trail;cloudtrail_s3_dataevents_read_enabled;False;735291151388;PCI;Payment Card Industry Data Security Standard (PCI DSS) v3.2.1;
aws;The Payment Card Industry Data Security Standard (PCI DSS) is a proprietary information security standard. It's administered by the PCI Security Standards Council, which was founded by American Express, Discover Financial Services, JCB International, MasterCard Worldwide, and Visa Inc. PCI DSS applies to entities that store, process, or transmit cardholder data (CHD) or sensitive authentication data (SAD). This includes, but isn't limited to, merchants, processors, acquirers, issuers, and service providers. The PCI DSS is mandated by the card brands and administered by the Payment Card Industry Security Standards Council.;735291151388;ap-south-1;2026-07-11 14:19:13.485135;10.2.6;Turning the audit logs off (or pausing them) prior to performing illicit activities is a common practice for malicious users wishing to avoid detection. Initialization of audit logs could indicate that the log function was disabled by a user to hide their actions. This control verifies the following are logged: initialization of audit logs, stopping or pausing of audit logs.;Requirement 10: Track and monitor all access to network resources and cardholder data;10.2 Through interviews of responsible personnel, observation of audit logs, and examination of audit log settings;;;;FAIL;No CloudTrail trails have a data event to record all S3 object-level API operations.;arn:aws:cloudtrail:ap-south-1:735291151388:trail;cloudtrail_s3_dataevents_read_enabled;False;735291151388;PCI;Payment Card Industry Data Security Standard (PCI DSS) v3.2.1;
aws;The Payment Card Industry Data Security Standard (PCI DSS) is a proprietary information security standard. It's administered by the PCI Security Standards Council, which was founded by American Express, Discover Financial Services, JCB International, MasterCard Worldwide, and Visa Inc. PCI DSS applies to entities that store, process, or transmit cardholder data (CHD) or sensitive authentication data (SAD). This includes, but isn't limited to, merchants, processors, acquirers, issuers, and service providers. The PCI DSS is mandated by the card brands and administered by the Payment Card Industry Security Standards Council.;735291151388;ap-south-1;2026-07-11 14:19:13.485135;10.2.7;Malicious software, such as malware, often creates or replaces system level objects on the target system in order to control a particular function or operation on that system. By logging when system-level objects, such as database tables or stored procedures, are created or deleted, it will be easier to determine whether such modifications were authorized. This control verifies creation and deletion of system level objects are logged.;Requirement 10: Track and monitor all access to network resources and cardholder data;10.2 Through interviews of responsible personnel, observation of audit logs, and examination of audit log settings;;;;FAIL;No CloudTrail trails have a data event to record all S3 object-level API operations.;arn:aws:cloudtrail:ap-south-1:735291151388:trail;cloudtrail_s3_dataevents_read_enabled;False;735291151388;PCI;Payment Card Industry Data Security Standard (PCI DSS) v3.2.1;
aws;The Payment Card Industry Data Security Standard (PCI DSS) is a proprietary information security standard. It's administered by the PCI Security Standards Council, which was founded by American Express, Discover Financial Services, JCB International, MasterCard Worldwide, and Visa Inc. PCI DSS applies to entities that store, process, or transmit cardholder data (CHD) or sensitive authentication data (SAD). This includes, but isn't limited to, merchants, processors, acquirers, issuers, and service providers. The PCI DSS is mandated by the card brands and administered by the Payment Card Industry Security Standards Council.;735291151388;ap-south-1;2026-07-11 14:19:13.485135;10.3;By recording these details for the auditable events at 10.2, a potential compromise can be quickly identified, and with sufficient detail to know who, what, where, when, and how. Through interviews and observation of audit logs, for each auditable event (from 10.2), perform the following:;Requirement 10: Track and monitor all access to network resources and cardholder data;Requirement 10: Track and monitor all access to network resources and cardholder data;;;;FAIL;No CloudTrail trails have a data event to record all S3 object-level API operations.;arn:aws:cloudtrail:ap-south-1:735291151388:trail;cloudtrail_s3_dataevents_read_enabled;False;735291151388;PCI;Payment Card Industry Data Security Standard (PCI DSS) v3.2.1;
aws;The Payment Card Industry Data Security Standard (PCI DSS) is a proprietary information security standard. It's administered by the PCI Security Standards Council, which was founded by American Express, Discover Financial Services, JCB International, MasterCard Worldwide, and Visa Inc. PCI DSS applies to entities that store, process, or transmit cardholder data (CHD) or sensitive authentication data (SAD). This includes, but isn't limited to, merchants, processors, acquirers, issuers, and service providers. The PCI DSS is mandated by the card brands and administered by the Payment Card Industry Security Standards Council.;735291151388;ap-south-1;2026-07-11 14:19:13.485135;10.3.1;By recording these details for the auditable events at 10.2, a potential compromise can be quickly identified, and with sufficient detail to know who, what, where, when, and how. This control verifies user identification is included in log entries.;Requirement 10: Track and monitor all access to network resources and cardholder data;10.3 Record at least the following audit trail entries for all system components for each event;;;;FAIL;No CloudTrail trails have a data event to record all S3 object-level API operations.;arn:aws:cloudtrail:ap-south-1:735291151388:trail;cloudtrail_s3_dataevents_read_enabled;False;735291151388;PCI;Payment Card Industry Data Security Standard (PCI DSS) v3.2.1;
aws;The Payment Card Industry Data Security Standard (PCI DSS) is a proprietary information security standard. It's administered by the PCI Security Standards Council, which was founded by American Express, Discover Financial Services, JCB International, MasterCard Worldwide, and Visa Inc. PCI DSS applies to entities that store, process, or transmit cardholder data (CHD) or sensitive authentication data (SAD). This includes, but isn't limited to, merchants, processors, acquirers, issuers, and service providers. The PCI DSS is mandated by the card brands and administered by the Payment Card Industry Security Standards Council.;735291151388;ap-south-1;2026-07-11 14:19:13.485135;10.3.2;By recording these details for the auditable events at 10.2, a potential compromise can be quickly identified, and with sufficient detail to know who, what, where, when, and how. This control verifies event is included in log entries.;Requirement 10: Track and monitor all access to network resources and cardholder data;10.3 Record at least the following audit trail entries for all system components for each event;;;;FAIL;No CloudTrail trails have a data event to record all S3 object-level API operations.;arn:aws:cloudtrail:ap-south-1:735291151388:trail;cloudtrail_s3_dataevents_read_enabled;False;735291151388;PCI;Payment Card Industry Data Security Standard (PCI DSS) v3.2.1;
aws;The Payment Card Industry Data Security Standard (PCI DSS) is a proprietary information security standard. It's administered by the PCI Security Standards Council, which was founded by American Express, Discover Financial Services, JCB International, MasterCard Worldwide, and Visa Inc. PCI DSS applies to entities that store, process, or transmit cardholder data (CHD) or sensitive authentication data (SAD). This includes, but isn't limited to, merchants, processors, acquirers, issuers, and service providers. The PCI DSS is mandated by the card brands and administered by the Payment Card Industry Security Standards Council.;735291151388;ap-south-1;2026-07-11 14:19:13.485135;10.3.3;By recording these details for the auditable events at 10.2, a potential compromise can be quickly identified, and with sufficient detail to know who, what, where, when, and how. This verifies date and time stamp is included in log entries.;Requirement 10: Track and monitor all access to network resources and cardholder data;10.3 Record at least the following audit trail entries for all system components for each event;;;;FAIL;No CloudTrail trails have a data event to record all S3 object-level API operations.;arn:aws:cloudtrail:ap-south-1:735291151388:trail;cloudtrail_s3_dataevents_read_enabled;False;735291151388;PCI;Payment Card Industry Data Security Standard (PCI DSS) v3.2.1;
aws;The Payment Card Industry Data Security Standard (PCI DSS) is a proprietary information security standard. It's administered by the PCI Security Standards Council, which was founded by American Express, Discover Financial Services, JCB International, MasterCard Worldwide, and Visa Inc. PCI DSS applies to entities that store, process, or transmit cardholder data (CHD) or sensitive authentication data (SAD). This includes, but isn't limited to, merchants, processors, acquirers, issuers, and service providers. The PCI DSS is mandated by the card brands and administered by the Payment Card Industry Security Standards Council.;735291151388;ap-south-1;2026-07-11 14:19:13.485135;10.3.4;By recording these details for the auditable events at 10.2, a potential compromise can be quickly identified, and with sufficient detail to know who, what, where, when, and how. This control verifies success or failure indication is included in log entries.;Requirement 10: Track and monitor all access to network resources and cardholder data;10.3 Record at least the following audit trail entries for all system components for each event;;;;FAIL;No CloudTrail trails have a data event to record all S3 object-level API operations.;arn:aws:cloudtrail:ap-south-1:735291151388:trail;cloudtrail_s3_dataevents_read_enabled;False;735291151388;PCI;Payment Card Industry Data Security Standard (PCI DSS) v3.2.1;
aws;The Payment Card Industry Data Security Standard (PCI DSS) is a proprietary information security standard. It's administered by the PCI Security Standards Council, which was founded by American Express, Discover Financial Services, JCB International, MasterCard Worldwide, and Visa Inc. PCI DSS applies to entities that store, process, or transmit cardholder data (CHD) or sensitive authentication data (SAD). This includes, but isn't limited to, merchants, processors, acquirers, issuers, and service providers. The PCI DSS is mandated by the card brands and administered by the Payment Card Industry Security Standards Council.;735291151388;ap-south-1;2026-07-11 14:19:13.485135;10.3.5;By recording these details for the auditable events at 10.2, a potential compromise can be quickly identified, and with sufficient detail to know who, what, where, when, and how. This control verifies origination of event is included in log entries.;Requirement 10: Track and monitor all access to network resources and cardholder data;10.3 Record at least the following audit trail entries for all system components for each event;;;;FAIL;No CloudTrail trails have a data event to record all S3 object-level API operations.;arn:aws:cloudtrail:ap-south-1:735291151388:trail;cloudtrail_s3_dataevents_read_enabled;False;735291151388;PCI;Payment Card Industry Data Security Standard (PCI DSS) v3.2.1;
aws;The Payment Card Industry Data Security Standard (PCI DSS) is a proprietary information security standard. It's administered by the PCI Security Standards Council, which was founded by American Express, Discover Financial Services, JCB International, MasterCard Worldwide, and Visa Inc. PCI DSS applies to entities that store, process, or transmit cardholder data (CHD) or sensitive authentication data (SAD). This includes, but isn't limited to, merchants, processors, acquirers, issuers, and service providers. The PCI DSS is mandated by the card brands and administered by the Payment Card Industry Security Standards Council.;735291151388;ap-south-1;2026-07-11 14:19:13.485135;10.3.6;By recording these details for the auditable events at 10.2, a potential compromise can be quickly identified, and with sufficient detail to know who, what, where, when, and how. This control verifies identity or name of affected data, system component, or resources is included in log entries.;Requirement 10: Track and monitor all access to network resources and cardholder data;10.3 Record at least the following audit trail entries for all system components for each event;;;;FAIL;No CloudTrail trails have a data event to record all S3 object-level API operations.;arn:aws:cloudtrail:ap-south-1:735291151388:trail;cloudtrail_s3_dataevents_read_enabled;False;735291151388;PCI;Payment Card Industry Data Security Standard (PCI DSS) v3.2.1;
aws;The Payment Card Industry Data Security Standard (PCI DSS) is a proprietary information security standard. It's administered by the PCI Security Standards Council, which was founded by American Express, Discover Financial Services, JCB International, MasterCard Worldwide, and Visa Inc. PCI DSS applies to entities that store, process, or transmit cardholder data (CHD) or sensitive authentication data (SAD). This includes, but isn't limited to, merchants, processors, acquirers, issuers, and service providers. The PCI DSS is mandated by the card brands and administered by the Payment Card Industry Security Standards Council.;735291151388;ap-south-1;2026-07-11 14:19:13.485135;10.5;Often a malicious individual who has entered the network will attempt to edit the audit logs in order to hide their activity. Without adequate protection of audit logs, their completeness, accuracy, and integrity cannot be guaranteed, and the audit logs can be rendered useless as an investigation tool after a compromise. This control checks secure audit trails so they cannot be altered.;Requirement 10: Track and monitor all access to network resources and cardholder data;Requirement 10: Track and monitor all access to network resources and cardholder data;;;;FAIL;No CloudTrail trails have a data event to record all S3 object-level API operations.;arn:aws:cloudtrail:ap-south-1:735291151388:trail;cloudtrail_s3_dataevents_read_enabled;False;735291151388;PCI;Payment Card Industry Data Security Standard (PCI DSS) v3.2.1;
aws;The Payment Card Industry Data Security Standard (PCI DSS) is a proprietary information security standard. It's administered by the PCI Security Standards Council, which was founded by American Express, Discover Financial Services, JCB International, MasterCard Worldwide, and Visa Inc. PCI DSS applies to entities that store, process, or transmit cardholder data (CHD) or sensitive authentication data (SAD). This includes, but isn't limited to, merchants, processors, acquirers, issuers, and service providers. The PCI DSS is mandated by the card brands and administered by the Payment Card Industry Security Standards Council.;735291151388;ap-south-1;2026-07-11 14:19:13.485135;10.5.4;By writing logs from external-facing technologies such as wireless, firewalls, DNS, and mail servers, the risk of those logs being lost or altered is lowered, as they are more secure within the internal network. Logs may be written directly, or offloaded or copied from external systems, to the secure internal system or media.;Requirement 10: Track and monitor all access to network resources and cardholder data;10.5 Interview system administrators and examine system configurations and permissions to verify that audit trails are secured so that they cannot be altered;;;;FAIL;No CloudTrail trails have a data event to record all S3 object-level API operations.;arn:aws:cloudtrail:ap-south-1:735291151388:trail;cloudtrail_s3_dataevents_read_enabled;False;735291151388;PCI;Payment Card Industry Data Security Standard (PCI DSS) v3.2.1;
aws;The Payment Card Industry Data Security Standard (PCI DSS) is a proprietary information security standard. It's administered by the PCI Security Standards Council, which was founded by American Express, Discover Financial Services, JCB International, MasterCard Worldwide, and Visa Inc. PCI DSS applies to entities that store, process, or transmit cardholder data (CHD) or sensitive authentication data (SAD). This includes, but isn't limited to, merchants, processors, acquirers, issuers, and service providers. The PCI DSS is mandated by the card brands and administered by the Payment Card Industry Security Standards Council.;735291151388;ap-south-1;2026-07-11 14:19:13.485135;8.1;By ensuring each user is uniquely identified- instead of using one ID for several employees-an organization can maintain individual responsibility for actions and an effective audit trail per employee. This will help speed issue resolution and containment when misuse or malicious intent occurs.;Requirement 8: Identify and authenticate access to system components;Requirement 8: Identify and authenticate access to system components;;;;FAIL;No CloudWatch log groups found with metric filters or alarms associated.;arn:aws:logs:ap-south-1:735291151388:log-group;cloudwatch_log_metric_filter_policy_changes;False;735291151388;PCI;Payment Card Industry Data Security Standard (PCI DSS) v3.2.1;
aws;The Payment Card Industry Data Security Standard (PCI DSS) is a proprietary information security standard. It's administered by the PCI Security Standards Council, which was founded by American Express, Discover Financial Services, JCB International, MasterCard Worldwide, and Visa Inc. PCI DSS applies to entities that store, process, or transmit cardholder data (CHD) or sensitive authentication data (SAD). This includes, but isn't limited to, merchants, processors, acquirers, issuers, and service providers. The PCI DSS is mandated by the card brands and administered by the Payment Card Industry Security Standards Council.;735291151388;ap-south-1;2026-07-11 14:19:13.485135;8.1.2;To ensure that user accounts granted access to systems are all valid and recognized users, strong processes must manage all changes to user IDs and other authentication credentials, including adding new ones and modifying or deleting existing ones.;Requirement 8: Identify and authenticate access to system components;8.1 Define and implement policies and procedures to ensure proper user identification management for non-consumer users and administrators;;;;FAIL;No CloudWatch log groups found with metric filters or alarms associated.;arn:aws:logs:ap-south-1:735291151388:log-group;cloudwatch_log_metric_filter_policy_changes;False;735291151388;PCI;Payment Card Industry Data Security Standard (PCI DSS) v3.2.1;
aws;The Payment Card Industry Data Security Standard (PCI DSS) is a proprietary information security standard. It's administered by the PCI Security Standards Council, which was founded by American Express, Discover Financial Services, JCB International, MasterCard Worldwide, and Visa Inc. PCI DSS applies to entities that store, process, or transmit cardholder data (CHD) or sensitive authentication data (SAD). This includes, but isn't limited to, merchants, processors, acquirers, issuers, and service providers. The PCI DSS is mandated by the card brands and administered by the Payment Card Industry Security Standards Council.;735291151388;ap-south-1;2026-07-11 14:19:13.485135;7.2;Without a mechanism to restrict access based on user's need to know, a user may unknowingly be granted access to cardholder data. Access control systems automate the process of restricting access and assigning privileges. Additionally, a default “deny-all” setting ensures no one is granted access until and unless a rule is established specifically granting such access. Entities may have one or more access controls systems to manage user access. Note: Some access control systems are set by default to “allow-all,” thereby permitting access unless/until a rule is written to specifically deny it.;Requirement 7: Restrict access to cardholder data by business need to know;Requirement 7: Restrict access to cardholder data by business need to know;;;;FAIL;No CloudWatch log groups found with metric filters or alarms associated.;arn:aws:logs:ap-south-1:735291151388:log-group;cloudwatch_log_metric_filter_root_usage;False;735291151388;PCI;Payment Card Industry Data Security Standard (PCI DSS) v3.2.1;
aws;The Payment Card Industry Data Security Standard (PCI DSS) is a proprietary information security standard. It's administered by the PCI Security Standards Council, which was founded by American Express, Discover Financial Services, JCB International, MasterCard Worldwide, and Visa Inc. PCI DSS applies to entities that store, process, or transmit cardholder data (CHD) or sensitive authentication data (SAD). This includes, but isn't limited to, merchants, processors, acquirers, issuers, and service providers. The PCI DSS is mandated by the card brands and administered by the Payment Card Industry Security Standards Council.;735291151388;ap-south-1;2026-07-11 14:19:13.485135;7.2.1;Without a mechanism to restrict access based on user's need to know, a user may unknowingly be granted access to cardholder data. Access control systems automate the process of restricting access and assigning privileges. Additionally, a default “deny-all” setting ensures no one is granted access until and unless a rule is established specifically granting such access. Entities may have one or more access controls systems to manage user access. Note: Some access control systems are set by default to “allow-all,” thereby permitting access unless/until a rule is written to specifically deny it.;Requirement 7: Restrict access to cardholder data by business need to know;7.2 Examine system settings and vendor documentation to verify that an access control system(s);;;;FAIL;No CloudWatch log groups found with metric filters or alarms associated.;arn:aws:logs:ap-south-1:735291151388:log-group;cloudwatch_log_metric_filter_root_usage;False;735291151388;PCI;Payment Card Industry Data Security Standard (PCI DSS) v3.2.1;
aws;The Payment Card Industry Data Security Standard (PCI DSS) is a proprietary information security standard. It's administered by the PCI Security Standards Council, which was founded by American Express, Discover Financial Services, JCB International, MasterCard Worldwide, and Visa Inc. PCI DSS applies to entities that store, process, or transmit cardholder data (CHD) or sensitive authentication data (SAD). This includes, but isn't limited to, merchants, processors, acquirers, issuers, and service providers. The PCI DSS is mandated by the card brands and administered by the Payment Card Industry Security Standards Council.;735291151388;ap-south-1;2026-07-11 14:19:13.485135;2.4;Maintaining a current list of all system components will enable an organization to accurately and efficiently define the scope of their environment for implementing PCI DSS controls. Without an inventory, some system components could be forgotten, and be inadvertently excluded from the organization's configuration standards.;Requirement 2: Do not use vendor-supplied defaults for system passwords and other security parameters;Requirement 2: Do not use vendor-supplied defaults for system passwords and other security parameters;;;;FAIL;AWS Config recorder 735291151388 is disabled.;arn:aws:config:ap-south-1:735291151388:recorder;config_recorder_all_regions_enabled;False;735291151388;PCI;Payment Card Industry Data Security Standard (PCI DSS) v3.2.1;
aws;The Payment Card Industry Data Security Standard (PCI DSS) is a proprietary information security standard. It's administered by the PCI Security Standards Council, which was founded by American Express, Discover Financial Services, JCB International, MasterCard Worldwide, and Visa Inc. PCI DSS applies to entities that store, process, or transmit cardholder data (CHD) or sensitive authentication data (SAD). This includes, but isn't limited to, merchants, processors, acquirers, issuers, and service providers. The PCI DSS is mandated by the card brands and administered by the Payment Card Industry Security Standards Council.;735291151388;ap-south-1;2026-07-11 14:19:13.485135;2.4.a;Maintaining a current list of all system components will enable an organization to accurately and efficiently define the scope of their environment for implementing PCI DSS controls. Without an inventory, some system components could be forgotten, and be inadvertently excluded from the organization's configuration standards.;Requirement 2: Do not use vendor-supplied defaults for system passwords and other security parameters;2.4 Maintain an inventory of system components that are in scope for PCI DSS;;;;FAIL;AWS Config recorder 735291151388 is disabled.;arn:aws:config:ap-south-1:735291151388:recorder;config_recorder_all_regions_enabled;False;735291151388;PCI;Payment Card Industry Data Security Standard (PCI DSS) v3.2.1;
aws;The Payment Card Industry Data Security Standard (PCI DSS) is a proprietary information security standard. It's administered by the PCI Security Standards Council, which was founded by American Express, Discover Financial Services, JCB International, MasterCard Worldwide, and Visa Inc. PCI DSS applies to entities that store, process, or transmit cardholder data (CHD) or sensitive authentication data (SAD). This includes, but isn't limited to, merchants, processors, acquirers, issuers, and service providers. The PCI DSS is mandated by the card brands and administered by the Payment Card Industry Security Standards Council.;735291151388;ap-south-1;2026-07-11 14:19:13.485135;10.5;Often a malicious individual who has entered the network will attempt to edit the audit logs in order to hide their activity. Without adequate protection of audit logs, their completeness, accuracy, and integrity cannot be guaranteed, and the audit logs can be rendered useless as an investigation tool after a compromise. This control checks secure audit trails so they cannot be altered.;Requirement 10: Track and monitor all access to network resources and cardholder data;Requirement 10: Track and monitor all access to network resources and cardholder data;;;;FAIL;AWS Config recorder 735291151388 is disabled.;arn:aws:config:ap-south-1:735291151388:recorder;config_recorder_all_regions_enabled;False;735291151388;PCI;Payment Card Industry Data Security Standard (PCI DSS) v3.2.1;
aws;The Payment Card Industry Data Security Standard (PCI DSS) is a proprietary information security standard. It's administered by the PCI Security Standards Council, which was founded by American Express, Discover Financial Services, JCB International, MasterCard Worldwide, and Visa Inc. PCI DSS applies to entities that store, process, or transmit cardholder data (CHD) or sensitive authentication data (SAD). This includes, but isn't limited to, merchants, processors, acquirers, issuers, and service providers. The PCI DSS is mandated by the card brands and administered by the Payment Card Industry Security Standards Council.;735291151388;ap-south-1;2026-07-11 14:19:13.485135;10.5.2;Adequate protection of the audit logs includes strong access control (limit access to logs based on “need to know” only), and use of physical or network segregation to make the logs harder to find and modify. Promptly backing up the logs to a centralized log server or media that is difficult to alter keeps the logs protected even if the system generating the logs becomes compromised. Protect audit trail files from unauthorized modifications.;Requirement 10: Track and monitor all access to network resources and cardholder data;10.5 Interview system administrators and examine system configurations and permissions to verify that audit trails are secured so that they cannot be altered;;;;FAIL;AWS Config recorder 735291151388 is disabled.;arn:aws:config:ap-south-1:735291151388:recorder;config_recorder_all_regions_enabled;False;735291151388;PCI;Payment Card Industry Data Security Standard (PCI DSS) v3.2.1;
aws;The Payment Card Industry Data Security Standard (PCI DSS) is a proprietary information security standard. It's administered by the PCI Security Standards Council, which was founded by American Express, Discover Financial Services, JCB International, MasterCard Worldwide, and Visa Inc. PCI DSS applies to entities that store, process, or transmit cardholder data (CHD) or sensitive authentication data (SAD). This includes, but isn't limited to, merchants, processors, acquirers, issuers, and service providers. The PCI DSS is mandated by the card brands and administered by the Payment Card Industry Security Standards Council.;735291151388;ap-south-1;2026-07-11 14:19:13.485135;11.5;Change-detection solutions such as file-integrity monitoring (FIM) tools check for changes, additions, and deletions to critical files, and notify when such changes are detected. If not implemented properly and the output of the change-detection solution monitored, a malicious individual could add, remove, or alter configuration file contents, operating system programs, or application executables. Unauthorized changes, if undetected, could render existing security controls ineffective and/or result in cardholder data being stolen with no perceptible impact to normal processing.;Requirement 11: Regularly test security systems and processes;Requirement 11: Regularly test security systems and processes;;;;FAIL;AWS Config recorder 735291151388 is disabled.;arn:aws:config:ap-south-1:735291151388:recorder;config_recorder_all_regions_enabled;False;735291151388;PCI;Payment Card Industry Data Security Standard (PCI DSS) v3.2.1;
aws;The Payment Card Industry Data Security Standard (PCI DSS) is a proprietary information security standard. It's administered by the PCI Security Standards Council, which was founded by American Express, Discover Financial Services, JCB International, MasterCard Worldwide, and Visa Inc. PCI DSS applies to entities that store, process, or transmit cardholder data (CHD) or sensitive authentication data (SAD). This includes, but isn't limited to, merchants, processors, acquirers, issuers, and service providers. The PCI DSS is mandated by the card brands and administered by the Payment Card Industry Security Standards Council.;735291151388;ap-south-1;2026-07-11 14:19:13.485135;11.5.a;Examples of files that should be monitored are system executables, application executables, configuration and parameter files, centrally stored, historical or archived, log and audit files and additional critical files determined by entity (for example, through risk assessment or other means). Change-detection solutions such as file-integrity monitoring (FIM) tools check for changes, additions, and deletions to critical files, and notify when such changes are detected. If not implemented properly and the output of the change-detection solution monitored, a malicious individual could add, remove, or alter configuration file contents, operating system programs, or application executables. Unauthorized changes, if undetected, could render existing security controls ineffective and/or result in cardholder data being stolen with no perceptible impact to normal processing.;Requirement 11: Regularly test security systems and processes;"11.5 Deploy a change-detection mechanism (for example, file-integrity monitoring tools) to alert personnel to unauthorized modification (including changes, additions, and deletions) of critical system files, configuration files, or content files; and configure the software to perform critical file comparisons at least weekly";;;;FAIL;AWS Config recorder 735291151388 is disabled.;arn:aws:config:ap-south-1:735291151388:recorder;config_recorder_all_regions_enabled;False;735291151388;PCI;Payment Card Industry Data Security Standard (PCI DSS) v3.2.1;
aws;The Payment Card Industry Data Security Standard (PCI DSS) is a proprietary information security standard. It's administered by the PCI Security Standards Council, which was founded by American Express, Discover Financial Services, JCB International, MasterCard Worldwide, and Visa Inc. PCI DSS applies to entities that store, process, or transmit cardholder data (CHD) or sensitive authentication data (SAD). This includes, but isn't limited to, merchants, processors, acquirers, issuers, and service providers. The PCI DSS is mandated by the card brands and administered by the Payment Card Industry Security Standards Council.;735291151388;ap-south-1;2026-07-11 14:19:13.485135;11.5.b;;Requirement 11: Regularly test security systems and processes;"11.5 Deploy a change-detection mechanism (for example, file-integrity monitoring tools) to alert personnel to unauthorized modification (including changes, additions, and deletions) of critical system files, configuration files, or content files; and configure the software to perform critical file comparisons at least weekly";;;;FAIL;AWS Config recorder 735291151388 is disabled.;arn:aws:config:ap-south-1:735291151388:recorder;config_recorder_all_regions_enabled;False;735291151388;PCI;Payment Card Industry Data Security Standard (PCI DSS) v3.2.1;
aws;The Payment Card Industry Data Security Standard (PCI DSS) is a proprietary information security standard. It's administered by the PCI Security Standards Council, which was founded by American Express, Discover Financial Services, JCB International, MasterCard Worldwide, and Visa Inc. PCI DSS applies to entities that store, process, or transmit cardholder data (CHD) or sensitive authentication data (SAD). This includes, but isn't limited to, merchants, processors, acquirers, issuers, and service providers. The PCI DSS is mandated by the card brands and administered by the Payment Card Industry Security Standards Council.;735291151388;ap-south-1;2026-07-11 14:19:13.485135;3.4;The following approaches should be used to render PAN unreadable anywhere it is stored: One-way hashes based on strong cryptography, (hash must be of the entire PAN), truncation (hashing cannot be used to replace the truncated segment of PAN), index tokens and pads (pads must be securely stored) and strong cryptography with associated key-management processes and procedures. Note: It is a relatively trivial effort for a malicious individual to reconstruct original PAN data if they have access to both the truncated and hashed version of a PAN. Where hashed and truncated versions of the same PAN are present in an entity's environment, additional controls must be in place to ensure that the hashed and truncated versions cannot be correlated to reconstruct the original PAN. PANs stored in primary storage (databases, or flat files such as text files spreadsheets) as well as non-primary storage (backup, audit logs, exception or troubleshooting logs) must all be protected. One-way hash functions based on strong cryptography can be used to render cardholder data unreadable. Hash functions are appropriate when there is no need to retrieve the original number (one-way hashes are irreversible). It is recommended, but not currently a requirement, that an additional, random input value be added to the cardholder data prior to hashing to reduce the feasibility of an attacker comparing the data against (and deriving the PAN from) tables of pre- computed hash values. The intent of truncation is to permanently remove a segment of PAN data so that only a portion (generally not to exceed the first six and last four digits) of the PAN is stored. An index token is a cryptographic token that replaces the PAN based on a given index for an unpredictable value. A one-time pad is a system in which a randomly generated private key is used only once to encrypt a message that is then decrypted using a matching one-time pad and key. The intent of strong cryptography (as defined in the PCI DSS and PA-DSS Glossary of Terms, Abbreviations, and Acronyms) is that the encryption be based on an industry-tested and accepted algorithm (not a proprietary or `home- grown` algorithm) with strong cryptographic keys. By correlating hashed and truncated versions of a given PAN, a malicious individual may easily derive the original PAN value. Controls that prevent the correlation of this data will help ensure that the original PAN remains unreadable.;Requirement 3: Protect stored cardholder data;Requirement 3: Protect stored cardholder data;;;;FAIL;EBS Default Encryption is not activated.;arn:aws:ec2:ap-south-1:735291151388:volume;ec2_ebs_default_encryption;False;735291151388;PCI;Payment Card Industry Data Security Standard (PCI DSS) v3.2.1;
aws;The Payment Card Industry Data Security Standard (PCI DSS) is a proprietary information security standard. It's administered by the PCI Security Standards Council, which was founded by American Express, Discover Financial Services, JCB International, MasterCard Worldwide, and Visa Inc. PCI DSS applies to entities that store, process, or transmit cardholder data (CHD) or sensitive authentication data (SAD). This includes, but isn't limited to, merchants, processors, acquirers, issuers, and service providers. The PCI DSS is mandated by the card brands and administered by the Payment Card Industry Security Standards Council.;735291151388;ap-south-1;2026-07-11 14:19:13.485135;3.4.1;Decryption keys must not be associated with user accounts. Note: This requirement applies in addition to all other PCI DSS encryption and key- management requirements. PANs stored in primary storage (databases, or flat files such as text files spreadsheets) as well as non-primary storage (backup, audit logs, exception or troubleshooting logs) must all be protected. One-way hash functions based on strong cryptography can be used to render cardholder data unreadable. Hash functions are appropriate when there is no need to retrieve the original number (one-way hashes are irreversible). It is recommended, but not currently a requirement, that an additional, random input value be added to the cardholder data prior to hashing to reduce the feasibility of an attacker comparing the data against (and deriving the PAN from) tables of pre- computed hash values. The intent of truncation is to permanently remove a segment of PAN data so that only a portion (generally not to exceed the first six and last four digits) of the PAN is stored. An index token is a cryptographic token that replaces the PAN based on a given index for an unpredictable value. A one-time pad is a system in which a randomly generated private key is used only once to encrypt a message that is then decrypted using a matching one-time pad and key. The intent of strong cryptography (as defined in the PCI DSS and PA-DSS Glossary of Terms, Abbreviations, and Acronyms) is that the encryption be based on an industry-tested and accepted algorithm (not a proprietary or `home-grown` algorithm) with strong cryptographic keys. By correlating hashed and truncated versions of a given PAN, a malicious individual may easily derive the original PAN value. Controls that prevent the correlation of this data will help ensure that the original PAN remains unreadable.;Requirement 3: Protect stored cardholder data;3.4 Render PAN unreadable anywhere it is stored (including on portable digital media, backup media, and in logs) by using approaches like one-way hashes based on strong cryptography, truncation etc;;;;FAIL;EBS Default Encryption is not activated.;arn:aws:ec2:ap-south-1:735291151388:volume;ec2_ebs_default_encryption;False;735291151388;PCI;Payment Card Industry Data Security Standard (PCI DSS) v3.2.1;
aws;The Payment Card Industry Data Security Standard (PCI DSS) is a proprietary information security standard. It's administered by the PCI Security Standards Council, which was founded by American Express, Discover Financial Services, JCB International, MasterCard Worldwide, and Visa Inc. PCI DSS applies to entities that store, process, or transmit cardholder data (CHD) or sensitive authentication data (SAD). This includes, but isn't limited to, merchants, processors, acquirers, issuers, and service providers. The PCI DSS is mandated by the card brands and administered by the Payment Card Industry Security Standards Council.;735291151388;ap-south-1;2026-07-11 14:19:13.485135;3.4.1.a;The intent of this requirement is to address the acceptability of disk-level encryption for rendering cardholder data unreadable. Disk-level encryption encrypts the entire disk/partition on a computer and automatically decrypts the information when an authorized user requests it. Many disk- encryption solutions intercept operating system read/write operations and carry out the appropriate cryptographic transformations without any special action by the user other than supplying a password or pass phrase upon system startup or at the beginning of a session. Based on these characteristics of disk-level encryption, to be compliant with this requirement, the method cannot: 1) Use the same user account authenticator as the operating system, or 2) Use a decryption key that is associated with or derived from the system's local user account database or general network login credentials. Full disk encryption helps to protect data in the event of physical loss of a disk and therefore may be appropriate for portable devices that store cardholder data.;Requirement 3: Protect stored cardholder data;3.4.1 If disk encryption is used (rather than file- or column-level database encryption), logical access must be managed separately and independently of native operating system authentication and access control mechanisms (for example, by not using local user account databases or general network login credentials);;;;FAIL;EBS Default Encryption is not activated.;arn:aws:ec2:ap-south-1:735291151388:volume;ec2_ebs_default_encryption;False;735291151388;PCI;Payment Card Industry Data Security Standard (PCI DSS) v3.2.1;
aws;The Payment Card Industry Data Security Standard (PCI DSS) is a proprietary information security standard. It's administered by the PCI Security Standards Council, which was founded by American Express, Discover Financial Services, JCB International, MasterCard Worldwide, and Visa Inc. PCI DSS applies to entities that store, process, or transmit cardholder data (CHD) or sensitive authentication data (SAD). This includes, but isn't limited to, merchants, processors, acquirers, issuers, and service providers. The PCI DSS is mandated by the card brands and administered by the Payment Card Industry Security Standards Council.;735291151388;ap-south-1;2026-07-11 14:19:13.485135;3.4.1.c;Note: If disk encryption is not used to encrypt removable media, the data stored on this media will need to be rendered unreadable through some other method. The intent of this requirement is to address the acceptability of disk-level encryption for rendering cardholder data unreadable. Disk-level encryption encrypts the entire disk/partition on a computer and automatically decrypts the information when an authorized user requests it. Many disk- encryption solutions intercept operating system read/write operations and carry out the appropriate cryptographic transformations without any special action by the user other than supplying a password or pass phrase upon system startup or at the beginning of a session. Based on these characteristics of disk-level encryption, to be compliant with this requirement, the method cannot: 1) Use the same user account authenticator as the operating system, or 2) Use a decryption key that is associated with or derived from the system's local user account database or general network login credentials. Full disk encryption helps to protect data in the event of physical loss of a disk and therefore may be appropriate for portable devices that store cardholder data.;Requirement 3: Protect stored cardholder data;3.4.1 If disk encryption is used (rather than file- or column-level database encryption), logical access must be managed separately and independently of native operating system authentication and access control mechanisms (for example, by not using local user account databases or general network login credentials);;;;FAIL;EBS Default Encryption is not activated.;arn:aws:ec2:ap-south-1:735291151388:volume;ec2_ebs_default_encryption;False;735291151388;PCI;Payment Card Industry Data Security Standard (PCI DSS) v3.2.1;
aws;The Payment Card Industry Data Security Standard (PCI DSS) is a proprietary information security standard. It's administered by the PCI Security Standards Council, which was founded by American Express, Discover Financial Services, JCB International, MasterCard Worldwide, and Visa Inc. PCI DSS applies to entities that store, process, or transmit cardholder data (CHD) or sensitive authentication data (SAD). This includes, but isn't limited to, merchants, processors, acquirers, issuers, and service providers. The PCI DSS is mandated by the card brands and administered by the Payment Card Industry Security Standards Council.;735291151388;ap-south-1;2026-07-11 14:19:13.485135;3.4.a;Verify documentation about the system used to protect the PAN, including the vendor, type of system/process, and the encryption algorithms (if applicable) to verify that the PAN is rendered unreadable using any of the following methods: One-way hashes based on strong cryptography, truncation, index tokens and pads with the pads being securely stored, strong cryptography, with associated key-management processes and procedures. PANs stored in primary storage (databases, or flat files such as text files spreadsheets) as well as non-primary storage (backup, audit logs, exception or troubleshooting logs) must all be protected. One-way hash functions based on strong cryptography can be used to render cardholder data unreadable. Hash functions are appropriate when there is no need to retrieve the original number (one-way hashes are irreversible). It is recommended, but not currently a requirement, that an additional, random input value be added to the cardholder data prior to hashing to reduce the feasibility of an attacker comparing the data against (and deriving the PAN from) tables of pre- computed hash values. The intent of truncation is to permanently remove a segment of PAN data so that only a portion (generally not to exceed the first six and last four digits) of the PAN is stored. An index token is a cryptographic token that replaces the PAN based on a given index for an unpredictable value. A one-time pad is a system in which a randomly generated private key is used only once to encrypt a message that is then decrypted using a matching one-time pad and key. The intent of strong cryptography (as defined in the PCI DSS and PA-DSS Glossary of Terms, Abbreviations, and Acronyms) is that the encryption be based on an industry-tested and accepted algorithm (not a proprietary or `home-grown` algorithm) with strong cryptographic keys. By correlating hashed and truncated versions of a given PAN, a malicious individual may easily derive the original PAN value. Controls that prevent the correlation of this data will help ensure that the original PAN remains unreadable.;Requirement 3: Protect stored cardholder data;3.4 Render PAN unreadable anywhere it is stored (including on portable digital media, backup media, and in logs) by using approaches like one-way hashes based on strong cryptography, truncation etc;;;;FAIL;EBS Default Encryption is not activated.;arn:aws:ec2:ap-south-1:735291151388:volume;ec2_ebs_default_encryption;False;735291151388;PCI;Payment Card Industry Data Security Standard (PCI DSS) v3.2.1;
aws;The Payment Card Industry Data Security Standard (PCI DSS) is a proprietary information security standard. It's administered by the PCI Security Standards Council, which was founded by American Express, Discover Financial Services, JCB International, MasterCard Worldwide, and Visa Inc. PCI DSS applies to entities that store, process, or transmit cardholder data (CHD) or sensitive authentication data (SAD). This includes, but isn't limited to, merchants, processors, acquirers, issuers, and service providers. The PCI DSS is mandated by the card brands and administered by the Payment Card Industry Security Standards Council.;735291151388;ap-south-1;2026-07-11 14:19:13.485135;3.4.b;PANs stored in primary storage (databases, or flat files such as text files spreadsheets) as well as non-primary storage (backup, audit logs, exception or troubleshooting logs) must all be protected. One-way hash functions based on strong cryptography can be used to render cardholder data unreadable. Hash functions are appropriate when there is no need to retrieve the original number (one-way hashes are irreversible). It is recommended, but not currently a requirement, that an additional, random input value be added to the cardholder data prior to hashing to reduce the feasibility of an attacker comparing the data against (and deriving the PAN from) tables of pre- computed hash values. The intent of truncation is to permanently remove a segment of PAN data so that only a portion (generally not to exceed the first six and last four digits) of the PAN is stored. An index token is a cryptographic token that replaces the PAN based on a given index for an unpredictable value. A one-time pad is a system in which a randomly generated private key is used only once to encrypt a message that is then decrypted using a matching one-time pad and key. The intent of strong cryptography (as defined in the PCI DSS and PA-DSS Glossary of Terms, Abbreviations, and Acronyms) is that the encryption be based on an industry-tested and accepted algorithm (not a proprietary or `home- grown` algorithm) with strong cryptographic keys. By correlating hashed and truncated versions of a given PAN, a malicious individual may easily derive the original PAN value. Controls that prevent the correlation of this data will help ensure that the original PAN remains unreadable.;Requirement 3: Protect stored cardholder data;3.4 Render PAN unreadable anywhere it is stored (including on portable digital media, backup media, and in logs) by using approaches like one-way hashes based on strong cryptography, truncation etc;;;;FAIL;EBS Default Encryption is not activated.;arn:aws:ec2:ap-south-1:735291151388:volume;ec2_ebs_default_encryption;False;735291151388;PCI;Payment Card Industry Data Security Standard (PCI DSS) v3.2.1;
aws;The Payment Card Industry Data Security Standard (PCI DSS) is a proprietary information security standard. It's administered by the PCI Security Standards Council, which was founded by American Express, Discover Financial Services, JCB International, MasterCard Worldwide, and Visa Inc. PCI DSS applies to entities that store, process, or transmit cardholder data (CHD) or sensitive authentication data (SAD). This includes, but isn't limited to, merchants, processors, acquirers, issuers, and service providers. The PCI DSS is mandated by the card brands and administered by the Payment Card Industry Security Standards Council.;735291151388;ap-south-1;2026-07-11 14:19:13.485135;8.2;Verify users are authenticated using unique ID, perform the following: examine documentation describing the authentication method(s) used, for each type of authentication method used and for each type of system component, observe an authentication to verify authentication is functioning consistent with documented authentication method(s). These authentication methods, when used in addition to unique IDs, help protect users' IDs from being compromised, since the one attempting the compromise needs to know both the unique ID and the password (or other authentication used). Note that a digital certificate is a valid option for “something you have” as long as it is unique for a particular user. Since one of the first steps a malicious individual will take to compromise a system is to exploit weak or nonexistent passwords, it is important to implement good processes for authentication management.;Requirement 8: Identify and authenticate access to system components;Requirement 8: Identify and authenticate access to system components;;;;FAIL;EBS Default Encryption is not activated.;arn:aws:ec2:ap-south-1:735291151388:volume;ec2_ebs_default_encryption;False;735291151388;PCI;Payment Card Industry Data Security Standard (PCI DSS) v3.2.1;
aws;The Payment Card Industry Data Security Standard (PCI DSS) is a proprietary information security standard. It's administered by the PCI Security Standards Council, which was founded by American Express, Discover Financial Services, JCB International, MasterCard Worldwide, and Visa Inc. PCI DSS applies to entities that store, process, or transmit cardholder data (CHD) or sensitive authentication data (SAD). This includes, but isn't limited to, merchants, processors, acquirers, issuers, and service providers. The PCI DSS is mandated by the card brands and administered by the Payment Card Industry Security Standards Council.;735291151388;ap-south-1;2026-07-11 14:19:13.485135;8.2.1;Many network devices and applications transmit unencrypted, readable passwords across the network and/or store passwords without encryption. A malicious individual can easily intercept unencrypted passwords during transmission using a “sniffer,” or directly access unencrypted passwords in files where they are stored, and use this data to gain unauthorized access. Note: Testing Procedures 8.2.1.d and 8.2.1.e are additional procedures that only apply if the entity being assessed is a service provider.;Requirement 8: Identify and authenticate access to system components;8.2 To verify that users are authenticated using unique ID and additional authentication (for example, a password/phrase) for access to the cardholder data environment perform the methods like examine documentation describing the authentication method(s) used etc;;;;FAIL;EBS Default Encryption is not activated.;arn:aws:ec2:ap-south-1:735291151388:volume;ec2_ebs_default_encryption;False;735291151388;PCI;Payment Card Industry Data Security Standard (PCI DSS) v3.2.1;
aws;The Payment Card Industry Data Security Standard (PCI DSS) is a proprietary information security standard. It's administered by the PCI Security Standards Council, which was founded by American Express, Discover Financial Services, JCB International, MasterCard Worldwide, and Visa Inc. PCI DSS applies to entities that store, process, or transmit cardholder data (CHD) or sensitive authentication data (SAD). This includes, but isn't limited to, merchants, processors, acquirers, issuers, and service providers. The PCI DSS is mandated by the card brands and administered by the Payment Card Industry Security Standards Council.;735291151388;ap-south-1;2026-07-11 14:19:13.485135;8.2.1.a;Many network devices and applications transmit unencrypted, readable passwords across the network and/or store passwords without encryption. A malicious individual can easily intercept unencrypted passwords during transmission using a “sniffer,” or directly access unencrypted passwords in files where they are stored, and use this data to gain unauthorized access. Note: Testing Procedures 8.2.1.d and 8.2.1.e are additional procedures that only apply if the entity being assessed is a service provider.;Requirement 8: Identify and authenticate access to system components;8.2.1 Using strong cryptography, render all authentication credentials (such as passwords/phrases) unreadable during transmission and storage on all system components;;;;FAIL;EBS Default Encryption is not activated.;arn:aws:ec2:ap-south-1:735291151388:volume;ec2_ebs_default_encryption;False;735291151388;PCI;Payment Card Industry Data Security Standard (PCI DSS) v3.2.1;
aws;The Payment Card Industry Data Security Standard (PCI DSS) is a proprietary information security standard. It's administered by the PCI Security Standards Council, which was founded by American Express, Discover Financial Services, JCB International, MasterCard Worldwide, and Visa Inc. PCI DSS applies to entities that store, process, or transmit cardholder data (CHD) or sensitive authentication data (SAD). This includes, but isn't limited to, merchants, processors, acquirers, issuers, and service providers. The PCI DSS is mandated by the card brands and administered by the Payment Card Industry Security Standards Council.;735291151388;ap-south-1;2026-07-11 14:19:13.485135;3.4;The following approaches should be used to render PAN unreadable anywhere it is stored: One-way hashes based on strong cryptography, (hash must be of the entire PAN), truncation (hashing cannot be used to replace the truncated segment of PAN), index tokens and pads (pads must be securely stored) and strong cryptography with associated key-management processes and procedures. Note: It is a relatively trivial effort for a malicious individual to reconstruct original PAN data if they have access to both the truncated and hashed version of a PAN. Where hashed and truncated versions of the same PAN are present in an entity's environment, additional controls must be in place to ensure that the hashed and truncated versions cannot be correlated to reconstruct the original PAN. PANs stored in primary storage (databases, or flat files such as text files spreadsheets) as well as non-primary storage (backup, audit logs, exception or troubleshooting logs) must all be protected. One-way hash functions based on strong cryptography can be used to render cardholder data unreadable. Hash functions are appropriate when there is no need to retrieve the original number (one-way hashes are irreversible). It is recommended, but not currently a requirement, that an additional, random input value be added to the cardholder data prior to hashing to reduce the feasibility of an attacker comparing the data against (and deriving the PAN from) tables of pre- computed hash values. The intent of truncation is to permanently remove a segment of PAN data so that only a portion (generally not to exceed the first six and last four digits) of the PAN is stored. An index token is a cryptographic token that replaces the PAN based on a given index for an unpredictable value. A one-time pad is a system in which a randomly generated private key is used only once to encrypt a message that is then decrypted using a matching one-time pad and key. The intent of strong cryptography (as defined in the PCI DSS and PA-DSS Glossary of Terms, Abbreviations, and Acronyms) is that the encryption be based on an industry-tested and accepted algorithm (not a proprietary or `home- grown` algorithm) with strong cryptographic keys. By correlating hashed and truncated versions of a given PAN, a malicious individual may easily derive the original PAN value. Controls that prevent the correlation of this data will help ensure that the original PAN remains unreadable.;Requirement 3: Protect stored cardholder data;Requirement 3: Protect stored cardholder data;;;;FAIL;EBS Snapshot vol-022955d77ae658dd5 is unencrypted.;arn:aws:ec2:ap-south-1:735291151388:volume/vol-022955d77ae658dd5;ec2_ebs_volume_encryption;False;vol-022955d77ae658dd5;PCI;Payment Card Industry Data Security Standard (PCI DSS) v3.2.1;
aws;The Payment Card Industry Data Security Standard (PCI DSS) is a proprietary information security standard. It's administered by the PCI Security Standards Council, which was founded by American Express, Discover Financial Services, JCB International, MasterCard Worldwide, and Visa Inc. PCI DSS applies to entities that store, process, or transmit cardholder data (CHD) or sensitive authentication data (SAD). This includes, but isn't limited to, merchants, processors, acquirers, issuers, and service providers. The PCI DSS is mandated by the card brands and administered by the Payment Card Industry Security Standards Council.;735291151388;ap-south-1;2026-07-11 14:19:13.485135;3.4.1;Decryption keys must not be associated with user accounts. Note: This requirement applies in addition to all other PCI DSS encryption and key- management requirements. PANs stored in primary storage (databases, or flat files such as text files spreadsheets) as well as non-primary storage (backup, audit logs, exception or troubleshooting logs) must all be protected. One-way hash functions based on strong cryptography can be used to render cardholder data unreadable. Hash functions are appropriate when there is no need to retrieve the original number (one-way hashes are irreversible). It is recommended, but not currently a requirement, that an additional, random input value be added to the cardholder data prior to hashing to reduce the feasibility of an attacker comparing the data against (and deriving the PAN from) tables of pre- computed hash values. The intent of truncation is to permanently remove a segment of PAN data so that only a portion (generally not to exceed the first six and last four digits) of the PAN is stored. An index token is a cryptographic token that replaces the PAN based on a given index for an unpredictable value. A one-time pad is a system in which a randomly generated private key is used only once to encrypt a message that is then decrypted using a matching one-time pad and key. The intent of strong cryptography (as defined in the PCI DSS and PA-DSS Glossary of Terms, Abbreviations, and Acronyms) is that the encryption be based on an industry-tested and accepted algorithm (not a proprietary or `home-grown` algorithm) with strong cryptographic keys. By correlating hashed and truncated versions of a given PAN, a malicious individual may easily derive the original PAN value. Controls that prevent the correlation of this data will help ensure that the original PAN remains unreadable.;Requirement 3: Protect stored cardholder data;3.4 Render PAN unreadable anywhere it is stored (including on portable digital media, backup media, and in logs) by using approaches like one-way hashes based on strong cryptography, truncation etc;;;;FAIL;EBS Snapshot vol-022955d77ae658dd5 is unencrypted.;arn:aws:ec2:ap-south-1:735291151388:volume/vol-022955d77ae658dd5;ec2_ebs_volume_encryption;False;vol-022955d77ae658dd5;PCI;Payment Card Industry Data Security Standard (PCI DSS) v3.2.1;
aws;The Payment Card Industry Data Security Standard (PCI DSS) is a proprietary information security standard. It's administered by the PCI Security Standards Council, which was founded by American Express, Discover Financial Services, JCB International, MasterCard Worldwide, and Visa Inc. PCI DSS applies to entities that store, process, or transmit cardholder data (CHD) or sensitive authentication data (SAD). This includes, but isn't limited to, merchants, processors, acquirers, issuers, and service providers. The PCI DSS is mandated by the card brands and administered by the Payment Card Industry Security Standards Council.;735291151388;ap-south-1;2026-07-11 14:19:13.485135;3.4.1.a;The intent of this requirement is to address the acceptability of disk-level encryption for rendering cardholder data unreadable. Disk-level encryption encrypts the entire disk/partition on a computer and automatically decrypts the information when an authorized user requests it. Many disk- encryption solutions intercept operating system read/write operations and carry out the appropriate cryptographic transformations without any special action by the user other than supplying a password or pass phrase upon system startup or at the beginning of a session. Based on these characteristics of disk-level encryption, to be compliant with this requirement, the method cannot: 1) Use the same user account authenticator as the operating system, or 2) Use a decryption key that is associated with or derived from the system's local user account database or general network login credentials. Full disk encryption helps to protect data in the event of physical loss of a disk and therefore may be appropriate for portable devices that store cardholder data.;Requirement 3: Protect stored cardholder data;3.4.1 If disk encryption is used (rather than file- or column-level database encryption), logical access must be managed separately and independently of native operating system authentication and access control mechanisms (for example, by not using local user account databases or general network login credentials);;;;FAIL;EBS Snapshot vol-022955d77ae658dd5 is unencrypted.;arn:aws:ec2:ap-south-1:735291151388:volume/vol-022955d77ae658dd5;ec2_ebs_volume_encryption;False;vol-022955d77ae658dd5;PCI;Payment Card Industry Data Security Standard (PCI DSS) v3.2.1;
aws;The Payment Card Industry Data Security Standard (PCI DSS) is a proprietary information security standard. It's administered by the PCI Security Standards Council, which was founded by American Express, Discover Financial Services, JCB International, MasterCard Worldwide, and Visa Inc. PCI DSS applies to entities that store, process, or transmit cardholder data (CHD) or sensitive authentication data (SAD). This includes, but isn't limited to, merchants, processors, acquirers, issuers, and service providers. The PCI DSS is mandated by the card brands and administered by the Payment Card Industry Security Standards Council.;735291151388;ap-south-1;2026-07-11 14:19:13.485135;3.4.1.c;Note: If disk encryption is not used to encrypt removable media, the data stored on this media will need to be rendered unreadable through some other method. The intent of this requirement is to address the acceptability of disk-level encryption for rendering cardholder data unreadable. Disk-level encryption encrypts the entire disk/partition on a computer and automatically decrypts the information when an authorized user requests it. Many disk- encryption solutions intercept operating system read/write operations and carry out the appropriate cryptographic transformations without any special action by the user other than supplying a password or pass phrase upon system startup or at the beginning of a session. Based on these characteristics of disk-level encryption, to be compliant with this requirement, the method cannot: 1) Use the same user account authenticator as the operating system, or 2) Use a decryption key that is associated with or derived from the system's local user account database or general network login credentials. Full disk encryption helps to protect data in the event of physical loss of a disk and therefore may be appropriate for portable devices that store cardholder data.;Requirement 3: Protect stored cardholder data;3.4.1 If disk encryption is used (rather than file- or column-level database encryption), logical access must be managed separately and independently of native operating system authentication and access control mechanisms (for example, by not using local user account databases or general network login credentials);;;;FAIL;EBS Snapshot vol-022955d77ae658dd5 is unencrypted.;arn:aws:ec2:ap-south-1:735291151388:volume/vol-022955d77ae658dd5;ec2_ebs_volume_encryption;False;vol-022955d77ae658dd5;PCI;Payment Card Industry Data Security Standard (PCI DSS) v3.2.1;
aws;The Payment Card Industry Data Security Standard (PCI DSS) is a proprietary information security standard. It's administered by the PCI Security Standards Council, which was founded by American Express, Discover Financial Services, JCB International, MasterCard Worldwide, and Visa Inc. PCI DSS applies to entities that store, process, or transmit cardholder data (CHD) or sensitive authentication data (SAD). This includes, but isn't limited to, merchants, processors, acquirers, issuers, and service providers. The PCI DSS is mandated by the card brands and administered by the Payment Card Industry Security Standards Council.;735291151388;ap-south-1;2026-07-11 14:19:13.485135;3.4.a;Verify documentation about the system used to protect the PAN, including the vendor, type of system/process, and the encryption algorithms (if applicable) to verify that the PAN is rendered unreadable using any of the following methods: One-way hashes based on strong cryptography, truncation, index tokens and pads with the pads being securely stored, strong cryptography, with associated key-management processes and procedures. PANs stored in primary storage (databases, or flat files such as text files spreadsheets) as well as non-primary storage (backup, audit logs, exception or troubleshooting logs) must all be protected. One-way hash functions based on strong cryptography can be used to render cardholder data unreadable. Hash functions are appropriate when there is no need to retrieve the original number (one-way hashes are irreversible). It is recommended, but not currently a requirement, that an additional, random input value be added to the cardholder data prior to hashing to reduce the feasibility of an attacker comparing the data against (and deriving the PAN from) tables of pre- computed hash values. The intent of truncation is to permanently remove a segment of PAN data so that only a portion (generally not to exceed the first six and last four digits) of the PAN is stored. An index token is a cryptographic token that replaces the PAN based on a given index for an unpredictable value. A one-time pad is a system in which a randomly generated private key is used only once to encrypt a message that is then decrypted using a matching one-time pad and key. The intent of strong cryptography (as defined in the PCI DSS and PA-DSS Glossary of Terms, Abbreviations, and Acronyms) is that the encryption be based on an industry-tested and accepted algorithm (not a proprietary or `home-grown` algorithm) with strong cryptographic keys. By correlating hashed and truncated versions of a given PAN, a malicious individual may easily derive the original PAN value. Controls that prevent the correlation of this data will help ensure that the original PAN remains unreadable.;Requirement 3: Protect stored cardholder data;3.4 Render PAN unreadable anywhere it is stored (including on portable digital media, backup media, and in logs) by using approaches like one-way hashes based on strong cryptography, truncation etc;;;;FAIL;EBS Snapshot vol-022955d77ae658dd5 is unencrypted.;arn:aws:ec2:ap-south-1:735291151388:volume/vol-022955d77ae658dd5;ec2_ebs_volume_encryption;False;vol-022955d77ae658dd5;PCI;Payment Card Industry Data Security Standard (PCI DSS) v3.2.1;
aws;The Payment Card Industry Data Security Standard (PCI DSS) is a proprietary information security standard. It's administered by the PCI Security Standards Council, which was founded by American Express, Discover Financial Services, JCB International, MasterCard Worldwide, and Visa Inc. PCI DSS applies to entities that store, process, or transmit cardholder data (CHD) or sensitive authentication data (SAD). This includes, but isn't limited to, merchants, processors, acquirers, issuers, and service providers. The PCI DSS is mandated by the card brands and administered by the Payment Card Industry Security Standards Council.;735291151388;ap-south-1;2026-07-11 14:19:13.485135;3.4.b;PANs stored in primary storage (databases, or flat files such as text files spreadsheets) as well as non-primary storage (backup, audit logs, exception or troubleshooting logs) must all be protected. One-way hash functions based on strong cryptography can be used to render cardholder data unreadable. Hash functions are appropriate when there is no need to retrieve the original number (one-way hashes are irreversible). It is recommended, but not currently a requirement, that an additional, random input value be added to the cardholder data prior to hashing to reduce the feasibility of an attacker comparing the data against (and deriving the PAN from) tables of pre- computed hash values. The intent of truncation is to permanently remove a segment of PAN data so that only a portion (generally not to exceed the first six and last four digits) of the PAN is stored. An index token is a cryptographic token that replaces the PAN based on a given index for an unpredictable value. A one-time pad is a system in which a randomly generated private key is used only once to encrypt a message that is then decrypted using a matching one-time pad and key. The intent of strong cryptography (as defined in the PCI DSS and PA-DSS Glossary of Terms, Abbreviations, and Acronyms) is that the encryption be based on an industry-tested and accepted algorithm (not a proprietary or `home- grown` algorithm) with strong cryptographic keys. By correlating hashed and truncated versions of a given PAN, a malicious individual may easily derive the original PAN value. Controls that prevent the correlation of this data will help ensure that the original PAN remains unreadable.;Requirement 3: Protect stored cardholder data;3.4 Render PAN unreadable anywhere it is stored (including on portable digital media, backup media, and in logs) by using approaches like one-way hashes based on strong cryptography, truncation etc;;;;FAIL;EBS Snapshot vol-022955d77ae658dd5 is unencrypted.;arn:aws:ec2:ap-south-1:735291151388:volume/vol-022955d77ae658dd5;ec2_ebs_volume_encryption;False;vol-022955d77ae658dd5;PCI;Payment Card Industry Data Security Standard (PCI DSS) v3.2.1;
aws;The Payment Card Industry Data Security Standard (PCI DSS) is a proprietary information security standard. It's administered by the PCI Security Standards Council, which was founded by American Express, Discover Financial Services, JCB International, MasterCard Worldwide, and Visa Inc. PCI DSS applies to entities that store, process, or transmit cardholder data (CHD) or sensitive authentication data (SAD). This includes, but isn't limited to, merchants, processors, acquirers, issuers, and service providers. The PCI DSS is mandated by the card brands and administered by the Payment Card Industry Security Standards Council.;735291151388;ap-south-1;2026-07-11 14:19:13.485135;8.2;Verify users are authenticated using unique ID, perform the following: examine documentation describing the authentication method(s) used, for each type of authentication method used and for each type of system component, observe an authentication to verify authentication is functioning consistent with documented authentication method(s). These authentication methods, when used in addition to unique IDs, help protect users' IDs from being compromised, since the one attempting the compromise needs to know both the unique ID and the password (or other authentication used). Note that a digital certificate is a valid option for “something you have” as long as it is unique for a particular user. Since one of the first steps a malicious individual will take to compromise a system is to exploit weak or nonexistent passwords, it is important to implement good processes for authentication management.;Requirement 8: Identify and authenticate access to system components;Requirement 8: Identify and authenticate access to system components;;;;FAIL;EBS Snapshot vol-022955d77ae658dd5 is unencrypted.;arn:aws:ec2:ap-south-1:735291151388:volume/vol-022955d77ae658dd5;ec2_ebs_volume_encryption;False;vol-022955d77ae658dd5;PCI;Payment Card Industry Data Security Standard (PCI DSS) v3.2.1;
aws;The Payment Card Industry Data Security Standard (PCI DSS) is a proprietary information security standard. It's administered by the PCI Security Standards Council, which was founded by American Express, Discover Financial Services, JCB International, MasterCard Worldwide, and Visa Inc. PCI DSS applies to entities that store, process, or transmit cardholder data (CHD) or sensitive authentication data (SAD). This includes, but isn't limited to, merchants, processors, acquirers, issuers, and service providers. The PCI DSS is mandated by the card brands and administered by the Payment Card Industry Security Standards Council.;735291151388;ap-south-1;2026-07-11 14:19:13.485135;8.2.1;Many network devices and applications transmit unencrypted, readable passwords across the network and/or store passwords without encryption. A malicious individual can easily intercept unencrypted passwords during transmission using a “sniffer,” or directly access unencrypted passwords in files where they are stored, and use this data to gain unauthorized access. Note: Testing Procedures 8.2.1.d and 8.2.1.e are additional procedures that only apply if the entity being assessed is a service provider.;Requirement 8: Identify and authenticate access to system components;8.2 To verify that users are authenticated using unique ID and additional authentication (for example, a password/phrase) for access to the cardholder data environment perform the methods like examine documentation describing the authentication method(s) used etc;;;;FAIL;EBS Snapshot vol-022955d77ae658dd5 is unencrypted.;arn:aws:ec2:ap-south-1:735291151388:volume/vol-022955d77ae658dd5;ec2_ebs_volume_encryption;False;vol-022955d77ae658dd5;PCI;Payment Card Industry Data Security Standard (PCI DSS) v3.2.1;
aws;The Payment Card Industry Data Security Standard (PCI DSS) is a proprietary information security standard. It's administered by the PCI Security Standards Council, which was founded by American Express, Discover Financial Services, JCB International, MasterCard Worldwide, and Visa Inc. PCI DSS applies to entities that store, process, or transmit cardholder data (CHD) or sensitive authentication data (SAD). This includes, but isn't limited to, merchants, processors, acquirers, issuers, and service providers. The PCI DSS is mandated by the card brands and administered by the Payment Card Industry Security Standards Council.;735291151388;ap-south-1;2026-07-11 14:19:13.485135;8.2.1.a;Many network devices and applications transmit unencrypted, readable passwords across the network and/or store passwords without encryption. A malicious individual can easily intercept unencrypted passwords during transmission using a “sniffer,” or directly access unencrypted passwords in files where they are stored, and use this data to gain unauthorized access. Note: Testing Procedures 8.2.1.d and 8.2.1.e are additional procedures that only apply if the entity being assessed is a service provider.;Requirement 8: Identify and authenticate access to system components;8.2.1 Using strong cryptography, render all authentication credentials (such as passwords/phrases) unreadable during transmission and storage on all system components;;;;FAIL;EBS Snapshot vol-022955d77ae658dd5 is unencrypted.;arn:aws:ec2:ap-south-1:735291151388:volume/vol-022955d77ae658dd5;ec2_ebs_volume_encryption;False;vol-022955d77ae658dd5;PCI;Payment Card Industry Data Security Standard (PCI DSS) v3.2.1;
aws;The Payment Card Industry Data Security Standard (PCI DSS) is a proprietary information security standard. It's administered by the PCI Security Standards Council, which was founded by American Express, Discover Financial Services, JCB International, MasterCard Worldwide, and Visa Inc. PCI DSS applies to entities that store, process, or transmit cardholder data (CHD) or sensitive authentication data (SAD). This includes, but isn't limited to, merchants, processors, acquirers, issuers, and service providers. The PCI DSS is mandated by the card brands and administered by the Payment Card Industry Security Standards Council.;735291151388;ap-south-1;2026-07-11 14:19:13.485135;3.1;Procedures and processes should include at least the following for all cardholder data (CHD) storage: limiting data storage amount and retention time to that which is required for legal, regulatory, and/or business requirements, specific retention requirements for cardholder data, processes for secure deletion of data when no longer needed, a quarterly process for identifying and securely deleting stored cardholder data that exceeds defined retention. Identifying and deleting stored data that has exceeded its specified retention period prevents unnecessary retention of data that is no longer needed. This process may be automated or manual or a combination of both. For example, a programmatic procedure (automatic or manual) to locate and remove data and/or a manual review of data storage areas could be performed. Implementing secure deletion methods ensure that the data cannot be retrieved when it is no longer needed. Remember, if you don't need it, don't store it!;Requirement 3: Protect stored cardholder data;Requirement 3: Protect stored cardholder data;;;;FAIL;EBS Volume vol-022955d77ae658dd5 is not protected by a backup plan.;arn:aws:ec2:ap-south-1:735291151388:volume/vol-022955d77ae658dd5;ec2_ebs_volume_protected_by_backup_plan;False;vol-022955d77ae658dd5;PCI;Payment Card Industry Data Security Standard (PCI DSS) v3.2.1;
aws;The Payment Card Industry Data Security Standard (PCI DSS) is a proprietary information security standard. It's administered by the PCI Security Standards Council, which was founded by American Express, Discover Financial Services, JCB International, MasterCard Worldwide, and Visa Inc. PCI DSS applies to entities that store, process, or transmit cardholder data (CHD) or sensitive authentication data (SAD). This includes, but isn't limited to, merchants, processors, acquirers, issuers, and service providers. The PCI DSS is mandated by the card brands and administered by the Payment Card Industry Security Standards Council.;735291151388;ap-south-1;2026-07-11 14:19:13.485135;3.1.c;Identifying and deleting stored data that has exceeded its specified retention period prevents unnecessary retention of data that is no longer needed. This process may be automated or manual or a combination of both. For example, a programmatic procedure (automatic or manual) to locate and remove data and/or a manual review of data storage areas could be performed. Implementing secure deletion methods ensure that the data cannot be retrieved when it is no longer needed. Remember, if you don't need it, don't store it!;Requirement 3: Protect stored cardholder data;3.1 Keep cardholder data storage to a minimum by implementing data retention and disposal policies, procedures and processes;;;;FAIL;EBS Volume vol-022955d77ae658dd5 is not protected by a backup plan.;arn:aws:ec2:ap-south-1:735291151388:volume/vol-022955d77ae658dd5;ec2_ebs_volume_protected_by_backup_plan;False;vol-022955d77ae658dd5;PCI;Payment Card Industry Data Security Standard (PCI DSS) v3.2.1;
aws;The Payment Card Industry Data Security Standard (PCI DSS) is a proprietary information security standard. It's administered by the PCI Security Standards Council, which was founded by American Express, Discover Financial Services, JCB International, MasterCard Worldwide, and Visa Inc. PCI DSS applies to entities that store, process, or transmit cardholder data (CHD) or sensitive authentication data (SAD). This includes, but isn't limited to, merchants, processors, acquirers, issuers, and service providers. The PCI DSS is mandated by the card brands and administered by the Payment Card Industry Security Standards Council.;735291151388;ap-south-1;2026-07-11 14:19:13.485135;2.4;Maintaining a current list of all system components will enable an organization to accurately and efficiently define the scope of their environment for implementing PCI DSS controls. Without an inventory, some system components could be forgotten, and be inadvertently excluded from the organization's configuration standards.;Requirement 2: Do not use vendor-supplied defaults for system passwords and other security parameters;Requirement 2: Do not use vendor-supplied defaults for system passwords and other security parameters;;;;PASS;Elastic IP 15.207.145.205 is associated with an instance or network interface.;arn:aws:ec2:ap-south-1:735291151388:eip-allocation/eipalloc-0d095a89c951b6788;ec2_elastic_ip_unassigned;False;15.207.145.205;PCI;Payment Card Industry Data Security Standard (PCI DSS) v3.2.1;
aws;The Payment Card Industry Data Security Standard (PCI DSS) is a proprietary information security standard. It's administered by the PCI Security Standards Council, which was founded by American Express, Discover Financial Services, JCB International, MasterCard Worldwide, and Visa Inc. PCI DSS applies to entities that store, process, or transmit cardholder data (CHD) or sensitive authentication data (SAD). This includes, but isn't limited to, merchants, processors, acquirers, issuers, and service providers. The PCI DSS is mandated by the card brands and administered by the Payment Card Industry Security Standards Council.;735291151388;ap-south-1;2026-07-11 14:19:13.485135;1.3;While there may be legitimate reasons for untrusted connections to be permitted to DMZ systems (e.g., to allow public access to a web server), such connections should never be granted to systems in the internal network. A firewall's intent is to manage and control all connections between public systems and internal systems, especially those that store, process or transmit cardholder data. If direct access is allowed between public systems and the CDE, the protections offered by the firewall are bypassed, and system components storing cardholder data may be exposed to compromise.;Requirement 1: Install and maintain a firewall configuration to protect cardholder data;Requirement 1: Install and maintain a firewall configuration to protect cardholder data;;;;FAIL;EC2 Instance i-0c7395c282641f31e has a Public IP: 13.207.69.17 (ec2-13-207-69-17.ap-south-1.compute.amazonaws.com).;arn:aws:ec2:ap-south-1:735291151388:instance/i-0c7395c282641f31e;ec2_instance_public_ip;False;i-0c7395c282641f31e;PCI;Payment Card Industry Data Security Standard (PCI DSS) v3.2.1;
aws;The Payment Card Industry Data Security Standard (PCI DSS) is a proprietary information security standard. It's administered by the PCI Security Standards Council, which was founded by American Express, Discover Financial Services, JCB International, MasterCard Worldwide, and Visa Inc. PCI DSS applies to entities that store, process, or transmit cardholder data (CHD) or sensitive authentication data (SAD). This includes, but isn't limited to, merchants, processors, acquirers, issuers, and service providers. The PCI DSS is mandated by the card brands and administered by the Payment Card Industry Security Standards Council.;735291151388;ap-south-1;2026-07-11 14:19:13.485135;2.2;Assure that these standards address all known security vulnerabilities and are consistent with industry-accepted system hardening standards. Sources of industry-accepted system hardening standards may include, but are not limited to Center for Internet Security (CIS), International Organization for Standardization (ISO), SysAdmin Audit Network Security (SANS) Institute and National Institute of Standards Technology (NIST). There are known weaknesses with many operating systems, databases, and enterprise applications, and there are also known ways to configure these systems to fix security vulnerabilities. To help those that are not security experts, a number of security organizations have established system-hardening guidelines and recommendations, which advise how to correct these weaknesses. Examples of sources for guidance on configuration standards include, but are not limited to: www.nist.gov, www.sans.org, and www.cisecurity.org, www.iso.org, and product vendors. System configuration standards must be kept up to date to ensure that newly identified weaknesses are corrected prior to a system being installed on the network.;Requirement 2: Do not use vendor-supplied defaults for system passwords and other security parameters;Requirement 2: Do not use vendor-supplied defaults for system passwords and other security parameters;;;;FAIL;EC2 Instance i-0c7395c282641f31e has a Public IP: 13.207.69.17 (ec2-13-207-69-17.ap-south-1.compute.amazonaws.com).;arn:aws:ec2:ap-south-1:735291151388:instance/i-0c7395c282641f31e;ec2_instance_public_ip;False;i-0c7395c282641f31e;PCI;Payment Card Industry Data Security Standard (PCI DSS) v3.2.1;
aws;The Payment Card Industry Data Security Standard (PCI DSS) is a proprietary information security standard. It's administered by the PCI Security Standards Council, which was founded by American Express, Discover Financial Services, JCB International, MasterCard Worldwide, and Visa Inc. PCI DSS applies to entities that store, process, or transmit cardholder data (CHD) or sensitive authentication data (SAD). This includes, but isn't limited to, merchants, processors, acquirers, issuers, and service providers. The PCI DSS is mandated by the card brands and administered by the Payment Card Industry Security Standards Council.;735291151388;ap-south-1;2026-07-11 14:19:13.485135;2.2.2;As stated in Requirement 1.1.6, there are many protocols that a business may need (or have enabled by default) that are commonly used by malicious individuals to compromise a network. Including this requirement as part of an organization's configuration standards and related processes ensures that only the necessary services and protocols are enabled.;Requirement 2: Do not use vendor-supplied defaults for system passwords and other security parameters;2.2 Develop configuration standards for all system components;;;;FAIL;EC2 Instance i-0c7395c282641f31e has a Public IP: 13.207.69.17 (ec2-13-207-69-17.ap-south-1.compute.amazonaws.com).;arn:aws:ec2:ap-south-1:735291151388:instance/i-0c7395c282641f31e;ec2_instance_public_ip;False;i-0c7395c282641f31e;PCI;Payment Card Industry Data Security Standard (PCI DSS) v3.2.1;
aws;The Payment Card Industry Data Security Standard (PCI DSS) is a proprietary information security standard. It's administered by the PCI Security Standards Council, which was founded by American Express, Discover Financial Services, JCB International, MasterCard Worldwide, and Visa Inc. PCI DSS applies to entities that store, process, or transmit cardholder data (CHD) or sensitive authentication data (SAD). This includes, but isn't limited to, merchants, processors, acquirers, issuers, and service providers. The PCI DSS is mandated by the card brands and administered by the Payment Card Industry Security Standards Council.;735291151388;ap-south-1;2026-07-11 14:19:13.485135;7.2;Without a mechanism to restrict access based on user's need to know, a user may unknowingly be granted access to cardholder data. Access control systems automate the process of restricting access and assigning privileges. Additionally, a default “deny-all” setting ensures no one is granted access until and unless a rule is established specifically granting such access. Entities may have one or more access controls systems to manage user access. Note: Some access control systems are set by default to “allow-all,” thereby permitting access unless/until a rule is written to specifically deny it.;Requirement 7: Restrict access to cardholder data by business need to know;Requirement 7: Restrict access to cardholder data by business need to know;;;;FAIL;EC2 Instance i-0c7395c282641f31e has a Public IP: 13.207.69.17 (ec2-13-207-69-17.ap-south-1.compute.amazonaws.com).;arn:aws:ec2:ap-south-1:735291151388:instance/i-0c7395c282641f31e;ec2_instance_public_ip;False;i-0c7395c282641f31e;PCI;Payment Card Industry Data Security Standard (PCI DSS) v3.2.1;
aws;The Payment Card Industry Data Security Standard (PCI DSS) is a proprietary information security standard. It's administered by the PCI Security Standards Council, which was founded by American Express, Discover Financial Services, JCB International, MasterCard Worldwide, and Visa Inc. PCI DSS applies to entities that store, process, or transmit cardholder data (CHD) or sensitive authentication data (SAD). This includes, but isn't limited to, merchants, processors, acquirers, issuers, and service providers. The PCI DSS is mandated by the card brands and administered by the Payment Card Industry Security Standards Council.;735291151388;ap-south-1;2026-07-11 14:19:13.485135;7.2.1;Without a mechanism to restrict access based on user's need to know, a user may unknowingly be granted access to cardholder data. Access control systems automate the process of restricting access and assigning privileges. Additionally, a default “deny-all” setting ensures no one is granted access until and unless a rule is established specifically granting such access. Entities may have one or more access controls systems to manage user access. Note: Some access control systems are set by default to “allow-all,” thereby permitting access unless/until a rule is written to specifically deny it.;Requirement 7: Restrict access to cardholder data by business need to know;7.2 Examine system settings and vendor documentation to verify that an access control system(s);;;;FAIL;EC2 Instance i-0c7395c282641f31e has a Public IP: 13.207.69.17 (ec2-13-207-69-17.ap-south-1.compute.amazonaws.com).;arn:aws:ec2:ap-south-1:735291151388:instance/i-0c7395c282641f31e;ec2_instance_public_ip;False;i-0c7395c282641f31e;PCI;Payment Card Industry Data Security Standard (PCI DSS) v3.2.1;
aws;The Payment Card Industry Data Security Standard (PCI DSS) is a proprietary information security standard. It's administered by the PCI Security Standards Council, which was founded by American Express, Discover Financial Services, JCB International, MasterCard Worldwide, and Visa Inc. PCI DSS applies to entities that store, process, or transmit cardholder data (CHD) or sensitive authentication data (SAD). This includes, but isn't limited to, merchants, processors, acquirers, issuers, and service providers. The PCI DSS is mandated by the card brands and administered by the Payment Card Industry Security Standards Council.;735291151388;ap-south-1;2026-07-11 14:19:13.485135;1.2;It is essential to install network protection between the internal, trusted network and any untrusted network that is external and/or out of the entity's ability to control or manage. Failure to implement this measure correctly results in the entity being vulnerable to unauthorized access by malicious individuals or software. For firewall functionality to be effective, it must be properly configured to control and/or limit traffic into and out of the entity's network.;Requirement 1: Install and maintain a firewall configuration to protect cardholder data;Requirement 1: Install and maintain a firewall configuration to protect cardholder data;;;;FAIL;Network ACL acl-055a0136ea4bc4585 has SSH port 22 open to the Internet.;arn:aws:ec2:ap-south-1:735291151388:network-acl/acl-055a0136ea4bc4585;ec2_networkacl_allow_ingress_tcp_port_22;False;acl-055a0136ea4bc4585;PCI;Payment Card Industry Data Security Standard (PCI DSS) v3.2.1;
aws;The Payment Card Industry Data Security Standard (PCI DSS) is a proprietary information security standard. It's administered by the PCI Security Standards Council, which was founded by American Express, Discover Financial Services, JCB International, MasterCard Worldwide, and Visa Inc. PCI DSS applies to entities that store, process, or transmit cardholder data (CHD) or sensitive authentication data (SAD). This includes, but isn't limited to, merchants, processors, acquirers, issuers, and service providers. The PCI DSS is mandated by the card brands and administered by the Payment Card Industry Security Standards Council.;735291151388;ap-south-1;2026-07-11 14:19:13.485135;1.2.1;Examination of all inbound and outbound connections allows for inspection and restriction of traffic based on the source and/or destination address, thus preventing unfiltered access between untrusted and trusted environments. This prevents malicious individuals from accessing the entity's network via unauthorized IP addresses or from using services, protocols, or ports in an unauthorized manner (for example, to send data they've obtained from within the entity's network out to an untrusted server). Implementing a rule that denies all inbound and outbound traffic that is not specifically needed helps to prevent inadvertent holes that would allow unintended and potentially harmful traffic in or out.;Requirement 1: Install and maintain a firewall configuration to protect cardholder data;1.2 Examine firewall and router configurations and perform the following to verify that connections are restricted between untrusted networks and system components in the cardholder data environment;;;;FAIL;Network ACL acl-055a0136ea4bc4585 has SSH port 22 open to the Internet.;arn:aws:ec2:ap-south-1:735291151388:network-acl/acl-055a0136ea4bc4585;ec2_networkacl_allow_ingress_tcp_port_22;False;acl-055a0136ea4bc4585;PCI;Payment Card Industry Data Security Standard (PCI DSS) v3.2.1;
aws;The Payment Card Industry Data Security Standard (PCI DSS) is a proprietary information security standard. It's administered by the PCI Security Standards Council, which was founded by American Express, Discover Financial Services, JCB International, MasterCard Worldwide, and Visa Inc. PCI DSS applies to entities that store, process, or transmit cardholder data (CHD) or sensitive authentication data (SAD). This includes, but isn't limited to, merchants, processors, acquirers, issuers, and service providers. The PCI DSS is mandated by the card brands and administered by the Payment Card Industry Security Standards Council.;735291151388;ap-south-1;2026-07-11 14:19:13.485135;1.2.1.a;Examination of all inbound and outbound connections allows for inspection and restriction of traffic based on the source and/or destination address, thus preventing unfiltered access between untrusted and trusted environments. This prevents malicious individuals from accessing the entity's network via unauthorized IP addresses or from using services, protocols, or ports in an unauthorized manner (for example, to send data they've obtained from within the entity's network out to an untrusted server). Implementing a rule that denies all inbound and outbound traffic that is not specifically needed helps to prevent inadvertent holes that would allow unintended and potentially harmful traffic in or out.;Requirement 1: Install and maintain a firewall configuration to protect cardholder data;1.2.1 Restrict inbound and outbound traffic to that which is necessary for the cardholder data environment, and specifically deny all other traffic;;;;FAIL;Network ACL acl-055a0136ea4bc4585 has SSH port 22 open to the Internet.;arn:aws:ec2:ap-south-1:735291151388:network-acl/acl-055a0136ea4bc4585;ec2_networkacl_allow_ingress_tcp_port_22;False;acl-055a0136ea4bc4585;PCI;Payment Card Industry Data Security Standard (PCI DSS) v3.2.1;
aws;The Payment Card Industry Data Security Standard (PCI DSS) is a proprietary information security standard. It's administered by the PCI Security Standards Council, which was founded by American Express, Discover Financial Services, JCB International, MasterCard Worldwide, and Visa Inc. PCI DSS applies to entities that store, process, or transmit cardholder data (CHD) or sensitive authentication data (SAD). This includes, but isn't limited to, merchants, processors, acquirers, issuers, and service providers. The PCI DSS is mandated by the card brands and administered by the Payment Card Industry Security Standards Council.;735291151388;ap-south-1;2026-07-11 14:19:13.485135;1.2.1.b;Examination of all inbound and outbound connections allows for inspection and restriction of traffic based on the source and/or destination address, thus preventing unfiltered access between untrusted and trusted environments. This prevents malicious individuals from accessing the entity's network via unauthorized IP addresses or from using services, protocols, or ports in an unauthorized manner (for example, to send data they've obtained from within the entity's network out to an untrusted server). Implementing a rule that denies all inbound and outbound traffic that is not specifically needed helps to prevent inadvertent holes that would allow unintended and potentially harmful traffic in or out.;Requirement 1: Install and maintain a firewall configuration to protect cardholder data;1.2.1 Restrict inbound and outbound traffic to that which is necessary for the cardholder data environment, and specifically deny all other traffic;;;;FAIL;Network ACL acl-055a0136ea4bc4585 has SSH port 22 open to the Internet.;arn:aws:ec2:ap-south-1:735291151388:network-acl/acl-055a0136ea4bc4585;ec2_networkacl_allow_ingress_tcp_port_22;False;acl-055a0136ea4bc4585;PCI;Payment Card Industry Data Security Standard (PCI DSS) v3.2.1;
aws;The Payment Card Industry Data Security Standard (PCI DSS) is a proprietary information security standard. It's administered by the PCI Security Standards Council, which was founded by American Express, Discover Financial Services, JCB International, MasterCard Worldwide, and Visa Inc. PCI DSS applies to entities that store, process, or transmit cardholder data (CHD) or sensitive authentication data (SAD). This includes, but isn't limited to, merchants, processors, acquirers, issuers, and service providers. The PCI DSS is mandated by the card brands and administered by the Payment Card Industry Security Standards Council.;735291151388;ap-south-1;2026-07-11 14:19:13.485135;1.2.1.c;Examination of all inbound and outbound connections allows for inspection and restriction of traffic based on the source and/or destination address, thus preventing unfiltered access between untrusted and trusted environments. This prevents malicious individuals from accessing the entity's network via unauthorized IP addresses or from using services, protocols, or ports in an unauthorized manner (for example, to send data they've obtained from within the entity's network out to an untrusted server). Implementing a rule that denies all inbound and outbound traffic that is not specifically needed helps to prevent inadvertent holes that would allow unintended and potentially harmful traffic in or out.;Requirement 1: Install and maintain a firewall configuration to protect cardholder data;1.2.1 Restrict inbound and outbound traffic to that which is necessary for the cardholder data environment, and specifically deny all other traffic;;;;FAIL;Network ACL acl-055a0136ea4bc4585 has SSH port 22 open to the Internet.;arn:aws:ec2:ap-south-1:735291151388:network-acl/acl-055a0136ea4bc4585;ec2_networkacl_allow_ingress_tcp_port_22;False;acl-055a0136ea4bc4585;PCI;Payment Card Industry Data Security Standard (PCI DSS) v3.2.1;
aws;The Payment Card Industry Data Security Standard (PCI DSS) is a proprietary information security standard. It's administered by the PCI Security Standards Council, which was founded by American Express, Discover Financial Services, JCB International, MasterCard Worldwide, and Visa Inc. PCI DSS applies to entities that store, process, or transmit cardholder data (CHD) or sensitive authentication data (SAD). This includes, but isn't limited to, merchants, processors, acquirers, issuers, and service providers. The PCI DSS is mandated by the card brands and administered by the Payment Card Industry Security Standards Council.;735291151388;ap-south-1;2026-07-11 14:19:13.485135;1.2.3;The known (or unknown) implementation and exploitation of wireless technology within a network is a common path for malicious individuals to gain access to the network and cardholder data. If a wireless device or network is installed without the entity's knowledge, a malicious individual could easily and “invisibly” enter the network. If firewalls do not restrict access from wireless networks into the CDE, malicious individuals that gain unauthorized access to the wireless network can easily connect to the CDE and compromise account information. Firewalls must be installed between all wireless networks and the CDE, regardless of the purpose of the environment to which the wireless network is connected. This may include, but is not limited to, corporate networks, retail stores, guest networks, warehouse environments, etc.;Requirement 1: Install and maintain a firewall configuration to protect cardholder data;1.2 Examine firewall and router configurations and perform the following to verify that connections are restricted between untrusted networks and system components in the cardholder data environment;;;;FAIL;Network ACL acl-055a0136ea4bc4585 has SSH port 22 open to the Internet.;arn:aws:ec2:ap-south-1:735291151388:network-acl/acl-055a0136ea4bc4585;ec2_networkacl_allow_ingress_tcp_port_22;False;acl-055a0136ea4bc4585;PCI;Payment Card Industry Data Security Standard (PCI DSS) v3.2.1;
aws;The Payment Card Industry Data Security Standard (PCI DSS) is a proprietary information security standard. It's administered by the PCI Security Standards Council, which was founded by American Express, Discover Financial Services, JCB International, MasterCard Worldwide, and Visa Inc. PCI DSS applies to entities that store, process, or transmit cardholder data (CHD) or sensitive authentication data (SAD). This includes, but isn't limited to, merchants, processors, acquirers, issuers, and service providers. The PCI DSS is mandated by the card brands and administered by the Payment Card Industry Security Standards Council.;735291151388;ap-south-1;2026-07-11 14:19:13.485135;1.2.3.b;The known (or unknown) implementation and exploitation of wireless technology within a network is a common path for malicious individuals to gain access to the network and cardholder data. If a wireless device or network is installed without the entity's knowledge, a malicious individual could easily and “invisibly” enter the network. If firewalls do not restrict access from wireless networks into the CDE, malicious individuals that gain unauthorized access to the wireless network can easily connect to the CDE and compromise account information. Firewalls must be installed between all wireless networks and the CDE, regardless of the purpose of the environment to which the wireless network is connected. This may include, but is not limited to, corporate networks, retail stores, guest networks, warehouse environments, etc.;Requirement 1: Install and maintain a firewall configuration to protect cardholder data;1.2.3 Install perimeter firewalls between all wireless networks and the cardholder data environment, and configure these firewalls to deny or, if traffic is necessary for business purposes, permit only authorized traffic between the wireless environment and the cardholder data environment;;;;FAIL;Network ACL acl-055a0136ea4bc4585 has SSH port 22 open to the Internet.;arn:aws:ec2:ap-south-1:735291151388:network-acl/acl-055a0136ea4bc4585;ec2_networkacl_allow_ingress_tcp_port_22;False;acl-055a0136ea4bc4585;PCI;Payment Card Industry Data Security Standard (PCI DSS) v3.2.1;
aws;The Payment Card Industry Data Security Standard (PCI DSS) is a proprietary information security standard. It's administered by the PCI Security Standards Council, which was founded by American Express, Discover Financial Services, JCB International, MasterCard Worldwide, and Visa Inc. PCI DSS applies to entities that store, process, or transmit cardholder data (CHD) or sensitive authentication data (SAD). This includes, but isn't limited to, merchants, processors, acquirers, issuers, and service providers. The PCI DSS is mandated by the card brands and administered by the Payment Card Industry Security Standards Council.;735291151388;ap-south-1;2026-07-11 14:19:13.485135;1.3;While there may be legitimate reasons for untrusted connections to be permitted to DMZ systems (e.g., to allow public access to a web server), such connections should never be granted to systems in the internal network. A firewall's intent is to manage and control all connections between public systems and internal systems, especially those that store, process or transmit cardholder data. If direct access is allowed between public systems and the CDE, the protections offered by the firewall are bypassed, and system components storing cardholder data may be exposed to compromise.;Requirement 1: Install and maintain a firewall configuration to protect cardholder data;Requirement 1: Install and maintain a firewall configuration to protect cardholder data;;;;FAIL;Network ACL acl-055a0136ea4bc4585 has SSH port 22 open to the Internet.;arn:aws:ec2:ap-south-1:735291151388:network-acl/acl-055a0136ea4bc4585;ec2_networkacl_allow_ingress_tcp_port_22;False;acl-055a0136ea4bc4585;PCI;Payment Card Industry Data Security Standard (PCI DSS) v3.2.1;
aws;The Payment Card Industry Data Security Standard (PCI DSS) is a proprietary information security standard. It's administered by the PCI Security Standards Council, which was founded by American Express, Discover Financial Services, JCB International, MasterCard Worldwide, and Visa Inc. PCI DSS applies to entities that store, process, or transmit cardholder data (CHD) or sensitive authentication data (SAD). This includes, but isn't limited to, merchants, processors, acquirers, issuers, and service providers. The PCI DSS is mandated by the card brands and administered by the Payment Card Industry Security Standards Council.;735291151388;ap-south-1;2026-07-11 14:19:13.485135;1.3.2;The DMZ is that part of the network that manages connections between the Internet (or other untrusted networks), and services that an organization needs to have available to the public (like a web server). This functionality is intended to prevent malicious individuals from accessing the organization's internal network from the Internet, or from using services, protocols, or ports in an unauthorized manner. The set of controls will limit inbound Internet traffic to IP addresses within the DMZ.;Requirement 1: Install and maintain a firewall configuration to protect cardholder data;1.3 Examine firewall and router configurations-including but not limited to the choke router at the Internet, the DMZ router and firewall, the DMZ cardholder segment, the perimeter router, and the internal cardholder network segment-and perform the following to determine that there is no direct access between the Internet and system components in the internal cardholder network segment;;;;FAIL;Network ACL acl-055a0136ea4bc4585 has SSH port 22 open to the Internet.;arn:aws:ec2:ap-south-1:735291151388:network-acl/acl-055a0136ea4bc4585;ec2_networkacl_allow_ingress_tcp_port_22;False;acl-055a0136ea4bc4585;PCI;Payment Card Industry Data Security Standard (PCI DSS) v3.2.1;
aws;The Payment Card Industry Data Security Standard (PCI DSS) is a proprietary information security standard. It's administered by the PCI Security Standards Council, which was founded by American Express, Discover Financial Services, JCB International, MasterCard Worldwide, and Visa Inc. PCI DSS applies to entities that store, process, or transmit cardholder data (CHD) or sensitive authentication data (SAD). This includes, but isn't limited to, merchants, processors, acquirers, issuers, and service providers. The PCI DSS is mandated by the card brands and administered by the Payment Card Industry Security Standards Council.;735291151388;ap-south-1;2026-07-11 14:19:13.485135;1.2;It is essential to install network protection between the internal, trusted network and any untrusted network that is external and/or out of the entity's ability to control or manage. Failure to implement this measure correctly results in the entity being vulnerable to unauthorized access by malicious individuals or software. For firewall functionality to be effective, it must be properly configured to control and/or limit traffic into and out of the entity's network.;Requirement 1: Install and maintain a firewall configuration to protect cardholder data;Requirement 1: Install and maintain a firewall configuration to protect cardholder data;;;;FAIL;Network ACL acl-0db7c7715aa3918aa has SSH port 22 open to the Internet.;arn:aws:ec2:ap-south-1:735291151388:network-acl/acl-0db7c7715aa3918aa;ec2_networkacl_allow_ingress_tcp_port_22;False;acl-0db7c7715aa3918aa;PCI;Payment Card Industry Data Security Standard (PCI DSS) v3.2.1;
aws;The Payment Card Industry Data Security Standard (PCI DSS) is a proprietary information security standard. It's administered by the PCI Security Standards Council, which was founded by American Express, Discover Financial Services, JCB International, MasterCard Worldwide, and Visa Inc. PCI DSS applies to entities that store, process, or transmit cardholder data (CHD) or sensitive authentication data (SAD). This includes, but isn't limited to, merchants, processors, acquirers, issuers, and service providers. The PCI DSS is mandated by the card brands and administered by the Payment Card Industry Security Standards Council.;735291151388;ap-south-1;2026-07-11 14:19:13.485135;1.2.1;Examination of all inbound and outbound connections allows for inspection and restriction of traffic based on the source and/or destination address, thus preventing unfiltered access between untrusted and trusted environments. This prevents malicious individuals from accessing the entity's network via unauthorized IP addresses or from using services, protocols, or ports in an unauthorized manner (for example, to send data they've obtained from within the entity's network out to an untrusted server). Implementing a rule that denies all inbound and outbound traffic that is not specifically needed helps to prevent inadvertent holes that would allow unintended and potentially harmful traffic in or out.;Requirement 1: Install and maintain a firewall configuration to protect cardholder data;1.2 Examine firewall and router configurations and perform the following to verify that connections are restricted between untrusted networks and system components in the cardholder data environment;;;;FAIL;Network ACL acl-0db7c7715aa3918aa has SSH port 22 open to the Internet.;arn:aws:ec2:ap-south-1:735291151388:network-acl/acl-0db7c7715aa3918aa;ec2_networkacl_allow_ingress_tcp_port_22;False;acl-0db7c7715aa3918aa;PCI;Payment Card Industry Data Security Standard (PCI DSS) v3.2.1;
aws;The Payment Card Industry Data Security Standard (PCI DSS) is a proprietary information security standard. It's administered by the PCI Security Standards Council, which was founded by American Express, Discover Financial Services, JCB International, MasterCard Worldwide, and Visa Inc. PCI DSS applies to entities that store, process, or transmit cardholder data (CHD) or sensitive authentication data (SAD). This includes, but isn't limited to, merchants, processors, acquirers, issuers, and service providers. The PCI DSS is mandated by the card brands and administered by the Payment Card Industry Security Standards Council.;735291151388;ap-south-1;2026-07-11 14:19:13.485135;1.2.1.a;Examination of all inbound and outbound connections allows for inspection and restriction of traffic based on the source and/or destination address, thus preventing unfiltered access between untrusted and trusted environments. This prevents malicious individuals from accessing the entity's network via unauthorized IP addresses or from using services, protocols, or ports in an unauthorized manner (for example, to send data they've obtained from within the entity's network out to an untrusted server). Implementing a rule that denies all inbound and outbound traffic that is not specifically needed helps to prevent inadvertent holes that would allow unintended and potentially harmful traffic in or out.;Requirement 1: Install and maintain a firewall configuration to protect cardholder data;1.2.1 Restrict inbound and outbound traffic to that which is necessary for the cardholder data environment, and specifically deny all other traffic;;;;FAIL;Network ACL acl-0db7c7715aa3918aa has SSH port 22 open to the Internet.;arn:aws:ec2:ap-south-1:735291151388:network-acl/acl-0db7c7715aa3918aa;ec2_networkacl_allow_ingress_tcp_port_22;False;acl-0db7c7715aa3918aa;PCI;Payment Card Industry Data Security Standard (PCI DSS) v3.2.1;
aws;The Payment Card Industry Data Security Standard (PCI DSS) is a proprietary information security standard. It's administered by the PCI Security Standards Council, which was founded by American Express, Discover Financial Services, JCB International, MasterCard Worldwide, and Visa Inc. PCI DSS applies to entities that store, process, or transmit cardholder data (CHD) or sensitive authentication data (SAD). This includes, but isn't limited to, merchants, processors, acquirers, issuers, and service providers. The PCI DSS is mandated by the card brands and administered by the Payment Card Industry Security Standards Council.;735291151388;ap-south-1;2026-07-11 14:19:13.485135;1.2.1.b;Examination of all inbound and outbound connections allows for inspection and restriction of traffic based on the source and/or destination address, thus preventing unfiltered access between untrusted and trusted environments. This prevents malicious individuals from accessing the entity's network via unauthorized IP addresses or from using services, protocols, or ports in an unauthorized manner (for example, to send data they've obtained from within the entity's network out to an untrusted server). Implementing a rule that denies all inbound and outbound traffic that is not specifically needed helps to prevent inadvertent holes that would allow unintended and potentially harmful traffic in or out.;Requirement 1: Install and maintain a firewall configuration to protect cardholder data;1.2.1 Restrict inbound and outbound traffic to that which is necessary for the cardholder data environment, and specifically deny all other traffic;;;;FAIL;Network ACL acl-0db7c7715aa3918aa has SSH port 22 open to the Internet.;arn:aws:ec2:ap-south-1:735291151388:network-acl/acl-0db7c7715aa3918aa;ec2_networkacl_allow_ingress_tcp_port_22;False;acl-0db7c7715aa3918aa;PCI;Payment Card Industry Data Security Standard (PCI DSS) v3.2.1;
aws;The Payment Card Industry Data Security Standard (PCI DSS) is a proprietary information security standard. It's administered by the PCI Security Standards Council, which was founded by American Express, Discover Financial Services, JCB International, MasterCard Worldwide, and Visa Inc. PCI DSS applies to entities that store, process, or transmit cardholder data (CHD) or sensitive authentication data (SAD). This includes, but isn't limited to, merchants, processors, acquirers, issuers, and service providers. The PCI DSS is mandated by the card brands and administered by the Payment Card Industry Security Standards Council.;735291151388;ap-south-1;2026-07-11 14:19:13.485135;1.2.1.c;Examination of all inbound and outbound connections allows for inspection and restriction of traffic based on the source and/or destination address, thus preventing unfiltered access between untrusted and trusted environments. This prevents malicious individuals from accessing the entity's network via unauthorized IP addresses or from using services, protocols, or ports in an unauthorized manner (for example, to send data they've obtained from within the entity's network out to an untrusted server). Implementing a rule that denies all inbound and outbound traffic that is not specifically needed helps to prevent inadvertent holes that would allow unintended and potentially harmful traffic in or out.;Requirement 1: Install and maintain a firewall configuration to protect cardholder data;1.2.1 Restrict inbound and outbound traffic to that which is necessary for the cardholder data environment, and specifically deny all other traffic;;;;FAIL;Network ACL acl-0db7c7715aa3918aa has SSH port 22 open to the Internet.;arn:aws:ec2:ap-south-1:735291151388:network-acl/acl-0db7c7715aa3918aa;ec2_networkacl_allow_ingress_tcp_port_22;False;acl-0db7c7715aa3918aa;PCI;Payment Card Industry Data Security Standard (PCI DSS) v3.2.1;
aws;The Payment Card Industry Data Security Standard (PCI DSS) is a proprietary information security standard. It's administered by the PCI Security Standards Council, which was founded by American Express, Discover Financial Services, JCB International, MasterCard Worldwide, and Visa Inc. PCI DSS applies to entities that store, process, or transmit cardholder data (CHD) or sensitive authentication data (SAD). This includes, but isn't limited to, merchants, processors, acquirers, issuers, and service providers. The PCI DSS is mandated by the card brands and administered by the Payment Card Industry Security Standards Council.;735291151388;ap-south-1;2026-07-11 14:19:13.485135;1.2.3;The known (or unknown) implementation and exploitation of wireless technology within a network is a common path for malicious individuals to gain access to the network and cardholder data. If a wireless device or network is installed without the entity's knowledge, a malicious individual could easily and “invisibly” enter the network. If firewalls do not restrict access from wireless networks into the CDE, malicious individuals that gain unauthorized access to the wireless network can easily connect to the CDE and compromise account information. Firewalls must be installed between all wireless networks and the CDE, regardless of the purpose of the environment to which the wireless network is connected. This may include, but is not limited to, corporate networks, retail stores, guest networks, warehouse environments, etc.;Requirement 1: Install and maintain a firewall configuration to protect cardholder data;1.2 Examine firewall and router configurations and perform the following to verify that connections are restricted between untrusted networks and system components in the cardholder data environment;;;;FAIL;Network ACL acl-0db7c7715aa3918aa has SSH port 22 open to the Internet.;arn:aws:ec2:ap-south-1:735291151388:network-acl/acl-0db7c7715aa3918aa;ec2_networkacl_allow_ingress_tcp_port_22;False;acl-0db7c7715aa3918aa;PCI;Payment Card Industry Data Security Standard (PCI DSS) v3.2.1;
aws;The Payment Card Industry Data Security Standard (PCI DSS) is a proprietary information security standard. It's administered by the PCI Security Standards Council, which was founded by American Express, Discover Financial Services, JCB International, MasterCard Worldwide, and Visa Inc. PCI DSS applies to entities that store, process, or transmit cardholder data (CHD) or sensitive authentication data (SAD). This includes, but isn't limited to, merchants, processors, acquirers, issuers, and service providers. The PCI DSS is mandated by the card brands and administered by the Payment Card Industry Security Standards Council.;735291151388;ap-south-1;2026-07-11 14:19:13.485135;1.2.3.b;The known (or unknown) implementation and exploitation of wireless technology within a network is a common path for malicious individuals to gain access to the network and cardholder data. If a wireless device or network is installed without the entity's knowledge, a malicious individual could easily and “invisibly” enter the network. If firewalls do not restrict access from wireless networks into the CDE, malicious individuals that gain unauthorized access to the wireless network can easily connect to the CDE and compromise account information. Firewalls must be installed between all wireless networks and the CDE, regardless of the purpose of the environment to which the wireless network is connected. This may include, but is not limited to, corporate networks, retail stores, guest networks, warehouse environments, etc.;Requirement 1: Install and maintain a firewall configuration to protect cardholder data;1.2.3 Install perimeter firewalls between all wireless networks and the cardholder data environment, and configure these firewalls to deny or, if traffic is necessary for business purposes, permit only authorized traffic between the wireless environment and the cardholder data environment;;;;FAIL;Network ACL acl-0db7c7715aa3918aa has SSH port 22 open to the Internet.;arn:aws:ec2:ap-south-1:735291151388:network-acl/acl-0db7c7715aa3918aa;ec2_networkacl_allow_ingress_tcp_port_22;False;acl-0db7c7715aa3918aa;PCI;Payment Card Industry Data Security Standard (PCI DSS) v3.2.1;
aws;The Payment Card Industry Data Security Standard (PCI DSS) is a proprietary information security standard. It's administered by the PCI Security Standards Council, which was founded by American Express, Discover Financial Services, JCB International, MasterCard Worldwide, and Visa Inc. PCI DSS applies to entities that store, process, or transmit cardholder data (CHD) or sensitive authentication data (SAD). This includes, but isn't limited to, merchants, processors, acquirers, issuers, and service providers. The PCI DSS is mandated by the card brands and administered by the Payment Card Industry Security Standards Council.;735291151388;ap-south-1;2026-07-11 14:19:13.485135;1.3;While there may be legitimate reasons for untrusted connections to be permitted to DMZ systems (e.g., to allow public access to a web server), such connections should never be granted to systems in the internal network. A firewall's intent is to manage and control all connections between public systems and internal systems, especially those that store, process or transmit cardholder data. If direct access is allowed between public systems and the CDE, the protections offered by the firewall are bypassed, and system components storing cardholder data may be exposed to compromise.;Requirement 1: Install and maintain a firewall configuration to protect cardholder data;Requirement 1: Install and maintain a firewall configuration to protect cardholder data;;;;FAIL;Network ACL acl-0db7c7715aa3918aa has SSH port 22 open to the Internet.;arn:aws:ec2:ap-south-1:735291151388:network-acl/acl-0db7c7715aa3918aa;ec2_networkacl_allow_ingress_tcp_port_22;False;acl-0db7c7715aa3918aa;PCI;Payment Card Industry Data Security Standard (PCI DSS) v3.2.1;
aws;The Payment Card Industry Data Security Standard (PCI DSS) is a proprietary information security standard. It's administered by the PCI Security Standards Council, which was founded by American Express, Discover Financial Services, JCB International, MasterCard Worldwide, and Visa Inc. PCI DSS applies to entities that store, process, or transmit cardholder data (CHD) or sensitive authentication data (SAD). This includes, but isn't limited to, merchants, processors, acquirers, issuers, and service providers. The PCI DSS is mandated by the card brands and administered by the Payment Card Industry Security Standards Council.;735291151388;ap-south-1;2026-07-11 14:19:13.485135;1.3.2;The DMZ is that part of the network that manages connections between the Internet (or other untrusted networks), and services that an organization needs to have available to the public (like a web server). This functionality is intended to prevent malicious individuals from accessing the organization's internal network from the Internet, or from using services, protocols, or ports in an unauthorized manner. The set of controls will limit inbound Internet traffic to IP addresses within the DMZ.;Requirement 1: Install and maintain a firewall configuration to protect cardholder data;1.3 Examine firewall and router configurations-including but not limited to the choke router at the Internet, the DMZ router and firewall, the DMZ cardholder segment, the perimeter router, and the internal cardholder network segment-and perform the following to determine that there is no direct access between the Internet and system components in the internal cardholder network segment;;;;FAIL;Network ACL acl-0db7c7715aa3918aa has SSH port 22 open to the Internet.;arn:aws:ec2:ap-south-1:735291151388:network-acl/acl-0db7c7715aa3918aa;ec2_networkacl_allow_ingress_tcp_port_22;False;acl-0db7c7715aa3918aa;PCI;Payment Card Industry Data Security Standard (PCI DSS) v3.2.1;
aws;The Payment Card Industry Data Security Standard (PCI DSS) is a proprietary information security standard. It's administered by the PCI Security Standards Council, which was founded by American Express, Discover Financial Services, JCB International, MasterCard Worldwide, and Visa Inc. PCI DSS applies to entities that store, process, or transmit cardholder data (CHD) or sensitive authentication data (SAD). This includes, but isn't limited to, merchants, processors, acquirers, issuers, and service providers. The PCI DSS is mandated by the card brands and administered by the Payment Card Industry Security Standards Council.;735291151388;ap-south-1;2026-07-11 14:19:13.485135;1.2;It is essential to install network protection between the internal, trusted network and any untrusted network that is external and/or out of the entity's ability to control or manage. Failure to implement this measure correctly results in the entity being vulnerable to unauthorized access by malicious individuals or software. For firewall functionality to be effective, it must be properly configured to control and/or limit traffic into and out of the entity's network.;Requirement 1: Install and maintain a firewall configuration to protect cardholder data;Requirement 1: Install and maintain a firewall configuration to protect cardholder data;;;;FAIL;Network ACL acl-055a0136ea4bc4585 has Microsoft RDP port 3389 open to the Internet.;arn:aws:ec2:ap-south-1:735291151388:network-acl/acl-055a0136ea4bc4585;ec2_networkacl_allow_ingress_tcp_port_3389;False;acl-055a0136ea4bc4585;PCI;Payment Card Industry Data Security Standard (PCI DSS) v3.2.1;
aws;The Payment Card Industry Data Security Standard (PCI DSS) is a proprietary information security standard. It's administered by the PCI Security Standards Council, which was founded by American Express, Discover Financial Services, JCB International, MasterCard Worldwide, and Visa Inc. PCI DSS applies to entities that store, process, or transmit cardholder data (CHD) or sensitive authentication data (SAD). This includes, but isn't limited to, merchants, processors, acquirers, issuers, and service providers. The PCI DSS is mandated by the card brands and administered by the Payment Card Industry Security Standards Council.;735291151388;ap-south-1;2026-07-11 14:19:13.485135;1.2.1;Examination of all inbound and outbound connections allows for inspection and restriction of traffic based on the source and/or destination address, thus preventing unfiltered access between untrusted and trusted environments. This prevents malicious individuals from accessing the entity's network via unauthorized IP addresses or from using services, protocols, or ports in an unauthorized manner (for example, to send data they've obtained from within the entity's network out to an untrusted server). Implementing a rule that denies all inbound and outbound traffic that is not specifically needed helps to prevent inadvertent holes that would allow unintended and potentially harmful traffic in or out.;Requirement 1: Install and maintain a firewall configuration to protect cardholder data;1.2 Examine firewall and router configurations and perform the following to verify that connections are restricted between untrusted networks and system components in the cardholder data environment;;;;FAIL;Network ACL acl-055a0136ea4bc4585 has Microsoft RDP port 3389 open to the Internet.;arn:aws:ec2:ap-south-1:735291151388:network-acl/acl-055a0136ea4bc4585;ec2_networkacl_allow_ingress_tcp_port_3389;False;acl-055a0136ea4bc4585;PCI;Payment Card Industry Data Security Standard (PCI DSS) v3.2.1;
aws;The Payment Card Industry Data Security Standard (PCI DSS) is a proprietary information security standard. It's administered by the PCI Security Standards Council, which was founded by American Express, Discover Financial Services, JCB International, MasterCard Worldwide, and Visa Inc. PCI DSS applies to entities that store, process, or transmit cardholder data (CHD) or sensitive authentication data (SAD). This includes, but isn't limited to, merchants, processors, acquirers, issuers, and service providers. The PCI DSS is mandated by the card brands and administered by the Payment Card Industry Security Standards Council.;735291151388;ap-south-1;2026-07-11 14:19:13.485135;1.2.1.a;Examination of all inbound and outbound connections allows for inspection and restriction of traffic based on the source and/or destination address, thus preventing unfiltered access between untrusted and trusted environments. This prevents malicious individuals from accessing the entity's network via unauthorized IP addresses or from using services, protocols, or ports in an unauthorized manner (for example, to send data they've obtained from within the entity's network out to an untrusted server). Implementing a rule that denies all inbound and outbound traffic that is not specifically needed helps to prevent inadvertent holes that would allow unintended and potentially harmful traffic in or out.;Requirement 1: Install and maintain a firewall configuration to protect cardholder data;1.2.1 Restrict inbound and outbound traffic to that which is necessary for the cardholder data environment, and specifically deny all other traffic;;;;FAIL;Network ACL acl-055a0136ea4bc4585 has Microsoft RDP port 3389 open to the Internet.;arn:aws:ec2:ap-south-1:735291151388:network-acl/acl-055a0136ea4bc4585;ec2_networkacl_allow_ingress_tcp_port_3389;False;acl-055a0136ea4bc4585;PCI;Payment Card Industry Data Security Standard (PCI DSS) v3.2.1;
aws;The Payment Card Industry Data Security Standard (PCI DSS) is a proprietary information security standard. It's administered by the PCI Security Standards Council, which was founded by American Express, Discover Financial Services, JCB International, MasterCard Worldwide, and Visa Inc. PCI DSS applies to entities that store, process, or transmit cardholder data (CHD) or sensitive authentication data (SAD). This includes, but isn't limited to, merchants, processors, acquirers, issuers, and service providers. The PCI DSS is mandated by the card brands and administered by the Payment Card Industry Security Standards Council.;735291151388;ap-south-1;2026-07-11 14:19:13.485135;1.2.1.b;Examination of all inbound and outbound connections allows for inspection and restriction of traffic based on the source and/or destination address, thus preventing unfiltered access between untrusted and trusted environments. This prevents malicious individuals from accessing the entity's network via unauthorized IP addresses or from using services, protocols, or ports in an unauthorized manner (for example, to send data they've obtained from within the entity's network out to an untrusted server). Implementing a rule that denies all inbound and outbound traffic that is not specifically needed helps to prevent inadvertent holes that would allow unintended and potentially harmful traffic in or out.;Requirement 1: Install and maintain a firewall configuration to protect cardholder data;1.2.1 Restrict inbound and outbound traffic to that which is necessary for the cardholder data environment, and specifically deny all other traffic;;;;FAIL;Network ACL acl-055a0136ea4bc4585 has Microsoft RDP port 3389 open to the Internet.;arn:aws:ec2:ap-south-1:735291151388:network-acl/acl-055a0136ea4bc4585;ec2_networkacl_allow_ingress_tcp_port_3389;False;acl-055a0136ea4bc4585;PCI;Payment Card Industry Data Security Standard (PCI DSS) v3.2.1;
aws;The Payment Card Industry Data Security Standard (PCI DSS) is a proprietary information security standard. It's administered by the PCI Security Standards Council, which was founded by American Express, Discover Financial Services, JCB International, MasterCard Worldwide, and Visa Inc. PCI DSS applies to entities that store, process, or transmit cardholder data (CHD) or sensitive authentication data (SAD). This includes, but isn't limited to, merchants, processors, acquirers, issuers, and service providers. The PCI DSS is mandated by the card brands and administered by the Payment Card Industry Security Standards Council.;735291151388;ap-south-1;2026-07-11 14:19:13.485135;1.2.1.c;Examination of all inbound and outbound connections allows for inspection and restriction of traffic based on the source and/or destination address, thus preventing unfiltered access between untrusted and trusted environments. This prevents malicious individuals from accessing the entity's network via unauthorized IP addresses or from using services, protocols, or ports in an unauthorized manner (for example, to send data they've obtained from within the entity's network out to an untrusted server). Implementing a rule that denies all inbound and outbound traffic that is not specifically needed helps to prevent inadvertent holes that would allow unintended and potentially harmful traffic in or out.;Requirement 1: Install and maintain a firewall configuration to protect cardholder data;1.2.1 Restrict inbound and outbound traffic to that which is necessary for the cardholder data environment, and specifically deny all other traffic;;;;FAIL;Network ACL acl-055a0136ea4bc4585 has Microsoft RDP port 3389 open to the Internet.;arn:aws:ec2:ap-south-1:735291151388:network-acl/acl-055a0136ea4bc4585;ec2_networkacl_allow_ingress_tcp_port_3389;False;acl-055a0136ea4bc4585;PCI;Payment Card Industry Data Security Standard (PCI DSS) v3.2.1;
aws;The Payment Card Industry Data Security Standard (PCI DSS) is a proprietary information security standard. It's administered by the PCI Security Standards Council, which was founded by American Express, Discover Financial Services, JCB International, MasterCard Worldwide, and Visa Inc. PCI DSS applies to entities that store, process, or transmit cardholder data (CHD) or sensitive authentication data (SAD). This includes, but isn't limited to, merchants, processors, acquirers, issuers, and service providers. The PCI DSS is mandated by the card brands and administered by the Payment Card Industry Security Standards Council.;735291151388;ap-south-1;2026-07-11 14:19:13.485135;1.2.3;The known (or unknown) implementation and exploitation of wireless technology within a network is a common path for malicious individuals to gain access to the network and cardholder data. If a wireless device or network is installed without the entity's knowledge, a malicious individual could easily and “invisibly” enter the network. If firewalls do not restrict access from wireless networks into the CDE, malicious individuals that gain unauthorized access to the wireless network can easily connect to the CDE and compromise account information. Firewalls must be installed between all wireless networks and the CDE, regardless of the purpose of the environment to which the wireless network is connected. This may include, but is not limited to, corporate networks, retail stores, guest networks, warehouse environments, etc.;Requirement 1: Install and maintain a firewall configuration to protect cardholder data;1.2 Examine firewall and router configurations and perform the following to verify that connections are restricted between untrusted networks and system components in the cardholder data environment;;;;FAIL;Network ACL acl-055a0136ea4bc4585 has Microsoft RDP port 3389 open to the Internet.;arn:aws:ec2:ap-south-1:735291151388:network-acl/acl-055a0136ea4bc4585;ec2_networkacl_allow_ingress_tcp_port_3389;False;acl-055a0136ea4bc4585;PCI;Payment Card Industry Data Security Standard (PCI DSS) v3.2.1;
aws;The Payment Card Industry Data Security Standard (PCI DSS) is a proprietary information security standard. It's administered by the PCI Security Standards Council, which was founded by American Express, Discover Financial Services, JCB International, MasterCard Worldwide, and Visa Inc. PCI DSS applies to entities that store, process, or transmit cardholder data (CHD) or sensitive authentication data (SAD). This includes, but isn't limited to, merchants, processors, acquirers, issuers, and service providers. The PCI DSS is mandated by the card brands and administered by the Payment Card Industry Security Standards Council.;735291151388;ap-south-1;2026-07-11 14:19:13.485135;1.2.3.b;The known (or unknown) implementation and exploitation of wireless technology within a network is a common path for malicious individuals to gain access to the network and cardholder data. If a wireless device or network is installed without the entity's knowledge, a malicious individual could easily and “invisibly” enter the network. If firewalls do not restrict access from wireless networks into the CDE, malicious individuals that gain unauthorized access to the wireless network can easily connect to the CDE and compromise account information. Firewalls must be installed between all wireless networks and the CDE, regardless of the purpose of the environment to which the wireless network is connected. This may include, but is not limited to, corporate networks, retail stores, guest networks, warehouse environments, etc.;Requirement 1: Install and maintain a firewall configuration to protect cardholder data;1.2.3 Install perimeter firewalls between all wireless networks and the cardholder data environment, and configure these firewalls to deny or, if traffic is necessary for business purposes, permit only authorized traffic between the wireless environment and the cardholder data environment;;;;FAIL;Network ACL acl-055a0136ea4bc4585 has Microsoft RDP port 3389 open to the Internet.;arn:aws:ec2:ap-south-1:735291151388:network-acl/acl-055a0136ea4bc4585;ec2_networkacl_allow_ingress_tcp_port_3389;False;acl-055a0136ea4bc4585;PCI;Payment Card Industry Data Security Standard (PCI DSS) v3.2.1;
aws;The Payment Card Industry Data Security Standard (PCI DSS) is a proprietary information security standard. It's administered by the PCI Security Standards Council, which was founded by American Express, Discover Financial Services, JCB International, MasterCard Worldwide, and Visa Inc. PCI DSS applies to entities that store, process, or transmit cardholder data (CHD) or sensitive authentication data (SAD). This includes, but isn't limited to, merchants, processors, acquirers, issuers, and service providers. The PCI DSS is mandated by the card brands and administered by the Payment Card Industry Security Standards Council.;735291151388;ap-south-1;2026-07-11 14:19:13.485135;1.3;While there may be legitimate reasons for untrusted connections to be permitted to DMZ systems (e.g., to allow public access to a web server), such connections should never be granted to systems in the internal network. A firewall's intent is to manage and control all connections between public systems and internal systems, especially those that store, process or transmit cardholder data. If direct access is allowed between public systems and the CDE, the protections offered by the firewall are bypassed, and system components storing cardholder data may be exposed to compromise.;Requirement 1: Install and maintain a firewall configuration to protect cardholder data;Requirement 1: Install and maintain a firewall configuration to protect cardholder data;;;;FAIL;Network ACL acl-055a0136ea4bc4585 has Microsoft RDP port 3389 open to the Internet.;arn:aws:ec2:ap-south-1:735291151388:network-acl/acl-055a0136ea4bc4585;ec2_networkacl_allow_ingress_tcp_port_3389;False;acl-055a0136ea4bc4585;PCI;Payment Card Industry Data Security Standard (PCI DSS) v3.2.1;
aws;The Payment Card Industry Data Security Standard (PCI DSS) is a proprietary information security standard. It's administered by the PCI Security Standards Council, which was founded by American Express, Discover Financial Services, JCB International, MasterCard Worldwide, and Visa Inc. PCI DSS applies to entities that store, process, or transmit cardholder data (CHD) or sensitive authentication data (SAD). This includes, but isn't limited to, merchants, processors, acquirers, issuers, and service providers. The PCI DSS is mandated by the card brands and administered by the Payment Card Industry Security Standards Council.;735291151388;ap-south-1;2026-07-11 14:19:13.485135;1.3.2;The DMZ is that part of the network that manages connections between the Internet (or other untrusted networks), and services that an organization needs to have available to the public (like a web server). This functionality is intended to prevent malicious individuals from accessing the organization's internal network from the Internet, or from using services, protocols, or ports in an unauthorized manner. The set of controls will limit inbound Internet traffic to IP addresses within the DMZ.;Requirement 1: Install and maintain a firewall configuration to protect cardholder data;1.3 Examine firewall and router configurations-including but not limited to the choke router at the Internet, the DMZ router and firewall, the DMZ cardholder segment, the perimeter router, and the internal cardholder network segment-and perform the following to determine that there is no direct access between the Internet and system components in the internal cardholder network segment;;;;FAIL;Network ACL acl-055a0136ea4bc4585 has Microsoft RDP port 3389 open to the Internet.;arn:aws:ec2:ap-south-1:735291151388:network-acl/acl-055a0136ea4bc4585;ec2_networkacl_allow_ingress_tcp_port_3389;False;acl-055a0136ea4bc4585;PCI;Payment Card Industry Data Security Standard (PCI DSS) v3.2.1;
aws;The Payment Card Industry Data Security Standard (PCI DSS) is a proprietary information security standard. It's administered by the PCI Security Standards Council, which was founded by American Express, Discover Financial Services, JCB International, MasterCard Worldwide, and Visa Inc. PCI DSS applies to entities that store, process, or transmit cardholder data (CHD) or sensitive authentication data (SAD). This includes, but isn't limited to, merchants, processors, acquirers, issuers, and service providers. The PCI DSS is mandated by the card brands and administered by the Payment Card Industry Security Standards Council.;735291151388;ap-south-1;2026-07-11 14:19:13.485135;1.2;It is essential to install network protection between the internal, trusted network and any untrusted network that is external and/or out of the entity's ability to control or manage. Failure to implement this measure correctly results in the entity being vulnerable to unauthorized access by malicious individuals or software. For firewall functionality to be effective, it must be properly configured to control and/or limit traffic into and out of the entity's network.;Requirement 1: Install and maintain a firewall configuration to protect cardholder data;Requirement 1: Install and maintain a firewall configuration to protect cardholder data;;;;FAIL;Network ACL acl-0db7c7715aa3918aa has Microsoft RDP port 3389 open to the Internet.;arn:aws:ec2:ap-south-1:735291151388:network-acl/acl-0db7c7715aa3918aa;ec2_networkacl_allow_ingress_tcp_port_3389;False;acl-0db7c7715aa3918aa;PCI;Payment Card Industry Data Security Standard (PCI DSS) v3.2.1;
aws;The Payment Card Industry Data Security Standard (PCI DSS) is a proprietary information security standard. It's administered by the PCI Security Standards Council, which was founded by American Express, Discover Financial Services, JCB International, MasterCard Worldwide, and Visa Inc. PCI DSS applies to entities that store, process, or transmit cardholder data (CHD) or sensitive authentication data (SAD). This includes, but isn't limited to, merchants, processors, acquirers, issuers, and service providers. The PCI DSS is mandated by the card brands and administered by the Payment Card Industry Security Standards Council.;735291151388;ap-south-1;2026-07-11 14:19:13.485135;1.2.1;Examination of all inbound and outbound connections allows for inspection and restriction of traffic based on the source and/or destination address, thus preventing unfiltered access between untrusted and trusted environments. This prevents malicious individuals from accessing the entity's network via unauthorized IP addresses or from using services, protocols, or ports in an unauthorized manner (for example, to send data they've obtained from within the entity's network out to an untrusted server). Implementing a rule that denies all inbound and outbound traffic that is not specifically needed helps to prevent inadvertent holes that would allow unintended and potentially harmful traffic in or out.;Requirement 1: Install and maintain a firewall configuration to protect cardholder data;1.2 Examine firewall and router configurations and perform the following to verify that connections are restricted between untrusted networks and system components in the cardholder data environment;;;;FAIL;Network ACL acl-0db7c7715aa3918aa has Microsoft RDP port 3389 open to the Internet.;arn:aws:ec2:ap-south-1:735291151388:network-acl/acl-0db7c7715aa3918aa;ec2_networkacl_allow_ingress_tcp_port_3389;False;acl-0db7c7715aa3918aa;PCI;Payment Card Industry Data Security Standard (PCI DSS) v3.2.1;
aws;The Payment Card Industry Data Security Standard (PCI DSS) is a proprietary information security standard. It's administered by the PCI Security Standards Council, which was founded by American Express, Discover Financial Services, JCB International, MasterCard Worldwide, and Visa Inc. PCI DSS applies to entities that store, process, or transmit cardholder data (CHD) or sensitive authentication data (SAD). This includes, but isn't limited to, merchants, processors, acquirers, issuers, and service providers. The PCI DSS is mandated by the card brands and administered by the Payment Card Industry Security Standards Council.;735291151388;ap-south-1;2026-07-11 14:19:13.485135;1.2.1.a;Examination of all inbound and outbound connections allows for inspection and restriction of traffic based on the source and/or destination address, thus preventing unfiltered access between untrusted and trusted environments. This prevents malicious individuals from accessing the entity's network via unauthorized IP addresses or from using services, protocols, or ports in an unauthorized manner (for example, to send data they've obtained from within the entity's network out to an untrusted server). Implementing a rule that denies all inbound and outbound traffic that is not specifically needed helps to prevent inadvertent holes that would allow unintended and potentially harmful traffic in or out.;Requirement 1: Install and maintain a firewall configuration to protect cardholder data;1.2.1 Restrict inbound and outbound traffic to that which is necessary for the cardholder data environment, and specifically deny all other traffic;;;;FAIL;Network ACL acl-0db7c7715aa3918aa has Microsoft RDP port 3389 open to the Internet.;arn:aws:ec2:ap-south-1:735291151388:network-acl/acl-0db7c7715aa3918aa;ec2_networkacl_allow_ingress_tcp_port_3389;False;acl-0db7c7715aa3918aa;PCI;Payment Card Industry Data Security Standard (PCI DSS) v3.2.1;
aws;The Payment Card Industry Data Security Standard (PCI DSS) is a proprietary information security standard. It's administered by the PCI Security Standards Council, which was founded by American Express, Discover Financial Services, JCB International, MasterCard Worldwide, and Visa Inc. PCI DSS applies to entities that store, process, or transmit cardholder data (CHD) or sensitive authentication data (SAD). This includes, but isn't limited to, merchants, processors, acquirers, issuers, and service providers. The PCI DSS is mandated by the card brands and administered by the Payment Card Industry Security Standards Council.;735291151388;ap-south-1;2026-07-11 14:19:13.485135;1.2.1.b;Examination of all inbound and outbound connections allows for inspection and restriction of traffic based on the source and/or destination address, thus preventing unfiltered access between untrusted and trusted environments. This prevents malicious individuals from accessing the entity's network via unauthorized IP addresses or from using services, protocols, or ports in an unauthorized manner (for example, to send data they've obtained from within the entity's network out to an untrusted server). Implementing a rule that denies all inbound and outbound traffic that is not specifically needed helps to prevent inadvertent holes that would allow unintended and potentially harmful traffic in or out.;Requirement 1: Install and maintain a firewall configuration to protect cardholder data;1.2.1 Restrict inbound and outbound traffic to that which is necessary for the cardholder data environment, and specifically deny all other traffic;;;;FAIL;Network ACL acl-0db7c7715aa3918aa has Microsoft RDP port 3389 open to the Internet.;arn:aws:ec2:ap-south-1:735291151388:network-acl/acl-0db7c7715aa3918aa;ec2_networkacl_allow_ingress_tcp_port_3389;False;acl-0db7c7715aa3918aa;PCI;Payment Card Industry Data Security Standard (PCI DSS) v3.2.1;
aws;The Payment Card Industry Data Security Standard (PCI DSS) is a proprietary information security standard. It's administered by the PCI Security Standards Council, which was founded by American Express, Discover Financial Services, JCB International, MasterCard Worldwide, and Visa Inc. PCI DSS applies to entities that store, process, or transmit cardholder data (CHD) or sensitive authentication data (SAD). This includes, but isn't limited to, merchants, processors, acquirers, issuers, and service providers. The PCI DSS is mandated by the card brands and administered by the Payment Card Industry Security Standards Council.;735291151388;ap-south-1;2026-07-11 14:19:13.485135;1.2.1.c;Examination of all inbound and outbound connections allows for inspection and restriction of traffic based on the source and/or destination address, thus preventing unfiltered access between untrusted and trusted environments. This prevents malicious individuals from accessing the entity's network via unauthorized IP addresses or from using services, protocols, or ports in an unauthorized manner (for example, to send data they've obtained from within the entity's network out to an untrusted server). Implementing a rule that denies all inbound and outbound traffic that is not specifically needed helps to prevent inadvertent holes that would allow unintended and potentially harmful traffic in or out.;Requirement 1: Install and maintain a firewall configuration to protect cardholder data;1.2.1 Restrict inbound and outbound traffic to that which is necessary for the cardholder data environment, and specifically deny all other traffic;;;;FAIL;Network ACL acl-0db7c7715aa3918aa has Microsoft RDP port 3389 open to the Internet.;arn:aws:ec2:ap-south-1:735291151388:network-acl/acl-0db7c7715aa3918aa;ec2_networkacl_allow_ingress_tcp_port_3389;False;acl-0db7c7715aa3918aa;PCI;Payment Card Industry Data Security Standard (PCI DSS) v3.2.1;
aws;The Payment Card Industry Data Security Standard (PCI DSS) is a proprietary information security standard. It's administered by the PCI Security Standards Council, which was founded by American Express, Discover Financial Services, JCB International, MasterCard Worldwide, and Visa Inc. PCI DSS applies to entities that store, process, or transmit cardholder data (CHD) or sensitive authentication data (SAD). This includes, but isn't limited to, merchants, processors, acquirers, issuers, and service providers. The PCI DSS is mandated by the card brands and administered by the Payment Card Industry Security Standards Council.;735291151388;ap-south-1;2026-07-11 14:19:13.485135;1.2.3;The known (or unknown) implementation and exploitation of wireless technology within a network is a common path for malicious individuals to gain access to the network and cardholder data. If a wireless device or network is installed without the entity's knowledge, a malicious individual could easily and “invisibly” enter the network. If firewalls do not restrict access from wireless networks into the CDE, malicious individuals that gain unauthorized access to the wireless network can easily connect to the CDE and compromise account information. Firewalls must be installed between all wireless networks and the CDE, regardless of the purpose of the environment to which the wireless network is connected. This may include, but is not limited to, corporate networks, retail stores, guest networks, warehouse environments, etc.;Requirement 1: Install and maintain a firewall configuration to protect cardholder data;1.2 Examine firewall and router configurations and perform the following to verify that connections are restricted between untrusted networks and system components in the cardholder data environment;;;;FAIL;Network ACL acl-0db7c7715aa3918aa has Microsoft RDP port 3389 open to the Internet.;arn:aws:ec2:ap-south-1:735291151388:network-acl/acl-0db7c7715aa3918aa;ec2_networkacl_allow_ingress_tcp_port_3389;False;acl-0db7c7715aa3918aa;PCI;Payment Card Industry Data Security Standard (PCI DSS) v3.2.1;
aws;The Payment Card Industry Data Security Standard (PCI DSS) is a proprietary information security standard. It's administered by the PCI Security Standards Council, which was founded by American Express, Discover Financial Services, JCB International, MasterCard Worldwide, and Visa Inc. PCI DSS applies to entities that store, process, or transmit cardholder data (CHD) or sensitive authentication data (SAD). This includes, but isn't limited to, merchants, processors, acquirers, issuers, and service providers. The PCI DSS is mandated by the card brands and administered by the Payment Card Industry Security Standards Council.;735291151388;ap-south-1;2026-07-11 14:19:13.485135;1.2.3.b;The known (or unknown) implementation and exploitation of wireless technology within a network is a common path for malicious individuals to gain access to the network and cardholder data. If a wireless device or network is installed without the entity's knowledge, a malicious individual could easily and “invisibly” enter the network. If firewalls do not restrict access from wireless networks into the CDE, malicious individuals that gain unauthorized access to the wireless network can easily connect to the CDE and compromise account information. Firewalls must be installed between all wireless networks and the CDE, regardless of the purpose of the environment to which the wireless network is connected. This may include, but is not limited to, corporate networks, retail stores, guest networks, warehouse environments, etc.;Requirement 1: Install and maintain a firewall configuration to protect cardholder data;1.2.3 Install perimeter firewalls between all wireless networks and the cardholder data environment, and configure these firewalls to deny or, if traffic is necessary for business purposes, permit only authorized traffic between the wireless environment and the cardholder data environment;;;;FAIL;Network ACL acl-0db7c7715aa3918aa has Microsoft RDP port 3389 open to the Internet.;arn:aws:ec2:ap-south-1:735291151388:network-acl/acl-0db7c7715aa3918aa;ec2_networkacl_allow_ingress_tcp_port_3389;False;acl-0db7c7715aa3918aa;PCI;Payment Card Industry Data Security Standard (PCI DSS) v3.2.1;
aws;The Payment Card Industry Data Security Standard (PCI DSS) is a proprietary information security standard. It's administered by the PCI Security Standards Council, which was founded by American Express, Discover Financial Services, JCB International, MasterCard Worldwide, and Visa Inc. PCI DSS applies to entities that store, process, or transmit cardholder data (CHD) or sensitive authentication data (SAD). This includes, but isn't limited to, merchants, processors, acquirers, issuers, and service providers. The PCI DSS is mandated by the card brands and administered by the Payment Card Industry Security Standards Council.;735291151388;ap-south-1;2026-07-11 14:19:13.485135;1.3;While there may be legitimate reasons for untrusted connections to be permitted to DMZ systems (e.g., to allow public access to a web server), such connections should never be granted to systems in the internal network. A firewall's intent is to manage and control all connections between public systems and internal systems, especially those that store, process or transmit cardholder data. If direct access is allowed between public systems and the CDE, the protections offered by the firewall are bypassed, and system components storing cardholder data may be exposed to compromise.;Requirement 1: Install and maintain a firewall configuration to protect cardholder data;Requirement 1: Install and maintain a firewall configuration to protect cardholder data;;;;FAIL;Network ACL acl-0db7c7715aa3918aa has Microsoft RDP port 3389 open to the Internet.;arn:aws:ec2:ap-south-1:735291151388:network-acl/acl-0db7c7715aa3918aa;ec2_networkacl_allow_ingress_tcp_port_3389;False;acl-0db7c7715aa3918aa;PCI;Payment Card Industry Data Security Standard (PCI DSS) v3.2.1;
aws;The Payment Card Industry Data Security Standard (PCI DSS) is a proprietary information security standard. It's administered by the PCI Security Standards Council, which was founded by American Express, Discover Financial Services, JCB International, MasterCard Worldwide, and Visa Inc. PCI DSS applies to entities that store, process, or transmit cardholder data (CHD) or sensitive authentication data (SAD). This includes, but isn't limited to, merchants, processors, acquirers, issuers, and service providers. The PCI DSS is mandated by the card brands and administered by the Payment Card Industry Security Standards Council.;735291151388;ap-south-1;2026-07-11 14:19:13.485135;1.3.2;The DMZ is that part of the network that manages connections between the Internet (or other untrusted networks), and services that an organization needs to have available to the public (like a web server). This functionality is intended to prevent malicious individuals from accessing the organization's internal network from the Internet, or from using services, protocols, or ports in an unauthorized manner. The set of controls will limit inbound Internet traffic to IP addresses within the DMZ.;Requirement 1: Install and maintain a firewall configuration to protect cardholder data;1.3 Examine firewall and router configurations-including but not limited to the choke router at the Internet, the DMZ router and firewall, the DMZ cardholder segment, the perimeter router, and the internal cardholder network segment-and perform the following to determine that there is no direct access between the Internet and system components in the internal cardholder network segment;;;;FAIL;Network ACL acl-0db7c7715aa3918aa has Microsoft RDP port 3389 open to the Internet.;arn:aws:ec2:ap-south-1:735291151388:network-acl/acl-0db7c7715aa3918aa;ec2_networkacl_allow_ingress_tcp_port_3389;False;acl-0db7c7715aa3918aa;PCI;Payment Card Industry Data Security Standard (PCI DSS) v3.2.1;
aws;The Payment Card Industry Data Security Standard (PCI DSS) is a proprietary information security standard. It's administered by the PCI Security Standards Council, which was founded by American Express, Discover Financial Services, JCB International, MasterCard Worldwide, and Visa Inc. PCI DSS applies to entities that store, process, or transmit cardholder data (CHD) or sensitive authentication data (SAD). This includes, but isn't limited to, merchants, processors, acquirers, issuers, and service providers. The PCI DSS is mandated by the card brands and administered by the Payment Card Industry Security Standards Council.;735291151388;ap-south-1;2026-07-11 14:19:13.485135;1.1;Firewalls and routers are key components of the architecture that controls entry to and exit from the network. These devices are software or hardware devices that block unwanted access and manage authorized access into and out of the network. Configuration standards and procedures will help to ensure that the organization's first line of defense in the protection of its data remains strong.;Requirement 1: Install and maintain a firewall configuration to protect cardholder data;Requirement 1: Install and maintain a firewall configuration to protect cardholder data;;;;PASS;Security group cloudguardian-web-sg (sg-0fdba0a657788f1d7) does not have all ports open to the Internet.;arn:aws:ec2:ap-south-1:735291151388:security-group/sg-0fdba0a657788f1d7;ec2_securitygroup_allow_ingress_from_internet_to_all_ports;False;sg-0fdba0a657788f1d7;PCI;Payment Card Industry Data Security Standard (PCI DSS) v3.2.1;
aws;The Payment Card Industry Data Security Standard (PCI DSS) is a proprietary information security standard. It's administered by the PCI Security Standards Council, which was founded by American Express, Discover Financial Services, JCB International, MasterCard Worldwide, and Visa Inc. PCI DSS applies to entities that store, process, or transmit cardholder data (CHD) or sensitive authentication data (SAD). This includes, but isn't limited to, merchants, processors, acquirers, issuers, and service providers. The PCI DSS is mandated by the card brands and administered by the Payment Card Industry Security Standards Council.;735291151388;ap-south-1;2026-07-11 14:19:13.485135;1.1.4;Using a firewall on every Internet connection coming into (and out of) the network, and between any DMZ and the internal network, allows the organization to monitor and control access and minimizes the chances of a malicious individual obtaining access to the internal network via an unprotected connection.;Requirement 1: Install and maintain a firewall configuration to protect cardholder data;1.1 Establish and implement firewall and router configuration standards;;;;PASS;Security group cloudguardian-web-sg (sg-0fdba0a657788f1d7) does not have all ports open to the Internet.;arn:aws:ec2:ap-south-1:735291151388:security-group/sg-0fdba0a657788f1d7;ec2_securitygroup_allow_ingress_from_internet_to_all_ports;False;sg-0fdba0a657788f1d7;PCI;Payment Card Industry Data Security Standard (PCI DSS) v3.2.1;
aws;The Payment Card Industry Data Security Standard (PCI DSS) is a proprietary information security standard. It's administered by the PCI Security Standards Council, which was founded by American Express, Discover Financial Services, JCB International, MasterCard Worldwide, and Visa Inc. PCI DSS applies to entities that store, process, or transmit cardholder data (CHD) or sensitive authentication data (SAD). This includes, but isn't limited to, merchants, processors, acquirers, issuers, and service providers. The PCI DSS is mandated by the card brands and administered by the Payment Card Industry Security Standards Council.;735291151388;ap-south-1;2026-07-11 14:19:13.485135;1.1.4.c;Using a firewall on every Internet connection coming into (and out of) the network, and between any DMZ and the internal network, allows the organization to monitor and control access and minimizes the chances of a malicious individual obtaining access to the internal network via an unprotected connection.;Requirement 1: Install and maintain a firewall configuration to protect cardholder data;1.1.4 Requirements for a firewall at each Internet connection and between any demilitarized zone (DMZ) and the internal network zone;;;;PASS;Security group cloudguardian-web-sg (sg-0fdba0a657788f1d7) does not have all ports open to the Internet.;arn:aws:ec2:ap-south-1:735291151388:security-group/sg-0fdba0a657788f1d7;ec2_securitygroup_allow_ingress_from_internet_to_all_ports;False;sg-0fdba0a657788f1d7;PCI;Payment Card Industry Data Security Standard (PCI DSS) v3.2.1;
aws;The Payment Card Industry Data Security Standard (PCI DSS) is a proprietary information security standard. It's administered by the PCI Security Standards Council, which was founded by American Express, Discover Financial Services, JCB International, MasterCard Worldwide, and Visa Inc. PCI DSS applies to entities that store, process, or transmit cardholder data (CHD) or sensitive authentication data (SAD). This includes, but isn't limited to, merchants, processors, acquirers, issuers, and service providers. The PCI DSS is mandated by the card brands and administered by the Payment Card Industry Security Standards Council.;735291151388;ap-south-1;2026-07-11 14:19:13.485135;1.2;It is essential to install network protection between the internal, trusted network and any untrusted network that is external and/or out of the entity's ability to control or manage. Failure to implement this measure correctly results in the entity being vulnerable to unauthorized access by malicious individuals or software. For firewall functionality to be effective, it must be properly configured to control and/or limit traffic into and out of the entity's network.;Requirement 1: Install and maintain a firewall configuration to protect cardholder data;Requirement 1: Install and maintain a firewall configuration to protect cardholder data;;;;PASS;Security group cloudguardian-web-sg (sg-0fdba0a657788f1d7) does not have all ports open to the Internet.;arn:aws:ec2:ap-south-1:735291151388:security-group/sg-0fdba0a657788f1d7;ec2_securitygroup_allow_ingress_from_internet_to_all_ports;False;sg-0fdba0a657788f1d7;PCI;Payment Card Industry Data Security Standard (PCI DSS) v3.2.1;
aws;The Payment Card Industry Data Security Standard (PCI DSS) is a proprietary information security standard. It's administered by the PCI Security Standards Council, which was founded by American Express, Discover Financial Services, JCB International, MasterCard Worldwide, and Visa Inc. PCI DSS applies to entities that store, process, or transmit cardholder data (CHD) or sensitive authentication data (SAD). This includes, but isn't limited to, merchants, processors, acquirers, issuers, and service providers. The PCI DSS is mandated by the card brands and administered by the Payment Card Industry Security Standards Council.;735291151388;ap-south-1;2026-07-11 14:19:13.485135;1.2.1;Examination of all inbound and outbound connections allows for inspection and restriction of traffic based on the source and/or destination address, thus preventing unfiltered access between untrusted and trusted environments. This prevents malicious individuals from accessing the entity's network via unauthorized IP addresses or from using services, protocols, or ports in an unauthorized manner (for example, to send data they've obtained from within the entity's network out to an untrusted server). Implementing a rule that denies all inbound and outbound traffic that is not specifically needed helps to prevent inadvertent holes that would allow unintended and potentially harmful traffic in or out.;Requirement 1: Install and maintain a firewall configuration to protect cardholder data;1.2 Examine firewall and router configurations and perform the following to verify that connections are restricted between untrusted networks and system components in the cardholder data environment;;;;PASS;Security group cloudguardian-web-sg (sg-0fdba0a657788f1d7) does not have all ports open to the Internet.;arn:aws:ec2:ap-south-1:735291151388:security-group/sg-0fdba0a657788f1d7;ec2_securitygroup_allow_ingress_from_internet_to_all_ports;False;sg-0fdba0a657788f1d7;PCI;Payment Card Industry Data Security Standard (PCI DSS) v3.2.1;
aws;The Payment Card Industry Data Security Standard (PCI DSS) is a proprietary information security standard. It's administered by the PCI Security Standards Council, which was founded by American Express, Discover Financial Services, JCB International, MasterCard Worldwide, and Visa Inc. PCI DSS applies to entities that store, process, or transmit cardholder data (CHD) or sensitive authentication data (SAD). This includes, but isn't limited to, merchants, processors, acquirers, issuers, and service providers. The PCI DSS is mandated by the card brands and administered by the Payment Card Industry Security Standards Council.;735291151388;ap-south-1;2026-07-11 14:19:13.485135;1.2.1.a;Examination of all inbound and outbound connections allows for inspection and restriction of traffic based on the source and/or destination address, thus preventing unfiltered access between untrusted and trusted environments. This prevents malicious individuals from accessing the entity's network via unauthorized IP addresses or from using services, protocols, or ports in an unauthorized manner (for example, to send data they've obtained from within the entity's network out to an untrusted server). Implementing a rule that denies all inbound and outbound traffic that is not specifically needed helps to prevent inadvertent holes that would allow unintended and potentially harmful traffic in or out.;Requirement 1: Install and maintain a firewall configuration to protect cardholder data;1.2.1 Restrict inbound and outbound traffic to that which is necessary for the cardholder data environment, and specifically deny all other traffic;;;;PASS;Security group cloudguardian-web-sg (sg-0fdba0a657788f1d7) does not have all ports open to the Internet.;arn:aws:ec2:ap-south-1:735291151388:security-group/sg-0fdba0a657788f1d7;ec2_securitygroup_allow_ingress_from_internet_to_all_ports;False;sg-0fdba0a657788f1d7;PCI;Payment Card Industry Data Security Standard (PCI DSS) v3.2.1;
aws;The Payment Card Industry Data Security Standard (PCI DSS) is a proprietary information security standard. It's administered by the PCI Security Standards Council, which was founded by American Express, Discover Financial Services, JCB International, MasterCard Worldwide, and Visa Inc. PCI DSS applies to entities that store, process, or transmit cardholder data (CHD) or sensitive authentication data (SAD). This includes, but isn't limited to, merchants, processors, acquirers, issuers, and service providers. The PCI DSS is mandated by the card brands and administered by the Payment Card Industry Security Standards Council.;735291151388;ap-south-1;2026-07-11 14:19:13.485135;1.2.1.b;Examination of all inbound and outbound connections allows for inspection and restriction of traffic based on the source and/or destination address, thus preventing unfiltered access between untrusted and trusted environments. This prevents malicious individuals from accessing the entity's network via unauthorized IP addresses or from using services, protocols, or ports in an unauthorized manner (for example, to send data they've obtained from within the entity's network out to an untrusted server). Implementing a rule that denies all inbound and outbound traffic that is not specifically needed helps to prevent inadvertent holes that would allow unintended and potentially harmful traffic in or out.;Requirement 1: Install and maintain a firewall configuration to protect cardholder data;1.2.1 Restrict inbound and outbound traffic to that which is necessary for the cardholder data environment, and specifically deny all other traffic;;;;PASS;Security group cloudguardian-web-sg (sg-0fdba0a657788f1d7) does not have all ports open to the Internet.;arn:aws:ec2:ap-south-1:735291151388:security-group/sg-0fdba0a657788f1d7;ec2_securitygroup_allow_ingress_from_internet_to_all_ports;False;sg-0fdba0a657788f1d7;PCI;Payment Card Industry Data Security Standard (PCI DSS) v3.2.1;
aws;The Payment Card Industry Data Security Standard (PCI DSS) is a proprietary information security standard. It's administered by the PCI Security Standards Council, which was founded by American Express, Discover Financial Services, JCB International, MasterCard Worldwide, and Visa Inc. PCI DSS applies to entities that store, process, or transmit cardholder data (CHD) or sensitive authentication data (SAD). This includes, but isn't limited to, merchants, processors, acquirers, issuers, and service providers. The PCI DSS is mandated by the card brands and administered by the Payment Card Industry Security Standards Council.;735291151388;ap-south-1;2026-07-11 14:19:13.485135;1.2.1.c;Examination of all inbound and outbound connections allows for inspection and restriction of traffic based on the source and/or destination address, thus preventing unfiltered access between untrusted and trusted environments. This prevents malicious individuals from accessing the entity's network via unauthorized IP addresses or from using services, protocols, or ports in an unauthorized manner (for example, to send data they've obtained from within the entity's network out to an untrusted server). Implementing a rule that denies all inbound and outbound traffic that is not specifically needed helps to prevent inadvertent holes that would allow unintended and potentially harmful traffic in or out.;Requirement 1: Install and maintain a firewall configuration to protect cardholder data;1.2.1 Restrict inbound and outbound traffic to that which is necessary for the cardholder data environment, and specifically deny all other traffic;;;;PASS;Security group cloudguardian-web-sg (sg-0fdba0a657788f1d7) does not have all ports open to the Internet.;arn:aws:ec2:ap-south-1:735291151388:security-group/sg-0fdba0a657788f1d7;ec2_securitygroup_allow_ingress_from_internet_to_all_ports;False;sg-0fdba0a657788f1d7;PCI;Payment Card Industry Data Security Standard (PCI DSS) v3.2.1;
aws;The Payment Card Industry Data Security Standard (PCI DSS) is a proprietary information security standard. It's administered by the PCI Security Standards Council, which was founded by American Express, Discover Financial Services, JCB International, MasterCard Worldwide, and Visa Inc. PCI DSS applies to entities that store, process, or transmit cardholder data (CHD) or sensitive authentication data (SAD). This includes, but isn't limited to, merchants, processors, acquirers, issuers, and service providers. The PCI DSS is mandated by the card brands and administered by the Payment Card Industry Security Standards Council.;735291151388;ap-south-1;2026-07-11 14:19:13.485135;1.2.3;The known (or unknown) implementation and exploitation of wireless technology within a network is a common path for malicious individuals to gain access to the network and cardholder data. If a wireless device or network is installed without the entity's knowledge, a malicious individual could easily and “invisibly” enter the network. If firewalls do not restrict access from wireless networks into the CDE, malicious individuals that gain unauthorized access to the wireless network can easily connect to the CDE and compromise account information. Firewalls must be installed between all wireless networks and the CDE, regardless of the purpose of the environment to which the wireless network is connected. This may include, but is not limited to, corporate networks, retail stores, guest networks, warehouse environments, etc.;Requirement 1: Install and maintain a firewall configuration to protect cardholder data;1.2 Examine firewall and router configurations and perform the following to verify that connections are restricted between untrusted networks and system components in the cardholder data environment;;;;PASS;Security group cloudguardian-web-sg (sg-0fdba0a657788f1d7) does not have all ports open to the Internet.;arn:aws:ec2:ap-south-1:735291151388:security-group/sg-0fdba0a657788f1d7;ec2_securitygroup_allow_ingress_from_internet_to_all_ports;False;sg-0fdba0a657788f1d7;PCI;Payment Card Industry Data Security Standard (PCI DSS) v3.2.1;
aws;The Payment Card Industry Data Security Standard (PCI DSS) is a proprietary information security standard. It's administered by the PCI Security Standards Council, which was founded by American Express, Discover Financial Services, JCB International, MasterCard Worldwide, and Visa Inc. PCI DSS applies to entities that store, process, or transmit cardholder data (CHD) or sensitive authentication data (SAD). This includes, but isn't limited to, merchants, processors, acquirers, issuers, and service providers. The PCI DSS is mandated by the card brands and administered by the Payment Card Industry Security Standards Council.;735291151388;ap-south-1;2026-07-11 14:19:13.485135;1.2.3.b;The known (or unknown) implementation and exploitation of wireless technology within a network is a common path for malicious individuals to gain access to the network and cardholder data. If a wireless device or network is installed without the entity's knowledge, a malicious individual could easily and “invisibly” enter the network. If firewalls do not restrict access from wireless networks into the CDE, malicious individuals that gain unauthorized access to the wireless network can easily connect to the CDE and compromise account information. Firewalls must be installed between all wireless networks and the CDE, regardless of the purpose of the environment to which the wireless network is connected. This may include, but is not limited to, corporate networks, retail stores, guest networks, warehouse environments, etc.;Requirement 1: Install and maintain a firewall configuration to protect cardholder data;1.2.3 Install perimeter firewalls between all wireless networks and the cardholder data environment, and configure these firewalls to deny or, if traffic is necessary for business purposes, permit only authorized traffic between the wireless environment and the cardholder data environment;;;;PASS;Security group cloudguardian-web-sg (sg-0fdba0a657788f1d7) does not have all ports open to the Internet.;arn:aws:ec2:ap-south-1:735291151388:security-group/sg-0fdba0a657788f1d7;ec2_securitygroup_allow_ingress_from_internet_to_all_ports;False;sg-0fdba0a657788f1d7;PCI;Payment Card Industry Data Security Standard (PCI DSS) v3.2.1;
aws;The Payment Card Industry Data Security Standard (PCI DSS) is a proprietary information security standard. It's administered by the PCI Security Standards Council, which was founded by American Express, Discover Financial Services, JCB International, MasterCard Worldwide, and Visa Inc. PCI DSS applies to entities that store, process, or transmit cardholder data (CHD) or sensitive authentication data (SAD). This includes, but isn't limited to, merchants, processors, acquirers, issuers, and service providers. The PCI DSS is mandated by the card brands and administered by the Payment Card Industry Security Standards Council.;735291151388;ap-south-1;2026-07-11 14:19:13.485135;1.3;While there may be legitimate reasons for untrusted connections to be permitted to DMZ systems (e.g., to allow public access to a web server), such connections should never be granted to systems in the internal network. A firewall's intent is to manage and control all connections between public systems and internal systems, especially those that store, process or transmit cardholder data. If direct access is allowed between public systems and the CDE, the protections offered by the firewall are bypassed, and system components storing cardholder data may be exposed to compromise.;Requirement 1: Install and maintain a firewall configuration to protect cardholder data;Requirement 1: Install and maintain a firewall configuration to protect cardholder data;;;;PASS;Security group cloudguardian-web-sg (sg-0fdba0a657788f1d7) does not have all ports open to the Internet.;arn:aws:ec2:ap-south-1:735291151388:security-group/sg-0fdba0a657788f1d7;ec2_securitygroup_allow_ingress_from_internet_to_all_ports;False;sg-0fdba0a657788f1d7;PCI;Payment Card Industry Data Security Standard (PCI DSS) v3.2.1;
aws;The Payment Card Industry Data Security Standard (PCI DSS) is a proprietary information security standard. It's administered by the PCI Security Standards Council, which was founded by American Express, Discover Financial Services, JCB International, MasterCard Worldwide, and Visa Inc. PCI DSS applies to entities that store, process, or transmit cardholder data (CHD) or sensitive authentication data (SAD). This includes, but isn't limited to, merchants, processors, acquirers, issuers, and service providers. The PCI DSS is mandated by the card brands and administered by the Payment Card Industry Security Standards Council.;735291151388;ap-south-1;2026-07-11 14:19:13.485135;1.3.2;The DMZ is that part of the network that manages connections between the Internet (or other untrusted networks), and services that an organization needs to have available to the public (like a web server). This functionality is intended to prevent malicious individuals from accessing the organization's internal network from the Internet, or from using services, protocols, or ports in an unauthorized manner. The set of controls will limit inbound Internet traffic to IP addresses within the DMZ.;Requirement 1: Install and maintain a firewall configuration to protect cardholder data;1.3 Examine firewall and router configurations-including but not limited to the choke router at the Internet, the DMZ router and firewall, the DMZ cardholder segment, the perimeter router, and the internal cardholder network segment-and perform the following to determine that there is no direct access between the Internet and system components in the internal cardholder network segment;;;;PASS;Security group cloudguardian-web-sg (sg-0fdba0a657788f1d7) does not have all ports open to the Internet.;arn:aws:ec2:ap-south-1:735291151388:security-group/sg-0fdba0a657788f1d7;ec2_securitygroup_allow_ingress_from_internet_to_all_ports;False;sg-0fdba0a657788f1d7;PCI;Payment Card Industry Data Security Standard (PCI DSS) v3.2.1;
aws;The Payment Card Industry Data Security Standard (PCI DSS) is a proprietary information security standard. It's administered by the PCI Security Standards Council, which was founded by American Express, Discover Financial Services, JCB International, MasterCard Worldwide, and Visa Inc. PCI DSS applies to entities that store, process, or transmit cardholder data (CHD) or sensitive authentication data (SAD). This includes, but isn't limited to, merchants, processors, acquirers, issuers, and service providers. The PCI DSS is mandated by the card brands and administered by the Payment Card Industry Security Standards Council.;735291151388;ap-south-1;2026-07-11 14:19:13.485135;1.3.5;A firewall that maintains the `state` (or the status) for each connection through the firewall knows whether an apparent response to a previous connection is actually a valid, authorized response (since it retains each connection's status) or is malicious traffic trying to trick the firewall into allowing the connection.;Requirement 1: Install and maintain a firewall configuration to protect cardholder data;1.3 Examine firewall and router configurations-including but not limited to the choke router at the Internet, the DMZ router and firewall, the DMZ cardholder segment, the perimeter router, and the internal cardholder network segment-and perform the following to determine that there is no direct access between the Internet and system components in the internal cardholder network segment;;;;PASS;Security group cloudguardian-web-sg (sg-0fdba0a657788f1d7) does not have all ports open to the Internet.;arn:aws:ec2:ap-south-1:735291151388:security-group/sg-0fdba0a657788f1d7;ec2_securitygroup_allow_ingress_from_internet_to_all_ports;False;sg-0fdba0a657788f1d7;PCI;Payment Card Industry Data Security Standard (PCI DSS) v3.2.1;
aws;The Payment Card Industry Data Security Standard (PCI DSS) is a proprietary information security standard. It's administered by the PCI Security Standards Council, which was founded by American Express, Discover Financial Services, JCB International, MasterCard Worldwide, and Visa Inc. PCI DSS applies to entities that store, process, or transmit cardholder data (CHD) or sensitive authentication data (SAD). This includes, but isn't limited to, merchants, processors, acquirers, issuers, and service providers. The PCI DSS is mandated by the card brands and administered by the Payment Card Industry Security Standards Council.;735291151388;ap-south-1;2026-07-11 14:19:13.485135;1.1;Firewalls and routers are key components of the architecture that controls entry to and exit from the network. These devices are software or hardware devices that block unwanted access and manage authorized access into and out of the network. Configuration standards and procedures will help to ensure that the organization's first line of defense in the protection of its data remains strong.;Requirement 1: Install and maintain a firewall configuration to protect cardholder data;Requirement 1: Install and maintain a firewall configuration to protect cardholder data;;;;PASS;Security group cloudguardian-rds-sg (sg-0be0be5f1a7d28519) does not have all ports open to the Internet.;arn:aws:ec2:ap-south-1:735291151388:security-group/sg-0be0be5f1a7d28519;ec2_securitygroup_allow_ingress_from_internet_to_all_ports;False;sg-0be0be5f1a7d28519;PCI;Payment Card Industry Data Security Standard (PCI DSS) v3.2.1;
aws;The Payment Card Industry Data Security Standard (PCI DSS) is a proprietary information security standard. It's administered by the PCI Security Standards Council, which was founded by American Express, Discover Financial Services, JCB International, MasterCard Worldwide, and Visa Inc. PCI DSS applies to entities that store, process, or transmit cardholder data (CHD) or sensitive authentication data (SAD). This includes, but isn't limited to, merchants, processors, acquirers, issuers, and service providers. The PCI DSS is mandated by the card brands and administered by the Payment Card Industry Security Standards Council.;735291151388;ap-south-1;2026-07-11 14:19:13.485135;1.1.4;Using a firewall on every Internet connection coming into (and out of) the network, and between any DMZ and the internal network, allows the organization to monitor and control access and minimizes the chances of a malicious individual obtaining access to the internal network via an unprotected connection.;Requirement 1: Install and maintain a firewall configuration to protect cardholder data;1.1 Establish and implement firewall and router configuration standards;;;;PASS;Security group cloudguardian-rds-sg (sg-0be0be5f1a7d28519) does not have all ports open to the Internet.;arn:aws:ec2:ap-south-1:735291151388:security-group/sg-0be0be5f1a7d28519;ec2_securitygroup_allow_ingress_from_internet_to_all_ports;False;sg-0be0be5f1a7d28519;PCI;Payment Card Industry Data Security Standard (PCI DSS) v3.2.1;
aws;The Payment Card Industry Data Security Standard (PCI DSS) is a proprietary information security standard. It's administered by the PCI Security Standards Council, which was founded by American Express, Discover Financial Services, JCB International, MasterCard Worldwide, and Visa Inc. PCI DSS applies to entities that store, process, or transmit cardholder data (CHD) or sensitive authentication data (SAD). This includes, but isn't limited to, merchants, processors, acquirers, issuers, and service providers. The PCI DSS is mandated by the card brands and administered by the Payment Card Industry Security Standards Council.;735291151388;ap-south-1;2026-07-11 14:19:13.485135;1.1.4.c;Using a firewall on every Internet connection coming into (and out of) the network, and between any DMZ and the internal network, allows the organization to monitor and control access and minimizes the chances of a malicious individual obtaining access to the internal network via an unprotected connection.;Requirement 1: Install and maintain a firewall configuration to protect cardholder data;1.1.4 Requirements for a firewall at each Internet connection and between any demilitarized zone (DMZ) and the internal network zone;;;;PASS;Security group cloudguardian-rds-sg (sg-0be0be5f1a7d28519) does not have all ports open to the Internet.;arn:aws:ec2:ap-south-1:735291151388:security-group/sg-0be0be5f1a7d28519;ec2_securitygroup_allow_ingress_from_internet_to_all_ports;False;sg-0be0be5f1a7d28519;PCI;Payment Card Industry Data Security Standard (PCI DSS) v3.2.1;
aws;The Payment Card Industry Data Security Standard (PCI DSS) is a proprietary information security standard. It's administered by the PCI Security Standards Council, which was founded by American Express, Discover Financial Services, JCB International, MasterCard Worldwide, and Visa Inc. PCI DSS applies to entities that store, process, or transmit cardholder data (CHD) or sensitive authentication data (SAD). This includes, but isn't limited to, merchants, processors, acquirers, issuers, and service providers. The PCI DSS is mandated by the card brands and administered by the Payment Card Industry Security Standards Council.;735291151388;ap-south-1;2026-07-11 14:19:13.485135;1.2;It is essential to install network protection between the internal, trusted network and any untrusted network that is external and/or out of the entity's ability to control or manage. Failure to implement this measure correctly results in the entity being vulnerable to unauthorized access by malicious individuals or software. For firewall functionality to be effective, it must be properly configured to control and/or limit traffic into and out of the entity's network.;Requirement 1: Install and maintain a firewall configuration to protect cardholder data;Requirement 1: Install and maintain a firewall configuration to protect cardholder data;;;;PASS;Security group cloudguardian-rds-sg (sg-0be0be5f1a7d28519) does not have all ports open to the Internet.;arn:aws:ec2:ap-south-1:735291151388:security-group/sg-0be0be5f1a7d28519;ec2_securitygroup_allow_ingress_from_internet_to_all_ports;False;sg-0be0be5f1a7d28519;PCI;Payment Card Industry Data Security Standard (PCI DSS) v3.2.1;
aws;The Payment Card Industry Data Security Standard (PCI DSS) is a proprietary information security standard. It's administered by the PCI Security Standards Council, which was founded by American Express, Discover Financial Services, JCB International, MasterCard Worldwide, and Visa Inc. PCI DSS applies to entities that store, process, or transmit cardholder data (CHD) or sensitive authentication data (SAD). This includes, but isn't limited to, merchants, processors, acquirers, issuers, and service providers. The PCI DSS is mandated by the card brands and administered by the Payment Card Industry Security Standards Council.;735291151388;ap-south-1;2026-07-11 14:19:13.485135;1.2.1;Examination of all inbound and outbound connections allows for inspection and restriction of traffic based on the source and/or destination address, thus preventing unfiltered access between untrusted and trusted environments. This prevents malicious individuals from accessing the entity's network via unauthorized IP addresses or from using services, protocols, or ports in an unauthorized manner (for example, to send data they've obtained from within the entity's network out to an untrusted server). Implementing a rule that denies all inbound and outbound traffic that is not specifically needed helps to prevent inadvertent holes that would allow unintended and potentially harmful traffic in or out.;Requirement 1: Install and maintain a firewall configuration to protect cardholder data;1.2 Examine firewall and router configurations and perform the following to verify that connections are restricted between untrusted networks and system components in the cardholder data environment;;;;PASS;Security group cloudguardian-rds-sg (sg-0be0be5f1a7d28519) does not have all ports open to the Internet.;arn:aws:ec2:ap-south-1:735291151388:security-group/sg-0be0be5f1a7d28519;ec2_securitygroup_allow_ingress_from_internet_to_all_ports;False;sg-0be0be5f1a7d28519;PCI;Payment Card Industry Data Security Standard (PCI DSS) v3.2.1;
aws;The Payment Card Industry Data Security Standard (PCI DSS) is a proprietary information security standard. It's administered by the PCI Security Standards Council, which was founded by American Express, Discover Financial Services, JCB International, MasterCard Worldwide, and Visa Inc. PCI DSS applies to entities that store, process, or transmit cardholder data (CHD) or sensitive authentication data (SAD). This includes, but isn't limited to, merchants, processors, acquirers, issuers, and service providers. The PCI DSS is mandated by the card brands and administered by the Payment Card Industry Security Standards Council.;735291151388;ap-south-1;2026-07-11 14:19:13.485135;1.2.1.a;Examination of all inbound and outbound connections allows for inspection and restriction of traffic based on the source and/or destination address, thus preventing unfiltered access between untrusted and trusted environments. This prevents malicious individuals from accessing the entity's network via unauthorized IP addresses or from using services, protocols, or ports in an unauthorized manner (for example, to send data they've obtained from within the entity's network out to an untrusted server). Implementing a rule that denies all inbound and outbound traffic that is not specifically needed helps to prevent inadvertent holes that would allow unintended and potentially harmful traffic in or out.;Requirement 1: Install and maintain a firewall configuration to protect cardholder data;1.2.1 Restrict inbound and outbound traffic to that which is necessary for the cardholder data environment, and specifically deny all other traffic;;;;PASS;Security group cloudguardian-rds-sg (sg-0be0be5f1a7d28519) does not have all ports open to the Internet.;arn:aws:ec2:ap-south-1:735291151388:security-group/sg-0be0be5f1a7d28519;ec2_securitygroup_allow_ingress_from_internet_to_all_ports;False;sg-0be0be5f1a7d28519;PCI;Payment Card Industry Data Security Standard (PCI DSS) v3.2.1;
aws;The Payment Card Industry Data Security Standard (PCI DSS) is a proprietary information security standard. It's administered by the PCI Security Standards Council, which was founded by American Express, Discover Financial Services, JCB International, MasterCard Worldwide, and Visa Inc. PCI DSS applies to entities that store, process, or transmit cardholder data (CHD) or sensitive authentication data (SAD). This includes, but isn't limited to, merchants, processors, acquirers, issuers, and service providers. The PCI DSS is mandated by the card brands and administered by the Payment Card Industry Security Standards Council.;735291151388;ap-south-1;2026-07-11 14:19:13.485135;1.2.1.b;Examination of all inbound and outbound connections allows for inspection and restriction of traffic based on the source and/or destination address, thus preventing unfiltered access between untrusted and trusted environments. This prevents malicious individuals from accessing the entity's network via unauthorized IP addresses or from using services, protocols, or ports in an unauthorized manner (for example, to send data they've obtained from within the entity's network out to an untrusted server). Implementing a rule that denies all inbound and outbound traffic that is not specifically needed helps to prevent inadvertent holes that would allow unintended and potentially harmful traffic in or out.;Requirement 1: Install and maintain a firewall configuration to protect cardholder data;1.2.1 Restrict inbound and outbound traffic to that which is necessary for the cardholder data environment, and specifically deny all other traffic;;;;PASS;Security group cloudguardian-rds-sg (sg-0be0be5f1a7d28519) does not have all ports open to the Internet.;arn:aws:ec2:ap-south-1:735291151388:security-group/sg-0be0be5f1a7d28519;ec2_securitygroup_allow_ingress_from_internet_to_all_ports;False;sg-0be0be5f1a7d28519;PCI;Payment Card Industry Data Security Standard (PCI DSS) v3.2.1;
aws;The Payment Card Industry Data Security Standard (PCI DSS) is a proprietary information security standard. It's administered by the PCI Security Standards Council, which was founded by American Express, Discover Financial Services, JCB International, MasterCard Worldwide, and Visa Inc. PCI DSS applies to entities that store, process, or transmit cardholder data (CHD) or sensitive authentication data (SAD). This includes, but isn't limited to, merchants, processors, acquirers, issuers, and service providers. The PCI DSS is mandated by the card brands and administered by the Payment Card Industry Security Standards Council.;735291151388;ap-south-1;2026-07-11 14:19:13.485135;1.2.1.c;Examination of all inbound and outbound connections allows for inspection and restriction of traffic based on the source and/or destination address, thus preventing unfiltered access between untrusted and trusted environments. This prevents malicious individuals from accessing the entity's network via unauthorized IP addresses or from using services, protocols, or ports in an unauthorized manner (for example, to send data they've obtained from within the entity's network out to an untrusted server). Implementing a rule that denies all inbound and outbound traffic that is not specifically needed helps to prevent inadvertent holes that would allow unintended and potentially harmful traffic in or out.;Requirement 1: Install and maintain a firewall configuration to protect cardholder data;1.2.1 Restrict inbound and outbound traffic to that which is necessary for the cardholder data environment, and specifically deny all other traffic;;;;PASS;Security group cloudguardian-rds-sg (sg-0be0be5f1a7d28519) does not have all ports open to the Internet.;arn:aws:ec2:ap-south-1:735291151388:security-group/sg-0be0be5f1a7d28519;ec2_securitygroup_allow_ingress_from_internet_to_all_ports;False;sg-0be0be5f1a7d28519;PCI;Payment Card Industry Data Security Standard (PCI DSS) v3.2.1;
aws;The Payment Card Industry Data Security Standard (PCI DSS) is a proprietary information security standard. It's administered by the PCI Security Standards Council, which was founded by American Express, Discover Financial Services, JCB International, MasterCard Worldwide, and Visa Inc. PCI DSS applies to entities that store, process, or transmit cardholder data (CHD) or sensitive authentication data (SAD). This includes, but isn't limited to, merchants, processors, acquirers, issuers, and service providers. The PCI DSS is mandated by the card brands and administered by the Payment Card Industry Security Standards Council.;735291151388;ap-south-1;2026-07-11 14:19:13.485135;1.2.3;The known (or unknown) implementation and exploitation of wireless technology within a network is a common path for malicious individuals to gain access to the network and cardholder data. If a wireless device or network is installed without the entity's knowledge, a malicious individual could easily and “invisibly” enter the network. If firewalls do not restrict access from wireless networks into the CDE, malicious individuals that gain unauthorized access to the wireless network can easily connect to the CDE and compromise account information. Firewalls must be installed between all wireless networks and the CDE, regardless of the purpose of the environment to which the wireless network is connected. This may include, but is not limited to, corporate networks, retail stores, guest networks, warehouse environments, etc.;Requirement 1: Install and maintain a firewall configuration to protect cardholder data;1.2 Examine firewall and router configurations and perform the following to verify that connections are restricted between untrusted networks and system components in the cardholder data environment;;;;PASS;Security group cloudguardian-rds-sg (sg-0be0be5f1a7d28519) does not have all ports open to the Internet.;arn:aws:ec2:ap-south-1:735291151388:security-group/sg-0be0be5f1a7d28519;ec2_securitygroup_allow_ingress_from_internet_to_all_ports;False;sg-0be0be5f1a7d28519;PCI;Payment Card Industry Data Security Standard (PCI DSS) v3.2.1;
aws;The Payment Card Industry Data Security Standard (PCI DSS) is a proprietary information security standard. It's administered by the PCI Security Standards Council, which was founded by American Express, Discover Financial Services, JCB International, MasterCard Worldwide, and Visa Inc. PCI DSS applies to entities that store, process, or transmit cardholder data (CHD) or sensitive authentication data (SAD). This includes, but isn't limited to, merchants, processors, acquirers, issuers, and service providers. The PCI DSS is mandated by the card brands and administered by the Payment Card Industry Security Standards Council.;735291151388;ap-south-1;2026-07-11 14:19:13.485135;1.2.3.b;The known (or unknown) implementation and exploitation of wireless technology within a network is a common path for malicious individuals to gain access to the network and cardholder data. If a wireless device or network is installed without the entity's knowledge, a malicious individual could easily and “invisibly” enter the network. If firewalls do not restrict access from wireless networks into the CDE, malicious individuals that gain unauthorized access to the wireless network can easily connect to the CDE and compromise account information. Firewalls must be installed between all wireless networks and the CDE, regardless of the purpose of the environment to which the wireless network is connected. This may include, but is not limited to, corporate networks, retail stores, guest networks, warehouse environments, etc.;Requirement 1: Install and maintain a firewall configuration to protect cardholder data;1.2.3 Install perimeter firewalls between all wireless networks and the cardholder data environment, and configure these firewalls to deny or, if traffic is necessary for business purposes, permit only authorized traffic between the wireless environment and the cardholder data environment;;;;PASS;Security group cloudguardian-rds-sg (sg-0be0be5f1a7d28519) does not have all ports open to the Internet.;arn:aws:ec2:ap-south-1:735291151388:security-group/sg-0be0be5f1a7d28519;ec2_securitygroup_allow_ingress_from_internet_to_all_ports;False;sg-0be0be5f1a7d28519;PCI;Payment Card Industry Data Security Standard (PCI DSS) v3.2.1;
aws;The Payment Card Industry Data Security Standard (PCI DSS) is a proprietary information security standard. It's administered by the PCI Security Standards Council, which was founded by American Express, Discover Financial Services, JCB International, MasterCard Worldwide, and Visa Inc. PCI DSS applies to entities that store, process, or transmit cardholder data (CHD) or sensitive authentication data (SAD). This includes, but isn't limited to, merchants, processors, acquirers, issuers, and service providers. The PCI DSS is mandated by the card brands and administered by the Payment Card Industry Security Standards Council.;735291151388;ap-south-1;2026-07-11 14:19:13.485135;1.3;While there may be legitimate reasons for untrusted connections to be permitted to DMZ systems (e.g., to allow public access to a web server), such connections should never be granted to systems in the internal network. A firewall's intent is to manage and control all connections between public systems and internal systems, especially those that store, process or transmit cardholder data. If direct access is allowed between public systems and the CDE, the protections offered by the firewall are bypassed, and system components storing cardholder data may be exposed to compromise.;Requirement 1: Install and maintain a firewall configuration to protect cardholder data;Requirement 1: Install and maintain a firewall configuration to protect cardholder data;;;;PASS;Security group cloudguardian-rds-sg (sg-0be0be5f1a7d28519) does not have all ports open to the Internet.;arn:aws:ec2:ap-south-1:735291151388:security-group/sg-0be0be5f1a7d28519;ec2_securitygroup_allow_ingress_from_internet_to_all_ports;False;sg-0be0be5f1a7d28519;PCI;Payment Card Industry Data Security Standard (PCI DSS) v3.2.1;
aws;The Payment Card Industry Data Security Standard (PCI DSS) is a proprietary information security standard. It's administered by the PCI Security Standards Council, which was founded by American Express, Discover Financial Services, JCB International, MasterCard Worldwide, and Visa Inc. PCI DSS applies to entities that store, process, or transmit cardholder data (CHD) or sensitive authentication data (SAD). This includes, but isn't limited to, merchants, processors, acquirers, issuers, and service providers. The PCI DSS is mandated by the card brands and administered by the Payment Card Industry Security Standards Council.;735291151388;ap-south-1;2026-07-11 14:19:13.485135;1.3.2;The DMZ is that part of the network that manages connections between the Internet (or other untrusted networks), and services that an organization needs to have available to the public (like a web server). This functionality is intended to prevent malicious individuals from accessing the organization's internal network from the Internet, or from using services, protocols, or ports in an unauthorized manner. The set of controls will limit inbound Internet traffic to IP addresses within the DMZ.;Requirement 1: Install and maintain a firewall configuration to protect cardholder data;1.3 Examine firewall and router configurations-including but not limited to the choke router at the Internet, the DMZ router and firewall, the DMZ cardholder segment, the perimeter router, and the internal cardholder network segment-and perform the following to determine that there is no direct access between the Internet and system components in the internal cardholder network segment;;;;PASS;Security group cloudguardian-rds-sg (sg-0be0be5f1a7d28519) does not have all ports open to the Internet.;arn:aws:ec2:ap-south-1:735291151388:security-group/sg-0be0be5f1a7d28519;ec2_securitygroup_allow_ingress_from_internet_to_all_ports;False;sg-0be0be5f1a7d28519;PCI;Payment Card Industry Data Security Standard (PCI DSS) v3.2.1;
aws;The Payment Card Industry Data Security Standard (PCI DSS) is a proprietary information security standard. It's administered by the PCI Security Standards Council, which was founded by American Express, Discover Financial Services, JCB International, MasterCard Worldwide, and Visa Inc. PCI DSS applies to entities that store, process, or transmit cardholder data (CHD) or sensitive authentication data (SAD). This includes, but isn't limited to, merchants, processors, acquirers, issuers, and service providers. The PCI DSS is mandated by the card brands and administered by the Payment Card Industry Security Standards Council.;735291151388;ap-south-1;2026-07-11 14:19:13.485135;1.3.5;A firewall that maintains the `state` (or the status) for each connection through the firewall knows whether an apparent response to a previous connection is actually a valid, authorized response (since it retains each connection's status) or is malicious traffic trying to trick the firewall into allowing the connection.;Requirement 1: Install and maintain a firewall configuration to protect cardholder data;1.3 Examine firewall and router configurations-including but not limited to the choke router at the Internet, the DMZ router and firewall, the DMZ cardholder segment, the perimeter router, and the internal cardholder network segment-and perform the following to determine that there is no direct access between the Internet and system components in the internal cardholder network segment;;;;PASS;Security group cloudguardian-rds-sg (sg-0be0be5f1a7d28519) does not have all ports open to the Internet.;arn:aws:ec2:ap-south-1:735291151388:security-group/sg-0be0be5f1a7d28519;ec2_securitygroup_allow_ingress_from_internet_to_all_ports;False;sg-0be0be5f1a7d28519;PCI;Payment Card Industry Data Security Standard (PCI DSS) v3.2.1;
aws;The Payment Card Industry Data Security Standard (PCI DSS) is a proprietary information security standard. It's administered by the PCI Security Standards Council, which was founded by American Express, Discover Financial Services, JCB International, MasterCard Worldwide, and Visa Inc. PCI DSS applies to entities that store, process, or transmit cardholder data (CHD) or sensitive authentication data (SAD). This includes, but isn't limited to, merchants, processors, acquirers, issuers, and service providers. The PCI DSS is mandated by the card brands and administered by the Payment Card Industry Security Standards Council.;735291151388;ap-south-1;2026-07-11 14:19:13.485135;1.2;It is essential to install network protection between the internal, trusted network and any untrusted network that is external and/or out of the entity's ability to control or manage. Failure to implement this measure correctly results in the entity being vulnerable to unauthorized access by malicious individuals or software. For firewall functionality to be effective, it must be properly configured to control and/or limit traffic into and out of the entity's network.;Requirement 1: Install and maintain a firewall configuration to protect cardholder data;Requirement 1: Install and maintain a firewall configuration to protect cardholder data;;;;FAIL;Security group cloudguardian-web-sg (sg-0fdba0a657788f1d7) has SSH port 22 open to the Internet.;arn:aws:ec2:ap-south-1:735291151388:security-group/sg-0fdba0a657788f1d7;ec2_securitygroup_allow_ingress_from_internet_to_tcp_port_22;False;sg-0fdba0a657788f1d7;PCI;Payment Card Industry Data Security Standard (PCI DSS) v3.2.1;
aws;The Payment Card Industry Data Security Standard (PCI DSS) is a proprietary information security standard. It's administered by the PCI Security Standards Council, which was founded by American Express, Discover Financial Services, JCB International, MasterCard Worldwide, and Visa Inc. PCI DSS applies to entities that store, process, or transmit cardholder data (CHD) or sensitive authentication data (SAD). This includes, but isn't limited to, merchants, processors, acquirers, issuers, and service providers. The PCI DSS is mandated by the card brands and administered by the Payment Card Industry Security Standards Council.;735291151388;ap-south-1;2026-07-11 14:19:13.485135;1.2.1;Examination of all inbound and outbound connections allows for inspection and restriction of traffic based on the source and/or destination address, thus preventing unfiltered access between untrusted and trusted environments. This prevents malicious individuals from accessing the entity's network via unauthorized IP addresses or from using services, protocols, or ports in an unauthorized manner (for example, to send data they've obtained from within the entity's network out to an untrusted server). Implementing a rule that denies all inbound and outbound traffic that is not specifically needed helps to prevent inadvertent holes that would allow unintended and potentially harmful traffic in or out.;Requirement 1: Install and maintain a firewall configuration to protect cardholder data;1.2 Examine firewall and router configurations and perform the following to verify that connections are restricted between untrusted networks and system components in the cardholder data environment;;;;FAIL;Security group cloudguardian-web-sg (sg-0fdba0a657788f1d7) has SSH port 22 open to the Internet.;arn:aws:ec2:ap-south-1:735291151388:security-group/sg-0fdba0a657788f1d7;ec2_securitygroup_allow_ingress_from_internet_to_tcp_port_22;False;sg-0fdba0a657788f1d7;PCI;Payment Card Industry Data Security Standard (PCI DSS) v3.2.1;
aws;The Payment Card Industry Data Security Standard (PCI DSS) is a proprietary information security standard. It's administered by the PCI Security Standards Council, which was founded by American Express, Discover Financial Services, JCB International, MasterCard Worldwide, and Visa Inc. PCI DSS applies to entities that store, process, or transmit cardholder data (CHD) or sensitive authentication data (SAD). This includes, but isn't limited to, merchants, processors, acquirers, issuers, and service providers. The PCI DSS is mandated by the card brands and administered by the Payment Card Industry Security Standards Council.;735291151388;ap-south-1;2026-07-11 14:19:13.485135;1.2.1.a;Examination of all inbound and outbound connections allows for inspection and restriction of traffic based on the source and/or destination address, thus preventing unfiltered access between untrusted and trusted environments. This prevents malicious individuals from accessing the entity's network via unauthorized IP addresses or from using services, protocols, or ports in an unauthorized manner (for example, to send data they've obtained from within the entity's network out to an untrusted server). Implementing a rule that denies all inbound and outbound traffic that is not specifically needed helps to prevent inadvertent holes that would allow unintended and potentially harmful traffic in or out.;Requirement 1: Install and maintain a firewall configuration to protect cardholder data;1.2.1 Restrict inbound and outbound traffic to that which is necessary for the cardholder data environment, and specifically deny all other traffic;;;;FAIL;Security group cloudguardian-web-sg (sg-0fdba0a657788f1d7) has SSH port 22 open to the Internet.;arn:aws:ec2:ap-south-1:735291151388:security-group/sg-0fdba0a657788f1d7;ec2_securitygroup_allow_ingress_from_internet_to_tcp_port_22;False;sg-0fdba0a657788f1d7;PCI;Payment Card Industry Data Security Standard (PCI DSS) v3.2.1;
aws;The Payment Card Industry Data Security Standard (PCI DSS) is a proprietary information security standard. It's administered by the PCI Security Standards Council, which was founded by American Express, Discover Financial Services, JCB International, MasterCard Worldwide, and Visa Inc. PCI DSS applies to entities that store, process, or transmit cardholder data (CHD) or sensitive authentication data (SAD). This includes, but isn't limited to, merchants, processors, acquirers, issuers, and service providers. The PCI DSS is mandated by the card brands and administered by the Payment Card Industry Security Standards Council.;735291151388;ap-south-1;2026-07-11 14:19:13.485135;1.2.1.b;Examination of all inbound and outbound connections allows for inspection and restriction of traffic based on the source and/or destination address, thus preventing unfiltered access between untrusted and trusted environments. This prevents malicious individuals from accessing the entity's network via unauthorized IP addresses or from using services, protocols, or ports in an unauthorized manner (for example, to send data they've obtained from within the entity's network out to an untrusted server). Implementing a rule that denies all inbound and outbound traffic that is not specifically needed helps to prevent inadvertent holes that would allow unintended and potentially harmful traffic in or out.;Requirement 1: Install and maintain a firewall configuration to protect cardholder data;1.2.1 Restrict inbound and outbound traffic to that which is necessary for the cardholder data environment, and specifically deny all other traffic;;;;FAIL;Security group cloudguardian-web-sg (sg-0fdba0a657788f1d7) has SSH port 22 open to the Internet.;arn:aws:ec2:ap-south-1:735291151388:security-group/sg-0fdba0a657788f1d7;ec2_securitygroup_allow_ingress_from_internet_to_tcp_port_22;False;sg-0fdba0a657788f1d7;PCI;Payment Card Industry Data Security Standard (PCI DSS) v3.2.1;
aws;The Payment Card Industry Data Security Standard (PCI DSS) is a proprietary information security standard. It's administered by the PCI Security Standards Council, which was founded by American Express, Discover Financial Services, JCB International, MasterCard Worldwide, and Visa Inc. PCI DSS applies to entities that store, process, or transmit cardholder data (CHD) or sensitive authentication data (SAD). This includes, but isn't limited to, merchants, processors, acquirers, issuers, and service providers. The PCI DSS is mandated by the card brands and administered by the Payment Card Industry Security Standards Council.;735291151388;ap-south-1;2026-07-11 14:19:13.485135;1.2.1.c;Examination of all inbound and outbound connections allows for inspection and restriction of traffic based on the source and/or destination address, thus preventing unfiltered access between untrusted and trusted environments. This prevents malicious individuals from accessing the entity's network via unauthorized IP addresses or from using services, protocols, or ports in an unauthorized manner (for example, to send data they've obtained from within the entity's network out to an untrusted server). Implementing a rule that denies all inbound and outbound traffic that is not specifically needed helps to prevent inadvertent holes that would allow unintended and potentially harmful traffic in or out.;Requirement 1: Install and maintain a firewall configuration to protect cardholder data;1.2.1 Restrict inbound and outbound traffic to that which is necessary for the cardholder data environment, and specifically deny all other traffic;;;;FAIL;Security group cloudguardian-web-sg (sg-0fdba0a657788f1d7) has SSH port 22 open to the Internet.;arn:aws:ec2:ap-south-1:735291151388:security-group/sg-0fdba0a657788f1d7;ec2_securitygroup_allow_ingress_from_internet_to_tcp_port_22;False;sg-0fdba0a657788f1d7;PCI;Payment Card Industry Data Security Standard (PCI DSS) v3.2.1;
aws;The Payment Card Industry Data Security Standard (PCI DSS) is a proprietary information security standard. It's administered by the PCI Security Standards Council, which was founded by American Express, Discover Financial Services, JCB International, MasterCard Worldwide, and Visa Inc. PCI DSS applies to entities that store, process, or transmit cardholder data (CHD) or sensitive authentication data (SAD). This includes, but isn't limited to, merchants, processors, acquirers, issuers, and service providers. The PCI DSS is mandated by the card brands and administered by the Payment Card Industry Security Standards Council.;735291151388;ap-south-1;2026-07-11 14:19:13.485135;1.3;While there may be legitimate reasons for untrusted connections to be permitted to DMZ systems (e.g., to allow public access to a web server), such connections should never be granted to systems in the internal network. A firewall's intent is to manage and control all connections between public systems and internal systems, especially those that store, process or transmit cardholder data. If direct access is allowed between public systems and the CDE, the protections offered by the firewall are bypassed, and system components storing cardholder data may be exposed to compromise.;Requirement 1: Install and maintain a firewall configuration to protect cardholder data;Requirement 1: Install and maintain a firewall configuration to protect cardholder data;;;;FAIL;Security group cloudguardian-web-sg (sg-0fdba0a657788f1d7) has SSH port 22 open to the Internet.;arn:aws:ec2:ap-south-1:735291151388:security-group/sg-0fdba0a657788f1d7;ec2_securitygroup_allow_ingress_from_internet_to_tcp_port_22;False;sg-0fdba0a657788f1d7;PCI;Payment Card Industry Data Security Standard (PCI DSS) v3.2.1;
aws;The Payment Card Industry Data Security Standard (PCI DSS) is a proprietary information security standard. It's administered by the PCI Security Standards Council, which was founded by American Express, Discover Financial Services, JCB International, MasterCard Worldwide, and Visa Inc. PCI DSS applies to entities that store, process, or transmit cardholder data (CHD) or sensitive authentication data (SAD). This includes, but isn't limited to, merchants, processors, acquirers, issuers, and service providers. The PCI DSS is mandated by the card brands and administered by the Payment Card Industry Security Standards Council.;735291151388;ap-south-1;2026-07-11 14:19:13.485135;1.3.1;The DMZ is that part of the network that manages connections between the Internet (or other untrusted networks), and services that an organization needs to have available to the public (like a web server). This functionality is intended to prevent malicious individuals from accessing the organization's internal network from the Internet, or from using services, protocols, or ports in an unauthorized manner. The set of controls will examine firewall and router configurations to verify that a DMZ is implemented to limit inbound traffic to only system components that provide authorized publicly accessible services, protocols, and ports.;Requirement 1: Install and maintain a firewall configuration to protect cardholder data;1.3 Examine firewall and router configurations-including but not limited to the choke router at the Internet, the DMZ router and firewall, the DMZ cardholder segment, the perimeter router, and the internal cardholder network segment-and perform the following to determine that there is no direct access between the Internet and system components in the internal cardholder network segment;;;;FAIL;Security group cloudguardian-web-sg (sg-0fdba0a657788f1d7) has SSH port 22 open to the Internet.;arn:aws:ec2:ap-south-1:735291151388:security-group/sg-0fdba0a657788f1d7;ec2_securitygroup_allow_ingress_from_internet_to_tcp_port_22;False;sg-0fdba0a657788f1d7;PCI;Payment Card Industry Data Security Standard (PCI DSS) v3.2.1;
aws;The Payment Card Industry Data Security Standard (PCI DSS) is a proprietary information security standard. It's administered by the PCI Security Standards Council, which was founded by American Express, Discover Financial Services, JCB International, MasterCard Worldwide, and Visa Inc. PCI DSS applies to entities that store, process, or transmit cardholder data (CHD) or sensitive authentication data (SAD). This includes, but isn't limited to, merchants, processors, acquirers, issuers, and service providers. The PCI DSS is mandated by the card brands and administered by the Payment Card Industry Security Standards Council.;735291151388;ap-south-1;2026-07-11 14:19:13.485135;2.2;Assure that these standards address all known security vulnerabilities and are consistent with industry-accepted system hardening standards. Sources of industry-accepted system hardening standards may include, but are not limited to Center for Internet Security (CIS), International Organization for Standardization (ISO), SysAdmin Audit Network Security (SANS) Institute and National Institute of Standards Technology (NIST). There are known weaknesses with many operating systems, databases, and enterprise applications, and there are also known ways to configure these systems to fix security vulnerabilities. To help those that are not security experts, a number of security organizations have established system-hardening guidelines and recommendations, which advise how to correct these weaknesses. Examples of sources for guidance on configuration standards include, but are not limited to: www.nist.gov, www.sans.org, and www.cisecurity.org, www.iso.org, and product vendors. System configuration standards must be kept up to date to ensure that newly identified weaknesses are corrected prior to a system being installed on the network.;Requirement 2: Do not use vendor-supplied defaults for system passwords and other security parameters;Requirement 2: Do not use vendor-supplied defaults for system passwords and other security parameters;;;;FAIL;Security group cloudguardian-web-sg (sg-0fdba0a657788f1d7) has SSH port 22 open to the Internet.;arn:aws:ec2:ap-south-1:735291151388:security-group/sg-0fdba0a657788f1d7;ec2_securitygroup_allow_ingress_from_internet_to_tcp_port_22;False;sg-0fdba0a657788f1d7;PCI;Payment Card Industry Data Security Standard (PCI DSS) v3.2.1;
aws;The Payment Card Industry Data Security Standard (PCI DSS) is a proprietary information security standard. It's administered by the PCI Security Standards Council, which was founded by American Express, Discover Financial Services, JCB International, MasterCard Worldwide, and Visa Inc. PCI DSS applies to entities that store, process, or transmit cardholder data (CHD) or sensitive authentication data (SAD). This includes, but isn't limited to, merchants, processors, acquirers, issuers, and service providers. The PCI DSS is mandated by the card brands and administered by the Payment Card Industry Security Standards Council.;735291151388;ap-south-1;2026-07-11 14:19:13.485135;2.2.2;As stated in Requirement 1.1.6, there are many protocols that a business may need (or have enabled by default) that are commonly used by malicious individuals to compromise a network. Including this requirement as part of an organization's configuration standards and related processes ensures that only the necessary services and protocols are enabled.;Requirement 2: Do not use vendor-supplied defaults for system passwords and other security parameters;2.2 Develop configuration standards for all system components;;;;FAIL;Security group cloudguardian-web-sg (sg-0fdba0a657788f1d7) has SSH port 22 open to the Internet.;arn:aws:ec2:ap-south-1:735291151388:security-group/sg-0fdba0a657788f1d7;ec2_securitygroup_allow_ingress_from_internet_to_tcp_port_22;False;sg-0fdba0a657788f1d7;PCI;Payment Card Industry Data Security Standard (PCI DSS) v3.2.1;
aws;The Payment Card Industry Data Security Standard (PCI DSS) is a proprietary information security standard. It's administered by the PCI Security Standards Council, which was founded by American Express, Discover Financial Services, JCB International, MasterCard Worldwide, and Visa Inc. PCI DSS applies to entities that store, process, or transmit cardholder data (CHD) or sensitive authentication data (SAD). This includes, but isn't limited to, merchants, processors, acquirers, issuers, and service providers. The PCI DSS is mandated by the card brands and administered by the Payment Card Industry Security Standards Council.;735291151388;ap-south-1;2026-07-11 14:19:13.485135;1.2;It is essential to install network protection between the internal, trusted network and any untrusted network that is external and/or out of the entity's ability to control or manage. Failure to implement this measure correctly results in the entity being vulnerable to unauthorized access by malicious individuals or software. For firewall functionality to be effective, it must be properly configured to control and/or limit traffic into and out of the entity's network.;Requirement 1: Install and maintain a firewall configuration to protect cardholder data;Requirement 1: Install and maintain a firewall configuration to protect cardholder data;;;;PASS;Security group cloudguardian-rds-sg (sg-0be0be5f1a7d28519) does not have SSH port 22 open to the Internet.;arn:aws:ec2:ap-south-1:735291151388:security-group/sg-0be0be5f1a7d28519;ec2_securitygroup_allow_ingress_from_internet_to_tcp_port_22;False;sg-0be0be5f1a7d28519;PCI;Payment Card Industry Data Security Standard (PCI DSS) v3.2.1;
aws;The Payment Card Industry Data Security Standard (PCI DSS) is a proprietary information security standard. It's administered by the PCI Security Standards Council, which was founded by American Express, Discover Financial Services, JCB International, MasterCard Worldwide, and Visa Inc. PCI DSS applies to entities that store, process, or transmit cardholder data (CHD) or sensitive authentication data (SAD). This includes, but isn't limited to, merchants, processors, acquirers, issuers, and service providers. The PCI DSS is mandated by the card brands and administered by the Payment Card Industry Security Standards Council.;735291151388;ap-south-1;2026-07-11 14:19:13.485135;1.2.1;Examination of all inbound and outbound connections allows for inspection and restriction of traffic based on the source and/or destination address, thus preventing unfiltered access between untrusted and trusted environments. This prevents malicious individuals from accessing the entity's network via unauthorized IP addresses or from using services, protocols, or ports in an unauthorized manner (for example, to send data they've obtained from within the entity's network out to an untrusted server). Implementing a rule that denies all inbound and outbound traffic that is not specifically needed helps to prevent inadvertent holes that would allow unintended and potentially harmful traffic in or out.;Requirement 1: Install and maintain a firewall configuration to protect cardholder data;1.2 Examine firewall and router configurations and perform the following to verify that connections are restricted between untrusted networks and system components in the cardholder data environment;;;;PASS;Security group cloudguardian-rds-sg (sg-0be0be5f1a7d28519) does not have SSH port 22 open to the Internet.;arn:aws:ec2:ap-south-1:735291151388:security-group/sg-0be0be5f1a7d28519;ec2_securitygroup_allow_ingress_from_internet_to_tcp_port_22;False;sg-0be0be5f1a7d28519;PCI;Payment Card Industry Data Security Standard (PCI DSS) v3.2.1;
aws;The Payment Card Industry Data Security Standard (PCI DSS) is a proprietary information security standard. It's administered by the PCI Security Standards Council, which was founded by American Express, Discover Financial Services, JCB International, MasterCard Worldwide, and Visa Inc. PCI DSS applies to entities that store, process, or transmit cardholder data (CHD) or sensitive authentication data (SAD). This includes, but isn't limited to, merchants, processors, acquirers, issuers, and service providers. The PCI DSS is mandated by the card brands and administered by the Payment Card Industry Security Standards Council.;735291151388;ap-south-1;2026-07-11 14:19:13.485135;1.2.1.a;Examination of all inbound and outbound connections allows for inspection and restriction of traffic based on the source and/or destination address, thus preventing unfiltered access between untrusted and trusted environments. This prevents malicious individuals from accessing the entity's network via unauthorized IP addresses or from using services, protocols, or ports in an unauthorized manner (for example, to send data they've obtained from within the entity's network out to an untrusted server). Implementing a rule that denies all inbound and outbound traffic that is not specifically needed helps to prevent inadvertent holes that would allow unintended and potentially harmful traffic in or out.;Requirement 1: Install and maintain a firewall configuration to protect cardholder data;1.2.1 Restrict inbound and outbound traffic to that which is necessary for the cardholder data environment, and specifically deny all other traffic;;;;PASS;Security group cloudguardian-rds-sg (sg-0be0be5f1a7d28519) does not have SSH port 22 open to the Internet.;arn:aws:ec2:ap-south-1:735291151388:security-group/sg-0be0be5f1a7d28519;ec2_securitygroup_allow_ingress_from_internet_to_tcp_port_22;False;sg-0be0be5f1a7d28519;PCI;Payment Card Industry Data Security Standard (PCI DSS) v3.2.1;
aws;The Payment Card Industry Data Security Standard (PCI DSS) is a proprietary information security standard. It's administered by the PCI Security Standards Council, which was founded by American Express, Discover Financial Services, JCB International, MasterCard Worldwide, and Visa Inc. PCI DSS applies to entities that store, process, or transmit cardholder data (CHD) or sensitive authentication data (SAD). This includes, but isn't limited to, merchants, processors, acquirers, issuers, and service providers. The PCI DSS is mandated by the card brands and administered by the Payment Card Industry Security Standards Council.;735291151388;ap-south-1;2026-07-11 14:19:13.485135;1.2.1.b;Examination of all inbound and outbound connections allows for inspection and restriction of traffic based on the source and/or destination address, thus preventing unfiltered access between untrusted and trusted environments. This prevents malicious individuals from accessing the entity's network via unauthorized IP addresses or from using services, protocols, or ports in an unauthorized manner (for example, to send data they've obtained from within the entity's network out to an untrusted server). Implementing a rule that denies all inbound and outbound traffic that is not specifically needed helps to prevent inadvertent holes that would allow unintended and potentially harmful traffic in or out.;Requirement 1: Install and maintain a firewall configuration to protect cardholder data;1.2.1 Restrict inbound and outbound traffic to that which is necessary for the cardholder data environment, and specifically deny all other traffic;;;;PASS;Security group cloudguardian-rds-sg (sg-0be0be5f1a7d28519) does not have SSH port 22 open to the Internet.;arn:aws:ec2:ap-south-1:735291151388:security-group/sg-0be0be5f1a7d28519;ec2_securitygroup_allow_ingress_from_internet_to_tcp_port_22;False;sg-0be0be5f1a7d28519;PCI;Payment Card Industry Data Security Standard (PCI DSS) v3.2.1;
aws;The Payment Card Industry Data Security Standard (PCI DSS) is a proprietary information security standard. It's administered by the PCI Security Standards Council, which was founded by American Express, Discover Financial Services, JCB International, MasterCard Worldwide, and Visa Inc. PCI DSS applies to entities that store, process, or transmit cardholder data (CHD) or sensitive authentication data (SAD). This includes, but isn't limited to, merchants, processors, acquirers, issuers, and service providers. The PCI DSS is mandated by the card brands and administered by the Payment Card Industry Security Standards Council.;735291151388;ap-south-1;2026-07-11 14:19:13.485135;1.2.1.c;Examination of all inbound and outbound connections allows for inspection and restriction of traffic based on the source and/or destination address, thus preventing unfiltered access between untrusted and trusted environments. This prevents malicious individuals from accessing the entity's network via unauthorized IP addresses or from using services, protocols, or ports in an unauthorized manner (for example, to send data they've obtained from within the entity's network out to an untrusted server). Implementing a rule that denies all inbound and outbound traffic that is not specifically needed helps to prevent inadvertent holes that would allow unintended and potentially harmful traffic in or out.;Requirement 1: Install and maintain a firewall configuration to protect cardholder data;1.2.1 Restrict inbound and outbound traffic to that which is necessary for the cardholder data environment, and specifically deny all other traffic;;;;PASS;Security group cloudguardian-rds-sg (sg-0be0be5f1a7d28519) does not have SSH port 22 open to the Internet.;arn:aws:ec2:ap-south-1:735291151388:security-group/sg-0be0be5f1a7d28519;ec2_securitygroup_allow_ingress_from_internet_to_tcp_port_22;False;sg-0be0be5f1a7d28519;PCI;Payment Card Industry Data Security Standard (PCI DSS) v3.2.1;
aws;The Payment Card Industry Data Security Standard (PCI DSS) is a proprietary information security standard. It's administered by the PCI Security Standards Council, which was founded by American Express, Discover Financial Services, JCB International, MasterCard Worldwide, and Visa Inc. PCI DSS applies to entities that store, process, or transmit cardholder data (CHD) or sensitive authentication data (SAD). This includes, but isn't limited to, merchants, processors, acquirers, issuers, and service providers. The PCI DSS is mandated by the card brands and administered by the Payment Card Industry Security Standards Council.;735291151388;ap-south-1;2026-07-11 14:19:13.485135;1.3;While there may be legitimate reasons for untrusted connections to be permitted to DMZ systems (e.g., to allow public access to a web server), such connections should never be granted to systems in the internal network. A firewall's intent is to manage and control all connections between public systems and internal systems, especially those that store, process or transmit cardholder data. If direct access is allowed between public systems and the CDE, the protections offered by the firewall are bypassed, and system components storing cardholder data may be exposed to compromise.;Requirement 1: Install and maintain a firewall configuration to protect cardholder data;Requirement 1: Install and maintain a firewall configuration to protect cardholder data;;;;PASS;Security group cloudguardian-rds-sg (sg-0be0be5f1a7d28519) does not have SSH port 22 open to the Internet.;arn:aws:ec2:ap-south-1:735291151388:security-group/sg-0be0be5f1a7d28519;ec2_securitygroup_allow_ingress_from_internet_to_tcp_port_22;False;sg-0be0be5f1a7d28519;PCI;Payment Card Industry Data Security Standard (PCI DSS) v3.2.1;
aws;The Payment Card Industry Data Security Standard (PCI DSS) is a proprietary information security standard. It's administered by the PCI Security Standards Council, which was founded by American Express, Discover Financial Services, JCB International, MasterCard Worldwide, and Visa Inc. PCI DSS applies to entities that store, process, or transmit cardholder data (CHD) or sensitive authentication data (SAD). This includes, but isn't limited to, merchants, processors, acquirers, issuers, and service providers. The PCI DSS is mandated by the card brands and administered by the Payment Card Industry Security Standards Council.;735291151388;ap-south-1;2026-07-11 14:19:13.485135;1.3.1;The DMZ is that part of the network that manages connections between the Internet (or other untrusted networks), and services that an organization needs to have available to the public (like a web server). This functionality is intended to prevent malicious individuals from accessing the organization's internal network from the Internet, or from using services, protocols, or ports in an unauthorized manner. The set of controls will examine firewall and router configurations to verify that a DMZ is implemented to limit inbound traffic to only system components that provide authorized publicly accessible services, protocols, and ports.;Requirement 1: Install and maintain a firewall configuration to protect cardholder data;1.3 Examine firewall and router configurations-including but not limited to the choke router at the Internet, the DMZ router and firewall, the DMZ cardholder segment, the perimeter router, and the internal cardholder network segment-and perform the following to determine that there is no direct access between the Internet and system components in the internal cardholder network segment;;;;PASS;Security group cloudguardian-rds-sg (sg-0be0be5f1a7d28519) does not have SSH port 22 open to the Internet.;arn:aws:ec2:ap-south-1:735291151388:security-group/sg-0be0be5f1a7d28519;ec2_securitygroup_allow_ingress_from_internet_to_tcp_port_22;False;sg-0be0be5f1a7d28519;PCI;Payment Card Industry Data Security Standard (PCI DSS) v3.2.1;
aws;The Payment Card Industry Data Security Standard (PCI DSS) is a proprietary information security standard. It's administered by the PCI Security Standards Council, which was founded by American Express, Discover Financial Services, JCB International, MasterCard Worldwide, and Visa Inc. PCI DSS applies to entities that store, process, or transmit cardholder data (CHD) or sensitive authentication data (SAD). This includes, but isn't limited to, merchants, processors, acquirers, issuers, and service providers. The PCI DSS is mandated by the card brands and administered by the Payment Card Industry Security Standards Council.;735291151388;ap-south-1;2026-07-11 14:19:13.485135;2.2;Assure that these standards address all known security vulnerabilities and are consistent with industry-accepted system hardening standards. Sources of industry-accepted system hardening standards may include, but are not limited to Center for Internet Security (CIS), International Organization for Standardization (ISO), SysAdmin Audit Network Security (SANS) Institute and National Institute of Standards Technology (NIST). There are known weaknesses with many operating systems, databases, and enterprise applications, and there are also known ways to configure these systems to fix security vulnerabilities. To help those that are not security experts, a number of security organizations have established system-hardening guidelines and recommendations, which advise how to correct these weaknesses. Examples of sources for guidance on configuration standards include, but are not limited to: www.nist.gov, www.sans.org, and www.cisecurity.org, www.iso.org, and product vendors. System configuration standards must be kept up to date to ensure that newly identified weaknesses are corrected prior to a system being installed on the network.;Requirement 2: Do not use vendor-supplied defaults for system passwords and other security parameters;Requirement 2: Do not use vendor-supplied defaults for system passwords and other security parameters;;;;PASS;Security group cloudguardian-rds-sg (sg-0be0be5f1a7d28519) does not have SSH port 22 open to the Internet.;arn:aws:ec2:ap-south-1:735291151388:security-group/sg-0be0be5f1a7d28519;ec2_securitygroup_allow_ingress_from_internet_to_tcp_port_22;False;sg-0be0be5f1a7d28519;PCI;Payment Card Industry Data Security Standard (PCI DSS) v3.2.1;
aws;The Payment Card Industry Data Security Standard (PCI DSS) is a proprietary information security standard. It's administered by the PCI Security Standards Council, which was founded by American Express, Discover Financial Services, JCB International, MasterCard Worldwide, and Visa Inc. PCI DSS applies to entities that store, process, or transmit cardholder data (CHD) or sensitive authentication data (SAD). This includes, but isn't limited to, merchants, processors, acquirers, issuers, and service providers. The PCI DSS is mandated by the card brands and administered by the Payment Card Industry Security Standards Council.;735291151388;ap-south-1;2026-07-11 14:19:13.485135;2.2.2;As stated in Requirement 1.1.6, there are many protocols that a business may need (or have enabled by default) that are commonly used by malicious individuals to compromise a network. Including this requirement as part of an organization's configuration standards and related processes ensures that only the necessary services and protocols are enabled.;Requirement 2: Do not use vendor-supplied defaults for system passwords and other security parameters;2.2 Develop configuration standards for all system components;;;;PASS;Security group cloudguardian-rds-sg (sg-0be0be5f1a7d28519) does not have SSH port 22 open to the Internet.;arn:aws:ec2:ap-south-1:735291151388:security-group/sg-0be0be5f1a7d28519;ec2_securitygroup_allow_ingress_from_internet_to_tcp_port_22;False;sg-0be0be5f1a7d28519;PCI;Payment Card Industry Data Security Standard (PCI DSS) v3.2.1;
aws;The Payment Card Industry Data Security Standard (PCI DSS) is a proprietary information security standard. It's administered by the PCI Security Standards Council, which was founded by American Express, Discover Financial Services, JCB International, MasterCard Worldwide, and Visa Inc. PCI DSS applies to entities that store, process, or transmit cardholder data (CHD) or sensitive authentication data (SAD). This includes, but isn't limited to, merchants, processors, acquirers, issuers, and service providers. The PCI DSS is mandated by the card brands and administered by the Payment Card Industry Security Standards Council.;735291151388;ap-south-1;2026-07-11 14:19:13.485135;8.1;By ensuring each user is uniquely identified- instead of using one ID for several employees-an organization can maintain individual responsibility for actions and an effective audit trail per employee. This will help speed issue resolution and containment when misuse or malicious intent occurs.;Requirement 8: Identify and authenticate access to system components;Requirement 8: Identify and authenticate access to system components;;;;FAIL;IAM password policy reuse prevention is less than 24 or not set.;arn:aws:iam:ap-south-1:735291151388:password-policy;iam_password_policy_reuse_24;False;735291151388;PCI;Payment Card Industry Data Security Standard (PCI DSS) v3.2.1;
aws;The Payment Card Industry Data Security Standard (PCI DSS) is a proprietary information security standard. It's administered by the PCI Security Standards Council, which was founded by American Express, Discover Financial Services, JCB International, MasterCard Worldwide, and Visa Inc. PCI DSS applies to entities that store, process, or transmit cardholder data (CHD) or sensitive authentication data (SAD). This includes, but isn't limited to, merchants, processors, acquirers, issuers, and service providers. The PCI DSS is mandated by the card brands and administered by the Payment Card Industry Security Standards Council.;735291151388;ap-south-1;2026-07-11 14:19:13.485135;8.1.4;Accounts that are not used regularly are often targets of attack since it is less likely that any changes (such as a changed password) will be noticed. As such, these accounts may be more easily exploited and used to access cardholder data.;Requirement 8: Identify and authenticate access to system components;8.1 Define and implement policies and procedures to ensure proper user identification management for non-consumer users and administrators;;;;FAIL;IAM password policy reuse prevention is less than 24 or not set.;arn:aws:iam:ap-south-1:735291151388:password-policy;iam_password_policy_reuse_24;False;735291151388;PCI;Payment Card Industry Data Security Standard (PCI DSS) v3.2.1;
aws;The Payment Card Industry Data Security Standard (PCI DSS) is a proprietary information security standard. It's administered by the PCI Security Standards Council, which was founded by American Express, Discover Financial Services, JCB International, MasterCard Worldwide, and Visa Inc. PCI DSS applies to entities that store, process, or transmit cardholder data (CHD) or sensitive authentication data (SAD). This includes, but isn't limited to, merchants, processors, acquirers, issuers, and service providers. The PCI DSS is mandated by the card brands and administered by the Payment Card Industry Security Standards Council.;735291151388;ap-south-1;2026-07-11 14:19:13.485135;8.2;Verify users are authenticated using unique ID, perform the following: examine documentation describing the authentication method(s) used, for each type of authentication method used and for each type of system component, observe an authentication to verify authentication is functioning consistent with documented authentication method(s). These authentication methods, when used in addition to unique IDs, help protect users' IDs from being compromised, since the one attempting the compromise needs to know both the unique ID and the password (or other authentication used). Note that a digital certificate is a valid option for “something you have” as long as it is unique for a particular user. Since one of the first steps a malicious individual will take to compromise a system is to exploit weak or nonexistent passwords, it is important to implement good processes for authentication management.;Requirement 8: Identify and authenticate access to system components;Requirement 8: Identify and authenticate access to system components;;;;FAIL;IAM password policy reuse prevention is less than 24 or not set.;arn:aws:iam:ap-south-1:735291151388:password-policy;iam_password_policy_reuse_24;False;735291151388;PCI;Payment Card Industry Data Security Standard (PCI DSS) v3.2.1;
aws;The Payment Card Industry Data Security Standard (PCI DSS) is a proprietary information security standard. It's administered by the PCI Security Standards Council, which was founded by American Express, Discover Financial Services, JCB International, MasterCard Worldwide, and Visa Inc. PCI DSS applies to entities that store, process, or transmit cardholder data (CHD) or sensitive authentication data (SAD). This includes, but isn't limited to, merchants, processors, acquirers, issuers, and service providers. The PCI DSS is mandated by the card brands and administered by the Payment Card Industry Security Standards Council.;735291151388;ap-south-1;2026-07-11 14:19:13.485135;8.2.3;The passwords/ passphrases must have complexity and strength at least equivalent to the parameters specified above. Strong passwords/passphrases are the first line of defense into a network since a malicious individual will often first try to find accounts with weak or non- existent passwords. If passwords are short or simple to guess, it is relatively easy for a malicious individual to find these weak accounts and compromise a network under the guise of a valid user ID. This requirement specifies that a minimum of seven characters and both numeric and alphabetic characters should be used for passwords/ passphrases. For cases where this minimum cannot be met due to technical limitations, entities can use “equivalent strength” to evaluate their alternative. For information on variability and equivalency of password strength (also referred to as entropy) for passwords/passphrases of different formats, refer to industry standards (e.g., the current version of NIST SP 800-63.) Note: Testing Procedure 8.2.3.b is an additional procedure that only applies if the entity being assessed is a service provider.;Requirement 8: Identify and authenticate access to system components;8.2 To verify that users are authenticated using unique ID and additional authentication (for example, a password/phrase) for access to the cardholder data environment perform the methods like examine documentation describing the authentication method(s) used etc;;;;FAIL;IAM password policy reuse prevention is less than 24 or not set.;arn:aws:iam:ap-south-1:735291151388:password-policy;iam_password_policy_reuse_24;False;735291151388;PCI;Payment Card Industry Data Security Standard (PCI DSS) v3.2.1;
aws;The Payment Card Industry Data Security Standard (PCI DSS) is a proprietary information security standard. It's administered by the PCI Security Standards Council, which was founded by American Express, Discover Financial Services, JCB International, MasterCard Worldwide, and Visa Inc. PCI DSS applies to entities that store, process, or transmit cardholder data (CHD) or sensitive authentication data (SAD). This includes, but isn't limited to, merchants, processors, acquirers, issuers, and service providers. The PCI DSS is mandated by the card brands and administered by the Payment Card Industry Security Standards Council.;735291151388;ap-south-1;2026-07-11 14:19:13.485135;8.2.3.a;Strong passwords/passphrases are the first line of defense into a network since a malicious individual will often first try to find accounts with weak or non- existent passwords. If passwords are short or simple to guess, it is relatively easy for a malicious individual to find these weak accounts and compromise a network under the guise of a valid user ID. This requirement specifies that a minimum of seven characters and both numeric and alphabetic characters should be used for passwords/ passphrases. For cases where this minimum cannot be met due to technical limitations, entities can use “equivalent strength” to evaluate their alternative. For information on variability and equivalency of password strength (also referred to as entropy) for passwords/passphrases of different formats, refer to industry standards (e.g., the current version of NIST SP 800-63.) Note: Testing Procedure 8.2.3.b is an additional procedure that only applies if the entity being assessed is a service provider.;Requirement 8: Identify and authenticate access to system components;8.2.3 Passwords/passphrases require a minimum length of at least seven characters, contain both numeric and alphabetic characters;;;;FAIL;IAM password policy reuse prevention is less than 24 or not set.;arn:aws:iam:ap-south-1:735291151388:password-policy;iam_password_policy_reuse_24;False;735291151388;PCI;Payment Card Industry Data Security Standard (PCI DSS) v3.2.1;
aws;The Payment Card Industry Data Security Standard (PCI DSS) is a proprietary information security standard. It's administered by the PCI Security Standards Council, which was founded by American Express, Discover Financial Services, JCB International, MasterCard Worldwide, and Visa Inc. PCI DSS applies to entities that store, process, or transmit cardholder data (CHD) or sensitive authentication data (SAD). This includes, but isn't limited to, merchants, processors, acquirers, issuers, and service providers. The PCI DSS is mandated by the card brands and administered by the Payment Card Industry Security Standards Council.;735291151388;ap-south-1;2026-07-11 14:19:13.485135;8.2.3.b;Strong passwords/passphrases are the first line of defense into a network since a malicious individual will often first try to find accounts with weak or non- existent passwords. If passwords are short or simple to guess, it is relatively easy for a malicious individual to find these weak accounts and compromise a network under the guise of a valid user ID. This requirement specifies that a minimum of seven characters and both numeric and alphabetic characters should be used for passwords/ passphrases. For cases where this minimum cannot be met due to technical limitations, entities can use “equivalent strength” to evaluate their alternative. For information on variability and equivalency of password strength (also referred to as entropy) for passwords/passphrases of different formats, refer to industry standards (e.g., the current version of NIST SP 800-63.) Note: Testing Procedure 8.2.3.b is an additional procedure that only applies if the entity being assessed is a service provider.;Requirement 8: Identify and authenticate access to system components;8.2.3 Passwords/passphrases require a minimum length of at least seven characters, contain both numeric and alphabetic characters;;;;FAIL;IAM password policy reuse prevention is less than 24 or not set.;arn:aws:iam:ap-south-1:735291151388:password-policy;iam_password_policy_reuse_24;False;735291151388;PCI;Payment Card Industry Data Security Standard (PCI DSS) v3.2.1;
aws;The Payment Card Industry Data Security Standard (PCI DSS) is a proprietary information security standard. It's administered by the PCI Security Standards Council, which was founded by American Express, Discover Financial Services, JCB International, MasterCard Worldwide, and Visa Inc. PCI DSS applies to entities that store, process, or transmit cardholder data (CHD) or sensitive authentication data (SAD). This includes, but isn't limited to, merchants, processors, acquirers, issuers, and service providers. The PCI DSS is mandated by the card brands and administered by the Payment Card Industry Security Standards Council.;735291151388;ap-south-1;2026-07-11 14:19:13.485135;8.2.4;Passwords/passphrases that are valid for a long time without a change provide malicious individuals with more time to work on breaking the password/phrase. Note: Testing Procedure 8.2.4.b is an additional procedure that only applies if the entity being assessed is a service provider.;Requirement 8: Identify and authenticate access to system components;8.2 To verify that users are authenticated using unique ID and additional authentication (for example, a password/phrase) for access to the cardholder data environment perform the methods like examine documentation describing the authentication method(s) used etc;;;;FAIL;IAM password policy reuse prevention is less than 24 or not set.;arn:aws:iam:ap-south-1:735291151388:password-policy;iam_password_policy_reuse_24;False;735291151388;PCI;Payment Card Industry Data Security Standard (PCI DSS) v3.2.1;
aws;The Payment Card Industry Data Security Standard (PCI DSS) is a proprietary information security standard. It's administered by the PCI Security Standards Council, which was founded by American Express, Discover Financial Services, JCB International, MasterCard Worldwide, and Visa Inc. PCI DSS applies to entities that store, process, or transmit cardholder data (CHD) or sensitive authentication data (SAD). This includes, but isn't limited to, merchants, processors, acquirers, issuers, and service providers. The PCI DSS is mandated by the card brands and administered by the Payment Card Industry Security Standards Council.;735291151388;ap-south-1;2026-07-11 14:19:13.485135;8.2.4.a;Passwords/passphrases that are valid for a long time without a change provide malicious individuals with more time to work on breaking the password/phrase. Note: Testing Procedure 8.2.4.b is an additional procedure that only applies if the entity being assessed is a service provider.;Requirement 8: Identify and authenticate access to system components;8.2.4 Change user passwords/passphrases at least once every 90 days;;;;FAIL;IAM password policy reuse prevention is less than 24 or not set.;arn:aws:iam:ap-south-1:735291151388:password-policy;iam_password_policy_reuse_24;False;735291151388;PCI;Payment Card Industry Data Security Standard (PCI DSS) v3.2.1;
aws;The Payment Card Industry Data Security Standard (PCI DSS) is a proprietary information security standard. It's administered by the PCI Security Standards Council, which was founded by American Express, Discover Financial Services, JCB International, MasterCard Worldwide, and Visa Inc. PCI DSS applies to entities that store, process, or transmit cardholder data (CHD) or sensitive authentication data (SAD). This includes, but isn't limited to, merchants, processors, acquirers, issuers, and service providers. The PCI DSS is mandated by the card brands and administered by the Payment Card Industry Security Standards Council.;735291151388;ap-south-1;2026-07-11 14:19:13.485135;8.2.4.b;Passwords/passphrases that are valid for a long time without a change provide malicious individuals with more time to work on breaking the password/phrase. Note: Testing Procedure 8.2.4.b is an additional procedure that only applies if the entity being assessed is a service provider.;Requirement 8: Identify and authenticate access to system components;8.2.4 Change user passwords/passphrases at least once every 90 days;;;;FAIL;IAM password policy reuse prevention is less than 24 or not set.;arn:aws:iam:ap-south-1:735291151388:password-policy;iam_password_policy_reuse_24;False;735291151388;PCI;Payment Card Industry Data Security Standard (PCI DSS) v3.2.1;
aws;The Payment Card Industry Data Security Standard (PCI DSS) is a proprietary information security standard. It's administered by the PCI Security Standards Council, which was founded by American Express, Discover Financial Services, JCB International, MasterCard Worldwide, and Visa Inc. PCI DSS applies to entities that store, process, or transmit cardholder data (CHD) or sensitive authentication data (SAD). This includes, but isn't limited to, merchants, processors, acquirers, issuers, and service providers. The PCI DSS is mandated by the card brands and administered by the Payment Card Industry Security Standards Council.;735291151388;ap-south-1;2026-07-11 14:19:13.485135;8.2.5;If password history isn't maintained, the effectiveness of changing passwords is reduced, as previous passwords can be reused over and over. Requiring that passwords cannot be reused for a period of time reduces the likelihood that passwords that have been guessed or brute-forced will be used in the future. Note: Testing Procedure 8.2.5.b is an additional procedure that only applies if the entity being assessed is a service provider.;Requirement 8: Identify and authenticate access to system components;8.2 To verify that users are authenticated using unique ID and additional authentication (for example, a password/phrase) for access to the cardholder data environment perform the methods like examine documentation describing the authentication method(s) used etc;;;;FAIL;IAM password policy reuse prevention is less than 24 or not set.;arn:aws:iam:ap-south-1:735291151388:password-policy;iam_password_policy_reuse_24;False;735291151388;PCI;Payment Card Industry Data Security Standard (PCI DSS) v3.2.1;
aws;The Payment Card Industry Data Security Standard (PCI DSS) is a proprietary information security standard. It's administered by the PCI Security Standards Council, which was founded by American Express, Discover Financial Services, JCB International, MasterCard Worldwide, and Visa Inc. PCI DSS applies to entities that store, process, or transmit cardholder data (CHD) or sensitive authentication data (SAD). This includes, but isn't limited to, merchants, processors, acquirers, issuers, and service providers. The PCI DSS is mandated by the card brands and administered by the Payment Card Industry Security Standards Council.;735291151388;ap-south-1;2026-07-11 14:19:13.485135;8.2.5.a;If password history isn't maintained, the effectiveness of changing passwords is reduced, as previous passwords can be reused over and over. Requiring that passwords cannot be reused for a period of time reduces the likelihood that passwords that have been guessed or brute-forced will be used in the future. Note: Testing Procedure 8.2.5.b is an additional procedure that only applies if the entity being assessed is a service provider.;Requirement 8: Identify and authenticate access to system components;8.2.5 Do not allow an individual to submit a new password/passphrase that is the same as any of the last four passwords/passphrases he or she has used;;;;FAIL;IAM password policy reuse prevention is less than 24 or not set.;arn:aws:iam:ap-south-1:735291151388:password-policy;iam_password_policy_reuse_24;False;735291151388;PCI;Payment Card Industry Data Security Standard (PCI DSS) v3.2.1;
aws;The Payment Card Industry Data Security Standard (PCI DSS) is a proprietary information security standard. It's administered by the PCI Security Standards Council, which was founded by American Express, Discover Financial Services, JCB International, MasterCard Worldwide, and Visa Inc. PCI DSS applies to entities that store, process, or transmit cardholder data (CHD) or sensitive authentication data (SAD). This includes, but isn't limited to, merchants, processors, acquirers, issuers, and service providers. The PCI DSS is mandated by the card brands and administered by the Payment Card Industry Security Standards Council.;735291151388;ap-south-1;2026-07-11 14:19:13.485135;8.2.5.b;If password history isn't maintained, the effectiveness of changing passwords is reduced, as previous passwords can be reused over and over. Requiring that passwords cannot be reused for a period of time reduces the likelihood that passwords that have been guessed or brute-forced will be used in the future. Note: Testing Procedure 8.2.5.b is an additional procedure that only applies if the entity being assessed is a service provider.;Requirement 8: Identify and authenticate access to system components;8.2.5 Do not allow an individual to submit a new password/passphrase that is the same as any of the last four passwords/passphrases he or she has used;;;;FAIL;IAM password policy reuse prevention is less than 24 or not set.;arn:aws:iam:ap-south-1:735291151388:password-policy;iam_password_policy_reuse_24;False;735291151388;PCI;Payment Card Industry Data Security Standard (PCI DSS) v3.2.1;
aws;The Payment Card Industry Data Security Standard (PCI DSS) is a proprietary information security standard. It's administered by the PCI Security Standards Council, which was founded by American Express, Discover Financial Services, JCB International, MasterCard Worldwide, and Visa Inc. PCI DSS applies to entities that store, process, or transmit cardholder data (CHD) or sensitive authentication data (SAD). This includes, but isn't limited to, merchants, processors, acquirers, issuers, and service providers. The PCI DSS is mandated by the card brands and administered by the Payment Card Industry Security Standards Council.;735291151388;ap-south-1;2026-07-11 14:19:13.485135;8.1.4;Accounts that are not used regularly are often targets of attack since it is less likely that any changes (such as a changed password) will be noticed. As such, these accounts may be more easily exploited and used to access cardholder data.;Requirement 8: Identify and authenticate access to system components;8.1 Define and implement policies and procedures to ensure proper user identification management for non-consumer users and administrators;;;;PASS;IAM Role AWSServiceRoleForResourceExplorer accessed Bedrock 0 days ago (threshold: 60 days).;arn:aws:iam::735291151388:role/aws-service-role/resource-explorer-2.amazonaws.com/AWSServiceRoleForResourceExplorer;iam_role_access_not_stale_to_bedrock;False;AWSServiceRoleForResourceExplorer;PCI;Payment Card Industry Data Security Standard (PCI DSS) v3.2.1;
aws;The Payment Card Industry Data Security Standard (PCI DSS) is a proprietary information security standard. It's administered by the PCI Security Standards Council, which was founded by American Express, Discover Financial Services, JCB International, MasterCard Worldwide, and Visa Inc. PCI DSS applies to entities that store, process, or transmit cardholder data (CHD) or sensitive authentication data (SAD). This includes, but isn't limited to, merchants, processors, acquirers, issuers, and service providers. The PCI DSS is mandated by the card brands and administered by the Payment Card Industry Security Standards Council.;735291151388;ap-south-1;2026-07-11 14:19:13.485135;8.1.4;Accounts that are not used regularly are often targets of attack since it is less likely that any changes (such as a changed password) will be noticed. As such, these accounts may be more easily exploited and used to access cardholder data.;Requirement 8: Identify and authenticate access to system components;8.1 Define and implement policies and procedures to ensure proper user identification management for non-consumer users and administrators;;;;FAIL;IAM Role AWSServiceRoleForSupport has Bedrock permissions but has never used them.;arn:aws:iam::735291151388:role/aws-service-role/support.amazonaws.com/AWSServiceRoleForSupport;iam_role_access_not_stale_to_bedrock;False;AWSServiceRoleForSupport;PCI;Payment Card Industry Data Security Standard (PCI DSS) v3.2.1;
aws;The Payment Card Industry Data Security Standard (PCI DSS) is a proprietary information security standard. It's administered by the PCI Security Standards Council, which was founded by American Express, Discover Financial Services, JCB International, MasterCard Worldwide, and Visa Inc. PCI DSS applies to entities that store, process, or transmit cardholder data (CHD) or sensitive authentication data (SAD). This includes, but isn't limited to, merchants, processors, acquirers, issuers, and service providers. The PCI DSS is mandated by the card brands and administered by the Payment Card Industry Security Standards Council.;735291151388;ap-south-1;2026-07-11 14:19:13.485135;8.1.4;Accounts that are not used regularly are often targets of attack since it is less likely that any changes (such as a changed password) will be noticed. As such, these accounts may be more easily exploited and used to access cardholder data.;Requirement 8: Identify and authenticate access to system components;8.1 Define and implement policies and procedures to ensure proper user identification management for non-consumer users and administrators;;;;FAIL;IAM Role cloudguardian-web-role has Bedrock permissions but has never used them.;arn:aws:iam::735291151388:role/cloudguardian-web-role;iam_role_access_not_stale_to_bedrock;False;cloudguardian-web-role;PCI;Payment Card Industry Data Security Standard (PCI DSS) v3.2.1;
aws;The Payment Card Industry Data Security Standard (PCI DSS) is a proprietary information security standard. It's administered by the PCI Security Standards Council, which was founded by American Express, Discover Financial Services, JCB International, MasterCard Worldwide, and Visa Inc. PCI DSS applies to entities that store, process, or transmit cardholder data (CHD) or sensitive authentication data (SAD). This includes, but isn't limited to, merchants, processors, acquirers, issuers, and service providers. The PCI DSS is mandated by the card brands and administered by the Payment Card Industry Security Standards Council.;735291151388;ap-south-1;2026-07-11 14:19:13.485135;8.1.4;Accounts that are not used regularly are often targets of attack since it is less likely that any changes (such as a changed password) will be noticed. As such, these accounts may be more easily exploited and used to access cardholder data.;Requirement 8: Identify and authenticate access to system components;8.1 Define and implement policies and procedures to ensure proper user identification management for non-consumer users and administrators;;;;PASS;IAM User Alex accessed Bedrock 0 days ago (threshold: 60 days).;arn:aws:iam::735291151388:user/Alex;iam_user_access_not_stale_to_bedrock;False;Alex;PCI;Payment Card Industry Data Security Standard (PCI DSS) v3.2.1;
aws;The Payment Card Industry Data Security Standard (PCI DSS) is a proprietary information security standard. It's administered by the PCI Security Standards Council, which was founded by American Express, Discover Financial Services, JCB International, MasterCard Worldwide, and Visa Inc. PCI DSS applies to entities that store, process, or transmit cardholder data (CHD) or sensitive authentication data (SAD). This includes, but isn't limited to, merchants, processors, acquirers, issuers, and service providers. The PCI DSS is mandated by the card brands and administered by the Payment Card Industry Security Standards Council.;735291151388;ap-south-1;2026-07-11 14:19:13.485135;8.1;By ensuring each user is uniquely identified- instead of using one ID for several employees-an organization can maintain individual responsibility for actions and an effective audit trail per employee. This will help speed issue resolution and containment when misuse or malicious intent occurs.;Requirement 8: Identify and authenticate access to system components;Requirement 8: Identify and authenticate access to system components;;;;PASS;User <root_account> does not have access keys.;arn:aws:iam::735291151388:root;iam_user_accesskey_unused;False;<root_account>;PCI;Payment Card Industry Data Security Standard (PCI DSS) v3.2.1;
aws;The Payment Card Industry Data Security Standard (PCI DSS) is a proprietary information security standard. It's administered by the PCI Security Standards Council, which was founded by American Express, Discover Financial Services, JCB International, MasterCard Worldwide, and Visa Inc. PCI DSS applies to entities that store, process, or transmit cardholder data (CHD) or sensitive authentication data (SAD). This includes, but isn't limited to, merchants, processors, acquirers, issuers, and service providers. The PCI DSS is mandated by the card brands and administered by the Payment Card Industry Security Standards Council.;735291151388;ap-south-1;2026-07-11 14:19:13.485135;8.1.4;Accounts that are not used regularly are often targets of attack since it is less likely that any changes (such as a changed password) will be noticed. As such, these accounts may be more easily exploited and used to access cardholder data.;Requirement 8: Identify and authenticate access to system components;8.1 Define and implement policies and procedures to ensure proper user identification management for non-consumer users and administrators;;;;PASS;User <root_account> does not have access keys.;arn:aws:iam::735291151388:root;iam_user_accesskey_unused;False;<root_account>;PCI;Payment Card Industry Data Security Standard (PCI DSS) v3.2.1;
aws;The Payment Card Industry Data Security Standard (PCI DSS) is a proprietary information security standard. It's administered by the PCI Security Standards Council, which was founded by American Express, Discover Financial Services, JCB International, MasterCard Worldwide, and Visa Inc. PCI DSS applies to entities that store, process, or transmit cardholder data (CHD) or sensitive authentication data (SAD). This includes, but isn't limited to, merchants, processors, acquirers, issuers, and service providers. The PCI DSS is mandated by the card brands and administered by the Payment Card Industry Security Standards Council.;735291151388;ap-south-1;2026-07-11 14:19:13.485135;8.1;By ensuring each user is uniquely identified- instead of using one ID for several employees-an organization can maintain individual responsibility for actions and an effective audit trail per employee. This will help speed issue resolution and containment when misuse or malicious intent occurs.;Requirement 8: Identify and authenticate access to system components;Requirement 8: Identify and authenticate access to system components;;;;PASS;User Alex does not have unused access keys for 45 days.;arn:aws:iam::735291151388:user/Alex;iam_user_accesskey_unused;False;Alex;PCI;Payment Card Industry Data Security Standard (PCI DSS) v3.2.1;
aws;The Payment Card Industry Data Security Standard (PCI DSS) is a proprietary information security standard. It's administered by the PCI Security Standards Council, which was founded by American Express, Discover Financial Services, JCB International, MasterCard Worldwide, and Visa Inc. PCI DSS applies to entities that store, process, or transmit cardholder data (CHD) or sensitive authentication data (SAD). This includes, but isn't limited to, merchants, processors, acquirers, issuers, and service providers. The PCI DSS is mandated by the card brands and administered by the Payment Card Industry Security Standards Council.;735291151388;ap-south-1;2026-07-11 14:19:13.485135;8.1.4;Accounts that are not used regularly are often targets of attack since it is less likely that any changes (such as a changed password) will be noticed. As such, these accounts may be more easily exploited and used to access cardholder data.;Requirement 8: Identify and authenticate access to system components;8.1 Define and implement policies and procedures to ensure proper user identification management for non-consumer users and administrators;;;;PASS;User Alex does not have unused access keys for 45 days.;arn:aws:iam::735291151388:user/Alex;iam_user_accesskey_unused;False;Alex;PCI;Payment Card Industry Data Security Standard (PCI DSS) v3.2.1;
aws;The Payment Card Industry Data Security Standard (PCI DSS) is a proprietary information security standard. It's administered by the PCI Security Standards Council, which was founded by American Express, Discover Financial Services, JCB International, MasterCard Worldwide, and Visa Inc. PCI DSS applies to entities that store, process, or transmit cardholder data (CHD) or sensitive authentication data (SAD). This includes, but isn't limited to, merchants, processors, acquirers, issuers, and service providers. The PCI DSS is mandated by the card brands and administered by the Payment Card Industry Security Standards Council.;735291151388;ap-south-1;2026-07-11 14:19:13.485135;8.1;By ensuring each user is uniquely identified- instead of using one ID for several employees-an organization can maintain individual responsibility for actions and an effective audit trail per employee. This will help speed issue resolution and containment when misuse or malicious intent occurs.;Requirement 8: Identify and authenticate access to system components;Requirement 8: Identify and authenticate access to system components;;;;PASS;User Alex does not have console access enabled or is unused.;arn:aws:iam::735291151388:user/Alex;iam_user_console_access_unused;False;Alex;PCI;Payment Card Industry Data Security Standard (PCI DSS) v3.2.1;
aws;The Payment Card Industry Data Security Standard (PCI DSS) is a proprietary information security standard. It's administered by the PCI Security Standards Council, which was founded by American Express, Discover Financial Services, JCB International, MasterCard Worldwide, and Visa Inc. PCI DSS applies to entities that store, process, or transmit cardholder data (CHD) or sensitive authentication data (SAD). This includes, but isn't limited to, merchants, processors, acquirers, issuers, and service providers. The PCI DSS is mandated by the card brands and administered by the Payment Card Industry Security Standards Council.;735291151388;ap-south-1;2026-07-11 14:19:13.485135;8.1.4;Accounts that are not used regularly are often targets of attack since it is less likely that any changes (such as a changed password) will be noticed. As such, these accounts may be more easily exploited and used to access cardholder data.;Requirement 8: Identify and authenticate access to system components;8.1 Define and implement policies and procedures to ensure proper user identification management for non-consumer users and administrators;;;;PASS;User Alex does not have console access enabled or is unused.;arn:aws:iam::735291151388:user/Alex;iam_user_console_access_unused;False;Alex;PCI;Payment Card Industry Data Security Standard (PCI DSS) v3.2.1;
aws;The Payment Card Industry Data Security Standard (PCI DSS) is a proprietary information security standard. It's administered by the PCI Security Standards Council, which was founded by American Express, Discover Financial Services, JCB International, MasterCard Worldwide, and Visa Inc. PCI DSS applies to entities that store, process, or transmit cardholder data (CHD) or sensitive authentication data (SAD). This includes, but isn't limited to, merchants, processors, acquirers, issuers, and service providers. The PCI DSS is mandated by the card brands and administered by the Payment Card Industry Security Standards Council.;735291151388;ap-south-1;2026-07-11 14:19:13.485135;8.3;"Note: Multi-factor authentication requires that a minimum of two of the three authentication methods (see Requirement 8.2 for descriptions of authentication methods) be used for authentication. Using one factor twice (for example, using two separate passwords) is not considered multi-factor authentication. Multi-factor authentication requires an individual to present a minimum of two separate forms of authentication (as described in Requirement 8.2), before access is granted. Multi-factor authentication provides additional assurance that the individual attempting to gain access is who they claim to be. With multi-factor authentication, an attacker would need to compromise at least two different authentication mechanisms, increasing the difficulty of compromise and thus reducing the risk. Multi-factor authentication is not required at both the system-level and application-level for a particular system component. Multi-factor authentication can be performed either upon authentication to the particular network or to the system component. Examples of multi-factor technologies include but are not limited to remote authentication and dial-in service (RADIUS) with tokens; terminal access controller access control system (TACACS) with tokens; and other technologies that facilitate multi- factor authentication.";Requirement 8: Identify and authenticate access to system components;Requirement 8: Identify and authenticate access to system components;;;;PASS;User Alex does not have Console Password enabled.;arn:aws:iam::735291151388:user/Alex;iam_user_mfa_enabled_console_access;False;Alex;PCI;Payment Card Industry Data Security Standard (PCI DSS) v3.2.1;
aws;The Payment Card Industry Data Security Standard (PCI DSS) is a proprietary information security standard. It's administered by the PCI Security Standards Council, which was founded by American Express, Discover Financial Services, JCB International, MasterCard Worldwide, and Visa Inc. PCI DSS applies to entities that store, process, or transmit cardholder data (CHD) or sensitive authentication data (SAD). This includes, but isn't limited to, merchants, processors, acquirers, issuers, and service providers. The PCI DSS is mandated by the card brands and administered by the Payment Card Industry Security Standards Council.;735291151388;ap-south-1;2026-07-11 14:19:13.485135;8.3.1;"This requirement is intended to apply to all personnel with administrative access to the CDE. This requirement applies only to personnel with administrative access and only for non-console access to the CDE; it does not apply to application or system accounts performing automated functions. If the entity does not use segmentation to separate the CDE from the rest of their network, an administrator could use multi-factor authentication either when logging onto the CDE network or when logging onto a system. If the CDE is segmented from the rest of the entity’s network, an administrator would need to use multi- factor authentication when connecting to a CDE system from a non-CDE network. Multi-factor authentication can be implemented at network level or at system/application level; it does not have to be both. If the administrator uses MFA when logging into the CDE network, they do not also need to use MFA to log into a particular system or application within the CDE.";Requirement 8: Identify and authenticate access to system components;8.3 Secure all individual non-console administrative access and all remote access to the CDE using multi-factor authentication;;;;PASS;User Alex does not have Console Password enabled.;arn:aws:iam::735291151388:user/Alex;iam_user_mfa_enabled_console_access;False;Alex;PCI;Payment Card Industry Data Security Standard (PCI DSS) v3.2.1;
aws;The Payment Card Industry Data Security Standard (PCI DSS) is a proprietary information security standard. It's administered by the PCI Security Standards Council, which was founded by American Express, Discover Financial Services, JCB International, MasterCard Worldwide, and Visa Inc. PCI DSS applies to entities that store, process, or transmit cardholder data (CHD) or sensitive authentication data (SAD). This includes, but isn't limited to, merchants, processors, acquirers, issuers, and service providers. The PCI DSS is mandated by the card brands and administered by the Payment Card Industry Security Standards Council.;735291151388;ap-south-1;2026-07-11 14:19:13.485135;8.3.1.a;"This requirement is intended to apply to all personnel with administrative access to the CDE. This requirement applies only to personnel with administrative access and only for non-console access to the CDE; it does not apply to application or system accounts performing automated functions. If the entity does not use segmentation to separate the CDE from the rest of their network, an administrator could use multi-factor authentication either when logging onto the CDE network or when logging onto a system. If the CDE is segmented from the rest of the entity's network, an administrator would need to use multi- factor authentication when connecting to a CDE system from a non-CDE network. Multi-factor authentication can be implemented at network level or at system/application level; it does not have to be both. If the administrator uses MFA when logging into the CDE network, they do not also need to use MFA to log into a particular system or application within the CDE.";Requirement 8: Identify and authenticate access to system components;8.3.1 Incorporate multi-factor authentication for all non-console access into the CDE for personnel with administrative access;;;;PASS;User Alex does not have Console Password enabled.;arn:aws:iam::735291151388:user/Alex;iam_user_mfa_enabled_console_access;False;Alex;PCI;Payment Card Industry Data Security Standard (PCI DSS) v3.2.1;
aws;The Payment Card Industry Data Security Standard (PCI DSS) is a proprietary information security standard. It's administered by the PCI Security Standards Council, which was founded by American Express, Discover Financial Services, JCB International, MasterCard Worldwide, and Visa Inc. PCI DSS applies to entities that store, process, or transmit cardholder data (CHD) or sensitive authentication data (SAD). This includes, but isn't limited to, merchants, processors, acquirers, issuers, and service providers. The PCI DSS is mandated by the card brands and administered by the Payment Card Industry Security Standards Council.;735291151388;ap-south-1;2026-07-11 14:19:13.485135;8.3.2;This requirement is intended to apply to all personnel-including general users, administrators, and vendors (for support or maintenance) with remote access to the network-where that remote access could lead to access to the CDE. If remote access is to an entity's network that has appropriate segmentation, such that remote users cannot access or impact the cardholder data environment, multi-factor authentication for remote access to that network would not be required. However, multi- factor authentication is required for any remote access to networks with access to the cardholder data environment, and is recommended for all remote access to the entity's networks.;Requirement 8: Identify and authenticate access to system components;8.3 Secure all individual non-console administrative access and all remote access to the CDE using multi-factor authentication;;;;PASS;User Alex does not have Console Password enabled.;arn:aws:iam::735291151388:user/Alex;iam_user_mfa_enabled_console_access;False;Alex;PCI;Payment Card Industry Data Security Standard (PCI DSS) v3.2.1;
aws;The Payment Card Industry Data Security Standard (PCI DSS) is a proprietary information security standard. It's administered by the PCI Security Standards Council, which was founded by American Express, Discover Financial Services, JCB International, MasterCard Worldwide, and Visa Inc. PCI DSS applies to entities that store, process, or transmit cardholder data (CHD) or sensitive authentication data (SAD). This includes, but isn't limited to, merchants, processors, acquirers, issuers, and service providers. The PCI DSS is mandated by the card brands and administered by the Payment Card Industry Security Standards Council.;735291151388;ap-south-1;2026-07-11 14:19:13.485135;8.3.2.a;This requirement is intended to apply to all personnel-including general users, administrators, and vendors (for support or maintenance) with remote access to the network-where that remote access could lead to access to the CDE. If remote access is to an entity's network that has appropriate segmentation, such that remote users cannot access or impact the cardholder data environment, multi-factor authentication for remote access to that network would not be required. However, multi- factor authentication is required for any remote access to networks with access to the cardholder data environment, and is recommended for all remote access to the entity's networks.;Requirement 8: Identify and authenticate access to system components;8.3.2 Incorporate multi-factor authentication for all remote network access (both user and administrator, and including third-party access for support or maintenance) originating from outside the entity's network;;;;PASS;User Alex does not have Console Password enabled.;arn:aws:iam::735291151388:user/Alex;iam_user_mfa_enabled_console_access;False;Alex;PCI;Payment Card Industry Data Security Standard (PCI DSS) v3.2.1;
aws;The Payment Card Industry Data Security Standard (PCI DSS) is a proprietary information security standard. It's administered by the PCI Security Standards Council, which was founded by American Express, Discover Financial Services, JCB International, MasterCard Worldwide, and Visa Inc. PCI DSS applies to entities that store, process, or transmit cardholder data (CHD) or sensitive authentication data (SAD). This includes, but isn't limited to, merchants, processors, acquirers, issuers, and service providers. The PCI DSS is mandated by the card brands and administered by the Payment Card Industry Security Standards Council.;735291151388;ap-south-1;2026-07-11 14:19:13.485135;8.6;If user authentication mechanisms such as tokens, smart cards, and certificates can be used by multiple accounts, it may be impossible to identify the individual using the authentication mechanism. Having physical and/or logical controls (for example, a PIN, biometric data, or a password) to uniquely identify the user of the account will prevent unauthorized users from gaining access through use of a shared authentication mechanism.;Requirement 8: Identify and authenticate access to system components;Requirement 8: Identify and authenticate access to system components;;;;PASS;User Alex does not have Console Password enabled.;arn:aws:iam::735291151388:user/Alex;iam_user_mfa_enabled_console_access;False;Alex;PCI;Payment Card Industry Data Security Standard (PCI DSS) v3.2.1;
aws;The Payment Card Industry Data Security Standard (PCI DSS) is a proprietary information security standard. It's administered by the PCI Security Standards Council, which was founded by American Express, Discover Financial Services, JCB International, MasterCard Worldwide, and Visa Inc. PCI DSS applies to entities that store, process, or transmit cardholder data (CHD) or sensitive authentication data (SAD). This includes, but isn't limited to, merchants, processors, acquirers, issuers, and service providers. The PCI DSS is mandated by the card brands and administered by the Payment Card Industry Security Standards Council.;735291151388;ap-south-1;2026-07-11 14:19:13.485135;8.6.c;If user authentication mechanisms such as tokens, smart cards, and certificates can be used by multiple accounts, it may be impossible to identify the individual using the authentication mechanism. Having physical and/or logical controls (for example, a PIN, biometric data, or a password) to uniquely identify the user of the account will prevent unauthorized users from gaining access through use of a shared authentication mechanism.;Requirement 8: Identify and authenticate access to system components;8.6 Where other authentication mechanisms are used (for example, physical or logical security tokens, smart cards, certificates, etc.), use of these mechanisms must be assigned authentication mechanisms must be assigned to an individual account and not shared among multiple accounts, physical and/or logical controls must be in place to ensure only the intended account can use that mechanism to gain access;;;;PASS;User Alex does not have Console Password enabled.;arn:aws:iam::735291151388:user/Alex;iam_user_mfa_enabled_console_access;False;Alex;PCI;Payment Card Industry Data Security Standard (PCI DSS) v3.2.1;
aws;The Payment Card Industry Data Security Standard (PCI DSS) is a proprietary information security standard. It's administered by the PCI Security Standards Council, which was founded by American Express, Discover Financial Services, JCB International, MasterCard Worldwide, and Visa Inc. PCI DSS applies to entities that store, process, or transmit cardholder data (CHD) or sensitive authentication data (SAD). This includes, but isn't limited to, merchants, processors, acquirers, issuers, and service providers. The PCI DSS is mandated by the card brands and administered by the Payment Card Industry Security Standards Council.;735291151388;ap-south-1;2026-07-11 14:19:13.485135;3.1;Procedures and processes should include at least the following for all cardholder data (CHD) storage: limiting data storage amount and retention time to that which is required for legal, regulatory, and/or business requirements, specific retention requirements for cardholder data, processes for secure deletion of data when no longer needed, a quarterly process for identifying and securely deleting stored cardholder data that exceeds defined retention. Identifying and deleting stored data that has exceeded its specified retention period prevents unnecessary retention of data that is no longer needed. This process may be automated or manual or a combination of both. For example, a programmatic procedure (automatic or manual) to locate and remove data and/or a manual review of data storage areas could be performed. Implementing secure deletion methods ensure that the data cannot be retrieved when it is no longer needed. Remember, if you don't need it, don't store it!;Requirement 3: Protect stored cardholder data;Requirement 3: Protect stored cardholder data;;;;FAIL;RDS Instance cloudguardian-db does not have backup enabled.;arn:aws:rds:ap-south-1:735291151388:db:cloudguardian-db;rds_instance_backup_enabled;False;cloudguardian-db;PCI;Payment Card Industry Data Security Standard (PCI DSS) v3.2.1;
aws;The Payment Card Industry Data Security Standard (PCI DSS) is a proprietary information security standard. It's administered by the PCI Security Standards Council, which was founded by American Express, Discover Financial Services, JCB International, MasterCard Worldwide, and Visa Inc. PCI DSS applies to entities that store, process, or transmit cardholder data (CHD) or sensitive authentication data (SAD). This includes, but isn't limited to, merchants, processors, acquirers, issuers, and service providers. The PCI DSS is mandated by the card brands and administered by the Payment Card Industry Security Standards Council.;735291151388;ap-south-1;2026-07-11 14:19:13.485135;3.1.c;Identifying and deleting stored data that has exceeded its specified retention period prevents unnecessary retention of data that is no longer needed. This process may be automated or manual or a combination of both. For example, a programmatic procedure (automatic or manual) to locate and remove data and/or a manual review of data storage areas could be performed. Implementing secure deletion methods ensure that the data cannot be retrieved when it is no longer needed. Remember, if you don't need it, don't store it!;Requirement 3: Protect stored cardholder data;3.1 Keep cardholder data storage to a minimum by implementing data retention and disposal policies, procedures and processes;;;;FAIL;RDS Instance cloudguardian-db does not have backup enabled.;arn:aws:rds:ap-south-1:735291151388:db:cloudguardian-db;rds_instance_backup_enabled;False;cloudguardian-db;PCI;Payment Card Industry Data Security Standard (PCI DSS) v3.2.1;
aws;The Payment Card Industry Data Security Standard (PCI DSS) is a proprietary information security standard. It's administered by the PCI Security Standards Council, which was founded by American Express, Discover Financial Services, JCB International, MasterCard Worldwide, and Visa Inc. PCI DSS applies to entities that store, process, or transmit cardholder data (CHD) or sensitive authentication data (SAD). This includes, but isn't limited to, merchants, processors, acquirers, issuers, and service providers. The PCI DSS is mandated by the card brands and administered by the Payment Card Industry Security Standards Council.;735291151388;ap-south-1;2026-07-11 14:19:13.485135;2.1;This applies to ALL default passwords, including but not limited to those used by operating systems, software that provides security services, application and system accounts, point-of-sale (POS) terminals, payment applications, Simple Network Management Protocol (SNMP) community strings, etc. Malicious individuals (external and internal to an organization) often use vendor default settings, account names, and passwords to compromise operating system software, applications, and the systems on which they are installed. Because these default settings are often published and are well known in hacker communities, changing these settings will leave systems less vulnerable to attack. Even if a default account is not intended to be used, changing the default password to a strong unique password and then disabling the account will prevent a malicious individual from re-enabling the account and gaining access with the default password.;Requirement 2: Do not use vendor-supplied defaults for system passwords and other security parameters;Requirement 2: Do not use vendor-supplied defaults for system passwords and other security parameters;;;;FAIL;RDS Instance cloudguardian-db is using the default master username.;arn:aws:rds:ap-south-1:735291151388:db:cloudguardian-db;rds_instance_default_admin;False;cloudguardian-db;PCI;Payment Card Industry Data Security Standard (PCI DSS) v3.2.1;
aws;The Payment Card Industry Data Security Standard (PCI DSS) is a proprietary information security standard. It's administered by the PCI Security Standards Council, which was founded by American Express, Discover Financial Services, JCB International, MasterCard Worldwide, and Visa Inc. PCI DSS applies to entities that store, process, or transmit cardholder data (CHD) or sensitive authentication data (SAD). This includes, but isn't limited to, merchants, processors, acquirers, issuers, and service providers. The PCI DSS is mandated by the card brands and administered by the Payment Card Industry Security Standards Council.;735291151388;ap-south-1;2026-07-11 14:19:13.485135;2.1.b;Malicious individuals (external and internal to an organization) often use vendor default settings, account names, and passwords to compromise operating system software, applications, and the systems on which they are installed. Because these default settings are often published and are well known in hacker communities, changing these settings will leave systems less vulnerable to attack. Even if a default account is not intended to be used, changing the default password to a strong unique password and then disabling the account will prevent a malicious individual from re-enabling the account and gaining access with the default password.;Requirement 2: Do not use vendor-supplied defaults for system passwords and other security parameters;2.1 Always change vendor-supplied defaults and remove or disable unnecessary default accounts before installing a system on the network;;;;FAIL;RDS Instance cloudguardian-db is using the default master username.;arn:aws:rds:ap-south-1:735291151388:db:cloudguardian-db;rds_instance_default_admin;False;cloudguardian-db;PCI;Payment Card Industry Data Security Standard (PCI DSS) v3.2.1;
aws;The Payment Card Industry Data Security Standard (PCI DSS) is a proprietary information security standard. It's administered by the PCI Security Standards Council, which was founded by American Express, Discover Financial Services, JCB International, MasterCard Worldwide, and Visa Inc. PCI DSS applies to entities that store, process, or transmit cardholder data (CHD) or sensitive authentication data (SAD). This includes, but isn't limited to, merchants, processors, acquirers, issuers, and service providers. The PCI DSS is mandated by the card brands and administered by the Payment Card Industry Security Standards Council.;735291151388;ap-south-1;2026-07-11 14:19:13.485135;2.2;Assure that these standards address all known security vulnerabilities and are consistent with industry-accepted system hardening standards. Sources of industry-accepted system hardening standards may include, but are not limited to Center for Internet Security (CIS), International Organization for Standardization (ISO), SysAdmin Audit Network Security (SANS) Institute and National Institute of Standards Technology (NIST). There are known weaknesses with many operating systems, databases, and enterprise applications, and there are also known ways to configure these systems to fix security vulnerabilities. To help those that are not security experts, a number of security organizations have established system-hardening guidelines and recommendations, which advise how to correct these weaknesses. Examples of sources for guidance on configuration standards include, but are not limited to: www.nist.gov, www.sans.org, and www.cisecurity.org, www.iso.org, and product vendors. System configuration standards must be kept up to date to ensure that newly identified weaknesses are corrected prior to a system being installed on the network.;Requirement 2: Do not use vendor-supplied defaults for system passwords and other security parameters;Requirement 2: Do not use vendor-supplied defaults for system passwords and other security parameters;;;;FAIL;RDS Instance cloudguardian-db is using the default master username.;arn:aws:rds:ap-south-1:735291151388:db:cloudguardian-db;rds_instance_default_admin;False;cloudguardian-db;PCI;Payment Card Industry Data Security Standard (PCI DSS) v3.2.1;
aws;The Payment Card Industry Data Security Standard (PCI DSS) is a proprietary information security standard. It's administered by the PCI Security Standards Council, which was founded by American Express, Discover Financial Services, JCB International, MasterCard Worldwide, and Visa Inc. PCI DSS applies to entities that store, process, or transmit cardholder data (CHD) or sensitive authentication data (SAD). This includes, but isn't limited to, merchants, processors, acquirers, issuers, and service providers. The PCI DSS is mandated by the card brands and administered by the Payment Card Industry Security Standards Council.;735291151388;ap-south-1;2026-07-11 14:19:13.485135;2.2.a;There are known weaknesses with many operating systems, databases, and enterprise applications, and there are also known ways to configure these systems to fix security vulnerabilities. To help those that are not security experts, a number of security organizations have established system-hardening guidelines and recommendations, which advise how to correct these weaknesses. Examples of sources for guidance on configuration standards include, but are not limited to: www.nist.gov, www.sans.org, and www.cisecurity.org, www.iso.org, and product vendors. System configuration standards must be kept up to date to ensure that newly identified weaknesses are corrected prior to a system being installed on the network.;Requirement 2: Do not use vendor-supplied defaults for system passwords and other security parameters;2.2 Develop configuration standards for all system components;;;;FAIL;RDS Instance cloudguardian-db is using the default master username.;arn:aws:rds:ap-south-1:735291151388:db:cloudguardian-db;rds_instance_default_admin;False;cloudguardian-db;PCI;Payment Card Industry Data Security Standard (PCI DSS) v3.2.1;
aws;The Payment Card Industry Data Security Standard (PCI DSS) is a proprietary information security standard. It's administered by the PCI Security Standards Council, which was founded by American Express, Discover Financial Services, JCB International, MasterCard Worldwide, and Visa Inc. PCI DSS applies to entities that store, process, or transmit cardholder data (CHD) or sensitive authentication data (SAD). This includes, but isn't limited to, merchants, processors, acquirers, issuers, and service providers. The PCI DSS is mandated by the card brands and administered by the Payment Card Industry Security Standards Council.;735291151388;ap-south-1;2026-07-11 14:19:13.485135;2.2.d;System configuration standards include the following procedures for all types of system components: changing of all vendor-supplied defaults and elimination of unnecessary default accounts, implementing only one primary function per server to prevent functions that require different security levels from co-existing on the same server, enabling only necessary services, protocols, daemons, etc., as required for the function of the system, implementing additional security features for any required services, protocols or daemons that are considered to be insecure, configuring system security parameters to prevent misuse and removing all unnecessary functionality, such as scripts, drivers, features, subsystems, file systems, and unnecessary web servers. There are known weaknesses with many operating systems, databases, and enterprise applications, and there are also known ways to configure these systems to fix security vulnerabilities. To help those that are not security experts, a number of security organizations have established system-hardening guidelines and recommendations, which advise how to correct these weaknesses. Examples of sources for guidance on configuration standards include, but are not limited to: www.nist.gov, www.sans.org, and www.cisecurity.org, www.iso.org, and product vendors. System configuration standards must be kept up to date to ensure that newly identified weaknesses are corrected prior to a system being installed on the network.;Requirement 2: Do not use vendor-supplied defaults for system passwords and other security parameters;2.2 Develop configuration standards for all system components;;;;FAIL;RDS Instance cloudguardian-db is using the default master username.;arn:aws:rds:ap-south-1:735291151388:db:cloudguardian-db;rds_instance_default_admin;False;cloudguardian-db;PCI;Payment Card Industry Data Security Standard (PCI DSS) v3.2.1;
aws;The Payment Card Industry Data Security Standard (PCI DSS) is a proprietary information security standard. It's administered by the PCI Security Standards Council, which was founded by American Express, Discover Financial Services, JCB International, MasterCard Worldwide, and Visa Inc. PCI DSS applies to entities that store, process, or transmit cardholder data (CHD) or sensitive authentication data (SAD). This includes, but isn't limited to, merchants, processors, acquirers, issuers, and service providers. The PCI DSS is mandated by the card brands and administered by the Payment Card Industry Security Standards Council.;735291151388;ap-south-1;2026-07-11 14:19:13.485135;8.7;Access to any database containing cardholder data is restricted as follows: all user access to, user queries of, and user actions on databases are through programmatic methods. Only database administrators have the ability to directly access or query databases. Application IDs for database applications can only be used by the applications (and not by individual users or other non-application processes). Without user authentication for access to databases and applications, the potential for unauthorized or malicious access increases, and such access cannot be logged since the user has not been authenticated and is therefore not known to the system. Also, database access should be granted through programmatic methods only (for example, through stored procedures), rather than via direct access to the database by end users (except for DBAs, who may need direct access to the database for their administrative duties).;Requirement 8: Identify and authenticate access to system components;Requirement 8: Identify and authenticate access to system components;;;;FAIL;RDS Instance cloudguardian-db does not have IAM authentication enabled.;arn:aws:rds:ap-south-1:735291151388:db:cloudguardian-db;rds_instance_iam_authentication_enabled;False;cloudguardian-db;PCI;Payment Card Industry Data Security Standard (PCI DSS) v3.2.1;
aws;The Payment Card Industry Data Security Standard (PCI DSS) is a proprietary information security standard. It's administered by the PCI Security Standards Council, which was founded by American Express, Discover Financial Services, JCB International, MasterCard Worldwide, and Visa Inc. PCI DSS applies to entities that store, process, or transmit cardholder data (CHD) or sensitive authentication data (SAD). This includes, but isn't limited to, merchants, processors, acquirers, issuers, and service providers. The PCI DSS is mandated by the card brands and administered by the Payment Card Industry Security Standards Council.;735291151388;ap-south-1;2026-07-11 14:19:13.485135;8.7.a;Without user authentication for access to databases and applications, the potential for unauthorized or malicious access increases, and such access cannot be logged since the user has not been authenticated and is therefore not known to the system. Also, database access should be granted through programmatic methods only (for example, through stored procedures), rather than via direct access to the database by end users (except for DBAs, who may need direct access to the database for their administrative duties).;Requirement 8: Identify and authenticate access to system components;8.7 All access to any database containing cardholder data (including access by applications, administrators, and all other users) is restricted;;;;FAIL;RDS Instance cloudguardian-db does not have IAM authentication enabled.;arn:aws:rds:ap-south-1:735291151388:db:cloudguardian-db;rds_instance_iam_authentication_enabled;False;cloudguardian-db;PCI;Payment Card Industry Data Security Standard (PCI DSS) v3.2.1;
aws;The Payment Card Industry Data Security Standard (PCI DSS) is a proprietary information security standard. It's administered by the PCI Security Standards Council, which was founded by American Express, Discover Financial Services, JCB International, MasterCard Worldwide, and Visa Inc. PCI DSS applies to entities that store, process, or transmit cardholder data (CHD) or sensitive authentication data (SAD). This includes, but isn't limited to, merchants, processors, acquirers, issuers, and service providers. The PCI DSS is mandated by the card brands and administered by the Payment Card Industry Security Standards Council.;735291151388;ap-south-1;2026-07-11 14:19:13.485135;8.7.b;Without user authentication for access to databases and applications, the potential for unauthorized or malicious access increases, and such access cannot be logged since the user has not been authenticated and is therefore not known to the system. Also, database access should be granted through programmatic methods only (for example, through stored procedures), rather than via direct access to the database by end users (except for DBAs, who may need direct access to the database for their administrative duties).;Requirement 8: Identify and authenticate access to system components;8.7 All access to any database containing cardholder data (including access by applications, administrators, and all other users) is restricted;;;;FAIL;RDS Instance cloudguardian-db does not have IAM authentication enabled.;arn:aws:rds:ap-south-1:735291151388:db:cloudguardian-db;rds_instance_iam_authentication_enabled;False;cloudguardian-db;PCI;Payment Card Industry Data Security Standard (PCI DSS) v3.2.1;
aws;The Payment Card Industry Data Security Standard (PCI DSS) is a proprietary information security standard. It's administered by the PCI Security Standards Council, which was founded by American Express, Discover Financial Services, JCB International, MasterCard Worldwide, and Visa Inc. PCI DSS applies to entities that store, process, or transmit cardholder data (CHD) or sensitive authentication data (SAD). This includes, but isn't limited to, merchants, processors, acquirers, issuers, and service providers. The PCI DSS is mandated by the card brands and administered by the Payment Card Industry Security Standards Council.;735291151388;ap-south-1;2026-07-11 14:19:13.485135;8.7.c;Without user authentication for access to databases and applications, the potential for unauthorized or malicious access increases, and such access cannot be logged since the user has not been authenticated and is therefore not known to the system. Also, database access should be granted through programmatic methods only (for example, through stored procedures), rather than via direct access to the database by end users (except for DBAs, who may need direct access to the database for their administrative duties).;Requirement 8: Identify and authenticate access to system components;8.7 All access to any database containing cardholder data (including access by applications, administrators, and all other users) is restricted;;;;FAIL;RDS Instance cloudguardian-db does not have IAM authentication enabled.;arn:aws:rds:ap-south-1:735291151388:db:cloudguardian-db;rds_instance_iam_authentication_enabled;False;cloudguardian-db;PCI;Payment Card Industry Data Security Standard (PCI DSS) v3.2.1;
aws;The Payment Card Industry Data Security Standard (PCI DSS) is a proprietary information security standard. It's administered by the PCI Security Standards Council, which was founded by American Express, Discover Financial Services, JCB International, MasterCard Worldwide, and Visa Inc. PCI DSS applies to entities that store, process, or transmit cardholder data (CHD) or sensitive authentication data (SAD). This includes, but isn't limited to, merchants, processors, acquirers, issuers, and service providers. The PCI DSS is mandated by the card brands and administered by the Payment Card Industry Security Standards Council.;735291151388;ap-south-1;2026-07-11 14:19:13.485135;8.7.d;Without user authentication for access to databases and applications, the potential for unauthorized or malicious access increases, and such access cannot be logged since the user has not been authenticated and is therefore not known to the system. Also, database access should be granted through programmatic methods only (for example, through stored procedures), rather than via direct access to the database by end users (except for DBAs, who may need direct access to the database for their administrative duties).;Requirement 8: Identify and authenticate access to system components;8.7 All access to any database containing cardholder data (including access by applications, administrators, and all other users) is restricted;;;;FAIL;RDS Instance cloudguardian-db does not have IAM authentication enabled.;arn:aws:rds:ap-south-1:735291151388:db:cloudguardian-db;rds_instance_iam_authentication_enabled;False;cloudguardian-db;PCI;Payment Card Industry Data Security Standard (PCI DSS) v3.2.1;
aws;The Payment Card Industry Data Security Standard (PCI DSS) is a proprietary information security standard. It's administered by the PCI Security Standards Council, which was founded by American Express, Discover Financial Services, JCB International, MasterCard Worldwide, and Visa Inc. PCI DSS applies to entities that store, process, or transmit cardholder data (CHD) or sensitive authentication data (SAD). This includes, but isn't limited to, merchants, processors, acquirers, issuers, and service providers. The PCI DSS is mandated by the card brands and administered by the Payment Card Industry Security Standards Council.;735291151388;ap-south-1;2026-07-11 14:19:13.485135;1.2;It is essential to install network protection between the internal, trusted network and any untrusted network that is external and/or out of the entity's ability to control or manage. Failure to implement this measure correctly results in the entity being vulnerable to unauthorized access by malicious individuals or software. For firewall functionality to be effective, it must be properly configured to control and/or limit traffic into and out of the entity's network.;Requirement 1: Install and maintain a firewall configuration to protect cardholder data;Requirement 1: Install and maintain a firewall configuration to protect cardholder data;;;;FAIL;RDS Instance cloudguardian-db is set as publicly accessible and security group cloudguardian-rds-sg (sg-0be0be5f1a7d28519) has mysql port 3306 open to the Internet at endpoint cloudguardian-db.cxuyey2k27jg.ap-south-1.rds.amazonaws.com in a public subnet subnet-06415df4407c53071.;arn:aws:rds:ap-south-1:735291151388:db:cloudguardian-db;rds_instance_no_public_access;False;cloudguardian-db;PCI;Payment Card Industry Data Security Standard (PCI DSS) v3.2.1;
aws;The Payment Card Industry Data Security Standard (PCI DSS) is a proprietary information security standard. It's administered by the PCI Security Standards Council, which was founded by American Express, Discover Financial Services, JCB International, MasterCard Worldwide, and Visa Inc. PCI DSS applies to entities that store, process, or transmit cardholder data (CHD) or sensitive authentication data (SAD). This includes, but isn't limited to, merchants, processors, acquirers, issuers, and service providers. The PCI DSS is mandated by the card brands and administered by the Payment Card Industry Security Standards Council.;735291151388;ap-south-1;2026-07-11 14:19:13.485135;1.2.1;Examination of all inbound and outbound connections allows for inspection and restriction of traffic based on the source and/or destination address, thus preventing unfiltered access between untrusted and trusted environments. This prevents malicious individuals from accessing the entity's network via unauthorized IP addresses or from using services, protocols, or ports in an unauthorized manner (for example, to send data they've obtained from within the entity's network out to an untrusted server). Implementing a rule that denies all inbound and outbound traffic that is not specifically needed helps to prevent inadvertent holes that would allow unintended and potentially harmful traffic in or out.;Requirement 1: Install and maintain a firewall configuration to protect cardholder data;1.2 Examine firewall and router configurations and perform the following to verify that connections are restricted between untrusted networks and system components in the cardholder data environment;;;;FAIL;RDS Instance cloudguardian-db is set as publicly accessible and security group cloudguardian-rds-sg (sg-0be0be5f1a7d28519) has mysql port 3306 open to the Internet at endpoint cloudguardian-db.cxuyey2k27jg.ap-south-1.rds.amazonaws.com in a public subnet subnet-06415df4407c53071.;arn:aws:rds:ap-south-1:735291151388:db:cloudguardian-db;rds_instance_no_public_access;False;cloudguardian-db;PCI;Payment Card Industry Data Security Standard (PCI DSS) v3.2.1;
aws;The Payment Card Industry Data Security Standard (PCI DSS) is a proprietary information security standard. It's administered by the PCI Security Standards Council, which was founded by American Express, Discover Financial Services, JCB International, MasterCard Worldwide, and Visa Inc. PCI DSS applies to entities that store, process, or transmit cardholder data (CHD) or sensitive authentication data (SAD). This includes, but isn't limited to, merchants, processors, acquirers, issuers, and service providers. The PCI DSS is mandated by the card brands and administered by the Payment Card Industry Security Standards Council.;735291151388;ap-south-1;2026-07-11 14:19:13.485135;1.2.1.a;Examination of all inbound and outbound connections allows for inspection and restriction of traffic based on the source and/or destination address, thus preventing unfiltered access between untrusted and trusted environments. This prevents malicious individuals from accessing the entity's network via unauthorized IP addresses or from using services, protocols, or ports in an unauthorized manner (for example, to send data they've obtained from within the entity's network out to an untrusted server). Implementing a rule that denies all inbound and outbound traffic that is not specifically needed helps to prevent inadvertent holes that would allow unintended and potentially harmful traffic in or out.;Requirement 1: Install and maintain a firewall configuration to protect cardholder data;1.2.1 Restrict inbound and outbound traffic to that which is necessary for the cardholder data environment, and specifically deny all other traffic;;;;FAIL;RDS Instance cloudguardian-db is set as publicly accessible and security group cloudguardian-rds-sg (sg-0be0be5f1a7d28519) has mysql port 3306 open to the Internet at endpoint cloudguardian-db.cxuyey2k27jg.ap-south-1.rds.amazonaws.com in a public subnet subnet-06415df4407c53071.;arn:aws:rds:ap-south-1:735291151388:db:cloudguardian-db;rds_instance_no_public_access;False;cloudguardian-db;PCI;Payment Card Industry Data Security Standard (PCI DSS) v3.2.1;
aws;The Payment Card Industry Data Security Standard (PCI DSS) is a proprietary information security standard. It's administered by the PCI Security Standards Council, which was founded by American Express, Discover Financial Services, JCB International, MasterCard Worldwide, and Visa Inc. PCI DSS applies to entities that store, process, or transmit cardholder data (CHD) or sensitive authentication data (SAD). This includes, but isn't limited to, merchants, processors, acquirers, issuers, and service providers. The PCI DSS is mandated by the card brands and administered by the Payment Card Industry Security Standards Council.;735291151388;ap-south-1;2026-07-11 14:19:13.485135;1.2.1.b;Examination of all inbound and outbound connections allows for inspection and restriction of traffic based on the source and/or destination address, thus preventing unfiltered access between untrusted and trusted environments. This prevents malicious individuals from accessing the entity's network via unauthorized IP addresses or from using services, protocols, or ports in an unauthorized manner (for example, to send data they've obtained from within the entity's network out to an untrusted server). Implementing a rule that denies all inbound and outbound traffic that is not specifically needed helps to prevent inadvertent holes that would allow unintended and potentially harmful traffic in or out.;Requirement 1: Install and maintain a firewall configuration to protect cardholder data;1.2.1 Restrict inbound and outbound traffic to that which is necessary for the cardholder data environment, and specifically deny all other traffic;;;;FAIL;RDS Instance cloudguardian-db is set as publicly accessible and security group cloudguardian-rds-sg (sg-0be0be5f1a7d28519) has mysql port 3306 open to the Internet at endpoint cloudguardian-db.cxuyey2k27jg.ap-south-1.rds.amazonaws.com in a public subnet subnet-06415df4407c53071.;arn:aws:rds:ap-south-1:735291151388:db:cloudguardian-db;rds_instance_no_public_access;False;cloudguardian-db;PCI;Payment Card Industry Data Security Standard (PCI DSS) v3.2.1;
aws;The Payment Card Industry Data Security Standard (PCI DSS) is a proprietary information security standard. It's administered by the PCI Security Standards Council, which was founded by American Express, Discover Financial Services, JCB International, MasterCard Worldwide, and Visa Inc. PCI DSS applies to entities that store, process, or transmit cardholder data (CHD) or sensitive authentication data (SAD). This includes, but isn't limited to, merchants, processors, acquirers, issuers, and service providers. The PCI DSS is mandated by the card brands and administered by the Payment Card Industry Security Standards Council.;735291151388;ap-south-1;2026-07-11 14:19:13.485135;1.2.1.c;Examination of all inbound and outbound connections allows for inspection and restriction of traffic based on the source and/or destination address, thus preventing unfiltered access between untrusted and trusted environments. This prevents malicious individuals from accessing the entity's network via unauthorized IP addresses or from using services, protocols, or ports in an unauthorized manner (for example, to send data they've obtained from within the entity's network out to an untrusted server). Implementing a rule that denies all inbound and outbound traffic that is not specifically needed helps to prevent inadvertent holes that would allow unintended and potentially harmful traffic in or out.;Requirement 1: Install and maintain a firewall configuration to protect cardholder data;1.2.1 Restrict inbound and outbound traffic to that which is necessary for the cardholder data environment, and specifically deny all other traffic;;;;FAIL;RDS Instance cloudguardian-db is set as publicly accessible and security group cloudguardian-rds-sg (sg-0be0be5f1a7d28519) has mysql port 3306 open to the Internet at endpoint cloudguardian-db.cxuyey2k27jg.ap-south-1.rds.amazonaws.com in a public subnet subnet-06415df4407c53071.;arn:aws:rds:ap-south-1:735291151388:db:cloudguardian-db;rds_instance_no_public_access;False;cloudguardian-db;PCI;Payment Card Industry Data Security Standard (PCI DSS) v3.2.1;
aws;The Payment Card Industry Data Security Standard (PCI DSS) is a proprietary information security standard. It's administered by the PCI Security Standards Council, which was founded by American Express, Discover Financial Services, JCB International, MasterCard Worldwide, and Visa Inc. PCI DSS applies to entities that store, process, or transmit cardholder data (CHD) or sensitive authentication data (SAD). This includes, but isn't limited to, merchants, processors, acquirers, issuers, and service providers. The PCI DSS is mandated by the card brands and administered by the Payment Card Industry Security Standards Council.;735291151388;ap-south-1;2026-07-11 14:19:13.485135;1.3;While there may be legitimate reasons for untrusted connections to be permitted to DMZ systems (e.g., to allow public access to a web server), such connections should never be granted to systems in the internal network. A firewall's intent is to manage and control all connections between public systems and internal systems, especially those that store, process or transmit cardholder data. If direct access is allowed between public systems and the CDE, the protections offered by the firewall are bypassed, and system components storing cardholder data may be exposed to compromise.;Requirement 1: Install and maintain a firewall configuration to protect cardholder data;Requirement 1: Install and maintain a firewall configuration to protect cardholder data;;;;FAIL;RDS Instance cloudguardian-db is set as publicly accessible and security group cloudguardian-rds-sg (sg-0be0be5f1a7d28519) has mysql port 3306 open to the Internet at endpoint cloudguardian-db.cxuyey2k27jg.ap-south-1.rds.amazonaws.com in a public subnet subnet-06415df4407c53071.;arn:aws:rds:ap-south-1:735291151388:db:cloudguardian-db;rds_instance_no_public_access;False;cloudguardian-db;PCI;Payment Card Industry Data Security Standard (PCI DSS) v3.2.1;
aws;The Payment Card Industry Data Security Standard (PCI DSS) is a proprietary information security standard. It's administered by the PCI Security Standards Council, which was founded by American Express, Discover Financial Services, JCB International, MasterCard Worldwide, and Visa Inc. PCI DSS applies to entities that store, process, or transmit cardholder data (CHD) or sensitive authentication data (SAD). This includes, but isn't limited to, merchants, processors, acquirers, issuers, and service providers. The PCI DSS is mandated by the card brands and administered by the Payment Card Industry Security Standards Council.;735291151388;ap-south-1;2026-07-11 14:19:13.485135;1.3.1;The DMZ is that part of the network that manages connections between the Internet (or other untrusted networks), and services that an organization needs to have available to the public (like a web server). This functionality is intended to prevent malicious individuals from accessing the organization's internal network from the Internet, or from using services, protocols, or ports in an unauthorized manner. The set of controls will examine firewall and router configurations to verify that a DMZ is implemented to limit inbound traffic to only system components that provide authorized publicly accessible services, protocols, and ports.;Requirement 1: Install and maintain a firewall configuration to protect cardholder data;1.3 Examine firewall and router configurations-including but not limited to the choke router at the Internet, the DMZ router and firewall, the DMZ cardholder segment, the perimeter router, and the internal cardholder network segment-and perform the following to determine that there is no direct access between the Internet and system components in the internal cardholder network segment;;;;FAIL;RDS Instance cloudguardian-db is set as publicly accessible and security group cloudguardian-rds-sg (sg-0be0be5f1a7d28519) has mysql port 3306 open to the Internet at endpoint cloudguardian-db.cxuyey2k27jg.ap-south-1.rds.amazonaws.com in a public subnet subnet-06415df4407c53071.;arn:aws:rds:ap-south-1:735291151388:db:cloudguardian-db;rds_instance_no_public_access;False;cloudguardian-db;PCI;Payment Card Industry Data Security Standard (PCI DSS) v3.2.1;
aws;The Payment Card Industry Data Security Standard (PCI DSS) is a proprietary information security standard. It's administered by the PCI Security Standards Council, which was founded by American Express, Discover Financial Services, JCB International, MasterCard Worldwide, and Visa Inc. PCI DSS applies to entities that store, process, or transmit cardholder data (CHD) or sensitive authentication data (SAD). This includes, but isn't limited to, merchants, processors, acquirers, issuers, and service providers. The PCI DSS is mandated by the card brands and administered by the Payment Card Industry Security Standards Council.;735291151388;ap-south-1;2026-07-11 14:19:13.485135;1.3.2;The DMZ is that part of the network that manages connections between the Internet (or other untrusted networks), and services that an organization needs to have available to the public (like a web server). This functionality is intended to prevent malicious individuals from accessing the organization's internal network from the Internet, or from using services, protocols, or ports in an unauthorized manner. The set of controls will limit inbound Internet traffic to IP addresses within the DMZ.;Requirement 1: Install and maintain a firewall configuration to protect cardholder data;1.3 Examine firewall and router configurations-including but not limited to the choke router at the Internet, the DMZ router and firewall, the DMZ cardholder segment, the perimeter router, and the internal cardholder network segment-and perform the following to determine that there is no direct access between the Internet and system components in the internal cardholder network segment;;;;FAIL;RDS Instance cloudguardian-db is set as publicly accessible and security group cloudguardian-rds-sg (sg-0be0be5f1a7d28519) has mysql port 3306 open to the Internet at endpoint cloudguardian-db.cxuyey2k27jg.ap-south-1.rds.amazonaws.com in a public subnet subnet-06415df4407c53071.;arn:aws:rds:ap-south-1:735291151388:db:cloudguardian-db;rds_instance_no_public_access;False;cloudguardian-db;PCI;Payment Card Industry Data Security Standard (PCI DSS) v3.2.1;
aws;The Payment Card Industry Data Security Standard (PCI DSS) is a proprietary information security standard. It's administered by the PCI Security Standards Council, which was founded by American Express, Discover Financial Services, JCB International, MasterCard Worldwide, and Visa Inc. PCI DSS applies to entities that store, process, or transmit cardholder data (CHD) or sensitive authentication data (SAD). This includes, but isn't limited to, merchants, processors, acquirers, issuers, and service providers. The PCI DSS is mandated by the card brands and administered by the Payment Card Industry Security Standards Council.;735291151388;ap-south-1;2026-07-11 14:19:13.485135;1.3.4;All traffic outbound from the cardholder data environment should be evaluated to ensure that it follows established, authorized rules. Connections should be inspected to restrict traffic to only authorized communications (for example by restricting source/destination addresses/ports, and/or blocking of content). The set of controls will examine firewall and router configurations to verify that outbound traffic from the cardholder data environment to the Internet is explicitly authorized.;Requirement 1: Install and maintain a firewall configuration to protect cardholder data;1.3 Examine firewall and router configurations-including but not limited to the choke router at the Internet, the DMZ router and firewall, the DMZ cardholder segment, the perimeter router, and the internal cardholder network segment-and perform the following to determine that there is no direct access between the Internet and system components in the internal cardholder network segment;;;;FAIL;RDS Instance cloudguardian-db is set as publicly accessible and security group cloudguardian-rds-sg (sg-0be0be5f1a7d28519) has mysql port 3306 open to the Internet at endpoint cloudguardian-db.cxuyey2k27jg.ap-south-1.rds.amazonaws.com in a public subnet subnet-06415df4407c53071.;arn:aws:rds:ap-south-1:735291151388:db:cloudguardian-db;rds_instance_no_public_access;False;cloudguardian-db;PCI;Payment Card Industry Data Security Standard (PCI DSS) v3.2.1;
aws;The Payment Card Industry Data Security Standard (PCI DSS) is a proprietary information security standard. It's administered by the PCI Security Standards Council, which was founded by American Express, Discover Financial Services, JCB International, MasterCard Worldwide, and Visa Inc. PCI DSS applies to entities that store, process, or transmit cardholder data (CHD) or sensitive authentication data (SAD). This includes, but isn't limited to, merchants, processors, acquirers, issuers, and service providers. The PCI DSS is mandated by the card brands and administered by the Payment Card Industry Security Standards Council.;735291151388;ap-south-1;2026-07-11 14:19:13.485135;1.3.6;If cardholder data is located within the DMZ, it is easier for an external attacker to access this information, since there are fewer layers to penetrate. Securing system components that store cardholder data (such as a database) in an internal network zone that is segregated from the DMZ and other untrusted networks by a firewall can prevent unauthorized network traffic from reaching the system component.;Requirement 1: Install and maintain a firewall configuration to protect cardholder data;1.3 Examine firewall and router configurations-including but not limited to the choke router at the Internet, the DMZ router and firewall, the DMZ cardholder segment, the perimeter router, and the internal cardholder network segment-and perform the following to determine that there is no direct access between the Internet and system components in the internal cardholder network segment;;;;FAIL;RDS Instance cloudguardian-db is set as publicly accessible and security group cloudguardian-rds-sg (sg-0be0be5f1a7d28519) has mysql port 3306 open to the Internet at endpoint cloudguardian-db.cxuyey2k27jg.ap-south-1.rds.amazonaws.com in a public subnet subnet-06415df4407c53071.;arn:aws:rds:ap-south-1:735291151388:db:cloudguardian-db;rds_instance_no_public_access;False;cloudguardian-db;PCI;Payment Card Industry Data Security Standard (PCI DSS) v3.2.1;
aws;The Payment Card Industry Data Security Standard (PCI DSS) is a proprietary information security standard. It's administered by the PCI Security Standards Council, which was founded by American Express, Discover Financial Services, JCB International, MasterCard Worldwide, and Visa Inc. PCI DSS applies to entities that store, process, or transmit cardholder data (CHD) or sensitive authentication data (SAD). This includes, but isn't limited to, merchants, processors, acquirers, issuers, and service providers. The PCI DSS is mandated by the card brands and administered by the Payment Card Industry Security Standards Council.;735291151388;ap-south-1;2026-07-11 14:19:13.485135;2.2;Assure that these standards address all known security vulnerabilities and are consistent with industry-accepted system hardening standards. Sources of industry-accepted system hardening standards may include, but are not limited to Center for Internet Security (CIS), International Organization for Standardization (ISO), SysAdmin Audit Network Security (SANS) Institute and National Institute of Standards Technology (NIST). There are known weaknesses with many operating systems, databases, and enterprise applications, and there are also known ways to configure these systems to fix security vulnerabilities. To help those that are not security experts, a number of security organizations have established system-hardening guidelines and recommendations, which advise how to correct these weaknesses. Examples of sources for guidance on configuration standards include, but are not limited to: www.nist.gov, www.sans.org, and www.cisecurity.org, www.iso.org, and product vendors. System configuration standards must be kept up to date to ensure that newly identified weaknesses are corrected prior to a system being installed on the network.;Requirement 2: Do not use vendor-supplied defaults for system passwords and other security parameters;Requirement 2: Do not use vendor-supplied defaults for system passwords and other security parameters;;;;FAIL;RDS Instance cloudguardian-db is set as publicly accessible and security group cloudguardian-rds-sg (sg-0be0be5f1a7d28519) has mysql port 3306 open to the Internet at endpoint cloudguardian-db.cxuyey2k27jg.ap-south-1.rds.amazonaws.com in a public subnet subnet-06415df4407c53071.;arn:aws:rds:ap-south-1:735291151388:db:cloudguardian-db;rds_instance_no_public_access;False;cloudguardian-db;PCI;Payment Card Industry Data Security Standard (PCI DSS) v3.2.1;
aws;The Payment Card Industry Data Security Standard (PCI DSS) is a proprietary information security standard. It's administered by the PCI Security Standards Council, which was founded by American Express, Discover Financial Services, JCB International, MasterCard Worldwide, and Visa Inc. PCI DSS applies to entities that store, process, or transmit cardholder data (CHD) or sensitive authentication data (SAD). This includes, but isn't limited to, merchants, processors, acquirers, issuers, and service providers. The PCI DSS is mandated by the card brands and administered by the Payment Card Industry Security Standards Council.;735291151388;ap-south-1;2026-07-11 14:19:13.485135;2.2.2;As stated in Requirement 1.1.6, there are many protocols that a business may need (or have enabled by default) that are commonly used by malicious individuals to compromise a network. Including this requirement as part of an organization's configuration standards and related processes ensures that only the necessary services and protocols are enabled.;Requirement 2: Do not use vendor-supplied defaults for system passwords and other security parameters;2.2 Develop configuration standards for all system components;;;;FAIL;RDS Instance cloudguardian-db is set as publicly accessible and security group cloudguardian-rds-sg (sg-0be0be5f1a7d28519) has mysql port 3306 open to the Internet at endpoint cloudguardian-db.cxuyey2k27jg.ap-south-1.rds.amazonaws.com in a public subnet subnet-06415df4407c53071.;arn:aws:rds:ap-south-1:735291151388:db:cloudguardian-db;rds_instance_no_public_access;False;cloudguardian-db;PCI;Payment Card Industry Data Security Standard (PCI DSS) v3.2.1;
aws;The Payment Card Industry Data Security Standard (PCI DSS) is a proprietary information security standard. It's administered by the PCI Security Standards Council, which was founded by American Express, Discover Financial Services, JCB International, MasterCard Worldwide, and Visa Inc. PCI DSS applies to entities that store, process, or transmit cardholder data (CHD) or sensitive authentication data (SAD). This includes, but isn't limited to, merchants, processors, acquirers, issuers, and service providers. The PCI DSS is mandated by the card brands and administered by the Payment Card Industry Security Standards Council.;735291151388;ap-south-1;2026-07-11 14:19:13.485135;7.2;Without a mechanism to restrict access based on user's need to know, a user may unknowingly be granted access to cardholder data. Access control systems automate the process of restricting access and assigning privileges. Additionally, a default “deny-all” setting ensures no one is granted access until and unless a rule is established specifically granting such access. Entities may have one or more access controls systems to manage user access. Note: Some access control systems are set by default to “allow-all,” thereby permitting access unless/until a rule is written to specifically deny it.;Requirement 7: Restrict access to cardholder data by business need to know;Requirement 7: Restrict access to cardholder data by business need to know;;;;FAIL;RDS Instance cloudguardian-db is set as publicly accessible and security group cloudguardian-rds-sg (sg-0be0be5f1a7d28519) has mysql port 3306 open to the Internet at endpoint cloudguardian-db.cxuyey2k27jg.ap-south-1.rds.amazonaws.com in a public subnet subnet-06415df4407c53071.;arn:aws:rds:ap-south-1:735291151388:db:cloudguardian-db;rds_instance_no_public_access;False;cloudguardian-db;PCI;Payment Card Industry Data Security Standard (PCI DSS) v3.2.1;
aws;The Payment Card Industry Data Security Standard (PCI DSS) is a proprietary information security standard. It's administered by the PCI Security Standards Council, which was founded by American Express, Discover Financial Services, JCB International, MasterCard Worldwide, and Visa Inc. PCI DSS applies to entities that store, process, or transmit cardholder data (CHD) or sensitive authentication data (SAD). This includes, but isn't limited to, merchants, processors, acquirers, issuers, and service providers. The PCI DSS is mandated by the card brands and administered by the Payment Card Industry Security Standards Council.;735291151388;ap-south-1;2026-07-11 14:19:13.485135;7.2.1;Without a mechanism to restrict access based on user's need to know, a user may unknowingly be granted access to cardholder data. Access control systems automate the process of restricting access and assigning privileges. Additionally, a default “deny-all” setting ensures no one is granted access until and unless a rule is established specifically granting such access. Entities may have one or more access controls systems to manage user access. Note: Some access control systems are set by default to “allow-all,” thereby permitting access unless/until a rule is written to specifically deny it.;Requirement 7: Restrict access to cardholder data by business need to know;7.2 Examine system settings and vendor documentation to verify that an access control system(s);;;;FAIL;RDS Instance cloudguardian-db is set as publicly accessible and security group cloudguardian-rds-sg (sg-0be0be5f1a7d28519) has mysql port 3306 open to the Internet at endpoint cloudguardian-db.cxuyey2k27jg.ap-south-1.rds.amazonaws.com in a public subnet subnet-06415df4407c53071.;arn:aws:rds:ap-south-1:735291151388:db:cloudguardian-db;rds_instance_no_public_access;False;cloudguardian-db;PCI;Payment Card Industry Data Security Standard (PCI DSS) v3.2.1;
aws;The Payment Card Industry Data Security Standard (PCI DSS) is a proprietary information security standard. It's administered by the PCI Security Standards Council, which was founded by American Express, Discover Financial Services, JCB International, MasterCard Worldwide, and Visa Inc. PCI DSS applies to entities that store, process, or transmit cardholder data (CHD) or sensitive authentication data (SAD). This includes, but isn't limited to, merchants, processors, acquirers, issuers, and service providers. The PCI DSS is mandated by the card brands and administered by the Payment Card Industry Security Standards Council.;735291151388;ap-south-1;2026-07-11 14:19:13.485135;3.1;Procedures and processes should include at least the following for all cardholder data (CHD) storage: limiting data storage amount and retention time to that which is required for legal, regulatory, and/or business requirements, specific retention requirements for cardholder data, processes for secure deletion of data when no longer needed, a quarterly process for identifying and securely deleting stored cardholder data that exceeds defined retention. Identifying and deleting stored data that has exceeded its specified retention period prevents unnecessary retention of data that is no longer needed. This process may be automated or manual or a combination of both. For example, a programmatic procedure (automatic or manual) to locate and remove data and/or a manual review of data storage areas could be performed. Implementing secure deletion methods ensure that the data cannot be retrieved when it is no longer needed. Remember, if you don't need it, don't store it!;Requirement 3: Protect stored cardholder data;Requirement 3: Protect stored cardholder data;;;;FAIL;RDS Instance cloudguardian-db is not protected by a backup plan.;arn:aws:rds:ap-south-1:735291151388:db:cloudguardian-db;rds_instance_protected_by_backup_plan;False;cloudguardian-db;PCI;Payment Card Industry Data Security Standard (PCI DSS) v3.2.1;
aws;The Payment Card Industry Data Security Standard (PCI DSS) is a proprietary information security standard. It's administered by the PCI Security Standards Council, which was founded by American Express, Discover Financial Services, JCB International, MasterCard Worldwide, and Visa Inc. PCI DSS applies to entities that store, process, or transmit cardholder data (CHD) or sensitive authentication data (SAD). This includes, but isn't limited to, merchants, processors, acquirers, issuers, and service providers. The PCI DSS is mandated by the card brands and administered by the Payment Card Industry Security Standards Council.;735291151388;ap-south-1;2026-07-11 14:19:13.485135;3.1.c;Identifying and deleting stored data that has exceeded its specified retention period prevents unnecessary retention of data that is no longer needed. This process may be automated or manual or a combination of both. For example, a programmatic procedure (automatic or manual) to locate and remove data and/or a manual review of data storage areas could be performed. Implementing secure deletion methods ensure that the data cannot be retrieved when it is no longer needed. Remember, if you don't need it, don't store it!;Requirement 3: Protect stored cardholder data;3.1 Keep cardholder data storage to a minimum by implementing data retention and disposal policies, procedures and processes;;;;FAIL;RDS Instance cloudguardian-db is not protected by a backup plan.;arn:aws:rds:ap-south-1:735291151388:db:cloudguardian-db;rds_instance_protected_by_backup_plan;False;cloudguardian-db;PCI;Payment Card Industry Data Security Standard (PCI DSS) v3.2.1;
aws;The Payment Card Industry Data Security Standard (PCI DSS) is a proprietary information security standard. It's administered by the PCI Security Standards Council, which was founded by American Express, Discover Financial Services, JCB International, MasterCard Worldwide, and Visa Inc. PCI DSS applies to entities that store, process, or transmit cardholder data (CHD) or sensitive authentication data (SAD). This includes, but isn't limited to, merchants, processors, acquirers, issuers, and service providers. The PCI DSS is mandated by the card brands and administered by the Payment Card Industry Security Standards Council.;735291151388;ap-south-1;2026-07-11 14:19:13.485135;3.4;The following approaches should be used to render PAN unreadable anywhere it is stored: One-way hashes based on strong cryptography, (hash must be of the entire PAN), truncation (hashing cannot be used to replace the truncated segment of PAN), index tokens and pads (pads must be securely stored) and strong cryptography with associated key-management processes and procedures. Note: It is a relatively trivial effort for a malicious individual to reconstruct original PAN data if they have access to both the truncated and hashed version of a PAN. Where hashed and truncated versions of the same PAN are present in an entity's environment, additional controls must be in place to ensure that the hashed and truncated versions cannot be correlated to reconstruct the original PAN. PANs stored in primary storage (databases, or flat files such as text files spreadsheets) as well as non-primary storage (backup, audit logs, exception or troubleshooting logs) must all be protected. One-way hash functions based on strong cryptography can be used to render cardholder data unreadable. Hash functions are appropriate when there is no need to retrieve the original number (one-way hashes are irreversible). It is recommended, but not currently a requirement, that an additional, random input value be added to the cardholder data prior to hashing to reduce the feasibility of an attacker comparing the data against (and deriving the PAN from) tables of pre- computed hash values. The intent of truncation is to permanently remove a segment of PAN data so that only a portion (generally not to exceed the first six and last four digits) of the PAN is stored. An index token is a cryptographic token that replaces the PAN based on a given index for an unpredictable value. A one-time pad is a system in which a randomly generated private key is used only once to encrypt a message that is then decrypted using a matching one-time pad and key. The intent of strong cryptography (as defined in the PCI DSS and PA-DSS Glossary of Terms, Abbreviations, and Acronyms) is that the encryption be based on an industry-tested and accepted algorithm (not a proprietary or `home- grown` algorithm) with strong cryptographic keys. By correlating hashed and truncated versions of a given PAN, a malicious individual may easily derive the original PAN value. Controls that prevent the correlation of this data will help ensure that the original PAN remains unreadable.;Requirement 3: Protect stored cardholder data;Requirement 3: Protect stored cardholder data;;;;FAIL;RDS Instance cloudguardian-db is not encrypted.;arn:aws:rds:ap-south-1:735291151388:db:cloudguardian-db;rds_instance_storage_encrypted;False;cloudguardian-db;PCI;Payment Card Industry Data Security Standard (PCI DSS) v3.2.1;
aws;The Payment Card Industry Data Security Standard (PCI DSS) is a proprietary information security standard. It's administered by the PCI Security Standards Council, which was founded by American Express, Discover Financial Services, JCB International, MasterCard Worldwide, and Visa Inc. PCI DSS applies to entities that store, process, or transmit cardholder data (CHD) or sensitive authentication data (SAD). This includes, but isn't limited to, merchants, processors, acquirers, issuers, and service providers. The PCI DSS is mandated by the card brands and administered by the Payment Card Industry Security Standards Council.;735291151388;ap-south-1;2026-07-11 14:19:13.485135;3.4.1;Decryption keys must not be associated with user accounts. Note: This requirement applies in addition to all other PCI DSS encryption and key- management requirements. PANs stored in primary storage (databases, or flat files such as text files spreadsheets) as well as non-primary storage (backup, audit logs, exception or troubleshooting logs) must all be protected. One-way hash functions based on strong cryptography can be used to render cardholder data unreadable. Hash functions are appropriate when there is no need to retrieve the original number (one-way hashes are irreversible). It is recommended, but not currently a requirement, that an additional, random input value be added to the cardholder data prior to hashing to reduce the feasibility of an attacker comparing the data against (and deriving the PAN from) tables of pre- computed hash values. The intent of truncation is to permanently remove a segment of PAN data so that only a portion (generally not to exceed the first six and last four digits) of the PAN is stored. An index token is a cryptographic token that replaces the PAN based on a given index for an unpredictable value. A one-time pad is a system in which a randomly generated private key is used only once to encrypt a message that is then decrypted using a matching one-time pad and key. The intent of strong cryptography (as defined in the PCI DSS and PA-DSS Glossary of Terms, Abbreviations, and Acronyms) is that the encryption be based on an industry-tested and accepted algorithm (not a proprietary or `home-grown` algorithm) with strong cryptographic keys. By correlating hashed and truncated versions of a given PAN, a malicious individual may easily derive the original PAN value. Controls that prevent the correlation of this data will help ensure that the original PAN remains unreadable.;Requirement 3: Protect stored cardholder data;3.4 Render PAN unreadable anywhere it is stored (including on portable digital media, backup media, and in logs) by using approaches like one-way hashes based on strong cryptography, truncation etc;;;;FAIL;RDS Instance cloudguardian-db is not encrypted.;arn:aws:rds:ap-south-1:735291151388:db:cloudguardian-db;rds_instance_storage_encrypted;False;cloudguardian-db;PCI;Payment Card Industry Data Security Standard (PCI DSS) v3.2.1;
aws;The Payment Card Industry Data Security Standard (PCI DSS) is a proprietary information security standard. It's administered by the PCI Security Standards Council, which was founded by American Express, Discover Financial Services, JCB International, MasterCard Worldwide, and Visa Inc. PCI DSS applies to entities that store, process, or transmit cardholder data (CHD) or sensitive authentication data (SAD). This includes, but isn't limited to, merchants, processors, acquirers, issuers, and service providers. The PCI DSS is mandated by the card brands and administered by the Payment Card Industry Security Standards Council.;735291151388;ap-south-1;2026-07-11 14:19:13.485135;3.4.1.a;The intent of this requirement is to address the acceptability of disk-level encryption for rendering cardholder data unreadable. Disk-level encryption encrypts the entire disk/partition on a computer and automatically decrypts the information when an authorized user requests it. Many disk- encryption solutions intercept operating system read/write operations and carry out the appropriate cryptographic transformations without any special action by the user other than supplying a password or pass phrase upon system startup or at the beginning of a session. Based on these characteristics of disk-level encryption, to be compliant with this requirement, the method cannot: 1) Use the same user account authenticator as the operating system, or 2) Use a decryption key that is associated with or derived from the system's local user account database or general network login credentials. Full disk encryption helps to protect data in the event of physical loss of a disk and therefore may be appropriate for portable devices that store cardholder data.;Requirement 3: Protect stored cardholder data;3.4.1 If disk encryption is used (rather than file- or column-level database encryption), logical access must be managed separately and independently of native operating system authentication and access control mechanisms (for example, by not using local user account databases or general network login credentials);;;;FAIL;RDS Instance cloudguardian-db is not encrypted.;arn:aws:rds:ap-south-1:735291151388:db:cloudguardian-db;rds_instance_storage_encrypted;False;cloudguardian-db;PCI;Payment Card Industry Data Security Standard (PCI DSS) v3.2.1;
aws;The Payment Card Industry Data Security Standard (PCI DSS) is a proprietary information security standard. It's administered by the PCI Security Standards Council, which was founded by American Express, Discover Financial Services, JCB International, MasterCard Worldwide, and Visa Inc. PCI DSS applies to entities that store, process, or transmit cardholder data (CHD) or sensitive authentication data (SAD). This includes, but isn't limited to, merchants, processors, acquirers, issuers, and service providers. The PCI DSS is mandated by the card brands and administered by the Payment Card Industry Security Standards Council.;735291151388;ap-south-1;2026-07-11 14:19:13.485135;3.4.1.c;Note: If disk encryption is not used to encrypt removable media, the data stored on this media will need to be rendered unreadable through some other method. The intent of this requirement is to address the acceptability of disk-level encryption for rendering cardholder data unreadable. Disk-level encryption encrypts the entire disk/partition on a computer and automatically decrypts the information when an authorized user requests it. Many disk- encryption solutions intercept operating system read/write operations and carry out the appropriate cryptographic transformations without any special action by the user other than supplying a password or pass phrase upon system startup or at the beginning of a session. Based on these characteristics of disk-level encryption, to be compliant with this requirement, the method cannot: 1) Use the same user account authenticator as the operating system, or 2) Use a decryption key that is associated with or derived from the system's local user account database or general network login credentials. Full disk encryption helps to protect data in the event of physical loss of a disk and therefore may be appropriate for portable devices that store cardholder data.;Requirement 3: Protect stored cardholder data;3.4.1 If disk encryption is used (rather than file- or column-level database encryption), logical access must be managed separately and independently of native operating system authentication and access control mechanisms (for example, by not using local user account databases or general network login credentials);;;;FAIL;RDS Instance cloudguardian-db is not encrypted.;arn:aws:rds:ap-south-1:735291151388:db:cloudguardian-db;rds_instance_storage_encrypted;False;cloudguardian-db;PCI;Payment Card Industry Data Security Standard (PCI DSS) v3.2.1;
aws;The Payment Card Industry Data Security Standard (PCI DSS) is a proprietary information security standard. It's administered by the PCI Security Standards Council, which was founded by American Express, Discover Financial Services, JCB International, MasterCard Worldwide, and Visa Inc. PCI DSS applies to entities that store, process, or transmit cardholder data (CHD) or sensitive authentication data (SAD). This includes, but isn't limited to, merchants, processors, acquirers, issuers, and service providers. The PCI DSS is mandated by the card brands and administered by the Payment Card Industry Security Standards Council.;735291151388;ap-south-1;2026-07-11 14:19:13.485135;3.4.a;Verify documentation about the system used to protect the PAN, including the vendor, type of system/process, and the encryption algorithms (if applicable) to verify that the PAN is rendered unreadable using any of the following methods: One-way hashes based on strong cryptography, truncation, index tokens and pads with the pads being securely stored, strong cryptography, with associated key-management processes and procedures. PANs stored in primary storage (databases, or flat files such as text files spreadsheets) as well as non-primary storage (backup, audit logs, exception or troubleshooting logs) must all be protected. One-way hash functions based on strong cryptography can be used to render cardholder data unreadable. Hash functions are appropriate when there is no need to retrieve the original number (one-way hashes are irreversible). It is recommended, but not currently a requirement, that an additional, random input value be added to the cardholder data prior to hashing to reduce the feasibility of an attacker comparing the data against (and deriving the PAN from) tables of pre- computed hash values. The intent of truncation is to permanently remove a segment of PAN data so that only a portion (generally not to exceed the first six and last four digits) of the PAN is stored. An index token is a cryptographic token that replaces the PAN based on a given index for an unpredictable value. A one-time pad is a system in which a randomly generated private key is used only once to encrypt a message that is then decrypted using a matching one-time pad and key. The intent of strong cryptography (as defined in the PCI DSS and PA-DSS Glossary of Terms, Abbreviations, and Acronyms) is that the encryption be based on an industry-tested and accepted algorithm (not a proprietary or `home-grown` algorithm) with strong cryptographic keys. By correlating hashed and truncated versions of a given PAN, a malicious individual may easily derive the original PAN value. Controls that prevent the correlation of this data will help ensure that the original PAN remains unreadable.;Requirement 3: Protect stored cardholder data;3.4 Render PAN unreadable anywhere it is stored (including on portable digital media, backup media, and in logs) by using approaches like one-way hashes based on strong cryptography, truncation etc;;;;FAIL;RDS Instance cloudguardian-db is not encrypted.;arn:aws:rds:ap-south-1:735291151388:db:cloudguardian-db;rds_instance_storage_encrypted;False;cloudguardian-db;PCI;Payment Card Industry Data Security Standard (PCI DSS) v3.2.1;
aws;The Payment Card Industry Data Security Standard (PCI DSS) is a proprietary information security standard. It's administered by the PCI Security Standards Council, which was founded by American Express, Discover Financial Services, JCB International, MasterCard Worldwide, and Visa Inc. PCI DSS applies to entities that store, process, or transmit cardholder data (CHD) or sensitive authentication data (SAD). This includes, but isn't limited to, merchants, processors, acquirers, issuers, and service providers. The PCI DSS is mandated by the card brands and administered by the Payment Card Industry Security Standards Council.;735291151388;ap-south-1;2026-07-11 14:19:13.485135;3.4.b;PANs stored in primary storage (databases, or flat files such as text files spreadsheets) as well as non-primary storage (backup, audit logs, exception or troubleshooting logs) must all be protected. One-way hash functions based on strong cryptography can be used to render cardholder data unreadable. Hash functions are appropriate when there is no need to retrieve the original number (one-way hashes are irreversible). It is recommended, but not currently a requirement, that an additional, random input value be added to the cardholder data prior to hashing to reduce the feasibility of an attacker comparing the data against (and deriving the PAN from) tables of pre- computed hash values. The intent of truncation is to permanently remove a segment of PAN data so that only a portion (generally not to exceed the first six and last four digits) of the PAN is stored. An index token is a cryptographic token that replaces the PAN based on a given index for an unpredictable value. A one-time pad is a system in which a randomly generated private key is used only once to encrypt a message that is then decrypted using a matching one-time pad and key. The intent of strong cryptography (as defined in the PCI DSS and PA-DSS Glossary of Terms, Abbreviations, and Acronyms) is that the encryption be based on an industry-tested and accepted algorithm (not a proprietary or `home- grown` algorithm) with strong cryptographic keys. By correlating hashed and truncated versions of a given PAN, a malicious individual may easily derive the original PAN value. Controls that prevent the correlation of this data will help ensure that the original PAN remains unreadable.;Requirement 3: Protect stored cardholder data;3.4 Render PAN unreadable anywhere it is stored (including on portable digital media, backup media, and in logs) by using approaches like one-way hashes based on strong cryptography, truncation etc;;;;FAIL;RDS Instance cloudguardian-db is not encrypted.;arn:aws:rds:ap-south-1:735291151388:db:cloudguardian-db;rds_instance_storage_encrypted;False;cloudguardian-db;PCI;Payment Card Industry Data Security Standard (PCI DSS) v3.2.1;
aws;The Payment Card Industry Data Security Standard (PCI DSS) is a proprietary information security standard. It's administered by the PCI Security Standards Council, which was founded by American Express, Discover Financial Services, JCB International, MasterCard Worldwide, and Visa Inc. PCI DSS applies to entities that store, process, or transmit cardholder data (CHD) or sensitive authentication data (SAD). This includes, but isn't limited to, merchants, processors, acquirers, issuers, and service providers. The PCI DSS is mandated by the card brands and administered by the Payment Card Industry Security Standards Council.;735291151388;ap-south-1;2026-07-11 14:19:13.485135;8.2;Verify users are authenticated using unique ID, perform the following: examine documentation describing the authentication method(s) used, for each type of authentication method used and for each type of system component, observe an authentication to verify authentication is functioning consistent with documented authentication method(s). These authentication methods, when used in addition to unique IDs, help protect users' IDs from being compromised, since the one attempting the compromise needs to know both the unique ID and the password (or other authentication used). Note that a digital certificate is a valid option for “something you have” as long as it is unique for a particular user. Since one of the first steps a malicious individual will take to compromise a system is to exploit weak or nonexistent passwords, it is important to implement good processes for authentication management.;Requirement 8: Identify and authenticate access to system components;Requirement 8: Identify and authenticate access to system components;;;;FAIL;RDS Instance cloudguardian-db is not encrypted.;arn:aws:rds:ap-south-1:735291151388:db:cloudguardian-db;rds_instance_storage_encrypted;False;cloudguardian-db;PCI;Payment Card Industry Data Security Standard (PCI DSS) v3.2.1;
aws;The Payment Card Industry Data Security Standard (PCI DSS) is a proprietary information security standard. It's administered by the PCI Security Standards Council, which was founded by American Express, Discover Financial Services, JCB International, MasterCard Worldwide, and Visa Inc. PCI DSS applies to entities that store, process, or transmit cardholder data (CHD) or sensitive authentication data (SAD). This includes, but isn't limited to, merchants, processors, acquirers, issuers, and service providers. The PCI DSS is mandated by the card brands and administered by the Payment Card Industry Security Standards Council.;735291151388;ap-south-1;2026-07-11 14:19:13.485135;8.2.1;Many network devices and applications transmit unencrypted, readable passwords across the network and/or store passwords without encryption. A malicious individual can easily intercept unencrypted passwords during transmission using a “sniffer,” or directly access unencrypted passwords in files where they are stored, and use this data to gain unauthorized access. Note: Testing Procedures 8.2.1.d and 8.2.1.e are additional procedures that only apply if the entity being assessed is a service provider.;Requirement 8: Identify and authenticate access to system components;8.2 To verify that users are authenticated using unique ID and additional authentication (for example, a password/phrase) for access to the cardholder data environment perform the methods like examine documentation describing the authentication method(s) used etc;;;;FAIL;RDS Instance cloudguardian-db is not encrypted.;arn:aws:rds:ap-south-1:735291151388:db:cloudguardian-db;rds_instance_storage_encrypted;False;cloudguardian-db;PCI;Payment Card Industry Data Security Standard (PCI DSS) v3.2.1;
aws;The Payment Card Industry Data Security Standard (PCI DSS) is a proprietary information security standard. It's administered by the PCI Security Standards Council, which was founded by American Express, Discover Financial Services, JCB International, MasterCard Worldwide, and Visa Inc. PCI DSS applies to entities that store, process, or transmit cardholder data (CHD) or sensitive authentication data (SAD). This includes, but isn't limited to, merchants, processors, acquirers, issuers, and service providers. The PCI DSS is mandated by the card brands and administered by the Payment Card Industry Security Standards Council.;735291151388;ap-south-1;2026-07-11 14:19:13.485135;8.2.1.a;Many network devices and applications transmit unencrypted, readable passwords across the network and/or store passwords without encryption. A malicious individual can easily intercept unencrypted passwords during transmission using a “sniffer,” or directly access unencrypted passwords in files where they are stored, and use this data to gain unauthorized access. Note: Testing Procedures 8.2.1.d and 8.2.1.e are additional procedures that only apply if the entity being assessed is a service provider.;Requirement 8: Identify and authenticate access to system components;8.2.1 Using strong cryptography, render all authentication credentials (such as passwords/phrases) unreadable during transmission and storage on all system components;;;;FAIL;RDS Instance cloudguardian-db is not encrypted.;arn:aws:rds:ap-south-1:735291151388:db:cloudguardian-db;rds_instance_storage_encrypted;False;cloudguardian-db;PCI;Payment Card Industry Data Security Standard (PCI DSS) v3.2.1;
aws;The Payment Card Industry Data Security Standard (PCI DSS) is a proprietary information security standard. It's administered by the PCI Security Standards Council, which was founded by American Express, Discover Financial Services, JCB International, MasterCard Worldwide, and Visa Inc. PCI DSS applies to entities that store, process, or transmit cardholder data (CHD) or sensitive authentication data (SAD). This includes, but isn't limited to, merchants, processors, acquirers, issuers, and service providers. The PCI DSS is mandated by the card brands and administered by the Payment Card Industry Security Standards Council.;735291151388;ap-south-1;2026-07-11 14:19:13.485135;1.3;While there may be legitimate reasons for untrusted connections to be permitted to DMZ systems (e.g., to allow public access to a web server), such connections should never be granted to systems in the internal network. A firewall's intent is to manage and control all connections between public systems and internal systems, especially those that store, process or transmit cardholder data. If direct access is allowed between public systems and the CDE, the protections offered by the firewall are bypassed, and system components storing cardholder data may be exposed to compromise.;Requirement 1: Install and maintain a firewall configuration to protect cardholder data;Requirement 1: Install and maintain a firewall configuration to protect cardholder data;;;;FAIL;Block Public Access is not configured for the account 735291151388.;arn:aws:s3:ap-south-1:735291151388:account;s3_account_level_public_access_blocks;False;735291151388;PCI;Payment Card Industry Data Security Standard (PCI DSS) v3.2.1;
aws;The Payment Card Industry Data Security Standard (PCI DSS) is a proprietary information security standard. It's administered by the PCI Security Standards Council, which was founded by American Express, Discover Financial Services, JCB International, MasterCard Worldwide, and Visa Inc. PCI DSS applies to entities that store, process, or transmit cardholder data (CHD) or sensitive authentication data (SAD). This includes, but isn't limited to, merchants, processors, acquirers, issuers, and service providers. The PCI DSS is mandated by the card brands and administered by the Payment Card Industry Security Standards Council.;735291151388;ap-south-1;2026-07-11 14:19:13.485135;2.2;Assure that these standards address all known security vulnerabilities and are consistent with industry-accepted system hardening standards. Sources of industry-accepted system hardening standards may include, but are not limited to Center for Internet Security (CIS), International Organization for Standardization (ISO), SysAdmin Audit Network Security (SANS) Institute and National Institute of Standards Technology (NIST). There are known weaknesses with many operating systems, databases, and enterprise applications, and there are also known ways to configure these systems to fix security vulnerabilities. To help those that are not security experts, a number of security organizations have established system-hardening guidelines and recommendations, which advise how to correct these weaknesses. Examples of sources for guidance on configuration standards include, but are not limited to: www.nist.gov, www.sans.org, and www.cisecurity.org, www.iso.org, and product vendors. System configuration standards must be kept up to date to ensure that newly identified weaknesses are corrected prior to a system being installed on the network.;Requirement 2: Do not use vendor-supplied defaults for system passwords and other security parameters;Requirement 2: Do not use vendor-supplied defaults for system passwords and other security parameters;;;;FAIL;Block Public Access is not configured for the account 735291151388.;arn:aws:s3:ap-south-1:735291151388:account;s3_account_level_public_access_blocks;False;735291151388;PCI;Payment Card Industry Data Security Standard (PCI DSS) v3.2.1;
aws;The Payment Card Industry Data Security Standard (PCI DSS) is a proprietary information security standard. It's administered by the PCI Security Standards Council, which was founded by American Express, Discover Financial Services, JCB International, MasterCard Worldwide, and Visa Inc. PCI DSS applies to entities that store, process, or transmit cardholder data (CHD) or sensitive authentication data (SAD). This includes, but isn't limited to, merchants, processors, acquirers, issuers, and service providers. The PCI DSS is mandated by the card brands and administered by the Payment Card Industry Security Standards Council.;735291151388;ap-south-1;2026-07-11 14:19:13.485135;2.2.2;As stated in Requirement 1.1.6, there are many protocols that a business may need (or have enabled by default) that are commonly used by malicious individuals to compromise a network. Including this requirement as part of an organization's configuration standards and related processes ensures that only the necessary services and protocols are enabled.;Requirement 2: Do not use vendor-supplied defaults for system passwords and other security parameters;2.2 Develop configuration standards for all system components;;;;FAIL;Block Public Access is not configured for the account 735291151388.;arn:aws:s3:ap-south-1:735291151388:account;s3_account_level_public_access_blocks;False;735291151388;PCI;Payment Card Industry Data Security Standard (PCI DSS) v3.2.1;
aws;The Payment Card Industry Data Security Standard (PCI DSS) is a proprietary information security standard. It's administered by the PCI Security Standards Council, which was founded by American Express, Discover Financial Services, JCB International, MasterCard Worldwide, and Visa Inc. PCI DSS applies to entities that store, process, or transmit cardholder data (CHD) or sensitive authentication data (SAD). This includes, but isn't limited to, merchants, processors, acquirers, issuers, and service providers. The PCI DSS is mandated by the card brands and administered by the Payment Card Industry Security Standards Council.;735291151388;ap-south-1;2026-07-11 14:19:13.485135;7.2;Without a mechanism to restrict access based on user's need to know, a user may unknowingly be granted access to cardholder data. Access control systems automate the process of restricting access and assigning privileges. Additionally, a default “deny-all” setting ensures no one is granted access until and unless a rule is established specifically granting such access. Entities may have one or more access controls systems to manage user access. Note: Some access control systems are set by default to “allow-all,” thereby permitting access unless/until a rule is written to specifically deny it.;Requirement 7: Restrict access to cardholder data by business need to know;Requirement 7: Restrict access to cardholder data by business need to know;;;;FAIL;Block Public Access is not configured for the account 735291151388.;arn:aws:s3:ap-south-1:735291151388:account;s3_account_level_public_access_blocks;False;735291151388;PCI;Payment Card Industry Data Security Standard (PCI DSS) v3.2.1;
aws;The Payment Card Industry Data Security Standard (PCI DSS) is a proprietary information security standard. It's administered by the PCI Security Standards Council, which was founded by American Express, Discover Financial Services, JCB International, MasterCard Worldwide, and Visa Inc. PCI DSS applies to entities that store, process, or transmit cardholder data (CHD) or sensitive authentication data (SAD). This includes, but isn't limited to, merchants, processors, acquirers, issuers, and service providers. The PCI DSS is mandated by the card brands and administered by the Payment Card Industry Security Standards Council.;735291151388;ap-south-1;2026-07-11 14:19:13.485135;7.2.1;Without a mechanism to restrict access based on user's need to know, a user may unknowingly be granted access to cardholder data. Access control systems automate the process of restricting access and assigning privileges. Additionally, a default “deny-all” setting ensures no one is granted access until and unless a rule is established specifically granting such access. Entities may have one or more access controls systems to manage user access. Note: Some access control systems are set by default to “allow-all,” thereby permitting access unless/until a rule is written to specifically deny it.;Requirement 7: Restrict access to cardholder data by business need to know;7.2 Examine system settings and vendor documentation to verify that an access control system(s);;;;FAIL;Block Public Access is not configured for the account 735291151388.;arn:aws:s3:ap-south-1:735291151388:account;s3_account_level_public_access_blocks;False;735291151388;PCI;Payment Card Industry Data Security Standard (PCI DSS) v3.2.1;
aws;The Payment Card Industry Data Security Standard (PCI DSS) is a proprietary information security standard. It's administered by the PCI Security Standards Council, which was founded by American Express, Discover Financial Services, JCB International, MasterCard Worldwide, and Visa Inc. PCI DSS applies to entities that store, process, or transmit cardholder data (CHD) or sensitive authentication data (SAD). This includes, but isn't limited to, merchants, processors, acquirers, issuers, and service providers. The PCI DSS is mandated by the card brands and administered by the Payment Card Industry Security Standards Council.;735291151388;ap-south-1;2026-07-11 14:19:13.485135;2.2;Assure that these standards address all known security vulnerabilities and are consistent with industry-accepted system hardening standards. Sources of industry-accepted system hardening standards may include, but are not limited to Center for Internet Security (CIS), International Organization for Standardization (ISO), SysAdmin Audit Network Security (SANS) Institute and National Institute of Standards Technology (NIST). There are known weaknesses with many operating systems, databases, and enterprise applications, and there are also known ways to configure these systems to fix security vulnerabilities. To help those that are not security experts, a number of security organizations have established system-hardening guidelines and recommendations, which advise how to correct these weaknesses. Examples of sources for guidance on configuration standards include, but are not limited to: www.nist.gov, www.sans.org, and www.cisecurity.org, www.iso.org, and product vendors. System configuration standards must be kept up to date to ensure that newly identified weaknesses are corrected prior to a system being installed on the network.;Requirement 2: Do not use vendor-supplied defaults for system passwords and other security parameters;Requirement 2: Do not use vendor-supplied defaults for system passwords and other security parameters;;;;FAIL;S3 Bucket cloudguardian-data-c8f4e2a3 does not have correct cross region replication configuration.;arn:aws:s3:::cloudguardian-data-c8f4e2a3;s3_bucket_cross_region_replication;False;cloudguardian-data-c8f4e2a3;PCI;Payment Card Industry Data Security Standard (PCI DSS) v3.2.1;
aws;The Payment Card Industry Data Security Standard (PCI DSS) is a proprietary information security standard. It's administered by the PCI Security Standards Council, which was founded by American Express, Discover Financial Services, JCB International, MasterCard Worldwide, and Visa Inc. PCI DSS applies to entities that store, process, or transmit cardholder data (CHD) or sensitive authentication data (SAD). This includes, but isn't limited to, merchants, processors, acquirers, issuers, and service providers. The PCI DSS is mandated by the card brands and administered by the Payment Card Industry Security Standards Council.;735291151388;ap-south-1;2026-07-11 14:19:13.485135;3.1;Procedures and processes should include at least the following for all cardholder data (CHD) storage: limiting data storage amount and retention time to that which is required for legal, regulatory, and/or business requirements, specific retention requirements for cardholder data, processes for secure deletion of data when no longer needed, a quarterly process for identifying and securely deleting stored cardholder data that exceeds defined retention. Identifying and deleting stored data that has exceeded its specified retention period prevents unnecessary retention of data that is no longer needed. This process may be automated or manual or a combination of both. For example, a programmatic procedure (automatic or manual) to locate and remove data and/or a manual review of data storage areas could be performed. Implementing secure deletion methods ensure that the data cannot be retrieved when it is no longer needed. Remember, if you don't need it, don't store it!;Requirement 3: Protect stored cardholder data;Requirement 3: Protect stored cardholder data;;;;FAIL;S3 Bucket cloudguardian-data-c8f4e2a3 does not have correct cross region replication configuration.;arn:aws:s3:::cloudguardian-data-c8f4e2a3;s3_bucket_cross_region_replication;False;cloudguardian-data-c8f4e2a3;PCI;Payment Card Industry Data Security Standard (PCI DSS) v3.2.1;
aws;The Payment Card Industry Data Security Standard (PCI DSS) is a proprietary information security standard. It's administered by the PCI Security Standards Council, which was founded by American Express, Discover Financial Services, JCB International, MasterCard Worldwide, and Visa Inc. PCI DSS applies to entities that store, process, or transmit cardholder data (CHD) or sensitive authentication data (SAD). This includes, but isn't limited to, merchants, processors, acquirers, issuers, and service providers. The PCI DSS is mandated by the card brands and administered by the Payment Card Industry Security Standards Council.;735291151388;ap-south-1;2026-07-11 14:19:13.485135;3.1.c;Identifying and deleting stored data that has exceeded its specified retention period prevents unnecessary retention of data that is no longer needed. This process may be automated or manual or a combination of both. For example, a programmatic procedure (automatic or manual) to locate and remove data and/or a manual review of data storage areas could be performed. Implementing secure deletion methods ensure that the data cannot be retrieved when it is no longer needed. Remember, if you don't need it, don't store it!;Requirement 3: Protect stored cardholder data;3.1 Keep cardholder data storage to a minimum by implementing data retention and disposal policies, procedures and processes;;;;FAIL;S3 Bucket cloudguardian-data-c8f4e2a3 does not have correct cross region replication configuration.;arn:aws:s3:::cloudguardian-data-c8f4e2a3;s3_bucket_cross_region_replication;False;cloudguardian-data-c8f4e2a3;PCI;Payment Card Industry Data Security Standard (PCI DSS) v3.2.1;
aws;The Payment Card Industry Data Security Standard (PCI DSS) is a proprietary information security standard. It's administered by the PCI Security Standards Council, which was founded by American Express, Discover Financial Services, JCB International, MasterCard Worldwide, and Visa Inc. PCI DSS applies to entities that store, process, or transmit cardholder data (CHD) or sensitive authentication data (SAD). This includes, but isn't limited to, merchants, processors, acquirers, issuers, and service providers. The PCI DSS is mandated by the card brands and administered by the Payment Card Industry Security Standards Council.;735291151388;ap-south-1;2026-07-11 14:19:13.485135;10.5;Often a malicious individual who has entered the network will attempt to edit the audit logs in order to hide their activity. Without adequate protection of audit logs, their completeness, accuracy, and integrity cannot be guaranteed, and the audit logs can be rendered useless as an investigation tool after a compromise. This control checks secure audit trails so they cannot be altered.;Requirement 10: Track and monitor all access to network resources and cardholder data;Requirement 10: Track and monitor all access to network resources and cardholder data;;;;FAIL;S3 Bucket cloudguardian-data-c8f4e2a3 does not have correct cross region replication configuration.;arn:aws:s3:::cloudguardian-data-c8f4e2a3;s3_bucket_cross_region_replication;False;cloudguardian-data-c8f4e2a3;PCI;Payment Card Industry Data Security Standard (PCI DSS) v3.2.1;
aws;The Payment Card Industry Data Security Standard (PCI DSS) is a proprietary information security standard. It's administered by the PCI Security Standards Council, which was founded by American Express, Discover Financial Services, JCB International, MasterCard Worldwide, and Visa Inc. PCI DSS applies to entities that store, process, or transmit cardholder data (CHD) or sensitive authentication data (SAD). This includes, but isn't limited to, merchants, processors, acquirers, issuers, and service providers. The PCI DSS is mandated by the card brands and administered by the Payment Card Industry Security Standards Council.;735291151388;ap-south-1;2026-07-11 14:19:13.485135;10.5.3;Adequate protection of the audit logs includes strong access control (limit access to logs based on “need to know” only), and use of physical or network segregation to make the logs harder to find and modify. Promptly backing up the logs to a centralized log server or media that is difficult to alter keeps the logs protected even if the system generating the logs becomes compromised. Promptly back up audit trail files to a centralized log server or media that is difficult to alter.;Requirement 10: Track and monitor all access to network resources and cardholder data;10.5 Interview system administrators and examine system configurations and permissions to verify that audit trails are secured so that they cannot be altered;;;;FAIL;S3 Bucket cloudguardian-data-c8f4e2a3 does not have correct cross region replication configuration.;arn:aws:s3:::cloudguardian-data-c8f4e2a3;s3_bucket_cross_region_replication;False;cloudguardian-data-c8f4e2a3;PCI;Payment Card Industry Data Security Standard (PCI DSS) v3.2.1;
aws;The Payment Card Industry Data Security Standard (PCI DSS) is a proprietary information security standard. It's administered by the PCI Security Standards Council, which was founded by American Express, Discover Financial Services, JCB International, MasterCard Worldwide, and Visa Inc. PCI DSS applies to entities that store, process, or transmit cardholder data (CHD) or sensitive authentication data (SAD). This includes, but isn't limited to, merchants, processors, acquirers, issuers, and service providers. The PCI DSS is mandated by the card brands and administered by the Payment Card Industry Security Standards Council.;735291151388;ap-south-1;2026-07-11 14:19:13.485135;3.4;The following approaches should be used to render PAN unreadable anywhere it is stored: One-way hashes based on strong cryptography, (hash must be of the entire PAN), truncation (hashing cannot be used to replace the truncated segment of PAN), index tokens and pads (pads must be securely stored) and strong cryptography with associated key-management processes and procedures. Note: It is a relatively trivial effort for a malicious individual to reconstruct original PAN data if they have access to both the truncated and hashed version of a PAN. Where hashed and truncated versions of the same PAN are present in an entity's environment, additional controls must be in place to ensure that the hashed and truncated versions cannot be correlated to reconstruct the original PAN. PANs stored in primary storage (databases, or flat files such as text files spreadsheets) as well as non-primary storage (backup, audit logs, exception or troubleshooting logs) must all be protected. One-way hash functions based on strong cryptography can be used to render cardholder data unreadable. Hash functions are appropriate when there is no need to retrieve the original number (one-way hashes are irreversible). It is recommended, but not currently a requirement, that an additional, random input value be added to the cardholder data prior to hashing to reduce the feasibility of an attacker comparing the data against (and deriving the PAN from) tables of pre- computed hash values. The intent of truncation is to permanently remove a segment of PAN data so that only a portion (generally not to exceed the first six and last four digits) of the PAN is stored. An index token is a cryptographic token that replaces the PAN based on a given index for an unpredictable value. A one-time pad is a system in which a randomly generated private key is used only once to encrypt a message that is then decrypted using a matching one-time pad and key. The intent of strong cryptography (as defined in the PCI DSS and PA-DSS Glossary of Terms, Abbreviations, and Acronyms) is that the encryption be based on an industry-tested and accepted algorithm (not a proprietary or `home- grown` algorithm) with strong cryptographic keys. By correlating hashed and truncated versions of a given PAN, a malicious individual may easily derive the original PAN value. Controls that prevent the correlation of this data will help ensure that the original PAN remains unreadable.;Requirement 3: Protect stored cardholder data;Requirement 3: Protect stored cardholder data;;;;PASS;S3 Bucket cloudguardian-data-c8f4e2a3 has Server Side Encryption with AES256.;arn:aws:s3:::cloudguardian-data-c8f4e2a3;s3_bucket_default_encryption;False;cloudguardian-data-c8f4e2a3;PCI;Payment Card Industry Data Security Standard (PCI DSS) v3.2.1;
aws;The Payment Card Industry Data Security Standard (PCI DSS) is a proprietary information security standard. It's administered by the PCI Security Standards Council, which was founded by American Express, Discover Financial Services, JCB International, MasterCard Worldwide, and Visa Inc. PCI DSS applies to entities that store, process, or transmit cardholder data (CHD) or sensitive authentication data (SAD). This includes, but isn't limited to, merchants, processors, acquirers, issuers, and service providers. The PCI DSS is mandated by the card brands and administered by the Payment Card Industry Security Standards Council.;735291151388;ap-south-1;2026-07-11 14:19:13.485135;3.4.1;Decryption keys must not be associated with user accounts. Note: This requirement applies in addition to all other PCI DSS encryption and key- management requirements. PANs stored in primary storage (databases, or flat files such as text files spreadsheets) as well as non-primary storage (backup, audit logs, exception or troubleshooting logs) must all be protected. One-way hash functions based on strong cryptography can be used to render cardholder data unreadable. Hash functions are appropriate when there is no need to retrieve the original number (one-way hashes are irreversible). It is recommended, but not currently a requirement, that an additional, random input value be added to the cardholder data prior to hashing to reduce the feasibility of an attacker comparing the data against (and deriving the PAN from) tables of pre- computed hash values. The intent of truncation is to permanently remove a segment of PAN data so that only a portion (generally not to exceed the first six and last four digits) of the PAN is stored. An index token is a cryptographic token that replaces the PAN based on a given index for an unpredictable value. A one-time pad is a system in which a randomly generated private key is used only once to encrypt a message that is then decrypted using a matching one-time pad and key. The intent of strong cryptography (as defined in the PCI DSS and PA-DSS Glossary of Terms, Abbreviations, and Acronyms) is that the encryption be based on an industry-tested and accepted algorithm (not a proprietary or `home-grown` algorithm) with strong cryptographic keys. By correlating hashed and truncated versions of a given PAN, a malicious individual may easily derive the original PAN value. Controls that prevent the correlation of this data will help ensure that the original PAN remains unreadable.;Requirement 3: Protect stored cardholder data;3.4 Render PAN unreadable anywhere it is stored (including on portable digital media, backup media, and in logs) by using approaches like one-way hashes based on strong cryptography, truncation etc;;;;PASS;S3 Bucket cloudguardian-data-c8f4e2a3 has Server Side Encryption with AES256.;arn:aws:s3:::cloudguardian-data-c8f4e2a3;s3_bucket_default_encryption;False;cloudguardian-data-c8f4e2a3;PCI;Payment Card Industry Data Security Standard (PCI DSS) v3.2.1;
aws;The Payment Card Industry Data Security Standard (PCI DSS) is a proprietary information security standard. It's administered by the PCI Security Standards Council, which was founded by American Express, Discover Financial Services, JCB International, MasterCard Worldwide, and Visa Inc. PCI DSS applies to entities that store, process, or transmit cardholder data (CHD) or sensitive authentication data (SAD). This includes, but isn't limited to, merchants, processors, acquirers, issuers, and service providers. The PCI DSS is mandated by the card brands and administered by the Payment Card Industry Security Standards Council.;735291151388;ap-south-1;2026-07-11 14:19:13.485135;3.4.1.a;The intent of this requirement is to address the acceptability of disk-level encryption for rendering cardholder data unreadable. Disk-level encryption encrypts the entire disk/partition on a computer and automatically decrypts the information when an authorized user requests it. Many disk- encryption solutions intercept operating system read/write operations and carry out the appropriate cryptographic transformations without any special action by the user other than supplying a password or pass phrase upon system startup or at the beginning of a session. Based on these characteristics of disk-level encryption, to be compliant with this requirement, the method cannot: 1) Use the same user account authenticator as the operating system, or 2) Use a decryption key that is associated with or derived from the system's local user account database or general network login credentials. Full disk encryption helps to protect data in the event of physical loss of a disk and therefore may be appropriate for portable devices that store cardholder data.;Requirement 3: Protect stored cardholder data;3.4.1 If disk encryption is used (rather than file- or column-level database encryption), logical access must be managed separately and independently of native operating system authentication and access control mechanisms (for example, by not using local user account databases or general network login credentials);;;;PASS;S3 Bucket cloudguardian-data-c8f4e2a3 has Server Side Encryption with AES256.;arn:aws:s3:::cloudguardian-data-c8f4e2a3;s3_bucket_default_encryption;False;cloudguardian-data-c8f4e2a3;PCI;Payment Card Industry Data Security Standard (PCI DSS) v3.2.1;
aws;The Payment Card Industry Data Security Standard (PCI DSS) is a proprietary information security standard. It's administered by the PCI Security Standards Council, which was founded by American Express, Discover Financial Services, JCB International, MasterCard Worldwide, and Visa Inc. PCI DSS applies to entities that store, process, or transmit cardholder data (CHD) or sensitive authentication data (SAD). This includes, but isn't limited to, merchants, processors, acquirers, issuers, and service providers. The PCI DSS is mandated by the card brands and administered by the Payment Card Industry Security Standards Council.;735291151388;ap-south-1;2026-07-11 14:19:13.485135;3.4.1.c;Note: If disk encryption is not used to encrypt removable media, the data stored on this media will need to be rendered unreadable through some other method. The intent of this requirement is to address the acceptability of disk-level encryption for rendering cardholder data unreadable. Disk-level encryption encrypts the entire disk/partition on a computer and automatically decrypts the information when an authorized user requests it. Many disk- encryption solutions intercept operating system read/write operations and carry out the appropriate cryptographic transformations without any special action by the user other than supplying a password or pass phrase upon system startup or at the beginning of a session. Based on these characteristics of disk-level encryption, to be compliant with this requirement, the method cannot: 1) Use the same user account authenticator as the operating system, or 2) Use a decryption key that is associated with or derived from the system's local user account database or general network login credentials. Full disk encryption helps to protect data in the event of physical loss of a disk and therefore may be appropriate for portable devices that store cardholder data.;Requirement 3: Protect stored cardholder data;3.4.1 If disk encryption is used (rather than file- or column-level database encryption), logical access must be managed separately and independently of native operating system authentication and access control mechanisms (for example, by not using local user account databases or general network login credentials);;;;PASS;S3 Bucket cloudguardian-data-c8f4e2a3 has Server Side Encryption with AES256.;arn:aws:s3:::cloudguardian-data-c8f4e2a3;s3_bucket_default_encryption;False;cloudguardian-data-c8f4e2a3;PCI;Payment Card Industry Data Security Standard (PCI DSS) v3.2.1;
aws;The Payment Card Industry Data Security Standard (PCI DSS) is a proprietary information security standard. It's administered by the PCI Security Standards Council, which was founded by American Express, Discover Financial Services, JCB International, MasterCard Worldwide, and Visa Inc. PCI DSS applies to entities that store, process, or transmit cardholder data (CHD) or sensitive authentication data (SAD). This includes, but isn't limited to, merchants, processors, acquirers, issuers, and service providers. The PCI DSS is mandated by the card brands and administered by the Payment Card Industry Security Standards Council.;735291151388;ap-south-1;2026-07-11 14:19:13.485135;3.4.a;Verify documentation about the system used to protect the PAN, including the vendor, type of system/process, and the encryption algorithms (if applicable) to verify that the PAN is rendered unreadable using any of the following methods: One-way hashes based on strong cryptography, truncation, index tokens and pads with the pads being securely stored, strong cryptography, with associated key-management processes and procedures. PANs stored in primary storage (databases, or flat files such as text files spreadsheets) as well as non-primary storage (backup, audit logs, exception or troubleshooting logs) must all be protected. One-way hash functions based on strong cryptography can be used to render cardholder data unreadable. Hash functions are appropriate when there is no need to retrieve the original number (one-way hashes are irreversible). It is recommended, but not currently a requirement, that an additional, random input value be added to the cardholder data prior to hashing to reduce the feasibility of an attacker comparing the data against (and deriving the PAN from) tables of pre- computed hash values. The intent of truncation is to permanently remove a segment of PAN data so that only a portion (generally not to exceed the first six and last four digits) of the PAN is stored. An index token is a cryptographic token that replaces the PAN based on a given index for an unpredictable value. A one-time pad is a system in which a randomly generated private key is used only once to encrypt a message that is then decrypted using a matching one-time pad and key. The intent of strong cryptography (as defined in the PCI DSS and PA-DSS Glossary of Terms, Abbreviations, and Acronyms) is that the encryption be based on an industry-tested and accepted algorithm (not a proprietary or `home-grown` algorithm) with strong cryptographic keys. By correlating hashed and truncated versions of a given PAN, a malicious individual may easily derive the original PAN value. Controls that prevent the correlation of this data will help ensure that the original PAN remains unreadable.;Requirement 3: Protect stored cardholder data;3.4 Render PAN unreadable anywhere it is stored (including on portable digital media, backup media, and in logs) by using approaches like one-way hashes based on strong cryptography, truncation etc;;;;PASS;S3 Bucket cloudguardian-data-c8f4e2a3 has Server Side Encryption with AES256.;arn:aws:s3:::cloudguardian-data-c8f4e2a3;s3_bucket_default_encryption;False;cloudguardian-data-c8f4e2a3;PCI;Payment Card Industry Data Security Standard (PCI DSS) v3.2.1;
aws;The Payment Card Industry Data Security Standard (PCI DSS) is a proprietary information security standard. It's administered by the PCI Security Standards Council, which was founded by American Express, Discover Financial Services, JCB International, MasterCard Worldwide, and Visa Inc. PCI DSS applies to entities that store, process, or transmit cardholder data (CHD) or sensitive authentication data (SAD). This includes, but isn't limited to, merchants, processors, acquirers, issuers, and service providers. The PCI DSS is mandated by the card brands and administered by the Payment Card Industry Security Standards Council.;735291151388;ap-south-1;2026-07-11 14:19:13.485135;3.4.b;PANs stored in primary storage (databases, or flat files such as text files spreadsheets) as well as non-primary storage (backup, audit logs, exception or troubleshooting logs) must all be protected. One-way hash functions based on strong cryptography can be used to render cardholder data unreadable. Hash functions are appropriate when there is no need to retrieve the original number (one-way hashes are irreversible). It is recommended, but not currently a requirement, that an additional, random input value be added to the cardholder data prior to hashing to reduce the feasibility of an attacker comparing the data against (and deriving the PAN from) tables of pre- computed hash values. The intent of truncation is to permanently remove a segment of PAN data so that only a portion (generally not to exceed the first six and last four digits) of the PAN is stored. An index token is a cryptographic token that replaces the PAN based on a given index for an unpredictable value. A one-time pad is a system in which a randomly generated private key is used only once to encrypt a message that is then decrypted using a matching one-time pad and key. The intent of strong cryptography (as defined in the PCI DSS and PA-DSS Glossary of Terms, Abbreviations, and Acronyms) is that the encryption be based on an industry-tested and accepted algorithm (not a proprietary or `home- grown` algorithm) with strong cryptographic keys. By correlating hashed and truncated versions of a given PAN, a malicious individual may easily derive the original PAN value. Controls that prevent the correlation of this data will help ensure that the original PAN remains unreadable.;Requirement 3: Protect stored cardholder data;3.4 Render PAN unreadable anywhere it is stored (including on portable digital media, backup media, and in logs) by using approaches like one-way hashes based on strong cryptography, truncation etc;;;;PASS;S3 Bucket cloudguardian-data-c8f4e2a3 has Server Side Encryption with AES256.;arn:aws:s3:::cloudguardian-data-c8f4e2a3;s3_bucket_default_encryption;False;cloudguardian-data-c8f4e2a3;PCI;Payment Card Industry Data Security Standard (PCI DSS) v3.2.1;
aws;The Payment Card Industry Data Security Standard (PCI DSS) is a proprietary information security standard. It's administered by the PCI Security Standards Council, which was founded by American Express, Discover Financial Services, JCB International, MasterCard Worldwide, and Visa Inc. PCI DSS applies to entities that store, process, or transmit cardholder data (CHD) or sensitive authentication data (SAD). This includes, but isn't limited to, merchants, processors, acquirers, issuers, and service providers. The PCI DSS is mandated by the card brands and administered by the Payment Card Industry Security Standards Council.;735291151388;ap-south-1;2026-07-11 14:19:13.485135;3.4.d;PANs stored in primary storage (databases, or flat files such as text files spreadsheets) as well as non-primary storage (backup, audit logs, exception or troubleshooting logs) must all be protected. One-way hash functions based on strong cryptography can be used to render cardholder data unreadable. Hash functions are appropriate when there is no need to retrieve the original number (one-way hashes are irreversible). It is recommended, but not currently a requirement, that an additional, random input value be added to the cardholder data prior to hashing to reduce the feasibility of an attacker comparing the data against (and deriving the PAN from) tables of pre- computed hash values. The intent of truncation is to permanently remove a segment of PAN data so that only a portion (generally not to exceed the first six and last four digits) of the PAN is stored. An index token is a cryptographic token that replaces the PAN based on a given index for an unpredictable value. A one-time pad is a system in which a randomly generated private key is used only once to encrypt a message that is then decrypted using a matching one-time pad and key. The intent of strong cryptography (as defined in the PCI DSS and PA-DSS Glossary of Terms, Abbreviations, and Acronyms) is that the encryption be based on an industry-tested and accepted algorithm (not a proprietary or 'home-grown` algorithm) with strong cryptographic keys. By correlating hashed and truncated versions of a given PAN, a malicious individual may easily derive the original PAN value. Controls that prevent the correlation of this data will help ensure that the original PAN remains unreadable.;Requirement 3: Protect stored cardholder data;3.4 Render PAN unreadable anywhere it is stored (including on portable digital media, backup media, and in logs) by using approaches like one-way hashes based on strong cryptography, truncation etc;;;;PASS;S3 Bucket cloudguardian-data-c8f4e2a3 has Server Side Encryption with AES256.;arn:aws:s3:::cloudguardian-data-c8f4e2a3;s3_bucket_default_encryption;False;cloudguardian-data-c8f4e2a3;PCI;Payment Card Industry Data Security Standard (PCI DSS) v3.2.1;
aws;The Payment Card Industry Data Security Standard (PCI DSS) is a proprietary information security standard. It's administered by the PCI Security Standards Council, which was founded by American Express, Discover Financial Services, JCB International, MasterCard Worldwide, and Visa Inc. PCI DSS applies to entities that store, process, or transmit cardholder data (CHD) or sensitive authentication data (SAD). This includes, but isn't limited to, merchants, processors, acquirers, issuers, and service providers. The PCI DSS is mandated by the card brands and administered by the Payment Card Industry Security Standards Council.;735291151388;ap-south-1;2026-07-11 14:19:13.485135;8.2;Verify users are authenticated using unique ID, perform the following: examine documentation describing the authentication method(s) used, for each type of authentication method used and for each type of system component, observe an authentication to verify authentication is functioning consistent with documented authentication method(s). These authentication methods, when used in addition to unique IDs, help protect users' IDs from being compromised, since the one attempting the compromise needs to know both the unique ID and the password (or other authentication used). Note that a digital certificate is a valid option for “something you have” as long as it is unique for a particular user. Since one of the first steps a malicious individual will take to compromise a system is to exploit weak or nonexistent passwords, it is important to implement good processes for authentication management.;Requirement 8: Identify and authenticate access to system components;Requirement 8: Identify and authenticate access to system components;;;;PASS;S3 Bucket cloudguardian-data-c8f4e2a3 has Server Side Encryption with AES256.;arn:aws:s3:::cloudguardian-data-c8f4e2a3;s3_bucket_default_encryption;False;cloudguardian-data-c8f4e2a3;PCI;Payment Card Industry Data Security Standard (PCI DSS) v3.2.1;
aws;The Payment Card Industry Data Security Standard (PCI DSS) is a proprietary information security standard. It's administered by the PCI Security Standards Council, which was founded by American Express, Discover Financial Services, JCB International, MasterCard Worldwide, and Visa Inc. PCI DSS applies to entities that store, process, or transmit cardholder data (CHD) or sensitive authentication data (SAD). This includes, but isn't limited to, merchants, processors, acquirers, issuers, and service providers. The PCI DSS is mandated by the card brands and administered by the Payment Card Industry Security Standards Council.;735291151388;ap-south-1;2026-07-11 14:19:13.485135;8.2.1;Many network devices and applications transmit unencrypted, readable passwords across the network and/or store passwords without encryption. A malicious individual can easily intercept unencrypted passwords during transmission using a “sniffer,” or directly access unencrypted passwords in files where they are stored, and use this data to gain unauthorized access. Note: Testing Procedures 8.2.1.d and 8.2.1.e are additional procedures that only apply if the entity being assessed is a service provider.;Requirement 8: Identify and authenticate access to system components;8.2 To verify that users are authenticated using unique ID and additional authentication (for example, a password/phrase) for access to the cardholder data environment perform the methods like examine documentation describing the authentication method(s) used etc;;;;PASS;S3 Bucket cloudguardian-data-c8f4e2a3 has Server Side Encryption with AES256.;arn:aws:s3:::cloudguardian-data-c8f4e2a3;s3_bucket_default_encryption;False;cloudguardian-data-c8f4e2a3;PCI;Payment Card Industry Data Security Standard (PCI DSS) v3.2.1;
aws;The Payment Card Industry Data Security Standard (PCI DSS) is a proprietary information security standard. It's administered by the PCI Security Standards Council, which was founded by American Express, Discover Financial Services, JCB International, MasterCard Worldwide, and Visa Inc. PCI DSS applies to entities that store, process, or transmit cardholder data (CHD) or sensitive authentication data (SAD). This includes, but isn't limited to, merchants, processors, acquirers, issuers, and service providers. The PCI DSS is mandated by the card brands and administered by the Payment Card Industry Security Standards Council.;735291151388;ap-south-1;2026-07-11 14:19:13.485135;8.2.1.a;Many network devices and applications transmit unencrypted, readable passwords across the network and/or store passwords without encryption. A malicious individual can easily intercept unencrypted passwords during transmission using a “sniffer,” or directly access unencrypted passwords in files where they are stored, and use this data to gain unauthorized access. Note: Testing Procedures 8.2.1.d and 8.2.1.e are additional procedures that only apply if the entity being assessed is a service provider.;Requirement 8: Identify and authenticate access to system components;8.2.1 Using strong cryptography, render all authentication credentials (such as passwords/phrases) unreadable during transmission and storage on all system components;;;;PASS;S3 Bucket cloudguardian-data-c8f4e2a3 has Server Side Encryption with AES256.;arn:aws:s3:::cloudguardian-data-c8f4e2a3;s3_bucket_default_encryption;False;cloudguardian-data-c8f4e2a3;PCI;Payment Card Industry Data Security Standard (PCI DSS) v3.2.1;
aws;The Payment Card Industry Data Security Standard (PCI DSS) is a proprietary information security standard. It's administered by the PCI Security Standards Council, which was founded by American Express, Discover Financial Services, JCB International, MasterCard Worldwide, and Visa Inc. PCI DSS applies to entities that store, process, or transmit cardholder data (CHD) or sensitive authentication data (SAD). This includes, but isn't limited to, merchants, processors, acquirers, issuers, and service providers. The PCI DSS is mandated by the card brands and administered by the Payment Card Industry Security Standards Council.;735291151388;ap-south-1;2026-07-11 14:19:13.485135;3.4;The following approaches should be used to render PAN unreadable anywhere it is stored: One-way hashes based on strong cryptography, (hash must be of the entire PAN), truncation (hashing cannot be used to replace the truncated segment of PAN), index tokens and pads (pads must be securely stored) and strong cryptography with associated key-management processes and procedures. Note: It is a relatively trivial effort for a malicious individual to reconstruct original PAN data if they have access to both the truncated and hashed version of a PAN. Where hashed and truncated versions of the same PAN are present in an entity's environment, additional controls must be in place to ensure that the hashed and truncated versions cannot be correlated to reconstruct the original PAN. PANs stored in primary storage (databases, or flat files such as text files spreadsheets) as well as non-primary storage (backup, audit logs, exception or troubleshooting logs) must all be protected. One-way hash functions based on strong cryptography can be used to render cardholder data unreadable. Hash functions are appropriate when there is no need to retrieve the original number (one-way hashes are irreversible). It is recommended, but not currently a requirement, that an additional, random input value be added to the cardholder data prior to hashing to reduce the feasibility of an attacker comparing the data against (and deriving the PAN from) tables of pre- computed hash values. The intent of truncation is to permanently remove a segment of PAN data so that only a portion (generally not to exceed the first six and last four digits) of the PAN is stored. An index token is a cryptographic token that replaces the PAN based on a given index for an unpredictable value. A one-time pad is a system in which a randomly generated private key is used only once to encrypt a message that is then decrypted using a matching one-time pad and key. The intent of strong cryptography (as defined in the PCI DSS and PA-DSS Glossary of Terms, Abbreviations, and Acronyms) is that the encryption be based on an industry-tested and accepted algorithm (not a proprietary or `home- grown` algorithm) with strong cryptographic keys. By correlating hashed and truncated versions of a given PAN, a malicious individual may easily derive the original PAN value. Controls that prevent the correlation of this data will help ensure that the original PAN remains unreadable.;Requirement 3: Protect stored cardholder data;Requirement 3: Protect stored cardholder data;;;;FAIL;Server Side Encryption is not configured with kms for S3 Bucket cloudguardian-data-c8f4e2a3.;arn:aws:s3:::cloudguardian-data-c8f4e2a3;s3_bucket_kms_encryption;False;cloudguardian-data-c8f4e2a3;PCI;Payment Card Industry Data Security Standard (PCI DSS) v3.2.1;
aws;The Payment Card Industry Data Security Standard (PCI DSS) is a proprietary information security standard. It's administered by the PCI Security Standards Council, which was founded by American Express, Discover Financial Services, JCB International, MasterCard Worldwide, and Visa Inc. PCI DSS applies to entities that store, process, or transmit cardholder data (CHD) or sensitive authentication data (SAD). This includes, but isn't limited to, merchants, processors, acquirers, issuers, and service providers. The PCI DSS is mandated by the card brands and administered by the Payment Card Industry Security Standards Council.;735291151388;ap-south-1;2026-07-11 14:19:13.485135;3.4.1;Decryption keys must not be associated with user accounts. Note: This requirement applies in addition to all other PCI DSS encryption and key- management requirements. PANs stored in primary storage (databases, or flat files such as text files spreadsheets) as well as non-primary storage (backup, audit logs, exception or troubleshooting logs) must all be protected. One-way hash functions based on strong cryptography can be used to render cardholder data unreadable. Hash functions are appropriate when there is no need to retrieve the original number (one-way hashes are irreversible). It is recommended, but not currently a requirement, that an additional, random input value be added to the cardholder data prior to hashing to reduce the feasibility of an attacker comparing the data against (and deriving the PAN from) tables of pre- computed hash values. The intent of truncation is to permanently remove a segment of PAN data so that only a portion (generally not to exceed the first six and last four digits) of the PAN is stored. An index token is a cryptographic token that replaces the PAN based on a given index for an unpredictable value. A one-time pad is a system in which a randomly generated private key is used only once to encrypt a message that is then decrypted using a matching one-time pad and key. The intent of strong cryptography (as defined in the PCI DSS and PA-DSS Glossary of Terms, Abbreviations, and Acronyms) is that the encryption be based on an industry-tested and accepted algorithm (not a proprietary or `home-grown` algorithm) with strong cryptographic keys. By correlating hashed and truncated versions of a given PAN, a malicious individual may easily derive the original PAN value. Controls that prevent the correlation of this data will help ensure that the original PAN remains unreadable.;Requirement 3: Protect stored cardholder data;3.4 Render PAN unreadable anywhere it is stored (including on portable digital media, backup media, and in logs) by using approaches like one-way hashes based on strong cryptography, truncation etc;;;;FAIL;Server Side Encryption is not configured with kms for S3 Bucket cloudguardian-data-c8f4e2a3.;arn:aws:s3:::cloudguardian-data-c8f4e2a3;s3_bucket_kms_encryption;False;cloudguardian-data-c8f4e2a3;PCI;Payment Card Industry Data Security Standard (PCI DSS) v3.2.1;
aws;The Payment Card Industry Data Security Standard (PCI DSS) is a proprietary information security standard. It's administered by the PCI Security Standards Council, which was founded by American Express, Discover Financial Services, JCB International, MasterCard Worldwide, and Visa Inc. PCI DSS applies to entities that store, process, or transmit cardholder data (CHD) or sensitive authentication data (SAD). This includes, but isn't limited to, merchants, processors, acquirers, issuers, and service providers. The PCI DSS is mandated by the card brands and administered by the Payment Card Industry Security Standards Council.;735291151388;ap-south-1;2026-07-11 14:19:13.485135;3.4.1.a;The intent of this requirement is to address the acceptability of disk-level encryption for rendering cardholder data unreadable. Disk-level encryption encrypts the entire disk/partition on a computer and automatically decrypts the information when an authorized user requests it. Many disk- encryption solutions intercept operating system read/write operations and carry out the appropriate cryptographic transformations without any special action by the user other than supplying a password or pass phrase upon system startup or at the beginning of a session. Based on these characteristics of disk-level encryption, to be compliant with this requirement, the method cannot: 1) Use the same user account authenticator as the operating system, or 2) Use a decryption key that is associated with or derived from the system's local user account database or general network login credentials. Full disk encryption helps to protect data in the event of physical loss of a disk and therefore may be appropriate for portable devices that store cardholder data.;Requirement 3: Protect stored cardholder data;3.4.1 If disk encryption is used (rather than file- or column-level database encryption), logical access must be managed separately and independently of native operating system authentication and access control mechanisms (for example, by not using local user account databases or general network login credentials);;;;FAIL;Server Side Encryption is not configured with kms for S3 Bucket cloudguardian-data-c8f4e2a3.;arn:aws:s3:::cloudguardian-data-c8f4e2a3;s3_bucket_kms_encryption;False;cloudguardian-data-c8f4e2a3;PCI;Payment Card Industry Data Security Standard (PCI DSS) v3.2.1;
aws;The Payment Card Industry Data Security Standard (PCI DSS) is a proprietary information security standard. It's administered by the PCI Security Standards Council, which was founded by American Express, Discover Financial Services, JCB International, MasterCard Worldwide, and Visa Inc. PCI DSS applies to entities that store, process, or transmit cardholder data (CHD) or sensitive authentication data (SAD). This includes, but isn't limited to, merchants, processors, acquirers, issuers, and service providers. The PCI DSS is mandated by the card brands and administered by the Payment Card Industry Security Standards Council.;735291151388;ap-south-1;2026-07-11 14:19:13.485135;3.4.1.c;Note: If disk encryption is not used to encrypt removable media, the data stored on this media will need to be rendered unreadable through some other method. The intent of this requirement is to address the acceptability of disk-level encryption for rendering cardholder data unreadable. Disk-level encryption encrypts the entire disk/partition on a computer and automatically decrypts the information when an authorized user requests it. Many disk- encryption solutions intercept operating system read/write operations and carry out the appropriate cryptographic transformations without any special action by the user other than supplying a password or pass phrase upon system startup or at the beginning of a session. Based on these characteristics of disk-level encryption, to be compliant with this requirement, the method cannot: 1) Use the same user account authenticator as the operating system, or 2) Use a decryption key that is associated with or derived from the system's local user account database or general network login credentials. Full disk encryption helps to protect data in the event of physical loss of a disk and therefore may be appropriate for portable devices that store cardholder data.;Requirement 3: Protect stored cardholder data;3.4.1 If disk encryption is used (rather than file- or column-level database encryption), logical access must be managed separately and independently of native operating system authentication and access control mechanisms (for example, by not using local user account databases or general network login credentials);;;;FAIL;Server Side Encryption is not configured with kms for S3 Bucket cloudguardian-data-c8f4e2a3.;arn:aws:s3:::cloudguardian-data-c8f4e2a3;s3_bucket_kms_encryption;False;cloudguardian-data-c8f4e2a3;PCI;Payment Card Industry Data Security Standard (PCI DSS) v3.2.1;
aws;The Payment Card Industry Data Security Standard (PCI DSS) is a proprietary information security standard. It's administered by the PCI Security Standards Council, which was founded by American Express, Discover Financial Services, JCB International, MasterCard Worldwide, and Visa Inc. PCI DSS applies to entities that store, process, or transmit cardholder data (CHD) or sensitive authentication data (SAD). This includes, but isn't limited to, merchants, processors, acquirers, issuers, and service providers. The PCI DSS is mandated by the card brands and administered by the Payment Card Industry Security Standards Council.;735291151388;ap-south-1;2026-07-11 14:19:13.485135;3.4.a;Verify documentation about the system used to protect the PAN, including the vendor, type of system/process, and the encryption algorithms (if applicable) to verify that the PAN is rendered unreadable using any of the following methods: One-way hashes based on strong cryptography, truncation, index tokens and pads with the pads being securely stored, strong cryptography, with associated key-management processes and procedures. PANs stored in primary storage (databases, or flat files such as text files spreadsheets) as well as non-primary storage (backup, audit logs, exception or troubleshooting logs) must all be protected. One-way hash functions based on strong cryptography can be used to render cardholder data unreadable. Hash functions are appropriate when there is no need to retrieve the original number (one-way hashes are irreversible). It is recommended, but not currently a requirement, that an additional, random input value be added to the cardholder data prior to hashing to reduce the feasibility of an attacker comparing the data against (and deriving the PAN from) tables of pre- computed hash values. The intent of truncation is to permanently remove a segment of PAN data so that only a portion (generally not to exceed the first six and last four digits) of the PAN is stored. An index token is a cryptographic token that replaces the PAN based on a given index for an unpredictable value. A one-time pad is a system in which a randomly generated private key is used only once to encrypt a message that is then decrypted using a matching one-time pad and key. The intent of strong cryptography (as defined in the PCI DSS and PA-DSS Glossary of Terms, Abbreviations, and Acronyms) is that the encryption be based on an industry-tested and accepted algorithm (not a proprietary or `home-grown` algorithm) with strong cryptographic keys. By correlating hashed and truncated versions of a given PAN, a malicious individual may easily derive the original PAN value. Controls that prevent the correlation of this data will help ensure that the original PAN remains unreadable.;Requirement 3: Protect stored cardholder data;3.4 Render PAN unreadable anywhere it is stored (including on portable digital media, backup media, and in logs) by using approaches like one-way hashes based on strong cryptography, truncation etc;;;;FAIL;Server Side Encryption is not configured with kms for S3 Bucket cloudguardian-data-c8f4e2a3.;arn:aws:s3:::cloudguardian-data-c8f4e2a3;s3_bucket_kms_encryption;False;cloudguardian-data-c8f4e2a3;PCI;Payment Card Industry Data Security Standard (PCI DSS) v3.2.1;
aws;The Payment Card Industry Data Security Standard (PCI DSS) is a proprietary information security standard. It's administered by the PCI Security Standards Council, which was founded by American Express, Discover Financial Services, JCB International, MasterCard Worldwide, and Visa Inc. PCI DSS applies to entities that store, process, or transmit cardholder data (CHD) or sensitive authentication data (SAD). This includes, but isn't limited to, merchants, processors, acquirers, issuers, and service providers. The PCI DSS is mandated by the card brands and administered by the Payment Card Industry Security Standards Council.;735291151388;ap-south-1;2026-07-11 14:19:13.485135;3.4.b;PANs stored in primary storage (databases, or flat files such as text files spreadsheets) as well as non-primary storage (backup, audit logs, exception or troubleshooting logs) must all be protected. One-way hash functions based on strong cryptography can be used to render cardholder data unreadable. Hash functions are appropriate when there is no need to retrieve the original number (one-way hashes are irreversible). It is recommended, but not currently a requirement, that an additional, random input value be added to the cardholder data prior to hashing to reduce the feasibility of an attacker comparing the data against (and deriving the PAN from) tables of pre- computed hash values. The intent of truncation is to permanently remove a segment of PAN data so that only a portion (generally not to exceed the first six and last four digits) of the PAN is stored. An index token is a cryptographic token that replaces the PAN based on a given index for an unpredictable value. A one-time pad is a system in which a randomly generated private key is used only once to encrypt a message that is then decrypted using a matching one-time pad and key. The intent of strong cryptography (as defined in the PCI DSS and PA-DSS Glossary of Terms, Abbreviations, and Acronyms) is that the encryption be based on an industry-tested and accepted algorithm (not a proprietary or `home- grown` algorithm) with strong cryptographic keys. By correlating hashed and truncated versions of a given PAN, a malicious individual may easily derive the original PAN value. Controls that prevent the correlation of this data will help ensure that the original PAN remains unreadable.;Requirement 3: Protect stored cardholder data;3.4 Render PAN unreadable anywhere it is stored (including on portable digital media, backup media, and in logs) by using approaches like one-way hashes based on strong cryptography, truncation etc;;;;FAIL;Server Side Encryption is not configured with kms for S3 Bucket cloudguardian-data-c8f4e2a3.;arn:aws:s3:::cloudguardian-data-c8f4e2a3;s3_bucket_kms_encryption;False;cloudguardian-data-c8f4e2a3;PCI;Payment Card Industry Data Security Standard (PCI DSS) v3.2.1;
aws;The Payment Card Industry Data Security Standard (PCI DSS) is a proprietary information security standard. It's administered by the PCI Security Standards Council, which was founded by American Express, Discover Financial Services, JCB International, MasterCard Worldwide, and Visa Inc. PCI DSS applies to entities that store, process, or transmit cardholder data (CHD) or sensitive authentication data (SAD). This includes, but isn't limited to, merchants, processors, acquirers, issuers, and service providers. The PCI DSS is mandated by the card brands and administered by the Payment Card Industry Security Standards Council.;735291151388;ap-south-1;2026-07-11 14:19:13.485135;3.4.d;PANs stored in primary storage (databases, or flat files such as text files spreadsheets) as well as non-primary storage (backup, audit logs, exception or troubleshooting logs) must all be protected. One-way hash functions based on strong cryptography can be used to render cardholder data unreadable. Hash functions are appropriate when there is no need to retrieve the original number (one-way hashes are irreversible). It is recommended, but not currently a requirement, that an additional, random input value be added to the cardholder data prior to hashing to reduce the feasibility of an attacker comparing the data against (and deriving the PAN from) tables of pre- computed hash values. The intent of truncation is to permanently remove a segment of PAN data so that only a portion (generally not to exceed the first six and last four digits) of the PAN is stored. An index token is a cryptographic token that replaces the PAN based on a given index for an unpredictable value. A one-time pad is a system in which a randomly generated private key is used only once to encrypt a message that is then decrypted using a matching one-time pad and key. The intent of strong cryptography (as defined in the PCI DSS and PA-DSS Glossary of Terms, Abbreviations, and Acronyms) is that the encryption be based on an industry-tested and accepted algorithm (not a proprietary or 'home-grown` algorithm) with strong cryptographic keys. By correlating hashed and truncated versions of a given PAN, a malicious individual may easily derive the original PAN value. Controls that prevent the correlation of this data will help ensure that the original PAN remains unreadable.;Requirement 3: Protect stored cardholder data;3.4 Render PAN unreadable anywhere it is stored (including on portable digital media, backup media, and in logs) by using approaches like one-way hashes based on strong cryptography, truncation etc;;;;FAIL;Server Side Encryption is not configured with kms for S3 Bucket cloudguardian-data-c8f4e2a3.;arn:aws:s3:::cloudguardian-data-c8f4e2a3;s3_bucket_kms_encryption;False;cloudguardian-data-c8f4e2a3;PCI;Payment Card Industry Data Security Standard (PCI DSS) v3.2.1;
aws;The Payment Card Industry Data Security Standard (PCI DSS) is a proprietary information security standard. It's administered by the PCI Security Standards Council, which was founded by American Express, Discover Financial Services, JCB International, MasterCard Worldwide, and Visa Inc. PCI DSS applies to entities that store, process, or transmit cardholder data (CHD) or sensitive authentication data (SAD). This includes, but isn't limited to, merchants, processors, acquirers, issuers, and service providers. The PCI DSS is mandated by the card brands and administered by the Payment Card Industry Security Standards Council.;735291151388;ap-south-1;2026-07-11 14:19:13.485135;8.2;Verify users are authenticated using unique ID, perform the following: examine documentation describing the authentication method(s) used, for each type of authentication method used and for each type of system component, observe an authentication to verify authentication is functioning consistent with documented authentication method(s). These authentication methods, when used in addition to unique IDs, help protect users' IDs from being compromised, since the one attempting the compromise needs to know both the unique ID and the password (or other authentication used). Note that a digital certificate is a valid option for “something you have” as long as it is unique for a particular user. Since one of the first steps a malicious individual will take to compromise a system is to exploit weak or nonexistent passwords, it is important to implement good processes for authentication management.;Requirement 8: Identify and authenticate access to system components;Requirement 8: Identify and authenticate access to system components;;;;FAIL;Server Side Encryption is not configured with kms for S3 Bucket cloudguardian-data-c8f4e2a3.;arn:aws:s3:::cloudguardian-data-c8f4e2a3;s3_bucket_kms_encryption;False;cloudguardian-data-c8f4e2a3;PCI;Payment Card Industry Data Security Standard (PCI DSS) v3.2.1;
aws;The Payment Card Industry Data Security Standard (PCI DSS) is a proprietary information security standard. It's administered by the PCI Security Standards Council, which was founded by American Express, Discover Financial Services, JCB International, MasterCard Worldwide, and Visa Inc. PCI DSS applies to entities that store, process, or transmit cardholder data (CHD) or sensitive authentication data (SAD). This includes, but isn't limited to, merchants, processors, acquirers, issuers, and service providers. The PCI DSS is mandated by the card brands and administered by the Payment Card Industry Security Standards Council.;735291151388;ap-south-1;2026-07-11 14:19:13.485135;8.2.1;Many network devices and applications transmit unencrypted, readable passwords across the network and/or store passwords without encryption. A malicious individual can easily intercept unencrypted passwords during transmission using a “sniffer,” or directly access unencrypted passwords in files where they are stored, and use this data to gain unauthorized access. Note: Testing Procedures 8.2.1.d and 8.2.1.e are additional procedures that only apply if the entity being assessed is a service provider.;Requirement 8: Identify and authenticate access to system components;8.2 To verify that users are authenticated using unique ID and additional authentication (for example, a password/phrase) for access to the cardholder data environment perform the methods like examine documentation describing the authentication method(s) used etc;;;;FAIL;Server Side Encryption is not configured with kms for S3 Bucket cloudguardian-data-c8f4e2a3.;arn:aws:s3:::cloudguardian-data-c8f4e2a3;s3_bucket_kms_encryption;False;cloudguardian-data-c8f4e2a3;PCI;Payment Card Industry Data Security Standard (PCI DSS) v3.2.1;
aws;The Payment Card Industry Data Security Standard (PCI DSS) is a proprietary information security standard. It's administered by the PCI Security Standards Council, which was founded by American Express, Discover Financial Services, JCB International, MasterCard Worldwide, and Visa Inc. PCI DSS applies to entities that store, process, or transmit cardholder data (CHD) or sensitive authentication data (SAD). This includes, but isn't limited to, merchants, processors, acquirers, issuers, and service providers. The PCI DSS is mandated by the card brands and administered by the Payment Card Industry Security Standards Council.;735291151388;ap-south-1;2026-07-11 14:19:13.485135;8.2.1.a;Many network devices and applications transmit unencrypted, readable passwords across the network and/or store passwords without encryption. A malicious individual can easily intercept unencrypted passwords during transmission using a “sniffer,” or directly access unencrypted passwords in files where they are stored, and use this data to gain unauthorized access. Note: Testing Procedures 8.2.1.d and 8.2.1.e are additional procedures that only apply if the entity being assessed is a service provider.;Requirement 8: Identify and authenticate access to system components;8.2.1 Using strong cryptography, render all authentication credentials (such as passwords/phrases) unreadable during transmission and storage on all system components;;;;FAIL;Server Side Encryption is not configured with kms for S3 Bucket cloudguardian-data-c8f4e2a3.;arn:aws:s3:::cloudguardian-data-c8f4e2a3;s3_bucket_kms_encryption;False;cloudguardian-data-c8f4e2a3;PCI;Payment Card Industry Data Security Standard (PCI DSS) v3.2.1;
aws;The Payment Card Industry Data Security Standard (PCI DSS) is a proprietary information security standard. It's administered by the PCI Security Standards Council, which was founded by American Express, Discover Financial Services, JCB International, MasterCard Worldwide, and Visa Inc. PCI DSS applies to entities that store, process, or transmit cardholder data (CHD) or sensitive authentication data (SAD). This includes, but isn't limited to, merchants, processors, acquirers, issuers, and service providers. The PCI DSS is mandated by the card brands and administered by the Payment Card Industry Security Standards Council.;735291151388;ap-south-1;2026-07-11 14:19:13.485135;3.1;Procedures and processes should include at least the following for all cardholder data (CHD) storage: limiting data storage amount and retention time to that which is required for legal, regulatory, and/or business requirements, specific retention requirements for cardholder data, processes for secure deletion of data when no longer needed, a quarterly process for identifying and securely deleting stored cardholder data that exceeds defined retention. Identifying and deleting stored data that has exceeded its specified retention period prevents unnecessary retention of data that is no longer needed. This process may be automated or manual or a combination of both. For example, a programmatic procedure (automatic or manual) to locate and remove data and/or a manual review of data storage areas could be performed. Implementing secure deletion methods ensure that the data cannot be retrieved when it is no longer needed. Remember, if you don't need it, don't store it!;Requirement 3: Protect stored cardholder data;Requirement 3: Protect stored cardholder data;;;;FAIL;S3 Bucket cloudguardian-data-c8f4e2a3 does not have a lifecycle configuration enabled.;arn:aws:s3:::cloudguardian-data-c8f4e2a3;s3_bucket_lifecycle_enabled;False;cloudguardian-data-c8f4e2a3;PCI;Payment Card Industry Data Security Standard (PCI DSS) v3.2.1;
aws;The Payment Card Industry Data Security Standard (PCI DSS) is a proprietary information security standard. It's administered by the PCI Security Standards Council, which was founded by American Express, Discover Financial Services, JCB International, MasterCard Worldwide, and Visa Inc. PCI DSS applies to entities that store, process, or transmit cardholder data (CHD) or sensitive authentication data (SAD). This includes, but isn't limited to, merchants, processors, acquirers, issuers, and service providers. The PCI DSS is mandated by the card brands and administered by the Payment Card Industry Security Standards Council.;735291151388;ap-south-1;2026-07-11 14:19:13.485135;3.1.a;procedures and processes should they include the following for all cardholder data (CHD) storage: limiting data storage amount and retention time to that which is required for legal, regulatory, and/or business requirements, specific requirements for retention of cardholder data (for example, cardholder data needs to be held for X period for Y business reasons), processes for secure deletion of cardholder data when no longer needed for legal, regulatory, or business reasons and a quarterly process for identifying and securely deleting stored cardholder data that exceeds defined retention requirements. Identifying and deleting stored data that has exceeded its specified retention period prevents unnecessary retention of data that is no longer needed. This process may be automated or manual or a combination of both. For example, a programmatic procedure (automatic or manual) to locate and remove data and/or a manual review of data storage areas could be performed. Implementing secure deletion methods ensure that the data cannot be retrieved when it is no longer needed. Remember, if you don't need it, don't store it!;Requirement 3: Protect stored cardholder data;3.1 Keep cardholder data storage to a minimum by implementing data retention and disposal policies, procedures and processes;;;;FAIL;S3 Bucket cloudguardian-data-c8f4e2a3 does not have a lifecycle configuration enabled.;arn:aws:s3:::cloudguardian-data-c8f4e2a3;s3_bucket_lifecycle_enabled;False;cloudguardian-data-c8f4e2a3;PCI;Payment Card Industry Data Security Standard (PCI DSS) v3.2.1;
aws;The Payment Card Industry Data Security Standard (PCI DSS) is a proprietary information security standard. It's administered by the PCI Security Standards Council, which was founded by American Express, Discover Financial Services, JCB International, MasterCard Worldwide, and Visa Inc. PCI DSS applies to entities that store, process, or transmit cardholder data (CHD) or sensitive authentication data (SAD). This includes, but isn't limited to, merchants, processors, acquirers, issuers, and service providers. The PCI DSS is mandated by the card brands and administered by the Payment Card Industry Security Standards Council.;735291151388;ap-south-1;2026-07-11 14:19:13.485135;3.2;If sensitive authentication data is received, render all data unrecoverable upon completion of the authorization process. It is permissible for issuers and companies that support issuing services to store sensitive authentication data if there is a business justification and the data is stored securely. Sensitive authentication data includes the data as cited in the following Requirements 3.2.1 through 3.2.3. Sensitive authentication data consists of full track data, card validation code or value, and PIN data. Storage of sensitive authentication data after authorization is prohibited! This data is very valuable to malicious individuals as it allows them to generate counterfeit payment cards and create fraudulent transactions. Entities that issue payment cards or that perform or support issuing services will often create and control sensitive authentication data as part of the issuing function. It is allowable for companies that perform, facilitate, or support issuing services to store sensitive authentication data ONLY IF they have a legitimate business need to store such data. It should be noted that all PCI DSS requirements apply to issuers, and the only exception for issuers and issuer processors is that sensitive authentication data may be retained if there is a legitimate reason to do so. A legitimate reason is one that is necessary for the performance of the function being provided for the issuer and not one of convenience. Any such data must be stored securely and in accordance with all PCI DSS and specific payment brand requirements.;Requirement 3: Protect stored cardholder data;Requirement 3: Protect stored cardholder data;;;;FAIL;S3 Bucket cloudguardian-data-c8f4e2a3 does not have a lifecycle configuration enabled.;arn:aws:s3:::cloudguardian-data-c8f4e2a3;s3_bucket_lifecycle_enabled;False;cloudguardian-data-c8f4e2a3;PCI;Payment Card Industry Data Security Standard (PCI DSS) v3.2.1;
aws;The Payment Card Industry Data Security Standard (PCI DSS) is a proprietary information security standard. It's administered by the PCI Security Standards Council, which was founded by American Express, Discover Financial Services, JCB International, MasterCard Worldwide, and Visa Inc. PCI DSS applies to entities that store, process, or transmit cardholder data (CHD) or sensitive authentication data (SAD). This includes, but isn't limited to, merchants, processors, acquirers, issuers, and service providers. The PCI DSS is mandated by the card brands and administered by the Payment Card Industry Security Standards Council.;735291151388;ap-south-1;2026-07-11 14:19:13.485135;3.2.c;Sensitive authentication data consists of full track data, card validation code or value, and PIN data. Storage of sensitive authentication data after authorization is prohibited! This data is very valuable to malicious individuals as it allows them to generate counterfeit payment cards and create fraudulent transactions. Entities that issue payment cards or that perform or support issuing services will often create and control sensitive authentication data as part of the issuing function. It is allowable for companies that perform, facilitate, or support issuing services to store sensitive authentication data ONLY IF they have a legitimate business need to store such data. It should be noted that all PCI DSS requirements apply to issuers, and the only exception for issuers and issuer processors is that sensitive authentication data may be retained if there is a legitimate reason to do so. A legitimate reason is one that is necessary for the performance of the function being provided for the issuer and not one of convenience. Any such data must be stored securely and in accordance with all PCI DSS and specific payment brand requirements.;Requirement 3: Protect stored cardholder data;3.2 Do not store sensitive authentication data after authorization (even if encrypted);;;;FAIL;S3 Bucket cloudguardian-data-c8f4e2a3 does not have a lifecycle configuration enabled.;arn:aws:s3:::cloudguardian-data-c8f4e2a3;s3_bucket_lifecycle_enabled;False;cloudguardian-data-c8f4e2a3;PCI;Payment Card Industry Data Security Standard (PCI DSS) v3.2.1;
aws;The Payment Card Industry Data Security Standard (PCI DSS) is a proprietary information security standard. It's administered by the PCI Security Standards Council, which was founded by American Express, Discover Financial Services, JCB International, MasterCard Worldwide, and Visa Inc. PCI DSS applies to entities that store, process, or transmit cardholder data (CHD) or sensitive authentication data (SAD). This includes, but isn't limited to, merchants, processors, acquirers, issuers, and service providers. The PCI DSS is mandated by the card brands and administered by the Payment Card Industry Security Standards Council.;735291151388;ap-south-1;2026-07-11 14:19:13.485135;10.7;Retaining logs for at least a year allows for the fact that it often takes a while to notice that a compromise has occurred or is occurring, and allows investigators sufficient log history to better determine the length of time of a potential breach and potential system(s) impacted. By having three months of logs immediately available, an entity can quickly identify and minimize impact of a data breach. Storing logs in off-line locations could prevent them from being readily available, resulting in longer time frames to restore log data, perform analysis, and identify impacted systems or data.;Requirement 10: Track and monitor all access to network resources and cardholder data;Requirement 10: Track and monitor all access to network resources and cardholder data;;;;FAIL;S3 Bucket cloudguardian-data-c8f4e2a3 does not have a lifecycle configuration enabled.;arn:aws:s3:::cloudguardian-data-c8f4e2a3;s3_bucket_lifecycle_enabled;False;cloudguardian-data-c8f4e2a3;PCI;Payment Card Industry Data Security Standard (PCI DSS) v3.2.1;
aws;The Payment Card Industry Data Security Standard (PCI DSS) is a proprietary information security standard. It's administered by the PCI Security Standards Council, which was founded by American Express, Discover Financial Services, JCB International, MasterCard Worldwide, and Visa Inc. PCI DSS applies to entities that store, process, or transmit cardholder data (CHD) or sensitive authentication data (SAD). This includes, but isn't limited to, merchants, processors, acquirers, issuers, and service providers. The PCI DSS is mandated by the card brands and administered by the Payment Card Industry Security Standards Council.;735291151388;ap-south-1;2026-07-11 14:19:13.485135;10.7.a;Retaining logs for at least a year allows for the fact that it often takes a while to notice that a compromise has occurred or is occurring, and allows investigators sufficient log history to better determine the length of time of a potential breach and potential system(s) impacted. By having three months of logs immediately available, an entity can quickly identify and minimize impact of a data breach. Storing logs in off-line locations could prevent them from being readily available, resulting in longer time frames to restore log data, perform analysis, and identify impacted systems or data.;Requirement 10: Track and monitor all access to network resources and cardholder data;10.7 Retain audit trail history for at least one year, with a minimum of three months immediately available for analysis (for example, online, archived, or restorable from backup);;;;FAIL;S3 Bucket cloudguardian-data-c8f4e2a3 does not have a lifecycle configuration enabled.;arn:aws:s3:::cloudguardian-data-c8f4e2a3;s3_bucket_lifecycle_enabled;False;cloudguardian-data-c8f4e2a3;PCI;Payment Card Industry Data Security Standard (PCI DSS) v3.2.1;
aws;The Payment Card Industry Data Security Standard (PCI DSS) is a proprietary information security standard. It's administered by the PCI Security Standards Council, which was founded by American Express, Discover Financial Services, JCB International, MasterCard Worldwide, and Visa Inc. PCI DSS applies to entities that store, process, or transmit cardholder data (CHD) or sensitive authentication data (SAD). This includes, but isn't limited to, merchants, processors, acquirers, issuers, and service providers. The PCI DSS is mandated by the card brands and administered by the Payment Card Industry Security Standards Council.;735291151388;ap-south-1;2026-07-11 14:19:13.485135;3.1;Procedures and processes should include at least the following for all cardholder data (CHD) storage: limiting data storage amount and retention time to that which is required for legal, regulatory, and/or business requirements, specific retention requirements for cardholder data, processes for secure deletion of data when no longer needed, a quarterly process for identifying and securely deleting stored cardholder data that exceeds defined retention. Identifying and deleting stored data that has exceeded its specified retention period prevents unnecessary retention of data that is no longer needed. This process may be automated or manual or a combination of both. For example, a programmatic procedure (automatic or manual) to locate and remove data and/or a manual review of data storage areas could be performed. Implementing secure deletion methods ensure that the data cannot be retrieved when it is no longer needed. Remember, if you don't need it, don't store it!;Requirement 3: Protect stored cardholder data;Requirement 3: Protect stored cardholder data;;;;FAIL;S3 Bucket cloudguardian-data-c8f4e2a3 has versioning disabled.;arn:aws:s3:::cloudguardian-data-c8f4e2a3;s3_bucket_object_versioning;False;cloudguardian-data-c8f4e2a3;PCI;Payment Card Industry Data Security Standard (PCI DSS) v3.2.1;
aws;The Payment Card Industry Data Security Standard (PCI DSS) is a proprietary information security standard. It's administered by the PCI Security Standards Council, which was founded by American Express, Discover Financial Services, JCB International, MasterCard Worldwide, and Visa Inc. PCI DSS applies to entities that store, process, or transmit cardholder data (CHD) or sensitive authentication data (SAD). This includes, but isn't limited to, merchants, processors, acquirers, issuers, and service providers. The PCI DSS is mandated by the card brands and administered by the Payment Card Industry Security Standards Council.;735291151388;ap-south-1;2026-07-11 14:19:13.485135;3.1.c;Identifying and deleting stored data that has exceeded its specified retention period prevents unnecessary retention of data that is no longer needed. This process may be automated or manual or a combination of both. For example, a programmatic procedure (automatic or manual) to locate and remove data and/or a manual review of data storage areas could be performed. Implementing secure deletion methods ensure that the data cannot be retrieved when it is no longer needed. Remember, if you don't need it, don't store it!;Requirement 3: Protect stored cardholder data;3.1 Keep cardholder data storage to a minimum by implementing data retention and disposal policies, procedures and processes;;;;FAIL;S3 Bucket cloudguardian-data-c8f4e2a3 has versioning disabled.;arn:aws:s3:::cloudguardian-data-c8f4e2a3;s3_bucket_object_versioning;False;cloudguardian-data-c8f4e2a3;PCI;Payment Card Industry Data Security Standard (PCI DSS) v3.2.1;
aws;The Payment Card Industry Data Security Standard (PCI DSS) is a proprietary information security standard. It's administered by the PCI Security Standards Council, which was founded by American Express, Discover Financial Services, JCB International, MasterCard Worldwide, and Visa Inc. PCI DSS applies to entities that store, process, or transmit cardholder data (CHD) or sensitive authentication data (SAD). This includes, but isn't limited to, merchants, processors, acquirers, issuers, and service providers. The PCI DSS is mandated by the card brands and administered by the Payment Card Industry Security Standards Council.;735291151388;ap-south-1;2026-07-11 14:19:13.485135;10.5;Often a malicious individual who has entered the network will attempt to edit the audit logs in order to hide their activity. Without adequate protection of audit logs, their completeness, accuracy, and integrity cannot be guaranteed, and the audit logs can be rendered useless as an investigation tool after a compromise. This control checks secure audit trails so they cannot be altered.;Requirement 10: Track and monitor all access to network resources and cardholder data;Requirement 10: Track and monitor all access to network resources and cardholder data;;;;FAIL;S3 Bucket cloudguardian-data-c8f4e2a3 has versioning disabled.;arn:aws:s3:::cloudguardian-data-c8f4e2a3;s3_bucket_object_versioning;False;cloudguardian-data-c8f4e2a3;PCI;Payment Card Industry Data Security Standard (PCI DSS) v3.2.1;
aws;The Payment Card Industry Data Security Standard (PCI DSS) is a proprietary information security standard. It's administered by the PCI Security Standards Council, which was founded by American Express, Discover Financial Services, JCB International, MasterCard Worldwide, and Visa Inc. PCI DSS applies to entities that store, process, or transmit cardholder data (CHD) or sensitive authentication data (SAD). This includes, but isn't limited to, merchants, processors, acquirers, issuers, and service providers. The PCI DSS is mandated by the card brands and administered by the Payment Card Industry Security Standards Council.;735291151388;ap-south-1;2026-07-11 14:19:13.485135;10.5.2;Adequate protection of the audit logs includes strong access control (limit access to logs based on “need to know” only), and use of physical or network segregation to make the logs harder to find and modify. Promptly backing up the logs to a centralized log server or media that is difficult to alter keeps the logs protected even if the system generating the logs becomes compromised. Protect audit trail files from unauthorized modifications.;Requirement 10: Track and monitor all access to network resources and cardholder data;10.5 Interview system administrators and examine system configurations and permissions to verify that audit trails are secured so that they cannot be altered;;;;FAIL;S3 Bucket cloudguardian-data-c8f4e2a3 has versioning disabled.;arn:aws:s3:::cloudguardian-data-c8f4e2a3;s3_bucket_object_versioning;False;cloudguardian-data-c8f4e2a3;PCI;Payment Card Industry Data Security Standard (PCI DSS) v3.2.1;
aws;The Payment Card Industry Data Security Standard (PCI DSS) is a proprietary information security standard. It's administered by the PCI Security Standards Council, which was founded by American Express, Discover Financial Services, JCB International, MasterCard Worldwide, and Visa Inc. PCI DSS applies to entities that store, process, or transmit cardholder data (CHD) or sensitive authentication data (SAD). This includes, but isn't limited to, merchants, processors, acquirers, issuers, and service providers. The PCI DSS is mandated by the card brands and administered by the Payment Card Industry Security Standards Council.;735291151388;ap-south-1;2026-07-11 14:19:13.485135;10.5.3;Adequate protection of the audit logs includes strong access control (limit access to logs based on “need to know” only), and use of physical or network segregation to make the logs harder to find and modify. Promptly backing up the logs to a centralized log server or media that is difficult to alter keeps the logs protected even if the system generating the logs becomes compromised. Promptly back up audit trail files to a centralized log server or media that is difficult to alter.;Requirement 10: Track and monitor all access to network resources and cardholder data;10.5 Interview system administrators and examine system configurations and permissions to verify that audit trails are secured so that they cannot be altered;;;;FAIL;S3 Bucket cloudguardian-data-c8f4e2a3 has versioning disabled.;arn:aws:s3:::cloudguardian-data-c8f4e2a3;s3_bucket_object_versioning;False;cloudguardian-data-c8f4e2a3;PCI;Payment Card Industry Data Security Standard (PCI DSS) v3.2.1;
aws;The Payment Card Industry Data Security Standard (PCI DSS) is a proprietary information security standard. It's administered by the PCI Security Standards Council, which was founded by American Express, Discover Financial Services, JCB International, MasterCard Worldwide, and Visa Inc. PCI DSS applies to entities that store, process, or transmit cardholder data (CHD) or sensitive authentication data (SAD). This includes, but isn't limited to, merchants, processors, acquirers, issuers, and service providers. The PCI DSS is mandated by the card brands and administered by the Payment Card Industry Security Standards Council.;735291151388;ap-south-1;2026-07-11 14:19:13.485135;10.5.5;File-integrity monitoring or change-detection systems check for changes to critical files, and notify when such changes are noted. For file- integrity monitoring purposes, an entity usually monitors files that don't regularly change, but when changed indicate a possible compromise.;Requirement 10: Track and monitor all access to network resources and cardholder data;10.5 Interview system administrators and examine system configurations and permissions to verify that audit trails are secured so that they cannot be altered;;;;FAIL;S3 Bucket cloudguardian-data-c8f4e2a3 has versioning disabled.;arn:aws:s3:::cloudguardian-data-c8f4e2a3;s3_bucket_object_versioning;False;cloudguardian-data-c8f4e2a3;PCI;Payment Card Industry Data Security Standard (PCI DSS) v3.2.1;
aws;The Payment Card Industry Data Security Standard (PCI DSS) is a proprietary information security standard. It's administered by the PCI Security Standards Council, which was founded by American Express, Discover Financial Services, JCB International, MasterCard Worldwide, and Visa Inc. PCI DSS applies to entities that store, process, or transmit cardholder data (CHD) or sensitive authentication data (SAD). This includes, but isn't limited to, merchants, processors, acquirers, issuers, and service providers. The PCI DSS is mandated by the card brands and administered by the Payment Card Industry Security Standards Council.;735291151388;ap-south-1;2026-07-11 14:19:13.485135;1.2;It is essential to install network protection between the internal, trusted network and any untrusted network that is external and/or out of the entity's ability to control or manage. Failure to implement this measure correctly results in the entity being vulnerable to unauthorized access by malicious individuals or software. For firewall functionality to be effective, it must be properly configured to control and/or limit traffic into and out of the entity's network.;Requirement 1: Install and maintain a firewall configuration to protect cardholder data;Requirement 1: Install and maintain a firewall configuration to protect cardholder data;;;;PASS;S3 Bucket cloudguardian-data-c8f4e2a3 does not allow public write access in the bucket policy.;arn:aws:s3:::cloudguardian-data-c8f4e2a3;s3_bucket_policy_public_write_access;False;cloudguardian-data-c8f4e2a3;PCI;Payment Card Industry Data Security Standard (PCI DSS) v3.2.1;
aws;The Payment Card Industry Data Security Standard (PCI DSS) is a proprietary information security standard. It's administered by the PCI Security Standards Council, which was founded by American Express, Discover Financial Services, JCB International, MasterCard Worldwide, and Visa Inc. PCI DSS applies to entities that store, process, or transmit cardholder data (CHD) or sensitive authentication data (SAD). This includes, but isn't limited to, merchants, processors, acquirers, issuers, and service providers. The PCI DSS is mandated by the card brands and administered by the Payment Card Industry Security Standards Council.;735291151388;ap-south-1;2026-07-11 14:19:13.485135;1.2.1;Examination of all inbound and outbound connections allows for inspection and restriction of traffic based on the source and/or destination address, thus preventing unfiltered access between untrusted and trusted environments. This prevents malicious individuals from accessing the entity's network via unauthorized IP addresses or from using services, protocols, or ports in an unauthorized manner (for example, to send data they've obtained from within the entity's network out to an untrusted server). Implementing a rule that denies all inbound and outbound traffic that is not specifically needed helps to prevent inadvertent holes that would allow unintended and potentially harmful traffic in or out.;Requirement 1: Install and maintain a firewall configuration to protect cardholder data;1.2 Examine firewall and router configurations and perform the following to verify that connections are restricted between untrusted networks and system components in the cardholder data environment;;;;PASS;S3 Bucket cloudguardian-data-c8f4e2a3 does not allow public write access in the bucket policy.;arn:aws:s3:::cloudguardian-data-c8f4e2a3;s3_bucket_policy_public_write_access;False;cloudguardian-data-c8f4e2a3;PCI;Payment Card Industry Data Security Standard (PCI DSS) v3.2.1;
aws;The Payment Card Industry Data Security Standard (PCI DSS) is a proprietary information security standard. It's administered by the PCI Security Standards Council, which was founded by American Express, Discover Financial Services, JCB International, MasterCard Worldwide, and Visa Inc. PCI DSS applies to entities that store, process, or transmit cardholder data (CHD) or sensitive authentication data (SAD). This includes, but isn't limited to, merchants, processors, acquirers, issuers, and service providers. The PCI DSS is mandated by the card brands and administered by the Payment Card Industry Security Standards Council.;735291151388;ap-south-1;2026-07-11 14:19:13.485135;1.2.1.a;Examination of all inbound and outbound connections allows for inspection and restriction of traffic based on the source and/or destination address, thus preventing unfiltered access between untrusted and trusted environments. This prevents malicious individuals from accessing the entity's network via unauthorized IP addresses or from using services, protocols, or ports in an unauthorized manner (for example, to send data they've obtained from within the entity's network out to an untrusted server). Implementing a rule that denies all inbound and outbound traffic that is not specifically needed helps to prevent inadvertent holes that would allow unintended and potentially harmful traffic in or out.;Requirement 1: Install and maintain a firewall configuration to protect cardholder data;1.2.1 Restrict inbound and outbound traffic to that which is necessary for the cardholder data environment, and specifically deny all other traffic;;;;PASS;S3 Bucket cloudguardian-data-c8f4e2a3 does not allow public write access in the bucket policy.;arn:aws:s3:::cloudguardian-data-c8f4e2a3;s3_bucket_policy_public_write_access;False;cloudguardian-data-c8f4e2a3;PCI;Payment Card Industry Data Security Standard (PCI DSS) v3.2.1;
aws;The Payment Card Industry Data Security Standard (PCI DSS) is a proprietary information security standard. It's administered by the PCI Security Standards Council, which was founded by American Express, Discover Financial Services, JCB International, MasterCard Worldwide, and Visa Inc. PCI DSS applies to entities that store, process, or transmit cardholder data (CHD) or sensitive authentication data (SAD). This includes, but isn't limited to, merchants, processors, acquirers, issuers, and service providers. The PCI DSS is mandated by the card brands and administered by the Payment Card Industry Security Standards Council.;735291151388;ap-south-1;2026-07-11 14:19:13.485135;1.2.1.b;Examination of all inbound and outbound connections allows for inspection and restriction of traffic based on the source and/or destination address, thus preventing unfiltered access between untrusted and trusted environments. This prevents malicious individuals from accessing the entity's network via unauthorized IP addresses or from using services, protocols, or ports in an unauthorized manner (for example, to send data they've obtained from within the entity's network out to an untrusted server). Implementing a rule that denies all inbound and outbound traffic that is not specifically needed helps to prevent inadvertent holes that would allow unintended and potentially harmful traffic in or out.;Requirement 1: Install and maintain a firewall configuration to protect cardholder data;1.2.1 Restrict inbound and outbound traffic to that which is necessary for the cardholder data environment, and specifically deny all other traffic;;;;PASS;S3 Bucket cloudguardian-data-c8f4e2a3 does not allow public write access in the bucket policy.;arn:aws:s3:::cloudguardian-data-c8f4e2a3;s3_bucket_policy_public_write_access;False;cloudguardian-data-c8f4e2a3;PCI;Payment Card Industry Data Security Standard (PCI DSS) v3.2.1;
aws;The Payment Card Industry Data Security Standard (PCI DSS) is a proprietary information security standard. It's administered by the PCI Security Standards Council, which was founded by American Express, Discover Financial Services, JCB International, MasterCard Worldwide, and Visa Inc. PCI DSS applies to entities that store, process, or transmit cardholder data (CHD) or sensitive authentication data (SAD). This includes, but isn't limited to, merchants, processors, acquirers, issuers, and service providers. The PCI DSS is mandated by the card brands and administered by the Payment Card Industry Security Standards Council.;735291151388;ap-south-1;2026-07-11 14:19:13.485135;1.2.1.c;Examination of all inbound and outbound connections allows for inspection and restriction of traffic based on the source and/or destination address, thus preventing unfiltered access between untrusted and trusted environments. This prevents malicious individuals from accessing the entity's network via unauthorized IP addresses or from using services, protocols, or ports in an unauthorized manner (for example, to send data they've obtained from within the entity's network out to an untrusted server). Implementing a rule that denies all inbound and outbound traffic that is not specifically needed helps to prevent inadvertent holes that would allow unintended and potentially harmful traffic in or out.;Requirement 1: Install and maintain a firewall configuration to protect cardholder data;1.2.1 Restrict inbound and outbound traffic to that which is necessary for the cardholder data environment, and specifically deny all other traffic;;;;PASS;S3 Bucket cloudguardian-data-c8f4e2a3 does not allow public write access in the bucket policy.;arn:aws:s3:::cloudguardian-data-c8f4e2a3;s3_bucket_policy_public_write_access;False;cloudguardian-data-c8f4e2a3;PCI;Payment Card Industry Data Security Standard (PCI DSS) v3.2.1;
aws;The Payment Card Industry Data Security Standard (PCI DSS) is a proprietary information security standard. It's administered by the PCI Security Standards Council, which was founded by American Express, Discover Financial Services, JCB International, MasterCard Worldwide, and Visa Inc. PCI DSS applies to entities that store, process, or transmit cardholder data (CHD) or sensitive authentication data (SAD). This includes, but isn't limited to, merchants, processors, acquirers, issuers, and service providers. The PCI DSS is mandated by the card brands and administered by the Payment Card Industry Security Standards Council.;735291151388;ap-south-1;2026-07-11 14:19:13.485135;1.3;While there may be legitimate reasons for untrusted connections to be permitted to DMZ systems (e.g., to allow public access to a web server), such connections should never be granted to systems in the internal network. A firewall's intent is to manage and control all connections between public systems and internal systems, especially those that store, process or transmit cardholder data. If direct access is allowed between public systems and the CDE, the protections offered by the firewall are bypassed, and system components storing cardholder data may be exposed to compromise.;Requirement 1: Install and maintain a firewall configuration to protect cardholder data;Requirement 1: Install and maintain a firewall configuration to protect cardholder data;;;;PASS;S3 Bucket cloudguardian-data-c8f4e2a3 does not allow public write access in the bucket policy.;arn:aws:s3:::cloudguardian-data-c8f4e2a3;s3_bucket_policy_public_write_access;False;cloudguardian-data-c8f4e2a3;PCI;Payment Card Industry Data Security Standard (PCI DSS) v3.2.1;
aws;The Payment Card Industry Data Security Standard (PCI DSS) is a proprietary information security standard. It's administered by the PCI Security Standards Council, which was founded by American Express, Discover Financial Services, JCB International, MasterCard Worldwide, and Visa Inc. PCI DSS applies to entities that store, process, or transmit cardholder data (CHD) or sensitive authentication data (SAD). This includes, but isn't limited to, merchants, processors, acquirers, issuers, and service providers. The PCI DSS is mandated by the card brands and administered by the Payment Card Industry Security Standards Council.;735291151388;ap-south-1;2026-07-11 14:19:13.485135;1.3.1;The DMZ is that part of the network that manages connections between the Internet (or other untrusted networks), and services that an organization needs to have available to the public (like a web server). This functionality is intended to prevent malicious individuals from accessing the organization's internal network from the Internet, or from using services, protocols, or ports in an unauthorized manner. The set of controls will examine firewall and router configurations to verify that a DMZ is implemented to limit inbound traffic to only system components that provide authorized publicly accessible services, protocols, and ports.;Requirement 1: Install and maintain a firewall configuration to protect cardholder data;1.3 Examine firewall and router configurations-including but not limited to the choke router at the Internet, the DMZ router and firewall, the DMZ cardholder segment, the perimeter router, and the internal cardholder network segment-and perform the following to determine that there is no direct access between the Internet and system components in the internal cardholder network segment;;;;PASS;S3 Bucket cloudguardian-data-c8f4e2a3 does not allow public write access in the bucket policy.;arn:aws:s3:::cloudguardian-data-c8f4e2a3;s3_bucket_policy_public_write_access;False;cloudguardian-data-c8f4e2a3;PCI;Payment Card Industry Data Security Standard (PCI DSS) v3.2.1;
aws;The Payment Card Industry Data Security Standard (PCI DSS) is a proprietary information security standard. It's administered by the PCI Security Standards Council, which was founded by American Express, Discover Financial Services, JCB International, MasterCard Worldwide, and Visa Inc. PCI DSS applies to entities that store, process, or transmit cardholder data (CHD) or sensitive authentication data (SAD). This includes, but isn't limited to, merchants, processors, acquirers, issuers, and service providers. The PCI DSS is mandated by the card brands and administered by the Payment Card Industry Security Standards Council.;735291151388;ap-south-1;2026-07-11 14:19:13.485135;1.3.2;The DMZ is that part of the network that manages connections between the Internet (or other untrusted networks), and services that an organization needs to have available to the public (like a web server). This functionality is intended to prevent malicious individuals from accessing the organization's internal network from the Internet, or from using services, protocols, or ports in an unauthorized manner. The set of controls will limit inbound Internet traffic to IP addresses within the DMZ.;Requirement 1: Install and maintain a firewall configuration to protect cardholder data;1.3 Examine firewall and router configurations-including but not limited to the choke router at the Internet, the DMZ router and firewall, the DMZ cardholder segment, the perimeter router, and the internal cardholder network segment-and perform the following to determine that there is no direct access between the Internet and system components in the internal cardholder network segment;;;;PASS;S3 Bucket cloudguardian-data-c8f4e2a3 does not allow public write access in the bucket policy.;arn:aws:s3:::cloudguardian-data-c8f4e2a3;s3_bucket_policy_public_write_access;False;cloudguardian-data-c8f4e2a3;PCI;Payment Card Industry Data Security Standard (PCI DSS) v3.2.1;
aws;The Payment Card Industry Data Security Standard (PCI DSS) is a proprietary information security standard. It's administered by the PCI Security Standards Council, which was founded by American Express, Discover Financial Services, JCB International, MasterCard Worldwide, and Visa Inc. PCI DSS applies to entities that store, process, or transmit cardholder data (CHD) or sensitive authentication data (SAD). This includes, but isn't limited to, merchants, processors, acquirers, issuers, and service providers. The PCI DSS is mandated by the card brands and administered by the Payment Card Industry Security Standards Council.;735291151388;ap-south-1;2026-07-11 14:19:13.485135;1.3.4;All traffic outbound from the cardholder data environment should be evaluated to ensure that it follows established, authorized rules. Connections should be inspected to restrict traffic to only authorized communications (for example by restricting source/destination addresses/ports, and/or blocking of content). The set of controls will examine firewall and router configurations to verify that outbound traffic from the cardholder data environment to the Internet is explicitly authorized.;Requirement 1: Install and maintain a firewall configuration to protect cardholder data;1.3 Examine firewall and router configurations-including but not limited to the choke router at the Internet, the DMZ router and firewall, the DMZ cardholder segment, the perimeter router, and the internal cardholder network segment-and perform the following to determine that there is no direct access between the Internet and system components in the internal cardholder network segment;;;;PASS;S3 Bucket cloudguardian-data-c8f4e2a3 does not allow public write access in the bucket policy.;arn:aws:s3:::cloudguardian-data-c8f4e2a3;s3_bucket_policy_public_write_access;False;cloudguardian-data-c8f4e2a3;PCI;Payment Card Industry Data Security Standard (PCI DSS) v3.2.1;
aws;The Payment Card Industry Data Security Standard (PCI DSS) is a proprietary information security standard. It's administered by the PCI Security Standards Council, which was founded by American Express, Discover Financial Services, JCB International, MasterCard Worldwide, and Visa Inc. PCI DSS applies to entities that store, process, or transmit cardholder data (CHD) or sensitive authentication data (SAD). This includes, but isn't limited to, merchants, processors, acquirers, issuers, and service providers. The PCI DSS is mandated by the card brands and administered by the Payment Card Industry Security Standards Council.;735291151388;ap-south-1;2026-07-11 14:19:13.485135;1.3.6;If cardholder data is located within the DMZ, it is easier for an external attacker to access this information, since there are fewer layers to penetrate. Securing system components that store cardholder data (such as a database) in an internal network zone that is segregated from the DMZ and other untrusted networks by a firewall can prevent unauthorized network traffic from reaching the system component.;Requirement 1: Install and maintain a firewall configuration to protect cardholder data;1.3 Examine firewall and router configurations-including but not limited to the choke router at the Internet, the DMZ router and firewall, the DMZ cardholder segment, the perimeter router, and the internal cardholder network segment-and perform the following to determine that there is no direct access between the Internet and system components in the internal cardholder network segment;;;;PASS;S3 Bucket cloudguardian-data-c8f4e2a3 does not allow public write access in the bucket policy.;arn:aws:s3:::cloudguardian-data-c8f4e2a3;s3_bucket_policy_public_write_access;False;cloudguardian-data-c8f4e2a3;PCI;Payment Card Industry Data Security Standard (PCI DSS) v3.2.1;
aws;The Payment Card Industry Data Security Standard (PCI DSS) is a proprietary information security standard. It's administered by the PCI Security Standards Council, which was founded by American Express, Discover Financial Services, JCB International, MasterCard Worldwide, and Visa Inc. PCI DSS applies to entities that store, process, or transmit cardholder data (CHD) or sensitive authentication data (SAD). This includes, but isn't limited to, merchants, processors, acquirers, issuers, and service providers. The PCI DSS is mandated by the card brands and administered by the Payment Card Industry Security Standards Council.;735291151388;ap-south-1;2026-07-11 14:19:13.485135;7.2;Without a mechanism to restrict access based on user's need to know, a user may unknowingly be granted access to cardholder data. Access control systems automate the process of restricting access and assigning privileges. Additionally, a default “deny-all” setting ensures no one is granted access until and unless a rule is established specifically granting such access. Entities may have one or more access controls systems to manage user access. Note: Some access control systems are set by default to “allow-all,” thereby permitting access unless/until a rule is written to specifically deny it.;Requirement 7: Restrict access to cardholder data by business need to know;Requirement 7: Restrict access to cardholder data by business need to know;;;;PASS;S3 Bucket cloudguardian-data-c8f4e2a3 does not allow public write access in the bucket policy.;arn:aws:s3:::cloudguardian-data-c8f4e2a3;s3_bucket_policy_public_write_access;False;cloudguardian-data-c8f4e2a3;PCI;Payment Card Industry Data Security Standard (PCI DSS) v3.2.1;
aws;The Payment Card Industry Data Security Standard (PCI DSS) is a proprietary information security standard. It's administered by the PCI Security Standards Council, which was founded by American Express, Discover Financial Services, JCB International, MasterCard Worldwide, and Visa Inc. PCI DSS applies to entities that store, process, or transmit cardholder data (CHD) or sensitive authentication data (SAD). This includes, but isn't limited to, merchants, processors, acquirers, issuers, and service providers. The PCI DSS is mandated by the card brands and administered by the Payment Card Industry Security Standards Council.;735291151388;ap-south-1;2026-07-11 14:19:13.485135;7.2.1;Without a mechanism to restrict access based on user's need to know, a user may unknowingly be granted access to cardholder data. Access control systems automate the process of restricting access and assigning privileges. Additionally, a default “deny-all” setting ensures no one is granted access until and unless a rule is established specifically granting such access. Entities may have one or more access controls systems to manage user access. Note: Some access control systems are set by default to “allow-all,” thereby permitting access unless/until a rule is written to specifically deny it.;Requirement 7: Restrict access to cardholder data by business need to know;7.2 Examine system settings and vendor documentation to verify that an access control system(s);;;;PASS;S3 Bucket cloudguardian-data-c8f4e2a3 does not allow public write access in the bucket policy.;arn:aws:s3:::cloudguardian-data-c8f4e2a3;s3_bucket_policy_public_write_access;False;cloudguardian-data-c8f4e2a3;PCI;Payment Card Industry Data Security Standard (PCI DSS) v3.2.1;
aws;The Payment Card Industry Data Security Standard (PCI DSS) is a proprietary information security standard. It's administered by the PCI Security Standards Council, which was founded by American Express, Discover Financial Services, JCB International, MasterCard Worldwide, and Visa Inc. PCI DSS applies to entities that store, process, or transmit cardholder data (CHD) or sensitive authentication data (SAD). This includes, but isn't limited to, merchants, processors, acquirers, issuers, and service providers. The PCI DSS is mandated by the card brands and administered by the Payment Card Industry Security Standards Council.;735291151388;ap-south-1;2026-07-11 14:19:13.485135;1.2;It is essential to install network protection between the internal, trusted network and any untrusted network that is external and/or out of the entity's ability to control or manage. Failure to implement this measure correctly results in the entity being vulnerable to unauthorized access by malicious individuals or software. For firewall functionality to be effective, it must be properly configured to control and/or limit traffic into and out of the entity's network.;Requirement 1: Install and maintain a firewall configuration to protect cardholder data;Requirement 1: Install and maintain a firewall configuration to protect cardholder data;;;;PASS;S3 Bucket cloudguardian-data-c8f4e2a3 is not publicly writable.;arn:aws:s3:::cloudguardian-data-c8f4e2a3;s3_bucket_public_write_acl;False;cloudguardian-data-c8f4e2a3;PCI;Payment Card Industry Data Security Standard (PCI DSS) v3.2.1;
aws;The Payment Card Industry Data Security Standard (PCI DSS) is a proprietary information security standard. It's administered by the PCI Security Standards Council, which was founded by American Express, Discover Financial Services, JCB International, MasterCard Worldwide, and Visa Inc. PCI DSS applies to entities that store, process, or transmit cardholder data (CHD) or sensitive authentication data (SAD). This includes, but isn't limited to, merchants, processors, acquirers, issuers, and service providers. The PCI DSS is mandated by the card brands and administered by the Payment Card Industry Security Standards Council.;735291151388;ap-south-1;2026-07-11 14:19:13.485135;1.2.1;Examination of all inbound and outbound connections allows for inspection and restriction of traffic based on the source and/or destination address, thus preventing unfiltered access between untrusted and trusted environments. This prevents malicious individuals from accessing the entity's network via unauthorized IP addresses or from using services, protocols, or ports in an unauthorized manner (for example, to send data they've obtained from within the entity's network out to an untrusted server). Implementing a rule that denies all inbound and outbound traffic that is not specifically needed helps to prevent inadvertent holes that would allow unintended and potentially harmful traffic in or out.;Requirement 1: Install and maintain a firewall configuration to protect cardholder data;1.2 Examine firewall and router configurations and perform the following to verify that connections are restricted between untrusted networks and system components in the cardholder data environment;;;;PASS;S3 Bucket cloudguardian-data-c8f4e2a3 is not publicly writable.;arn:aws:s3:::cloudguardian-data-c8f4e2a3;s3_bucket_public_write_acl;False;cloudguardian-data-c8f4e2a3;PCI;Payment Card Industry Data Security Standard (PCI DSS) v3.2.1;
aws;The Payment Card Industry Data Security Standard (PCI DSS) is a proprietary information security standard. It's administered by the PCI Security Standards Council, which was founded by American Express, Discover Financial Services, JCB International, MasterCard Worldwide, and Visa Inc. PCI DSS applies to entities that store, process, or transmit cardholder data (CHD) or sensitive authentication data (SAD). This includes, but isn't limited to, merchants, processors, acquirers, issuers, and service providers. The PCI DSS is mandated by the card brands and administered by the Payment Card Industry Security Standards Council.;735291151388;ap-south-1;2026-07-11 14:19:13.485135;1.2.1.a;Examination of all inbound and outbound connections allows for inspection and restriction of traffic based on the source and/or destination address, thus preventing unfiltered access between untrusted and trusted environments. This prevents malicious individuals from accessing the entity's network via unauthorized IP addresses or from using services, protocols, or ports in an unauthorized manner (for example, to send data they've obtained from within the entity's network out to an untrusted server). Implementing a rule that denies all inbound and outbound traffic that is not specifically needed helps to prevent inadvertent holes that would allow unintended and potentially harmful traffic in or out.;Requirement 1: Install and maintain a firewall configuration to protect cardholder data;1.2.1 Restrict inbound and outbound traffic to that which is necessary for the cardholder data environment, and specifically deny all other traffic;;;;PASS;S3 Bucket cloudguardian-data-c8f4e2a3 is not publicly writable.;arn:aws:s3:::cloudguardian-data-c8f4e2a3;s3_bucket_public_write_acl;False;cloudguardian-data-c8f4e2a3;PCI;Payment Card Industry Data Security Standard (PCI DSS) v3.2.1;
aws;The Payment Card Industry Data Security Standard (PCI DSS) is a proprietary information security standard. It's administered by the PCI Security Standards Council, which was founded by American Express, Discover Financial Services, JCB International, MasterCard Worldwide, and Visa Inc. PCI DSS applies to entities that store, process, or transmit cardholder data (CHD) or sensitive authentication data (SAD). This includes, but isn't limited to, merchants, processors, acquirers, issuers, and service providers. The PCI DSS is mandated by the card brands and administered by the Payment Card Industry Security Standards Council.;735291151388;ap-south-1;2026-07-11 14:19:13.485135;1.2.1.b;Examination of all inbound and outbound connections allows for inspection and restriction of traffic based on the source and/or destination address, thus preventing unfiltered access between untrusted and trusted environments. This prevents malicious individuals from accessing the entity's network via unauthorized IP addresses or from using services, protocols, or ports in an unauthorized manner (for example, to send data they've obtained from within the entity's network out to an untrusted server). Implementing a rule that denies all inbound and outbound traffic that is not specifically needed helps to prevent inadvertent holes that would allow unintended and potentially harmful traffic in or out.;Requirement 1: Install and maintain a firewall configuration to protect cardholder data;1.2.1 Restrict inbound and outbound traffic to that which is necessary for the cardholder data environment, and specifically deny all other traffic;;;;PASS;S3 Bucket cloudguardian-data-c8f4e2a3 is not publicly writable.;arn:aws:s3:::cloudguardian-data-c8f4e2a3;s3_bucket_public_write_acl;False;cloudguardian-data-c8f4e2a3;PCI;Payment Card Industry Data Security Standard (PCI DSS) v3.2.1;
aws;The Payment Card Industry Data Security Standard (PCI DSS) is a proprietary information security standard. It's administered by the PCI Security Standards Council, which was founded by American Express, Discover Financial Services, JCB International, MasterCard Worldwide, and Visa Inc. PCI DSS applies to entities that store, process, or transmit cardholder data (CHD) or sensitive authentication data (SAD). This includes, but isn't limited to, merchants, processors, acquirers, issuers, and service providers. The PCI DSS is mandated by the card brands and administered by the Payment Card Industry Security Standards Council.;735291151388;ap-south-1;2026-07-11 14:19:13.485135;1.2.1.c;Examination of all inbound and outbound connections allows for inspection and restriction of traffic based on the source and/or destination address, thus preventing unfiltered access between untrusted and trusted environments. This prevents malicious individuals from accessing the entity's network via unauthorized IP addresses or from using services, protocols, or ports in an unauthorized manner (for example, to send data they've obtained from within the entity's network out to an untrusted server). Implementing a rule that denies all inbound and outbound traffic that is not specifically needed helps to prevent inadvertent holes that would allow unintended and potentially harmful traffic in or out.;Requirement 1: Install and maintain a firewall configuration to protect cardholder data;1.2.1 Restrict inbound and outbound traffic to that which is necessary for the cardholder data environment, and specifically deny all other traffic;;;;PASS;S3 Bucket cloudguardian-data-c8f4e2a3 is not publicly writable.;arn:aws:s3:::cloudguardian-data-c8f4e2a3;s3_bucket_public_write_acl;False;cloudguardian-data-c8f4e2a3;PCI;Payment Card Industry Data Security Standard (PCI DSS) v3.2.1;
aws;The Payment Card Industry Data Security Standard (PCI DSS) is a proprietary information security standard. It's administered by the PCI Security Standards Council, which was founded by American Express, Discover Financial Services, JCB International, MasterCard Worldwide, and Visa Inc. PCI DSS applies to entities that store, process, or transmit cardholder data (CHD) or sensitive authentication data (SAD). This includes, but isn't limited to, merchants, processors, acquirers, issuers, and service providers. The PCI DSS is mandated by the card brands and administered by the Payment Card Industry Security Standards Council.;735291151388;ap-south-1;2026-07-11 14:19:13.485135;1.3;While there may be legitimate reasons for untrusted connections to be permitted to DMZ systems (e.g., to allow public access to a web server), such connections should never be granted to systems in the internal network. A firewall's intent is to manage and control all connections between public systems and internal systems, especially those that store, process or transmit cardholder data. If direct access is allowed between public systems and the CDE, the protections offered by the firewall are bypassed, and system components storing cardholder data may be exposed to compromise.;Requirement 1: Install and maintain a firewall configuration to protect cardholder data;Requirement 1: Install and maintain a firewall configuration to protect cardholder data;;;;PASS;S3 Bucket cloudguardian-data-c8f4e2a3 is not publicly writable.;arn:aws:s3:::cloudguardian-data-c8f4e2a3;s3_bucket_public_write_acl;False;cloudguardian-data-c8f4e2a3;PCI;Payment Card Industry Data Security Standard (PCI DSS) v3.2.1;
aws;The Payment Card Industry Data Security Standard (PCI DSS) is a proprietary information security standard. It's administered by the PCI Security Standards Council, which was founded by American Express, Discover Financial Services, JCB International, MasterCard Worldwide, and Visa Inc. PCI DSS applies to entities that store, process, or transmit cardholder data (CHD) or sensitive authentication data (SAD). This includes, but isn't limited to, merchants, processors, acquirers, issuers, and service providers. The PCI DSS is mandated by the card brands and administered by the Payment Card Industry Security Standards Council.;735291151388;ap-south-1;2026-07-11 14:19:13.485135;1.3.1;The DMZ is that part of the network that manages connections between the Internet (or other untrusted networks), and services that an organization needs to have available to the public (like a web server). This functionality is intended to prevent malicious individuals from accessing the organization's internal network from the Internet, or from using services, protocols, or ports in an unauthorized manner. The set of controls will examine firewall and router configurations to verify that a DMZ is implemented to limit inbound traffic to only system components that provide authorized publicly accessible services, protocols, and ports.;Requirement 1: Install and maintain a firewall configuration to protect cardholder data;1.3 Examine firewall and router configurations-including but not limited to the choke router at the Internet, the DMZ router and firewall, the DMZ cardholder segment, the perimeter router, and the internal cardholder network segment-and perform the following to determine that there is no direct access between the Internet and system components in the internal cardholder network segment;;;;PASS;S3 Bucket cloudguardian-data-c8f4e2a3 is not publicly writable.;arn:aws:s3:::cloudguardian-data-c8f4e2a3;s3_bucket_public_write_acl;False;cloudguardian-data-c8f4e2a3;PCI;Payment Card Industry Data Security Standard (PCI DSS) v3.2.1;
aws;The Payment Card Industry Data Security Standard (PCI DSS) is a proprietary information security standard. It's administered by the PCI Security Standards Council, which was founded by American Express, Discover Financial Services, JCB International, MasterCard Worldwide, and Visa Inc. PCI DSS applies to entities that store, process, or transmit cardholder data (CHD) or sensitive authentication data (SAD). This includes, but isn't limited to, merchants, processors, acquirers, issuers, and service providers. The PCI DSS is mandated by the card brands and administered by the Payment Card Industry Security Standards Council.;735291151388;ap-south-1;2026-07-11 14:19:13.485135;1.3.2;The DMZ is that part of the network that manages connections between the Internet (or other untrusted networks), and services that an organization needs to have available to the public (like a web server). This functionality is intended to prevent malicious individuals from accessing the organization's internal network from the Internet, or from using services, protocols, or ports in an unauthorized manner. The set of controls will limit inbound Internet traffic to IP addresses within the DMZ.;Requirement 1: Install and maintain a firewall configuration to protect cardholder data;1.3 Examine firewall and router configurations-including but not limited to the choke router at the Internet, the DMZ router and firewall, the DMZ cardholder segment, the perimeter router, and the internal cardholder network segment-and perform the following to determine that there is no direct access between the Internet and system components in the internal cardholder network segment;;;;PASS;S3 Bucket cloudguardian-data-c8f4e2a3 is not publicly writable.;arn:aws:s3:::cloudguardian-data-c8f4e2a3;s3_bucket_public_write_acl;False;cloudguardian-data-c8f4e2a3;PCI;Payment Card Industry Data Security Standard (PCI DSS) v3.2.1;
aws;The Payment Card Industry Data Security Standard (PCI DSS) is a proprietary information security standard. It's administered by the PCI Security Standards Council, which was founded by American Express, Discover Financial Services, JCB International, MasterCard Worldwide, and Visa Inc. PCI DSS applies to entities that store, process, or transmit cardholder data (CHD) or sensitive authentication data (SAD). This includes, but isn't limited to, merchants, processors, acquirers, issuers, and service providers. The PCI DSS is mandated by the card brands and administered by the Payment Card Industry Security Standards Council.;735291151388;ap-south-1;2026-07-11 14:19:13.485135;1.3.4;All traffic outbound from the cardholder data environment should be evaluated to ensure that it follows established, authorized rules. Connections should be inspected to restrict traffic to only authorized communications (for example by restricting source/destination addresses/ports, and/or blocking of content). The set of controls will examine firewall and router configurations to verify that outbound traffic from the cardholder data environment to the Internet is explicitly authorized.;Requirement 1: Install and maintain a firewall configuration to protect cardholder data;1.3 Examine firewall and router configurations-including but not limited to the choke router at the Internet, the DMZ router and firewall, the DMZ cardholder segment, the perimeter router, and the internal cardholder network segment-and perform the following to determine that there is no direct access between the Internet and system components in the internal cardholder network segment;;;;PASS;S3 Bucket cloudguardian-data-c8f4e2a3 is not publicly writable.;arn:aws:s3:::cloudguardian-data-c8f4e2a3;s3_bucket_public_write_acl;False;cloudguardian-data-c8f4e2a3;PCI;Payment Card Industry Data Security Standard (PCI DSS) v3.2.1;
aws;The Payment Card Industry Data Security Standard (PCI DSS) is a proprietary information security standard. It's administered by the PCI Security Standards Council, which was founded by American Express, Discover Financial Services, JCB International, MasterCard Worldwide, and Visa Inc. PCI DSS applies to entities that store, process, or transmit cardholder data (CHD) or sensitive authentication data (SAD). This includes, but isn't limited to, merchants, processors, acquirers, issuers, and service providers. The PCI DSS is mandated by the card brands and administered by the Payment Card Industry Security Standards Council.;735291151388;ap-south-1;2026-07-11 14:19:13.485135;1.3.6;If cardholder data is located within the DMZ, it is easier for an external attacker to access this information, since there are fewer layers to penetrate. Securing system components that store cardholder data (such as a database) in an internal network zone that is segregated from the DMZ and other untrusted networks by a firewall can prevent unauthorized network traffic from reaching the system component.;Requirement 1: Install and maintain a firewall configuration to protect cardholder data;1.3 Examine firewall and router configurations-including but not limited to the choke router at the Internet, the DMZ router and firewall, the DMZ cardholder segment, the perimeter router, and the internal cardholder network segment-and perform the following to determine that there is no direct access between the Internet and system components in the internal cardholder network segment;;;;PASS;S3 Bucket cloudguardian-data-c8f4e2a3 is not publicly writable.;arn:aws:s3:::cloudguardian-data-c8f4e2a3;s3_bucket_public_write_acl;False;cloudguardian-data-c8f4e2a3;PCI;Payment Card Industry Data Security Standard (PCI DSS) v3.2.1;
aws;The Payment Card Industry Data Security Standard (PCI DSS) is a proprietary information security standard. It's administered by the PCI Security Standards Council, which was founded by American Express, Discover Financial Services, JCB International, MasterCard Worldwide, and Visa Inc. PCI DSS applies to entities that store, process, or transmit cardholder data (CHD) or sensitive authentication data (SAD). This includes, but isn't limited to, merchants, processors, acquirers, issuers, and service providers. The PCI DSS is mandated by the card brands and administered by the Payment Card Industry Security Standards Council.;735291151388;ap-south-1;2026-07-11 14:19:13.485135;7.2;Without a mechanism to restrict access based on user's need to know, a user may unknowingly be granted access to cardholder data. Access control systems automate the process of restricting access and assigning privileges. Additionally, a default “deny-all” setting ensures no one is granted access until and unless a rule is established specifically granting such access. Entities may have one or more access controls systems to manage user access. Note: Some access control systems are set by default to “allow-all,” thereby permitting access unless/until a rule is written to specifically deny it.;Requirement 7: Restrict access to cardholder data by business need to know;Requirement 7: Restrict access to cardholder data by business need to know;;;;PASS;S3 Bucket cloudguardian-data-c8f4e2a3 is not publicly writable.;arn:aws:s3:::cloudguardian-data-c8f4e2a3;s3_bucket_public_write_acl;False;cloudguardian-data-c8f4e2a3;PCI;Payment Card Industry Data Security Standard (PCI DSS) v3.2.1;
aws;The Payment Card Industry Data Security Standard (PCI DSS) is a proprietary information security standard. It's administered by the PCI Security Standards Council, which was founded by American Express, Discover Financial Services, JCB International, MasterCard Worldwide, and Visa Inc. PCI DSS applies to entities that store, process, or transmit cardholder data (CHD) or sensitive authentication data (SAD). This includes, but isn't limited to, merchants, processors, acquirers, issuers, and service providers. The PCI DSS is mandated by the card brands and administered by the Payment Card Industry Security Standards Council.;735291151388;ap-south-1;2026-07-11 14:19:13.485135;7.2.1;Without a mechanism to restrict access based on user's need to know, a user may unknowingly be granted access to cardholder data. Access control systems automate the process of restricting access and assigning privileges. Additionally, a default “deny-all” setting ensures no one is granted access until and unless a rule is established specifically granting such access. Entities may have one or more access controls systems to manage user access. Note: Some access control systems are set by default to “allow-all,” thereby permitting access unless/until a rule is written to specifically deny it.;Requirement 7: Restrict access to cardholder data by business need to know;7.2 Examine system settings and vendor documentation to verify that an access control system(s);;;;PASS;S3 Bucket cloudguardian-data-c8f4e2a3 is not publicly writable.;arn:aws:s3:::cloudguardian-data-c8f4e2a3;s3_bucket_public_write_acl;False;cloudguardian-data-c8f4e2a3;PCI;Payment Card Industry Data Security Standard (PCI DSS) v3.2.1;
aws;The Payment Card Industry Data Security Standard (PCI DSS) is a proprietary information security standard. It's administered by the PCI Security Standards Council, which was founded by American Express, Discover Financial Services, JCB International, MasterCard Worldwide, and Visa Inc. PCI DSS applies to entities that store, process, or transmit cardholder data (CHD) or sensitive authentication data (SAD). This includes, but isn't limited to, merchants, processors, acquirers, issuers, and service providers. The PCI DSS is mandated by the card brands and administered by the Payment Card Industry Security Standards Council.;735291151388;ap-south-1;2026-07-11 14:19:13.485135;10.1;It is critical to have a process or system that links user access to system components accessed. This system generates audit logs and provides the ability to trace back suspicious activity to a specific user. This control verifies, through observation and interviewing the system administrator, that: audit trails are enabled and active for system components, access to system components is linked to individual users.;Requirement 10: Track and monitor all access to network resources and cardholder data;Requirement 10: Track and monitor all access to network resources and cardholder data;;;;FAIL;S3 Bucket cloudguardian-data-c8f4e2a3 has server access logging disabled.;arn:aws:s3:::cloudguardian-data-c8f4e2a3;s3_bucket_server_access_logging_enabled;False;cloudguardian-data-c8f4e2a3;PCI;Payment Card Industry Data Security Standard (PCI DSS) v3.2.1;
aws;The Payment Card Industry Data Security Standard (PCI DSS) is a proprietary information security standard. It's administered by the PCI Security Standards Council, which was founded by American Express, Discover Financial Services, JCB International, MasterCard Worldwide, and Visa Inc. PCI DSS applies to entities that store, process, or transmit cardholder data (CHD) or sensitive authentication data (SAD). This includes, but isn't limited to, merchants, processors, acquirers, issuers, and service providers. The PCI DSS is mandated by the card brands and administered by the Payment Card Industry Security Standards Council.;735291151388;ap-south-1;2026-07-11 14:19:13.485135;10.2;It is critical to have a process or system that links user access to system components accessed. This system generates audit logs and provides the ability to trace back suspicious activity to a specific user. This control verifies, through observation and interviewing the system administrator, that: audit trails are enabled and active for system components, access to system components is linked to individual users.;Requirement 10: Track and monitor all access to network resources and cardholder data;Requirement 10: Track and monitor all access to network resources and cardholder data;;;;FAIL;S3 Bucket cloudguardian-data-c8f4e2a3 has server access logging disabled.;arn:aws:s3:::cloudguardian-data-c8f4e2a3;s3_bucket_server_access_logging_enabled;False;cloudguardian-data-c8f4e2a3;PCI;Payment Card Industry Data Security Standard (PCI DSS) v3.2.1;
aws;The Payment Card Industry Data Security Standard (PCI DSS) is a proprietary information security standard. It's administered by the PCI Security Standards Council, which was founded by American Express, Discover Financial Services, JCB International, MasterCard Worldwide, and Visa Inc. PCI DSS applies to entities that store, process, or transmit cardholder data (CHD) or sensitive authentication data (SAD). This includes, but isn't limited to, merchants, processors, acquirers, issuers, and service providers. The PCI DSS is mandated by the card brands and administered by the Payment Card Industry Security Standards Council.;735291151388;ap-south-1;2026-07-11 14:19:13.485135;10.2.1;Malicious individuals could obtain knowledge of a user account with access to systems in the CDE, or they could create a new, unauthorized account in order to access cardholder data. A record of all individual accesses to cardholder data can identify which accounts may have been compromised or misused. This control verifies all individual access to cardholder data is loggedVerify all individual access to cardholder data is logged.;Requirement 10: Track and monitor all access to network resources and cardholder data;10.2 Through interviews of responsible personnel, observation of audit logs, and examination of audit log settings;;;;FAIL;S3 Bucket cloudguardian-data-c8f4e2a3 has server access logging disabled.;arn:aws:s3:::cloudguardian-data-c8f4e2a3;s3_bucket_server_access_logging_enabled;False;cloudguardian-data-c8f4e2a3;PCI;Payment Card Industry Data Security Standard (PCI DSS) v3.2.1;
aws;The Payment Card Industry Data Security Standard (PCI DSS) is a proprietary information security standard. It's administered by the PCI Security Standards Council, which was founded by American Express, Discover Financial Services, JCB International, MasterCard Worldwide, and Visa Inc. PCI DSS applies to entities that store, process, or transmit cardholder data (CHD) or sensitive authentication data (SAD). This includes, but isn't limited to, merchants, processors, acquirers, issuers, and service providers. The PCI DSS is mandated by the card brands and administered by the Payment Card Industry Security Standards Council.;735291151388;ap-south-1;2026-07-11 14:19:13.485135;10.2.2;Accounts with increased privileges, such as the “administrator” or “root” account, have the potential to greatly impact the security or operational functionality of a system. Without a log of the activities performed, an organization is unable to trace any issues resulting from an administrative mistake or misuse of privilege back to the specific action and individual. This control verifies all actions taken by any individual with root or administrative privileges are logged.;Requirement 10: Track and monitor all access to network resources and cardholder data;10.2 Through interviews of responsible personnel, observation of audit logs, and examination of audit log settings;;;;FAIL;S3 Bucket cloudguardian-data-c8f4e2a3 has server access logging disabled.;arn:aws:s3:::cloudguardian-data-c8f4e2a3;s3_bucket_server_access_logging_enabled;False;cloudguardian-data-c8f4e2a3;PCI;Payment Card Industry Data Security Standard (PCI DSS) v3.2.1;
aws;The Payment Card Industry Data Security Standard (PCI DSS) is a proprietary information security standard. It's administered by the PCI Security Standards Council, which was founded by American Express, Discover Financial Services, JCB International, MasterCard Worldwide, and Visa Inc. PCI DSS applies to entities that store, process, or transmit cardholder data (CHD) or sensitive authentication data (SAD). This includes, but isn't limited to, merchants, processors, acquirers, issuers, and service providers. The PCI DSS is mandated by the card brands and administered by the Payment Card Industry Security Standards Council.;735291151388;ap-south-1;2026-07-11 14:19:13.485135;10.2.3;Malicious users often attempt to alter audit logs to hide their actions, and a record of access allows an organization to trace any inconsistencies or potential tampering of the logs to an individual account. Having access to logs identifying changes, additions, and deletions can help retrace steps made by unauthorized personnel. This control verifies access to all audit trails is logged.;Requirement 10: Track and monitor all access to network resources and cardholder data;10.2 Through interviews of responsible personnel, observation of audit logs, and examination of audit log settings;;;;FAIL;S3 Bucket cloudguardian-data-c8f4e2a3 has server access logging disabled.;arn:aws:s3:::cloudguardian-data-c8f4e2a3;s3_bucket_server_access_logging_enabled;False;cloudguardian-data-c8f4e2a3;PCI;Payment Card Industry Data Security Standard (PCI DSS) v3.2.1;
aws;The Payment Card Industry Data Security Standard (PCI DSS) is a proprietary information security standard. It's administered by the PCI Security Standards Council, which was founded by American Express, Discover Financial Services, JCB International, MasterCard Worldwide, and Visa Inc. PCI DSS applies to entities that store, process, or transmit cardholder data (CHD) or sensitive authentication data (SAD). This includes, but isn't limited to, merchants, processors, acquirers, issuers, and service providers. The PCI DSS is mandated by the card brands and administered by the Payment Card Industry Security Standards Council.;735291151388;ap-south-1;2026-07-11 14:19:13.485135;10.2.4;Malicious users often attempt to alter audit logs to hide their actions, and a record of access allows an organization to trace any inconsistencies or potential tampering of the logs to an individual account. Having access to logs identifying changes, additions, and deletions can help retrace steps made by unauthorized personnel. This control verifies access to all audit trails is logged.;Requirement 10: Track and monitor all access to network resources and cardholder data;10.2 Through interviews of responsible personnel, observation of audit logs, and examination of audit log settings;;;;FAIL;S3 Bucket cloudguardian-data-c8f4e2a3 has server access logging disabled.;arn:aws:s3:::cloudguardian-data-c8f4e2a3;s3_bucket_server_access_logging_enabled;False;cloudguardian-data-c8f4e2a3;PCI;Payment Card Industry Data Security Standard (PCI DSS) v3.2.1;
aws;The Payment Card Industry Data Security Standard (PCI DSS) is a proprietary information security standard. It's administered by the PCI Security Standards Council, which was founded by American Express, Discover Financial Services, JCB International, MasterCard Worldwide, and Visa Inc. PCI DSS applies to entities that store, process, or transmit cardholder data (CHD) or sensitive authentication data (SAD). This includes, but isn't limited to, merchants, processors, acquirers, issuers, and service providers. The PCI DSS is mandated by the card brands and administered by the Payment Card Industry Security Standards Council.;735291151388;ap-south-1;2026-07-11 14:19:13.485135;10.2.6;Turning the audit logs off (or pausing them) prior to performing illicit activities is a common practice for malicious users wishing to avoid detection. Initialization of audit logs could indicate that the log function was disabled by a user to hide their actions. This control verifies the following are logged: initialization of audit logs, stopping or pausing of audit logs.;Requirement 10: Track and monitor all access to network resources and cardholder data;10.2 Through interviews of responsible personnel, observation of audit logs, and examination of audit log settings;;;;FAIL;S3 Bucket cloudguardian-data-c8f4e2a3 has server access logging disabled.;arn:aws:s3:::cloudguardian-data-c8f4e2a3;s3_bucket_server_access_logging_enabled;False;cloudguardian-data-c8f4e2a3;PCI;Payment Card Industry Data Security Standard (PCI DSS) v3.2.1;
aws;The Payment Card Industry Data Security Standard (PCI DSS) is a proprietary information security standard. It's administered by the PCI Security Standards Council, which was founded by American Express, Discover Financial Services, JCB International, MasterCard Worldwide, and Visa Inc. PCI DSS applies to entities that store, process, or transmit cardholder data (CHD) or sensitive authentication data (SAD). This includes, but isn't limited to, merchants, processors, acquirers, issuers, and service providers. The PCI DSS is mandated by the card brands and administered by the Payment Card Industry Security Standards Council.;735291151388;ap-south-1;2026-07-11 14:19:13.485135;10.2.7;Malicious software, such as malware, often creates or replaces system level objects on the target system in order to control a particular function or operation on that system. By logging when system-level objects, such as database tables or stored procedures, are created or deleted, it will be easier to determine whether such modifications were authorized. This control verifies creation and deletion of system level objects are logged.;Requirement 10: Track and monitor all access to network resources and cardholder data;10.2 Through interviews of responsible personnel, observation of audit logs, and examination of audit log settings;;;;FAIL;S3 Bucket cloudguardian-data-c8f4e2a3 has server access logging disabled.;arn:aws:s3:::cloudguardian-data-c8f4e2a3;s3_bucket_server_access_logging_enabled;False;cloudguardian-data-c8f4e2a3;PCI;Payment Card Industry Data Security Standard (PCI DSS) v3.2.1;
aws;The Payment Card Industry Data Security Standard (PCI DSS) is a proprietary information security standard. It's administered by the PCI Security Standards Council, which was founded by American Express, Discover Financial Services, JCB International, MasterCard Worldwide, and Visa Inc. PCI DSS applies to entities that store, process, or transmit cardholder data (CHD) or sensitive authentication data (SAD). This includes, but isn't limited to, merchants, processors, acquirers, issuers, and service providers. The PCI DSS is mandated by the card brands and administered by the Payment Card Industry Security Standards Council.;735291151388;ap-south-1;2026-07-11 14:19:13.485135;10.3;By recording these details for the auditable events at 10.2, a potential compromise can be quickly identified, and with sufficient detail to know who, what, where, when, and how. Through interviews and observation of audit logs, for each auditable event (from 10.2), perform the following:;Requirement 10: Track and monitor all access to network resources and cardholder data;Requirement 10: Track and monitor all access to network resources and cardholder data;;;;FAIL;S3 Bucket cloudguardian-data-c8f4e2a3 has server access logging disabled.;arn:aws:s3:::cloudguardian-data-c8f4e2a3;s3_bucket_server_access_logging_enabled;False;cloudguardian-data-c8f4e2a3;PCI;Payment Card Industry Data Security Standard (PCI DSS) v3.2.1;
aws;The Payment Card Industry Data Security Standard (PCI DSS) is a proprietary information security standard. It's administered by the PCI Security Standards Council, which was founded by American Express, Discover Financial Services, JCB International, MasterCard Worldwide, and Visa Inc. PCI DSS applies to entities that store, process, or transmit cardholder data (CHD) or sensitive authentication data (SAD). This includes, but isn't limited to, merchants, processors, acquirers, issuers, and service providers. The PCI DSS is mandated by the card brands and administered by the Payment Card Industry Security Standards Council.;735291151388;ap-south-1;2026-07-11 14:19:13.485135;10.3.1;By recording these details for the auditable events at 10.2, a potential compromise can be quickly identified, and with sufficient detail to know who, what, where, when, and how. This control verifies user identification is included in log entries.;Requirement 10: Track and monitor all access to network resources and cardholder data;10.3 Record at least the following audit trail entries for all system components for each event;;;;FAIL;S3 Bucket cloudguardian-data-c8f4e2a3 has server access logging disabled.;arn:aws:s3:::cloudguardian-data-c8f4e2a3;s3_bucket_server_access_logging_enabled;False;cloudguardian-data-c8f4e2a3;PCI;Payment Card Industry Data Security Standard (PCI DSS) v3.2.1;
aws;The Payment Card Industry Data Security Standard (PCI DSS) is a proprietary information security standard. It's administered by the PCI Security Standards Council, which was founded by American Express, Discover Financial Services, JCB International, MasterCard Worldwide, and Visa Inc. PCI DSS applies to entities that store, process, or transmit cardholder data (CHD) or sensitive authentication data (SAD). This includes, but isn't limited to, merchants, processors, acquirers, issuers, and service providers. The PCI DSS is mandated by the card brands and administered by the Payment Card Industry Security Standards Council.;735291151388;ap-south-1;2026-07-11 14:19:13.485135;10.3.2;By recording these details for the auditable events at 10.2, a potential compromise can be quickly identified, and with sufficient detail to know who, what, where, when, and how. This control verifies event is included in log entries.;Requirement 10: Track and monitor all access to network resources and cardholder data;10.3 Record at least the following audit trail entries for all system components for each event;;;;FAIL;S3 Bucket cloudguardian-data-c8f4e2a3 has server access logging disabled.;arn:aws:s3:::cloudguardian-data-c8f4e2a3;s3_bucket_server_access_logging_enabled;False;cloudguardian-data-c8f4e2a3;PCI;Payment Card Industry Data Security Standard (PCI DSS) v3.2.1;
aws;The Payment Card Industry Data Security Standard (PCI DSS) is a proprietary information security standard. It's administered by the PCI Security Standards Council, which was founded by American Express, Discover Financial Services, JCB International, MasterCard Worldwide, and Visa Inc. PCI DSS applies to entities that store, process, or transmit cardholder data (CHD) or sensitive authentication data (SAD). This includes, but isn't limited to, merchants, processors, acquirers, issuers, and service providers. The PCI DSS is mandated by the card brands and administered by the Payment Card Industry Security Standards Council.;735291151388;ap-south-1;2026-07-11 14:19:13.485135;10.3.3;By recording these details for the auditable events at 10.2, a potential compromise can be quickly identified, and with sufficient detail to know who, what, where, when, and how. This verifies date and time stamp is included in log entries.;Requirement 10: Track and monitor all access to network resources and cardholder data;10.3 Record at least the following audit trail entries for all system components for each event;;;;FAIL;S3 Bucket cloudguardian-data-c8f4e2a3 has server access logging disabled.;arn:aws:s3:::cloudguardian-data-c8f4e2a3;s3_bucket_server_access_logging_enabled;False;cloudguardian-data-c8f4e2a3;PCI;Payment Card Industry Data Security Standard (PCI DSS) v3.2.1;
aws;The Payment Card Industry Data Security Standard (PCI DSS) is a proprietary information security standard. It's administered by the PCI Security Standards Council, which was founded by American Express, Discover Financial Services, JCB International, MasterCard Worldwide, and Visa Inc. PCI DSS applies to entities that store, process, or transmit cardholder data (CHD) or sensitive authentication data (SAD). This includes, but isn't limited to, merchants, processors, acquirers, issuers, and service providers. The PCI DSS is mandated by the card brands and administered by the Payment Card Industry Security Standards Council.;735291151388;ap-south-1;2026-07-11 14:19:13.485135;10.3.4;By recording these details for the auditable events at 10.2, a potential compromise can be quickly identified, and with sufficient detail to know who, what, where, when, and how. This control verifies success or failure indication is included in log entries.;Requirement 10: Track and monitor all access to network resources and cardholder data;10.3 Record at least the following audit trail entries for all system components for each event;;;;FAIL;S3 Bucket cloudguardian-data-c8f4e2a3 has server access logging disabled.;arn:aws:s3:::cloudguardian-data-c8f4e2a3;s3_bucket_server_access_logging_enabled;False;cloudguardian-data-c8f4e2a3;PCI;Payment Card Industry Data Security Standard (PCI DSS) v3.2.1;
aws;The Payment Card Industry Data Security Standard (PCI DSS) is a proprietary information security standard. It's administered by the PCI Security Standards Council, which was founded by American Express, Discover Financial Services, JCB International, MasterCard Worldwide, and Visa Inc. PCI DSS applies to entities that store, process, or transmit cardholder data (CHD) or sensitive authentication data (SAD). This includes, but isn't limited to, merchants, processors, acquirers, issuers, and service providers. The PCI DSS is mandated by the card brands and administered by the Payment Card Industry Security Standards Council.;735291151388;ap-south-1;2026-07-11 14:19:13.485135;10.3.5;By recording these details for the auditable events at 10.2, a potential compromise can be quickly identified, and with sufficient detail to know who, what, where, when, and how. This control verifies origination of event is included in log entries.;Requirement 10: Track and monitor all access to network resources and cardholder data;10.3 Record at least the following audit trail entries for all system components for each event;;;;FAIL;S3 Bucket cloudguardian-data-c8f4e2a3 has server access logging disabled.;arn:aws:s3:::cloudguardian-data-c8f4e2a3;s3_bucket_server_access_logging_enabled;False;cloudguardian-data-c8f4e2a3;PCI;Payment Card Industry Data Security Standard (PCI DSS) v3.2.1;
aws;The Payment Card Industry Data Security Standard (PCI DSS) is a proprietary information security standard. It's administered by the PCI Security Standards Council, which was founded by American Express, Discover Financial Services, JCB International, MasterCard Worldwide, and Visa Inc. PCI DSS applies to entities that store, process, or transmit cardholder data (CHD) or sensitive authentication data (SAD). This includes, but isn't limited to, merchants, processors, acquirers, issuers, and service providers. The PCI DSS is mandated by the card brands and administered by the Payment Card Industry Security Standards Council.;735291151388;ap-south-1;2026-07-11 14:19:13.485135;10.3.6;By recording these details for the auditable events at 10.2, a potential compromise can be quickly identified, and with sufficient detail to know who, what, where, when, and how. This control verifies identity or name of affected data, system component, or resources is included in log entries.;Requirement 10: Track and monitor all access to network resources and cardholder data;10.3 Record at least the following audit trail entries for all system components for each event;;;;FAIL;S3 Bucket cloudguardian-data-c8f4e2a3 has server access logging disabled.;arn:aws:s3:::cloudguardian-data-c8f4e2a3;s3_bucket_server_access_logging_enabled;False;cloudguardian-data-c8f4e2a3;PCI;Payment Card Industry Data Security Standard (PCI DSS) v3.2.1;
aws;The Payment Card Industry Data Security Standard (PCI DSS) is a proprietary information security standard. It's administered by the PCI Security Standards Council, which was founded by American Express, Discover Financial Services, JCB International, MasterCard Worldwide, and Visa Inc. PCI DSS applies to entities that store, process, or transmit cardholder data (CHD) or sensitive authentication data (SAD). This includes, but isn't limited to, merchants, processors, acquirers, issuers, and service providers. The PCI DSS is mandated by the card brands and administered by the Payment Card Industry Security Standards Council.;735291151388;ap-south-1;2026-07-11 14:19:13.485135;10.5;Often a malicious individual who has entered the network will attempt to edit the audit logs in order to hide their activity. Without adequate protection of audit logs, their completeness, accuracy, and integrity cannot be guaranteed, and the audit logs can be rendered useless as an investigation tool after a compromise. This control checks secure audit trails so they cannot be altered.;Requirement 10: Track and monitor all access to network resources and cardholder data;Requirement 10: Track and monitor all access to network resources and cardholder data;;;;FAIL;S3 Bucket cloudguardian-data-c8f4e2a3 has server access logging disabled.;arn:aws:s3:::cloudguardian-data-c8f4e2a3;s3_bucket_server_access_logging_enabled;False;cloudguardian-data-c8f4e2a3;PCI;Payment Card Industry Data Security Standard (PCI DSS) v3.2.1;
aws;The Payment Card Industry Data Security Standard (PCI DSS) is a proprietary information security standard. It's administered by the PCI Security Standards Council, which was founded by American Express, Discover Financial Services, JCB International, MasterCard Worldwide, and Visa Inc. PCI DSS applies to entities that store, process, or transmit cardholder data (CHD) or sensitive authentication data (SAD). This includes, but isn't limited to, merchants, processors, acquirers, issuers, and service providers. The PCI DSS is mandated by the card brands and administered by the Payment Card Industry Security Standards Council.;735291151388;ap-south-1;2026-07-11 14:19:13.485135;10.5.4;By writing logs from external-facing technologies such as wireless, firewalls, DNS, and mail servers, the risk of those logs being lost or altered is lowered, as they are more secure within the internal network. Logs may be written directly, or offloaded or copied from external systems, to the secure internal system or media.;Requirement 10: Track and monitor all access to network resources and cardholder data;10.5 Interview system administrators and examine system configurations and permissions to verify that audit trails are secured so that they cannot be altered;;;;FAIL;S3 Bucket cloudguardian-data-c8f4e2a3 has server access logging disabled.;arn:aws:s3:::cloudguardian-data-c8f4e2a3;s3_bucket_server_access_logging_enabled;False;cloudguardian-data-c8f4e2a3;PCI;Payment Card Industry Data Security Standard (PCI DSS) v3.2.1;
aws;The Payment Card Industry Data Security Standard (PCI DSS) is a proprietary information security standard. It's administered by the PCI Security Standards Council, which was founded by American Express, Discover Financial Services, JCB International, MasterCard Worldwide, and Visa Inc. PCI DSS applies to entities that store, process, or transmit cardholder data (CHD) or sensitive authentication data (SAD). This includes, but isn't limited to, merchants, processors, acquirers, issuers, and service providers. The PCI DSS is mandated by the card brands and administered by the Payment Card Industry Security Standards Council.;735291151388;ap-south-1;2026-07-11 14:19:13.485135;1.3;While there may be legitimate reasons for untrusted connections to be permitted to DMZ systems (e.g., to allow public access to a web server), such connections should never be granted to systems in the internal network. A firewall's intent is to manage and control all connections between public systems and internal systems, especially those that store, process or transmit cardholder data. If direct access is allowed between public systems and the CDE, the protections offered by the firewall are bypassed, and system components storing cardholder data may be exposed to compromise.;Requirement 1: Install and maintain a firewall configuration to protect cardholder data;Requirement 1: Install and maintain a firewall configuration to protect cardholder data;;;;FAIL;VPC vpc-056acc9b951114346 has no EC2 endpoint.;arn:aws:ec2:ap-south-1:735291151388:vpc/vpc-056acc9b951114346;vpc_endpoint_for_ec2_enabled;False;vpc-056acc9b951114346;PCI;Payment Card Industry Data Security Standard (PCI DSS) v3.2.1;
aws;The Payment Card Industry Data Security Standard (PCI DSS) is a proprietary information security standard. It's administered by the PCI Security Standards Council, which was founded by American Express, Discover Financial Services, JCB International, MasterCard Worldwide, and Visa Inc. PCI DSS applies to entities that store, process, or transmit cardholder data (CHD) or sensitive authentication data (SAD). This includes, but isn't limited to, merchants, processors, acquirers, issuers, and service providers. The PCI DSS is mandated by the card brands and administered by the Payment Card Industry Security Standards Council.;735291151388;ap-south-1;2026-07-11 14:19:13.485135;2.2;Assure that these standards address all known security vulnerabilities and are consistent with industry-accepted system hardening standards. Sources of industry-accepted system hardening standards may include, but are not limited to Center for Internet Security (CIS), International Organization for Standardization (ISO), SysAdmin Audit Network Security (SANS) Institute and National Institute of Standards Technology (NIST). There are known weaknesses with many operating systems, databases, and enterprise applications, and there are also known ways to configure these systems to fix security vulnerabilities. To help those that are not security experts, a number of security organizations have established system-hardening guidelines and recommendations, which advise how to correct these weaknesses. Examples of sources for guidance on configuration standards include, but are not limited to: www.nist.gov, www.sans.org, and www.cisecurity.org, www.iso.org, and product vendors. System configuration standards must be kept up to date to ensure that newly identified weaknesses are corrected prior to a system being installed on the network.;Requirement 2: Do not use vendor-supplied defaults for system passwords and other security parameters;Requirement 2: Do not use vendor-supplied defaults for system passwords and other security parameters;;;;FAIL;VPC vpc-056acc9b951114346 has no EC2 endpoint.;arn:aws:ec2:ap-south-1:735291151388:vpc/vpc-056acc9b951114346;vpc_endpoint_for_ec2_enabled;False;vpc-056acc9b951114346;PCI;Payment Card Industry Data Security Standard (PCI DSS) v3.2.1;
aws;The Payment Card Industry Data Security Standard (PCI DSS) is a proprietary information security standard. It's administered by the PCI Security Standards Council, which was founded by American Express, Discover Financial Services, JCB International, MasterCard Worldwide, and Visa Inc. PCI DSS applies to entities that store, process, or transmit cardholder data (CHD) or sensitive authentication data (SAD). This includes, but isn't limited to, merchants, processors, acquirers, issuers, and service providers. The PCI DSS is mandated by the card brands and administered by the Payment Card Industry Security Standards Council.;735291151388;ap-south-1;2026-07-11 14:19:13.485135;2.2.2;As stated in Requirement 1.1.6, there are many protocols that a business may need (or have enabled by default) that are commonly used by malicious individuals to compromise a network. Including this requirement as part of an organization's configuration standards and related processes ensures that only the necessary services and protocols are enabled.;Requirement 2: Do not use vendor-supplied defaults for system passwords and other security parameters;2.2 Develop configuration standards for all system components;;;;FAIL;VPC vpc-056acc9b951114346 has no EC2 endpoint.;arn:aws:ec2:ap-south-1:735291151388:vpc/vpc-056acc9b951114346;vpc_endpoint_for_ec2_enabled;False;vpc-056acc9b951114346;PCI;Payment Card Industry Data Security Standard (PCI DSS) v3.2.1;
aws;The Payment Card Industry Data Security Standard (PCI DSS) is a proprietary information security standard. It's administered by the PCI Security Standards Council, which was founded by American Express, Discover Financial Services, JCB International, MasterCard Worldwide, and Visa Inc. PCI DSS applies to entities that store, process, or transmit cardholder data (CHD) or sensitive authentication data (SAD). This includes, but isn't limited to, merchants, processors, acquirers, issuers, and service providers. The PCI DSS is mandated by the card brands and administered by the Payment Card Industry Security Standards Council.;735291151388;ap-south-1;2026-07-11 14:19:13.485135;4.1;Following should be used to safeguard sensitive cardholder data during transmission over open, public networks: only trusted keys and certificates are accepted, the protocol in use only supports secure versions or configurations and the encryption strength is appropriate for the encryption methodology in use. Examples of open, public networks include but are not limited to the Internet, wireless technologies, including 802.11 and Bluetooth, cellular technologies, for example, Global System for Mobile communications (GSM), Code division multiple access (CDMA), general Packet Radio Service (GPRS) and satellite communications. Sensitive information must be encrypted during transmission over public networks, because it is easy and common for a malicious individual to intercept and/or divert data while in transit. Secure transmission of cardholder data requires using trusted keys/certificates, a secure protocol for transport, and proper encryption strength to encrypt cardholder data. Connection requests from systems that do not support the required encryption strength, and that would result in an insecure connection, should not be accepted. Note that some protocol implementations (such as SSL, SSH v1.0, and early TLS) have known vulnerabilities that an attacker can use to gain control of the affected system. Whichever security protocol is used, ensure it is configured to use only secure versions and configurations to prevent use of an insecure connection-for example, by using only trusted certificates and supporting only strong encryption (not supporting weaker, insecure protocols or methods). Verifying that certificates are trusted (for example, have not expired and are issued from a trusted source) helps ensure the integrity of the secure connection. Generally, the web page URL should begin with `HTTPS` and/or the web browser display a padlock icon somewhere in the window of the browser. Many TLS certificate vendors also provide a highly visible verification seal- sometimes referred to as a “security seal,” `secure site seal,` or “secure trust seal”)-which may provide the ability to click on the seal to reveal information about the website. Refer to industry standards and best practices for information on strong cryptography and secure protocols (e.g., NIST SP 800-52 and SP 800-57, OWASP, etc.) Note: SSL/early TLS is not considered strong cryptography and may not be used as a security control, except by POS POI terminals that are verified as not being susceptible to known exploits and the termination points to which they connect as defined in Appendix A2.;Requirement 4: Encrypt transmission of cardholder data across open, public networks;Requirement 4: Encrypt transmission of cardholder data across open, public networks;;;;FAIL;VPC cloudguardian-vpc Flow logs are disabled.;arn:aws:ec2:ap-south-1:735291151388:vpc/vpc-056acc9b951114346;vpc_flow_logs_enabled;False;vpc-056acc9b951114346;PCI;Payment Card Industry Data Security Standard (PCI DSS) v3.2.1;
aws;The Payment Card Industry Data Security Standard (PCI DSS) is a proprietary information security standard. It's administered by the PCI Security Standards Council, which was founded by American Express, Discover Financial Services, JCB International, MasterCard Worldwide, and Visa Inc. PCI DSS applies to entities that store, process, or transmit cardholder data (CHD) or sensitive authentication data (SAD). This includes, but isn't limited to, merchants, processors, acquirers, issuers, and service providers. The PCI DSS is mandated by the card brands and administered by the Payment Card Industry Security Standards Council.;735291151388;ap-south-1;2026-07-11 14:19:13.485135;4.1.e;Sensitive information must be encrypted during transmission over public networks, because it is easy and common for a malicious individual to intercept and/or divert data while in transit. Secure transmission of cardholder data requires using trusted keys/certificates, a secure protocol for transport, and proper encryption strength to encrypt cardholder data. Connection requests from systems that do not support the required encryption strength, and that would result in an insecure connection, should not be accepted. Note that some protocol implementations (such as SSL, SSH v1.0, and early TLS) have known vulnerabilities that an attacker can use to gain control of the affected system. Whichever security protocol is used, ensure it is configured to use only secure versions and configurations to prevent use of an insecure connection-for example, by using only trusted certificates and supporting only strong encryption (not supporting weaker, insecure protocols or methods). Verifying that certificates are trusted (for example, have not expired and are issued from a trusted source) helps ensure the integrity of the secure connection. Generally, the web page URL should begin with `HTTPS` and/or the web browser display a padlock icon somewhere in the window of the browser. Many TLS certificate vendors also provide a highly visible verification seal- sometimes referred to as a “security seal,” `secure site seal,` or “secure trust seal”)-which may provide the ability to click on the seal to reveal information about the website. Refer to industry standards and best practices for information on strong cryptography and secure protocols (e.g., NIST SP 800-52 and SP 800-57, OWASP, etc.) Note: SSL/early TLS is not considered strong cryptography and may not be used as a security control, except by POS POI terminals that are verified as not being susceptible to known exploits and the termination points to which they connect as defined in Appendix A2.;Requirement 4: Encrypt transmission of cardholder data across open, public networks;4.1 Use strong cryptography and security protocols to safeguard sensitive cardholder data during transmission over open, public networks;;;;FAIL;VPC cloudguardian-vpc Flow logs are disabled.;arn:aws:ec2:ap-south-1:735291151388:vpc/vpc-056acc9b951114346;vpc_flow_logs_enabled;False;vpc-056acc9b951114346;PCI;Payment Card Industry Data Security Standard (PCI DSS) v3.2.1;
aws;The Payment Card Industry Data Security Standard (PCI DSS) is a proprietary information security standard. It's administered by the PCI Security Standards Council, which was founded by American Express, Discover Financial Services, JCB International, MasterCard Worldwide, and Visa Inc. PCI DSS applies to entities that store, process, or transmit cardholder data (CHD) or sensitive authentication data (SAD). This includes, but isn't limited to, merchants, processors, acquirers, issuers, and service providers. The PCI DSS is mandated by the card brands and administered by the Payment Card Industry Security Standards Council.;735291151388;ap-south-1;2026-07-11 14:19:13.485135;4.1.f;Sensitive information must be encrypted during transmission over public networks, because it is easy and common for a malicious individual to intercept and/or divert data while in transit. Secure transmission of cardholder data requires using trusted keys/certificates, a secure protocol for transport, and proper encryption strength to encrypt cardholder data. Connection requests from systems that do not support the required encryption strength, and that would result in an insecure connection, should not be accepted. Note that some protocol implementations (such as SSL, SSH v1.0, and early TLS) have known vulnerabilities that an attacker can use to gain control of the affected system. Whichever security protocol is used, ensure it is configured to use only secure versions and configurations to prevent use of an insecure connection-for example, by using only trusted certificates and supporting only strong encryption (not supporting weaker, insecure protocols or methods). Verifying that certificates are trusted (for example, have not expired and are issued from a trusted source) helps ensure the integrity of the secure connection. Generally, the web page URL should begin with `HTTPS` and/or the web browser display a padlock icon somewhere in the window of the browser. Many TLS certificate vendors also provide a highly visible verification seal- sometimes referred to as a “security seal,” `secure site seal,` or “secure trust seal”)-which may provide the ability to click on the seal to reveal information about the website. Refer to industry standards and best practices for information on strong cryptography and secure protocols (e.g., NIST SP 800-52 and SP 800-57, OWASP, etc.) Note: SSL/early TLS is not considered strong cryptography and may not be used as a security control, except by POS POI terminals that are verified as not being susceptible to known exploits and the termination points to which they connect as defined in Appendix A2.;Requirement 4: Encrypt transmission of cardholder data across open, public networks;4.1 Use strong cryptography and security protocols to safeguard sensitive cardholder data during transmission over open, public networks;;;;FAIL;VPC cloudguardian-vpc Flow logs are disabled.;arn:aws:ec2:ap-south-1:735291151388:vpc/vpc-056acc9b951114346;vpc_flow_logs_enabled;False;vpc-056acc9b951114346;PCI;Payment Card Industry Data Security Standard (PCI DSS) v3.2.1;
aws;The Payment Card Industry Data Security Standard (PCI DSS) is a proprietary information security standard. It's administered by the PCI Security Standards Council, which was founded by American Express, Discover Financial Services, JCB International, MasterCard Worldwide, and Visa Inc. PCI DSS applies to entities that store, process, or transmit cardholder data (CHD) or sensitive authentication data (SAD). This includes, but isn't limited to, merchants, processors, acquirers, issuers, and service providers. The PCI DSS is mandated by the card brands and administered by the Payment Card Industry Security Standards Council.;735291151388;ap-south-1;2026-07-11 14:19:13.485135;10.1;It is critical to have a process or system that links user access to system components accessed. This system generates audit logs and provides the ability to trace back suspicious activity to a specific user. This control verifies, through observation and interviewing the system administrator, that: audit trails are enabled and active for system components, access to system components is linked to individual users.;Requirement 10: Track and monitor all access to network resources and cardholder data;Requirement 10: Track and monitor all access to network resources and cardholder data;;;;FAIL;VPC cloudguardian-vpc Flow logs are disabled.;arn:aws:ec2:ap-south-1:735291151388:vpc/vpc-056acc9b951114346;vpc_flow_logs_enabled;False;vpc-056acc9b951114346;PCI;Payment Card Industry Data Security Standard (PCI DSS) v3.2.1;
aws;The Payment Card Industry Data Security Standard (PCI DSS) is a proprietary information security standard. It's administered by the PCI Security Standards Council, which was founded by American Express, Discover Financial Services, JCB International, MasterCard Worldwide, and Visa Inc. PCI DSS applies to entities that store, process, or transmit cardholder data (CHD) or sensitive authentication data (SAD). This includes, but isn't limited to, merchants, processors, acquirers, issuers, and service providers. The PCI DSS is mandated by the card brands and administered by the Payment Card Industry Security Standards Council.;;;2026-07-11 14:19:13.485135;1.2.2;While the running (or active) router configuration files include the current, secure settings, the start- up files (which are used when routers are re- started or booted) must be updated with the same secure settings to ensure these settings are applied when the start-up configuration is run. Because they only run occasionally, start-up configuration files are often forgotten and are not updated. When a router re-starts and loads a start-up configuration that has not been updated with the same secure settings as those in the running configuration, it may result in weaker rules that allow malicious individuals into the network.;Requirement 1: Install and maintain a firewall configuration to protect cardholder data;1.2 Examine firewall and router configurations and perform the following to verify that connections are restricted between untrusted networks and system components in the cardholder data environment;;;;MANUAL;Manual check;manual_check;manual;False;Manual check;PCI;Payment Card Industry Data Security Standard (PCI DSS) v3.2.1;
aws;The Payment Card Industry Data Security Standard (PCI DSS) is a proprietary information security standard. It's administered by the PCI Security Standards Council, which was founded by American Express, Discover Financial Services, JCB International, MasterCard Worldwide, and Visa Inc. PCI DSS applies to entities that store, process, or transmit cardholder data (CHD) or sensitive authentication data (SAD). This includes, but isn't limited to, merchants, processors, acquirers, issuers, and service providers. The PCI DSS is mandated by the card brands and administered by the Payment Card Industry Security Standards Council.;;;2026-07-11 14:19:13.485135;1.2.2.b;While the running (or active) router configuration files include the current, secure settings, the start- up files (which are used when routers are re- started or booted) must be updated with the same secure settings to ensure these settings are applied when the start-up configuration is run. Because they only run occasionally, start-up configuration files are often forgotten and are not updated. When a router re-starts and loads a start-up configuration that has not been updated with the same secure settings as those in the running configuration, it may result in weaker rules that allow malicious individuals into the network.;Requirement 1: Install and maintain a firewall configuration to protect cardholder data;1.2.2 Secure and synchronize router configuration files;;;;MANUAL;Manual check;manual_check;manual;False;Manual check;PCI;Payment Card Industry Data Security Standard (PCI DSS) v3.2.1;
aws;The Payment Card Industry Data Security Standard (PCI DSS) is a proprietary information security standard. It's administered by the PCI Security Standards Council, which was founded by American Express, Discover Financial Services, JCB International, MasterCard Worldwide, and Visa Inc. PCI DSS applies to entities that store, process, or transmit cardholder data (CHD) or sensitive authentication data (SAD). This includes, but isn't limited to, merchants, processors, acquirers, issuers, and service providers. The PCI DSS is mandated by the card brands and administered by the Payment Card Industry Security Standards Council.;;;2026-07-11 14:19:13.485135;1.3.3;Normally a packet contains the IP address of the computer that originally sent it so other computers in the network know where the packet came from. Malicious individuals will often try to spoof (or imitate) the sending IP address so that the target system believes the packet is from a trusted source. Filtering packets coming into the network helps to, among other things, ensure packets are not “spoofed” to look like they are coming from an organization's own internal network.;Requirement 1: Install and maintain a firewall configuration to protect cardholder data;1.3 Examine firewall and router configurations-including but not limited to the choke router at the Internet, the DMZ router and firewall, the DMZ cardholder segment, the perimeter router, and the internal cardholder network segment-and perform the following to determine that there is no direct access between the Internet and system components in the internal cardholder network segment;;;;MANUAL;Manual check;manual_check;manual;False;Manual check;PCI;Payment Card Industry Data Security Standard (PCI DSS) v3.2.1;
aws;The Payment Card Industry Data Security Standard (PCI DSS) is a proprietary information security standard. It's administered by the PCI Security Standards Council, which was founded by American Express, Discover Financial Services, JCB International, MasterCard Worldwide, and Visa Inc. PCI DSS applies to entities that store, process, or transmit cardholder data (CHD) or sensitive authentication data (SAD). This includes, but isn't limited to, merchants, processors, acquirers, issuers, and service providers. The PCI DSS is mandated by the card brands and administered by the Payment Card Industry Security Standards Council.;;;2026-07-11 14:19:13.485135;3.5;Note: This requirement applies to keys used to encrypt stored cardholder data, and also applies to key-encrypting keys used to protect data-encrypting keys-such key- encrypting keys must be at least as strong as the data-encrypting key. Cryptographic keys must be strongly protected because those who obtain access will be able to decrypt data. Key-encrypting keys, if used, must be at least as strong as the data-encrypting key in order to ensure proper protection of the key that encrypts the data as well as the data encrypted with that key. The requirement to protect keys from disclosure and misuse applies to both data-encrypting keys and key-encrypting keys. Because one key- encrypting key may grant access to many data- encrypting keys, the key-encrypting keys require strong protection measures.;Requirement 3: Protect stored cardholder data;Requirement 3: Protect stored cardholder data;;;;MANUAL;Manual check;manual_check;manual;False;Manual check;PCI;Payment Card Industry Data Security Standard (PCI DSS) v3.2.1;
aws;The Payment Card Industry Data Security Standard (PCI DSS) is a proprietary information security standard. It's administered by the PCI Security Standards Council, which was founded by American Express, Discover Financial Services, JCB International, MasterCard Worldwide, and Visa Inc. PCI DSS applies to entities that store, process, or transmit cardholder data (CHD) or sensitive authentication data (SAD). This includes, but isn't limited to, merchants, processors, acquirers, issuers, and service providers. The PCI DSS is mandated by the card brands and administered by the Payment Card Industry Security Standards Council.;;;2026-07-11 14:19:13.485135;3.5.2;There should be very few who have access to cryptographic keys (reducing the potential for rending cardholder data visible by unauthorized parties), usually only those who have key custodian responsibilities.;Requirement 3: Protect stored cardholder data;3.5 Document and implement procedures to protect keys used to secure stored cardholder data against disclosure and misuse;;;;MANUAL;Manual check;manual_check;manual;False;Manual check;PCI;Payment Card Industry Data Security Standard (PCI DSS) v3.2.1;
aws;The Payment Card Industry Data Security Standard (PCI DSS) is a proprietary information security standard. It's administered by the PCI Security Standards Council, which was founded by American Express, Discover Financial Services, JCB International, MasterCard Worldwide, and Visa Inc. PCI DSS applies to entities that store, process, or transmit cardholder data (CHD) or sensitive authentication data (SAD). This includes, but isn't limited to, merchants, processors, acquirers, issuers, and service providers. The PCI DSS is mandated by the card brands and administered by the Payment Card Industry Security Standards Council.;;;2026-07-11 14:19:13.485135;3.6;Note: Numerous industry standards for key management are available from various resources including NIST, which can be found at http://csrc.nist.gov. The manner in which cryptographic keys are managed is a critical part of the continued security of the encryption solution. A good key- management process, whether it is manual or automated as part of the encryption product, is based on industry standards and addresses all key elements at 3.6.1 through 3.6.8. Providing guidance to customers on how to securely transmit, store and update cryptographic keys can help prevent keys from being mismanaged or disclosed to unauthorized entities. This requirement applies to keys used to encrypt stored cardholder data, and any respective key- encrypting keys. Note: Testing Procedure 3.6.a is an additional procedure that only applies if the entity being assessed is a service provider.;Requirement 3: Protect stored cardholder data;Requirement 3: Protect stored cardholder data;;;;MANUAL;Manual check;manual_check;manual;False;Manual check;PCI;Payment Card Industry Data Security Standard (PCI DSS) v3.2.1;
aws;The Payment Card Industry Data Security Standard (PCI DSS) is a proprietary information security standard. It's administered by the PCI Security Standards Council, which was founded by American Express, Discover Financial Services, JCB International, MasterCard Worldwide, and Visa Inc. PCI DSS applies to entities that store, process, or transmit cardholder data (CHD) or sensitive authentication data (SAD). This includes, but isn't limited to, merchants, processors, acquirers, issuers, and service providers. The PCI DSS is mandated by the card brands and administered by the Payment Card Industry Security Standards Council.;;;2026-07-11 14:19:13.485135;3.6.4;A cryptoperiod is the time span during which a particular cryptographic key can be used for its defined purpose. Considerations for defining the cryptoperiod include, but are not limited to, the strength of the underlying algorithm, size or length of the key, risk of key compromise, and the sensitivity of the data being encrypted. Periodic changing of encryption keys when the keys have reached the end of their cryptoperiod is imperative to minimize the risk of someone's obtaining the encryption keys, and using them to decrypt data.;Requirement 3: Protect stored cardholder data;3.6 Fully document and implement all key-management processes and procedures for cryptographic keys used for encryption of cardholder data;;;;MANUAL;Manual check;manual_check;manual;False;Manual check;PCI;Payment Card Industry Data Security Standard (PCI DSS) v3.2.1;
aws;The Payment Card Industry Data Security Standard (PCI DSS) is a proprietary information security standard. It's administered by the PCI Security Standards Council, which was founded by American Express, Discover Financial Services, JCB International, MasterCard Worldwide, and Visa Inc. PCI DSS applies to entities that store, process, or transmit cardholder data (CHD) or sensitive authentication data (SAD). This includes, but isn't limited to, merchants, processors, acquirers, issuers, and service providers. The PCI DSS is mandated by the card brands and administered by the Payment Card Industry Security Standards Council.;;;2026-07-11 14:19:13.485135;3.6.4.a;A cryptoperiod is the time span during which a particular cryptographic key can be used for its defined purpose. Considerations for defining the cryptoperiod include, but are not limited to, the strength of the underlying algorithm, size or length of the key, risk of key compromise, and the sensitivity of the data being encrypted. Periodic changing of encryption keys when the keys have reached the end of their cryptoperiod is imperative to minimize the risk of someone’s obtaining the encryption keys, and using them to decrypt data.;Requirement 3: Protect stored cardholder data;3.6.4 Cryptographic key changes for keys that have reached the end of their cryptoperiod (for example, after a defined period of time has passed and/or after a certain amount of cipher-text has been produced by a given key), as defined by the associated application vendor or key owner, and based on industry best practices and guidelines;;;;MANUAL;Manual check;manual_check;manual;False;Manual check;PCI;Payment Card Industry Data Security Standard (PCI DSS) v3.2.1;
aws;The Payment Card Industry Data Security Standard (PCI DSS) is a proprietary information security standard. It's administered by the PCI Security Standards Council, which was founded by American Express, Discover Financial Services, JCB International, MasterCard Worldwide, and Visa Inc. PCI DSS applies to entities that store, process, or transmit cardholder data (CHD) or sensitive authentication data (SAD). This includes, but isn't limited to, merchants, processors, acquirers, issuers, and service providers. The PCI DSS is mandated by the card brands and administered by the Payment Card Industry Security Standards Council.;;;2026-07-11 14:19:13.485135;6.1;The intent of this requirement is that organizations keep up to date with new vulnerabilities that may impact their environment. Sources for vulnerability information should be trustworthy and often include vendor websites, industry news groups, mailing list, or RSS feeds. Once an organization identifies a vulnerability that could affect their environment, the risk that the vulnerability poses must be evaluated and ranked. The organization must therefore have a method in place to evaluate vulnerabilities on an ongoing basis and assign risk rankings to those vulnerabilities. This is not achieved by an ASV scan or internal vulnerability scan, rather this requires a process to actively monitor industry sources for vulnerability information. Classifying the risks (for example, as “high,” “medium,” or “low”) allows organizations to identify, prioritize, and address the highest risk items more quickly and reduce the likelihood that vulnerabilities posing the greatest risk will be exploited.;Requirement 6: Develop and maintain secure systems and applications;Requirement 6: Develop and maintain secure systems and applications;;;;MANUAL;Manual check;manual_check;manual;False;Manual check;PCI;Payment Card Industry Data Security Standard (PCI DSS) v3.2.1;
aws;The Payment Card Industry Data Security Standard (PCI DSS) is a proprietary information security standard. It's administered by the PCI Security Standards Council, which was founded by American Express, Discover Financial Services, JCB International, MasterCard Worldwide, and Visa Inc. PCI DSS applies to entities that store, process, or transmit cardholder data (CHD) or sensitive authentication data (SAD). This includes, but isn't limited to, merchants, processors, acquirers, issuers, and service providers. The PCI DSS is mandated by the card brands and administered by the Payment Card Industry Security Standards Council.;;;2026-07-11 14:19:13.485135;6.1.b;The intent of this requirement is that organizations keep up to date with new vulnerabilities that may impact their environment. Sources for vulnerability information should be trustworthy and often include vendor websites, industry news groups, mailing list, or RSS feeds. Once an organization identifies a vulnerability that could affect their environment, the risk that the vulnerability poses must be evaluated and ranked. The organization must therefore have a method in place to evaluate vulnerabilities on an ongoing basis and assign risk rankings to those vulnerabilities. This is not achieved by an ASV scan or internal vulnerability scan, rather this requires a process to actively monitor industry sources for vulnerability information. Classifying the risks (for example, as “high,” “medium,” or “low”) allows organizations to identify, prioritize, and address the highest risk items more quickly and reduce the likelihood that vulnerabilities posing the greatest risk will be exploited.;Requirement 6: Develop and maintain secure systems and applications;6.1 Establish a process to identify security vulnerabilities, using reputable outside sources for security vulnerability information, and assign a risk ranking (for example, as “high,” “medium,” or “low”) to newly discovered security vulnerabilities;;;;MANUAL;Manual check;manual_check;manual;False;Manual check;PCI;Payment Card Industry Data Security Standard (PCI DSS) v3.2.1;
aws;The Payment Card Industry Data Security Standard (PCI DSS) is a proprietary information security standard. It's administered by the PCI Security Standards Council, which was founded by American Express, Discover Financial Services, JCB International, MasterCard Worldwide, and Visa Inc. PCI DSS applies to entities that store, process, or transmit cardholder data (CHD) or sensitive authentication data (SAD). This includes, but isn't limited to, merchants, processors, acquirers, issuers, and service providers. The PCI DSS is mandated by the card brands and administered by the Payment Card Industry Security Standards Council.;;;2026-07-11 14:19:13.485135;6.3.2;Custom code prior to release to production should include the following: code changes are reviewed by individuals other than the originating code author, and by individuals knowledgeable about code-review techniques and secure coding practices, code reviews ensure code is developed according to secure coding guidelines, appropriate corrections are implemented prior to release, code-review results are reviewed and approved by management prior to release and security vulnerabilities in custom code are commonly exploited by malicious individuals to gain access to a network and compromise cardholder data. An individual knowledgeable and experienced in code-review techniques should be involved in the review process. Code reviews should be performed by someone other than the developer of the code to allow for an independent, objective review. Automated tools or processes may also be used in lieu of manual reviews, but keep in mind that it may be difficult or even impossible for an automated tool to identify some coding issues. Correcting coding errors before the code is deployed into a production environment or released to customers prevents the code exposing the environments to potential exploit. Faulty code is also far more difficult and expensive to address after it has been deployed or released into production environments. Including a formal review and signoff by management prior to release helps to ensure that code is approved and has been developed in accordance with policies and procedures.;Requirement 6: Develop and maintain secure systems and applications;6.3 Develop internal and external software applications (including web-based administrative access to applications) securely;;;;MANUAL;Manual check;manual_check;manual;False;Manual check;PCI;Payment Card Industry Data Security Standard (PCI DSS) v3.2.1;
aws;The Payment Card Industry Data Security Standard (PCI DSS) is a proprietary information security standard. It's administered by the PCI Security Standards Council, which was founded by American Express, Discover Financial Services, JCB International, MasterCard Worldwide, and Visa Inc. PCI DSS applies to entities that store, process, or transmit cardholder data (CHD) or sensitive authentication data (SAD). This includes, but isn't limited to, merchants, processors, acquirers, issuers, and service providers. The PCI DSS is mandated by the card brands and administered by the Payment Card Industry Security Standards Council.;;;2026-07-11 14:19:13.485135;6.3.2.b;Security vulnerabilities in custom code are commonly exploited by malicious individuals to gain access to a network and compromise cardholder data. An individual knowledgeable and experienced in code-review techniques should be involved in the review process. Code reviews should be performed by someone other than the developer of the code to allow for an independent, objective review. Automated tools or processes may also be used in lieu of manual reviews, but keep in mind that it may be difficult or even impossible for an automated tool to identify some coding issues. Correcting coding errors before the code is deployed into a production environment or released to customers prevents the code exposing the environments to potential exploit. Faulty code is also far more difficult and expensive to address after it has been deployed or released into production environments. Including a formal review and signoff by management prior to release helps to ensure that code is approved and has been developed in accordance with policies and procedures.;Requirement 6: Develop and maintain secure systems and applications;6.3.2 Review custom code prior to release to production or customers in order to identify any potential coding vulnerability (using either manual or automated processes);;;;MANUAL;Manual check;manual_check;manual;False;Manual check;PCI;Payment Card Industry Data Security Standard (PCI DSS) v3.2.1;
aws;The Payment Card Industry Data Security Standard (PCI DSS) is a proprietary information security standard. It's administered by the PCI Security Standards Council, which was founded by American Express, Discover Financial Services, JCB International, MasterCard Worldwide, and Visa Inc. PCI DSS applies to entities that store, process, or transmit cardholder data (CHD) or sensitive authentication data (SAD). This includes, but isn't limited to, merchants, processors, acquirers, issuers, and service providers. The PCI DSS is mandated by the card brands and administered by the Payment Card Industry Security Standards Council.;;;2026-07-11 14:19:13.485135;6.5;Common coding vulnerabilities in software-development processes as follows: train developers at least annually in up- to-date secure coding techniques, including how to avoid common coding vulnerabilities, develop applications based on secure coding guidelines. Note: The vulnerabilities listed at 6.5.1 through 6.5.10 were current with industry best practices when this version of PCI DSS was published. However, as industry best practices for vulnerability management are updated (for example, the OWASP Guide, SANS CWE Top 25, CERT Secure Coding, etc.), the current best practices must be used for these requirements. The application layer is high-risk and may be targeted by both internal and external threats. Requirements 6.5.1 through 6.5.10 are the minimum controls that should be in place, and organizations should incorporate the relevant secure coding practices as applicable to the particular technology in their environment. Application developers should be properly trained to identify and resolve issues related to these (and other) common coding vulnerabilities. Having staff knowledgeable of secure coding guidelines should minimize the number of security vulnerabilities introduced through poor coding practices. Training for developers may be provided in-house or by third parties and should be applicable for technology used. As industry-accepted secure coding practices change, organizational coding practices and developer training should likewise be updated to address new threats-for example, memory scraping attacks. The vulnerabilities identified in 6.5.1 through 6.5.10 provide a minimum baseline. It is up to the organization to remain up to date with vulnerability trends and incorporate appropriate measures into their secure coding practices.;Requirement 6: Develop and maintain secure systems and applications;Requirement 6: Develop and maintain secure systems and applications;;;;MANUAL;Manual check;manual_check;manual;False;Manual check;PCI;Payment Card Industry Data Security Standard (PCI DSS) v3.2.1;
aws;The Payment Card Industry Data Security Standard (PCI DSS) is a proprietary information security standard. It's administered by the PCI Security Standards Council, which was founded by American Express, Discover Financial Services, JCB International, MasterCard Worldwide, and Visa Inc. PCI DSS applies to entities that store, process, or transmit cardholder data (CHD) or sensitive authentication data (SAD). This includes, but isn't limited to, merchants, processors, acquirers, issuers, and service providers. The PCI DSS is mandated by the card brands and administered by the Payment Card Industry Security Standards Council.;;;2026-07-11 14:19:13.485135;6.5.8;Directory traversal-is addressed by coding technique should include: proper authentication of users, sanitizing input, not exposing internal object references to users and user interfaces that do not permit access to unauthorized functions. A direct object reference occurs when a developer exposes a reference to an internal implementation object, such as a file, directory, database record, or key, as a URL or form parameter. Attackers can manipulate those references to access other objects without authorization. Consistently enforce access control in presentation layer and business logic for all URLs. Frequently, the only way an application protects sensitive functionality is by preventing the display of links or URLs to unauthorized users. Attackers can use this weakness to access and perform unauthorized operations by accessing those URLs directly. An attacker may be able to enumerate and navigate the directory structure of a website (directory traversal) thus gaining access to unauthorized information as well as gaining further insight into the workings of the site for later exploitation. If user interfaces permit access to unauthorized functions, this access could result in unauthorized individuals gaining access to privileged credentials or cardholder data. Only authorized users should be permitted to access direct object references to sensitive resources. Limiting access to data resources will help prevent cardholder data from being presented to unauthorized resources.;Requirement 6: Develop and maintain secure systems and applications;6.5 Address common coding vulnerabilities in software-development processes like train developers at least annually in up-to-date secure coding techniques etc;;;;MANUAL;Manual check;manual_check;manual;False;Manual check;PCI;Payment Card Industry Data Security Standard (PCI DSS) v3.2.1;
aws;The Payment Card Industry Data Security Standard (PCI DSS) is a proprietary information security standard. It's administered by the PCI Security Standards Council, which was founded by American Express, Discover Financial Services, JCB International, MasterCard Worldwide, and Visa Inc. PCI DSS applies to entities that store, process, or transmit cardholder data (CHD) or sensitive authentication data (SAD). This includes, but isn't limited to, merchants, processors, acquirers, issuers, and service providers. The PCI DSS is mandated by the card brands and administered by the Payment Card Industry Security Standards Council.;;;2026-07-11 14:19:13.485135;8.1.5;Allowing vendors to have 24/7 access into your network in case they need to support your systems increases the chances of unauthorized access, either from a user in the vendor's environment or from a malicious individual who finds and uses this always-available external entry point into your network. Enabling access only for the time periods needed, and disabling it as soon as it is no longer needed, helps prevent misuse of these connections. Monitoring of vendor access provides assurance that vendors are accessing only the systems necessary and only during approved time frames.;Requirement 8: Identify and authenticate access to system components;8.1 Define and implement policies and procedures to ensure proper user identification management for non-consumer users and administrators;;;;MANUAL;Manual check;manual_check;manual;False;Manual check;PCI;Payment Card Industry Data Security Standard (PCI DSS) v3.2.1;
aws;The Payment Card Industry Data Security Standard (PCI DSS) is a proprietary information security standard. It's administered by the PCI Security Standards Council, which was founded by American Express, Discover Financial Services, JCB International, MasterCard Worldwide, and Visa Inc. PCI DSS applies to entities that store, process, or transmit cardholder data (CHD) or sensitive authentication data (SAD). This includes, but isn't limited to, merchants, processors, acquirers, issuers, and service providers. The PCI DSS is mandated by the card brands and administered by the Payment Card Industry Security Standards Council.;;;2026-07-11 14:19:13.485135;8.1.5.a;Allowing vendors to have 24/7 access into your network in case they need to support your systems increases the chances of unauthorized access, either from a user in the vendor's environment or from a malicious individual who finds and uses this always-available external entry point into your network. Enabling access only for the time periods needed, and disabling it as soon as it is no longer needed, helps prevent misuse of these connections. Monitoring of vendor access provides assurance that vendors are accessing only the systems necessary and only during approved time frames.;Requirement 8: Identify and authenticate access to system components;8.1.5 Manage IDs used by third parties to access, support, or maintain system components via remote access by enabling only during the time period needed and disabled when not in use;;;;MANUAL;Manual check;manual_check;manual;False;Manual check;PCI;Payment Card Industry Data Security Standard (PCI DSS) v3.2.1;
aws;The Payment Card Industry Data Security Standard (PCI DSS) is a proprietary information security standard. It's administered by the PCI Security Standards Council, which was founded by American Express, Discover Financial Services, JCB International, MasterCard Worldwide, and Visa Inc. PCI DSS applies to entities that store, process, or transmit cardholder data (CHD) or sensitive authentication data (SAD). This includes, but isn't limited to, merchants, processors, acquirers, issuers, and service providers. The PCI DSS is mandated by the card brands and administered by the Payment Card Industry Security Standards Council.;;;2026-07-11 14:19:13.485135;8.2.1.b;Many network devices and applications transmit unencrypted, readable passwords across the network and/or store passwords without encryption. A malicious individual can easily intercept unencrypted passwords during transmission using a “sniffer,” or directly access unencrypted passwords in files where they are stored, and use this data to gain unauthorized access. Note: Testing Procedures 8.2.1.d and 8.2.1.e are additional procedures that only apply if the entity being assessed is a service provider.;Requirement 8: Identify and authenticate access to system components;8.2.1 Using strong cryptography, render all authentication credentials (such as passwords/phrases) unreadable during transmission and storage on all system components;;;;MANUAL;Manual check;manual_check;manual;False;Manual check;PCI;Payment Card Industry Data Security Standard (PCI DSS) v3.2.1;
aws;The Payment Card Industry Data Security Standard (PCI DSS) is a proprietary information security standard. It's administered by the PCI Security Standards Council, which was founded by American Express, Discover Financial Services, JCB International, MasterCard Worldwide, and Visa Inc. PCI DSS applies to entities that store, process, or transmit cardholder data (CHD) or sensitive authentication data (SAD). This includes, but isn't limited to, merchants, processors, acquirers, issuers, and service providers. The PCI DSS is mandated by the card brands and administered by the Payment Card Industry Security Standards Council.;;;2026-07-11 14:19:13.485135;8.2.1.c;Many network devices and applications transmit unencrypted, readable passwords across the network and/or store passwords without encryption. A malicious individual can easily intercept unencrypted passwords during transmission using a “sniffer,” or directly access unencrypted passwords in files where they are stored, and use this data to gain unauthorized access. Note: Testing Procedures 8.2.1.d and 8.2.1.e are additional procedures that only apply if the entity being assessed is a service provider.;Requirement 8: Identify and authenticate access to system components;8.2.1 Using strong cryptography, render all authentication credentials (such as passwords/phrases) unreadable during transmission and storage on all system components;;;;MANUAL;Manual check;manual_check;manual;False;Manual check;PCI;Payment Card Industry Data Security Standard (PCI DSS) v3.2.1;
aws;The Payment Card Industry Data Security Standard (PCI DSS) is a proprietary information security standard. It's administered by the PCI Security Standards Council, which was founded by American Express, Discover Financial Services, JCB International, MasterCard Worldwide, and Visa Inc. PCI DSS applies to entities that store, process, or transmit cardholder data (CHD) or sensitive authentication data (SAD). This includes, but isn't limited to, merchants, processors, acquirers, issuers, and service providers. The PCI DSS is mandated by the card brands and administered by the Payment Card Industry Security Standards Council.;;;2026-07-11 14:19:13.485135;8.5;Generic user IDs are disabled or removed. Shared user IDs do not exist for system administration and other critical functions. Shared and generic user IDs are not used to administer any system components. If multiple users share the same authentication credentials (for example, user account and password), it becomes impossible to trace system access and activities to an individual. This in turn prevents an entity from assigning accountability for, or having effective logging of, an individual's actions, since a given action could have been performed by anyone in the group that has knowledge of the authentication credentials.;Requirement 8: Identify and authenticate access to system components;Requirement 8: Identify and authenticate access to system components;;;;MANUAL;Manual check;manual_check;manual;False;Manual check;PCI;Payment Card Industry Data Security Standard (PCI DSS) v3.2.1;
aws;The Payment Card Industry Data Security Standard (PCI DSS) is a proprietary information security standard. It's administered by the PCI Security Standards Council, which was founded by American Express, Discover Financial Services, JCB International, MasterCard Worldwide, and Visa Inc. PCI DSS applies to entities that store, process, or transmit cardholder data (CHD) or sensitive authentication data (SAD). This includes, but isn't limited to, merchants, processors, acquirers, issuers, and service providers. The PCI DSS is mandated by the card brands and administered by the Payment Card Industry Security Standards Council.;;;2026-07-11 14:19:13.485135;8.5.a;Generic user IDs are disabled or removed.  Shared user IDs for system administration activities and other critical functions do not exist.  Shared and generic user IDs are not used to administer any system components. If multiple users share the same authentication credentials (for example, user account and password), it becomes impossible to trace system access and activities to an individual. This in turn prevents an entity from assigning accountability for, or having effective logging of, an individual's actions, since a given action could have been performed by anyone in the group that has knowledge of the authentication credentials.;Requirement 8: Identify and authenticate access to system components;8.5 Do not use group, shared, or generic IDs, passwords, or other authentication methods;;;;MANUAL;Manual check;manual_check;manual;False;Manual check;PCI;Payment Card Industry Data Security Standard (PCI DSS) v3.2.1;
aws;The Payment Card Industry Data Security Standard (PCI DSS) is a proprietary information security standard. It's administered by the PCI Security Standards Council, which was founded by American Express, Discover Financial Services, JCB International, MasterCard Worldwide, and Visa Inc. PCI DSS applies to entities that store, process, or transmit cardholder data (CHD) or sensitive authentication data (SAD). This includes, but isn't limited to, merchants, processors, acquirers, issuers, and service providers. The PCI DSS is mandated by the card brands and administered by the Payment Card Industry Security Standards Council.;;;2026-07-11 14:19:13.485135;10.2.5;Without knowing who was logged on at the time of an incident, it is impossible to identify the accounts that may have been used. Additionally, malicious users may attempt to manipulate the authentication controls with the intent of bypassing them or impersonating a valid account.;Requirement 10: Track and monitor all access to network resources and cardholder data;10.2 Through interviews of responsible personnel, observation of audit logs, and examination of audit log settings;;;;MANUAL;Manual check;manual_check;manual;False;Manual check;PCI;Payment Card Industry Data Security Standard (PCI DSS) v3.2.1;
aws;The Payment Card Industry Data Security Standard (PCI DSS) is a proprietary information security standard. It's administered by the PCI Security Standards Council, which was founded by American Express, Discover Financial Services, JCB International, MasterCard Worldwide, and Visa Inc. PCI DSS applies to entities that store, process, or transmit cardholder data (CHD) or sensitive authentication data (SAD). This includes, but isn't limited to, merchants, processors, acquirers, issuers, and service providers. The PCI DSS is mandated by the card brands and administered by the Payment Card Industry Security Standards Council.;;;2026-07-11 14:19:13.485135;10.2.5.a;Without knowing who was logged on at the time of an incident, it is impossible to identify the accounts that may have been used. Additionally, malicious users may attempt to manipulate the authentication controls with the intent of bypassing them or impersonating a valid account.;Requirement 10: Track and monitor all access to network resources and cardholder data;10.2.5 Use of and changes to identification and authentication mechanisms-including but not limited to creation of new accounts and elevation of privileges-and all changes, additions, or deletions to accounts with root or administrative privileges;;;;MANUAL;Manual check;manual_check;manual;False;Manual check;PCI;Payment Card Industry Data Security Standard (PCI DSS) v3.2.1;
aws;The Payment Card Industry Data Security Standard (PCI DSS) is a proprietary information security standard. It's administered by the PCI Security Standards Council, which was founded by American Express, Discover Financial Services, JCB International, MasterCard Worldwide, and Visa Inc. PCI DSS applies to entities that store, process, or transmit cardholder data (CHD) or sensitive authentication data (SAD). This includes, but isn't limited to, merchants, processors, acquirers, issuers, and service providers. The PCI DSS is mandated by the card brands and administered by the Payment Card Industry Security Standards Council.;;;2026-07-11 14:19:13.485135;10.8.1;Processes for responding to failures in security controls must include restoring security functions, identifying and documenting the duration (date and time start to end) of the security failure, identifying and documenting cause(s) of failure, including root cause, and documenting remediation required to address root cause, identifying and addressing any security issues that arose during the failure, performing a risk assessment to determine whether further actions are required as a result of the security failure, implementing controls to prevent cause of failure from reoccurring and resuming monitoring of security controls. Note: This requirement applies only when the entity being assessed is a service provider. If critical security control failures alerts are not quickly and effectively responded to, attackers may use this time to insert malicious software, gain control of a system, or steal data from the entity's environment. Documented evidence (e.g., records within a problem management system) should support that processes and procedures are in place to respond to security failures. In addition, personnel should be aware of their responsibilities in the event of a failure. Actions and responses to the failure should be captured in the documented evidence.;Requirement 10: Track and monitor all access to network resources and cardholder data;10.8 Additional requirement for service providers only to implement a process for the timely detection and reporting of failures of critical security control systems, including but not limited to failure of firewalls, IDS/IPS, FIM, anti-virus, physical access controls, logical access controls, audit logging mechanisms and segmentation controls;;;;MANUAL;Manual check;manual_check;manual;False;Manual check;PCI;Payment Card Industry Data Security Standard (PCI DSS) v3.2.1;
aws;The Payment Card Industry Data Security Standard (PCI DSS) is a proprietary information security standard. It's administered by the PCI Security Standards Council, which was founded by American Express, Discover Financial Services, JCB International, MasterCard Worldwide, and Visa Inc. PCI DSS applies to entities that store, process, or transmit cardholder data (CHD) or sensitive authentication data (SAD). This includes, but isn't limited to, merchants, processors, acquirers, issuers, and service providers. The PCI DSS is mandated by the card brands and administered by the Payment Card Industry Security Standards Council.;;;2026-07-11 14:19:13.485135;10.8.1.a;This include restoring security functions, identifying and documenting the duration (date and time start to end) of the security failure, identifying and documenting cause(s) of failure, including root cause, and documenting remediation required to address root cause, identifying and addressing any security issues that arose during the failure, performing a risk assessment to determine whether further actions are required as a result of the security failure, implementing controls to prevent cause of failure from reoccurring and resuming monitoring of security controls. Note: This requirement applies only when the entity being assessed is a service provider. If critical security control failures alerts are not quickly and effectively responded to, attackers may use this time to insert malicious software, gain control of a system, or steal data from the entity's environment. Documented evidence (e.g., records within a problem management system) should support that processes and procedures are in place to respond to security failures. In addition, personnel should be aware of their responsibilities in the event of a failure. Actions and responses to the failure should be captured in the documented evidence.;Requirement 10: Track and monitor all access to network resources and cardholder data;10.8.1 Additional requirement for service providers only: Respond to failures of any critical security controls in a timely manner;;;;MANUAL;Manual check;manual_check;manual;False;Manual check;PCI;Payment Card Industry Data Security Standard (PCI DSS) v3.2.1;
