PROVIDER;DESCRIPTION;ACCOUNTID;REGION;ASSESSMENTDATE;REQUIREMENTS_ID;REQUIREMENTS_DESCRIPTION;REQUIREMENTS_ATTRIBUTES_TITLE;REQUIREMENTS_ATTRIBUTES_SECTION;REQUIREMENTS_ATTRIBUTES_SUBSECTION;REQUIREMENTS_ATTRIBUTES_ATTRIBUTEDESCRIPTION;REQUIREMENTS_ATTRIBUTES_ADDITIONALINFORMATION;REQUIREMENTS_ATTRIBUTES_LEVELOFRISK;REQUIREMENTS_ATTRIBUTES_WEIGHT;STATUS;STATUSEXTENDED;RESOURCEID;RESOURCENAME;CHECKID;MUTED;FRAMEWORK;NAME
aws;Prowler ThreatScore Compliance Framework for AWS ensures that the AWS account is compliant taking into account four main pillars: Identity and Access Management, Attack Surface, Forensic Readiness and Encryption;735291151388;ap-northeast-1;2026-07-10 18:08:16.187152;1.2.6;Ensure that IAM Access Analyzer is enabled for all regions;Access Analyzer enabled;1. IAM;1.2 Authorization;Enable IAM Access Analyzer for all AWS regions to monitor IAM policies and identify resources with unintended external access. IAM Access Analyzer, introduced at AWS re:Invent 2019, scans resource-based policies and provides visibility into which resources-such as KMS keys, IAM roles, S3 buckets, Lambda functions, and SQS queues-are accessible by external accounts or federated users. This allows administrators to enforce least privilege access and mitigate unauthorized access risks. IAM Access Analyzer operates within the same AWS region as the resources being analyzed.;IAM Access Analyzer enhances security visibility by detecting AWS resources shared with external entities, helping organizations identify potential security risks and ensure compliance with least privilege principles. It continuously evaluates resource-based policies using logic-based analysis, allowing teams to promptly remediate misconfigurations that could lead to unauthorized access or data exposure.;2;8;FAIL;IAM Access Analyzer in account 735291151388 is not enabled.;arn:aws:accessanalyzer:ap-northeast-1:735291151388:analyzer/unknown;analyzer/unknown;accessanalyzer_enabled;False;ProwlerThreatScore;Prowler ThreatScore Compliance Framework for AWS
aws;Prowler ThreatScore Compliance Framework for AWS ensures that the AWS account is compliant taking into account four main pillars: Identity and Access Management, Attack Surface, Forensic Readiness and Encryption;735291151388;ap-southeast-1;2026-07-10 18:08:16.187152;1.2.6;Ensure that IAM Access Analyzer is enabled for all regions;Access Analyzer enabled;1. IAM;1.2 Authorization;Enable IAM Access Analyzer for all AWS regions to monitor IAM policies and identify resources with unintended external access. IAM Access Analyzer, introduced at AWS re:Invent 2019, scans resource-based policies and provides visibility into which resources-such as KMS keys, IAM roles, S3 buckets, Lambda functions, and SQS queues-are accessible by external accounts or federated users. This allows administrators to enforce least privilege access and mitigate unauthorized access risks. IAM Access Analyzer operates within the same AWS region as the resources being analyzed.;IAM Access Analyzer enhances security visibility by detecting AWS resources shared with external entities, helping organizations identify potential security risks and ensure compliance with least privilege principles. It continuously evaluates resource-based policies using logic-based analysis, allowing teams to promptly remediate misconfigurations that could lead to unauthorized access or data exposure.;2;8;FAIL;IAM Access Analyzer in account 735291151388 is not enabled.;arn:aws:accessanalyzer:ap-southeast-1:735291151388:analyzer/unknown;analyzer/unknown;accessanalyzer_enabled;False;ProwlerThreatScore;Prowler ThreatScore Compliance Framework for AWS
aws;Prowler ThreatScore Compliance Framework for AWS ensures that the AWS account is compliant taking into account four main pillars: Identity and Access Management, Attack Surface, Forensic Readiness and Encryption;735291151388;ca-central-1;2026-07-10 18:08:16.187152;1.2.6;Ensure that IAM Access Analyzer is enabled for all regions;Access Analyzer enabled;1. IAM;1.2 Authorization;Enable IAM Access Analyzer for all AWS regions to monitor IAM policies and identify resources with unintended external access. IAM Access Analyzer, introduced at AWS re:Invent 2019, scans resource-based policies and provides visibility into which resources-such as KMS keys, IAM roles, S3 buckets, Lambda functions, and SQS queues-are accessible by external accounts or federated users. This allows administrators to enforce least privilege access and mitigate unauthorized access risks. IAM Access Analyzer operates within the same AWS region as the resources being analyzed.;IAM Access Analyzer enhances security visibility by detecting AWS resources shared with external entities, helping organizations identify potential security risks and ensure compliance with least privilege principles. It continuously evaluates resource-based policies using logic-based analysis, allowing teams to promptly remediate misconfigurations that could lead to unauthorized access or data exposure.;2;8;FAIL;IAM Access Analyzer in account 735291151388 is not enabled.;arn:aws:accessanalyzer:ca-central-1:735291151388:analyzer/unknown;analyzer/unknown;accessanalyzer_enabled;False;ProwlerThreatScore;Prowler ThreatScore Compliance Framework for AWS
aws;Prowler ThreatScore Compliance Framework for AWS ensures that the AWS account is compliant taking into account four main pillars: Identity and Access Management, Attack Surface, Forensic Readiness and Encryption;735291151388;eu-central-1;2026-07-10 18:08:16.187152;1.2.6;Ensure that IAM Access Analyzer is enabled for all regions;Access Analyzer enabled;1. IAM;1.2 Authorization;Enable IAM Access Analyzer for all AWS regions to monitor IAM policies and identify resources with unintended external access. IAM Access Analyzer, introduced at AWS re:Invent 2019, scans resource-based policies and provides visibility into which resources-such as KMS keys, IAM roles, S3 buckets, Lambda functions, and SQS queues-are accessible by external accounts or federated users. This allows administrators to enforce least privilege access and mitigate unauthorized access risks. IAM Access Analyzer operates within the same AWS region as the resources being analyzed.;IAM Access Analyzer enhances security visibility by detecting AWS resources shared with external entities, helping organizations identify potential security risks and ensure compliance with least privilege principles. It continuously evaluates resource-based policies using logic-based analysis, allowing teams to promptly remediate misconfigurations that could lead to unauthorized access or data exposure.;2;8;FAIL;IAM Access Analyzer in account 735291151388 is not enabled.;arn:aws:accessanalyzer:eu-central-1:735291151388:analyzer/unknown;analyzer/unknown;accessanalyzer_enabled;False;ProwlerThreatScore;Prowler ThreatScore Compliance Framework for AWS
aws;Prowler ThreatScore Compliance Framework for AWS ensures that the AWS account is compliant taking into account four main pillars: Identity and Access Management, Attack Surface, Forensic Readiness and Encryption;735291151388;eu-north-1;2026-07-10 18:08:16.187152;1.2.6;Ensure that IAM Access Analyzer is enabled for all regions;Access Analyzer enabled;1. IAM;1.2 Authorization;Enable IAM Access Analyzer for all AWS regions to monitor IAM policies and identify resources with unintended external access. IAM Access Analyzer, introduced at AWS re:Invent 2019, scans resource-based policies and provides visibility into which resources-such as KMS keys, IAM roles, S3 buckets, Lambda functions, and SQS queues-are accessible by external accounts or federated users. This allows administrators to enforce least privilege access and mitigate unauthorized access risks. IAM Access Analyzer operates within the same AWS region as the resources being analyzed.;IAM Access Analyzer enhances security visibility by detecting AWS resources shared with external entities, helping organizations identify potential security risks and ensure compliance with least privilege principles. It continuously evaluates resource-based policies using logic-based analysis, allowing teams to promptly remediate misconfigurations that could lead to unauthorized access or data exposure.;2;8;FAIL;IAM Access Analyzer in account 735291151388 is not enabled.;arn:aws:accessanalyzer:eu-north-1:735291151388:analyzer/unknown;analyzer/unknown;accessanalyzer_enabled;False;ProwlerThreatScore;Prowler ThreatScore Compliance Framework for AWS
aws;Prowler ThreatScore Compliance Framework for AWS ensures that the AWS account is compliant taking into account four main pillars: Identity and Access Management, Attack Surface, Forensic Readiness and Encryption;735291151388;eu-west-2;2026-07-10 18:08:16.187152;1.2.6;Ensure that IAM Access Analyzer is enabled for all regions;Access Analyzer enabled;1. IAM;1.2 Authorization;Enable IAM Access Analyzer for all AWS regions to monitor IAM policies and identify resources with unintended external access. IAM Access Analyzer, introduced at AWS re:Invent 2019, scans resource-based policies and provides visibility into which resources-such as KMS keys, IAM roles, S3 buckets, Lambda functions, and SQS queues-are accessible by external accounts or federated users. This allows administrators to enforce least privilege access and mitigate unauthorized access risks. IAM Access Analyzer operates within the same AWS region as the resources being analyzed.;IAM Access Analyzer enhances security visibility by detecting AWS resources shared with external entities, helping organizations identify potential security risks and ensure compliance with least privilege principles. It continuously evaluates resource-based policies using logic-based analysis, allowing teams to promptly remediate misconfigurations that could lead to unauthorized access or data exposure.;2;8;FAIL;IAM Access Analyzer in account 735291151388 is not enabled.;arn:aws:accessanalyzer:eu-west-2:735291151388:analyzer/unknown;analyzer/unknown;accessanalyzer_enabled;False;ProwlerThreatScore;Prowler ThreatScore Compliance Framework for AWS
aws;Prowler ThreatScore Compliance Framework for AWS ensures that the AWS account is compliant taking into account four main pillars: Identity and Access Management, Attack Surface, Forensic Readiness and Encryption;735291151388;eu-west-3;2026-07-10 18:08:16.187152;1.2.6;Ensure that IAM Access Analyzer is enabled for all regions;Access Analyzer enabled;1. IAM;1.2 Authorization;Enable IAM Access Analyzer for all AWS regions to monitor IAM policies and identify resources with unintended external access. IAM Access Analyzer, introduced at AWS re:Invent 2019, scans resource-based policies and provides visibility into which resources-such as KMS keys, IAM roles, S3 buckets, Lambda functions, and SQS queues-are accessible by external accounts or federated users. This allows administrators to enforce least privilege access and mitigate unauthorized access risks. IAM Access Analyzer operates within the same AWS region as the resources being analyzed.;IAM Access Analyzer enhances security visibility by detecting AWS resources shared with external entities, helping organizations identify potential security risks and ensure compliance with least privilege principles. It continuously evaluates resource-based policies using logic-based analysis, allowing teams to promptly remediate misconfigurations that could lead to unauthorized access or data exposure.;2;8;FAIL;IAM Access Analyzer in account 735291151388 is not enabled.;arn:aws:accessanalyzer:eu-west-3:735291151388:analyzer/unknown;analyzer/unknown;accessanalyzer_enabled;False;ProwlerThreatScore;Prowler ThreatScore Compliance Framework for AWS
aws;Prowler ThreatScore Compliance Framework for AWS ensures that the AWS account is compliant taking into account four main pillars: Identity and Access Management, Attack Surface, Forensic Readiness and Encryption;735291151388;sa-east-1;2026-07-10 18:08:16.187152;1.2.6;Ensure that IAM Access Analyzer is enabled for all regions;Access Analyzer enabled;1. IAM;1.2 Authorization;Enable IAM Access Analyzer for all AWS regions to monitor IAM policies and identify resources with unintended external access. IAM Access Analyzer, introduced at AWS re:Invent 2019, scans resource-based policies and provides visibility into which resources-such as KMS keys, IAM roles, S3 buckets, Lambda functions, and SQS queues-are accessible by external accounts or federated users. This allows administrators to enforce least privilege access and mitigate unauthorized access risks. IAM Access Analyzer operates within the same AWS region as the resources being analyzed.;IAM Access Analyzer enhances security visibility by detecting AWS resources shared with external entities, helping organizations identify potential security risks and ensure compliance with least privilege principles. It continuously evaluates resource-based policies using logic-based analysis, allowing teams to promptly remediate misconfigurations that could lead to unauthorized access or data exposure.;2;8;FAIL;IAM Access Analyzer in account 735291151388 is not enabled.;arn:aws:accessanalyzer:sa-east-1:735291151388:analyzer/unknown;analyzer/unknown;accessanalyzer_enabled;False;ProwlerThreatScore;Prowler ThreatScore Compliance Framework for AWS
aws;Prowler ThreatScore Compliance Framework for AWS ensures that the AWS account is compliant taking into account four main pillars: Identity and Access Management, Attack Surface, Forensic Readiness and Encryption;735291151388;us-east-2;2026-07-10 18:08:16.187152;1.2.6;Ensure that IAM Access Analyzer is enabled for all regions;Access Analyzer enabled;1. IAM;1.2 Authorization;Enable IAM Access Analyzer for all AWS regions to monitor IAM policies and identify resources with unintended external access. IAM Access Analyzer, introduced at AWS re:Invent 2019, scans resource-based policies and provides visibility into which resources-such as KMS keys, IAM roles, S3 buckets, Lambda functions, and SQS queues-are accessible by external accounts or federated users. This allows administrators to enforce least privilege access and mitigate unauthorized access risks. IAM Access Analyzer operates within the same AWS region as the resources being analyzed.;IAM Access Analyzer enhances security visibility by detecting AWS resources shared with external entities, helping organizations identify potential security risks and ensure compliance with least privilege principles. It continuously evaluates resource-based policies using logic-based analysis, allowing teams to promptly remediate misconfigurations that could lead to unauthorized access or data exposure.;2;8;FAIL;IAM Access Analyzer in account 735291151388 is not enabled.;arn:aws:accessanalyzer:us-east-2:735291151388:analyzer/unknown;analyzer/unknown;accessanalyzer_enabled;False;ProwlerThreatScore;Prowler ThreatScore Compliance Framework for AWS
aws;Prowler ThreatScore Compliance Framework for AWS ensures that the AWS account is compliant taking into account four main pillars: Identity and Access Management, Attack Surface, Forensic Readiness and Encryption;735291151388;us-west-1;2026-07-10 18:08:16.187152;1.2.6;Ensure that IAM Access Analyzer is enabled for all regions;Access Analyzer enabled;1. IAM;1.2 Authorization;Enable IAM Access Analyzer for all AWS regions to monitor IAM policies and identify resources with unintended external access. IAM Access Analyzer, introduced at AWS re:Invent 2019, scans resource-based policies and provides visibility into which resources-such as KMS keys, IAM roles, S3 buckets, Lambda functions, and SQS queues-are accessible by external accounts or federated users. This allows administrators to enforce least privilege access and mitigate unauthorized access risks. IAM Access Analyzer operates within the same AWS region as the resources being analyzed.;IAM Access Analyzer enhances security visibility by detecting AWS resources shared with external entities, helping organizations identify potential security risks and ensure compliance with least privilege principles. It continuously evaluates resource-based policies using logic-based analysis, allowing teams to promptly remediate misconfigurations that could lead to unauthorized access or data exposure.;2;8;FAIL;IAM Access Analyzer in account 735291151388 is not enabled.;arn:aws:accessanalyzer:us-west-1:735291151388:analyzer/unknown;analyzer/unknown;accessanalyzer_enabled;False;ProwlerThreatScore;Prowler ThreatScore Compliance Framework for AWS
aws;Prowler ThreatScore Compliance Framework for AWS ensures that the AWS account is compliant taking into account four main pillars: Identity and Access Management, Attack Surface, Forensic Readiness and Encryption;735291151388;us-west-2;2026-07-10 18:08:16.187152;1.2.6;Ensure that IAM Access Analyzer is enabled for all regions;Access Analyzer enabled;1. IAM;1.2 Authorization;Enable IAM Access Analyzer for all AWS regions to monitor IAM policies and identify resources with unintended external access. IAM Access Analyzer, introduced at AWS re:Invent 2019, scans resource-based policies and provides visibility into which resources-such as KMS keys, IAM roles, S3 buckets, Lambda functions, and SQS queues-are accessible by external accounts or federated users. This allows administrators to enforce least privilege access and mitigate unauthorized access risks. IAM Access Analyzer operates within the same AWS region as the resources being analyzed.;IAM Access Analyzer enhances security visibility by detecting AWS resources shared with external entities, helping organizations identify potential security risks and ensure compliance with least privilege principles. It continuously evaluates resource-based policies using logic-based analysis, allowing teams to promptly remediate misconfigurations that could lead to unauthorized access or data exposure.;2;8;FAIL;IAM Access Analyzer in account 735291151388 is not enabled.;arn:aws:accessanalyzer:us-west-2:735291151388:analyzer/unknown;analyzer/unknown;accessanalyzer_enabled;False;ProwlerThreatScore;Prowler ThreatScore Compliance Framework for AWS
aws;Prowler ThreatScore Compliance Framework for AWS ensures that the AWS account is compliant taking into account four main pillars: Identity and Access Management, Attack Surface, Forensic Readiness and Encryption;735291151388;ap-northeast-1;2026-07-10 18:08:16.187152;3.1.1;Ensure CloudTrail is enabled in all regions;CloudTrail enabled;3. Logging and Monitoring;3.1 Logging;AWS CloudTrail is a service that records and monitors AWS API calls across an account, providing detailed logs of who performed what action, when, and from where. CloudTrail captures API activity from the AWS Management Console, SDKs, CLI, and AWS services such as CloudFormation. The logs include key details such as the identity of the API caller, timestamp, source IP address, request parameters, and response elements.;CloudTrail enhances security, auditing, and compliance by providing a complete history of API activities in an AWS account. Enabling a multi-region trail ensures: Detection of unauthorized activity in rarely used AWS regions. Global Service Logging is automatically enabled, capturing API calls from global services such as IAM and AWS Organizations. Tracking of all management events, ensuring that both read and write operations across AWS resources are recorded for improved security monitoring and compliance.;4;100;FAIL;No CloudTrail trails enabled with logging were found.;arn:aws:cloudtrail:ap-northeast-1:735291151388:trail;735291151388;cloudtrail_multi_region_enabled;False;ProwlerThreatScore;Prowler ThreatScore Compliance Framework for AWS
aws;Prowler ThreatScore Compliance Framework for AWS ensures that the AWS account is compliant taking into account four main pillars: Identity and Access Management, Attack Surface, Forensic Readiness and Encryption;735291151388;ap-northeast-2;2026-07-10 18:08:16.187152;3.1.1;Ensure CloudTrail is enabled in all regions;CloudTrail enabled;3. Logging and Monitoring;3.1 Logging;AWS CloudTrail is a service that records and monitors AWS API calls across an account, providing detailed logs of who performed what action, when, and from where. CloudTrail captures API activity from the AWS Management Console, SDKs, CLI, and AWS services such as CloudFormation. The logs include key details such as the identity of the API caller, timestamp, source IP address, request parameters, and response elements.;CloudTrail enhances security, auditing, and compliance by providing a complete history of API activities in an AWS account. Enabling a multi-region trail ensures: Detection of unauthorized activity in rarely used AWS regions. Global Service Logging is automatically enabled, capturing API calls from global services such as IAM and AWS Organizations. Tracking of all management events, ensuring that both read and write operations across AWS resources are recorded for improved security monitoring and compliance.;4;100;FAIL;No CloudTrail trails enabled with logging were found.;arn:aws:cloudtrail:ap-northeast-2:735291151388:trail;735291151388;cloudtrail_multi_region_enabled;False;ProwlerThreatScore;Prowler ThreatScore Compliance Framework for AWS
aws;Prowler ThreatScore Compliance Framework for AWS ensures that the AWS account is compliant taking into account four main pillars: Identity and Access Management, Attack Surface, Forensic Readiness and Encryption;735291151388;ap-northeast-3;2026-07-10 18:08:16.187152;3.1.1;Ensure CloudTrail is enabled in all regions;CloudTrail enabled;3. Logging and Monitoring;3.1 Logging;AWS CloudTrail is a service that records and monitors AWS API calls across an account, providing detailed logs of who performed what action, when, and from where. CloudTrail captures API activity from the AWS Management Console, SDKs, CLI, and AWS services such as CloudFormation. The logs include key details such as the identity of the API caller, timestamp, source IP address, request parameters, and response elements.;CloudTrail enhances security, auditing, and compliance by providing a complete history of API activities in an AWS account. Enabling a multi-region trail ensures: Detection of unauthorized activity in rarely used AWS regions. Global Service Logging is automatically enabled, capturing API calls from global services such as IAM and AWS Organizations. Tracking of all management events, ensuring that both read and write operations across AWS resources are recorded for improved security monitoring and compliance.;4;100;FAIL;No CloudTrail trails enabled with logging were found.;arn:aws:cloudtrail:ap-northeast-3:735291151388:trail;735291151388;cloudtrail_multi_region_enabled;False;ProwlerThreatScore;Prowler ThreatScore Compliance Framework for AWS
aws;Prowler ThreatScore Compliance Framework for AWS ensures that the AWS account is compliant taking into account four main pillars: Identity and Access Management, Attack Surface, Forensic Readiness and Encryption;735291151388;ap-south-1;2026-07-10 18:08:16.187152;3.1.1;Ensure CloudTrail is enabled in all regions;CloudTrail enabled;3. Logging and Monitoring;3.1 Logging;AWS CloudTrail is a service that records and monitors AWS API calls across an account, providing detailed logs of who performed what action, when, and from where. CloudTrail captures API activity from the AWS Management Console, SDKs, CLI, and AWS services such as CloudFormation. The logs include key details such as the identity of the API caller, timestamp, source IP address, request parameters, and response elements.;CloudTrail enhances security, auditing, and compliance by providing a complete history of API activities in an AWS account. Enabling a multi-region trail ensures: Detection of unauthorized activity in rarely used AWS regions. Global Service Logging is automatically enabled, capturing API calls from global services such as IAM and AWS Organizations. Tracking of all management events, ensuring that both read and write operations across AWS resources are recorded for improved security monitoring and compliance.;4;100;FAIL;No CloudTrail trails enabled with logging were found.;arn:aws:cloudtrail:ap-south-1:735291151388:trail;735291151388;cloudtrail_multi_region_enabled;False;ProwlerThreatScore;Prowler ThreatScore Compliance Framework for AWS
aws;Prowler ThreatScore Compliance Framework for AWS ensures that the AWS account is compliant taking into account four main pillars: Identity and Access Management, Attack Surface, Forensic Readiness and Encryption;735291151388;ap-southeast-1;2026-07-10 18:08:16.187152;3.1.1;Ensure CloudTrail is enabled in all regions;CloudTrail enabled;3. Logging and Monitoring;3.1 Logging;AWS CloudTrail is a service that records and monitors AWS API calls across an account, providing detailed logs of who performed what action, when, and from where. CloudTrail captures API activity from the AWS Management Console, SDKs, CLI, and AWS services such as CloudFormation. The logs include key details such as the identity of the API caller, timestamp, source IP address, request parameters, and response elements.;CloudTrail enhances security, auditing, and compliance by providing a complete history of API activities in an AWS account. Enabling a multi-region trail ensures: Detection of unauthorized activity in rarely used AWS regions. Global Service Logging is automatically enabled, capturing API calls from global services such as IAM and AWS Organizations. Tracking of all management events, ensuring that both read and write operations across AWS resources are recorded for improved security monitoring and compliance.;4;100;FAIL;No CloudTrail trails enabled with logging were found.;arn:aws:cloudtrail:ap-southeast-1:735291151388:trail;735291151388;cloudtrail_multi_region_enabled;False;ProwlerThreatScore;Prowler ThreatScore Compliance Framework for AWS
aws;Prowler ThreatScore Compliance Framework for AWS ensures that the AWS account is compliant taking into account four main pillars: Identity and Access Management, Attack Surface, Forensic Readiness and Encryption;735291151388;ap-southeast-2;2026-07-10 18:08:16.187152;3.1.1;Ensure CloudTrail is enabled in all regions;CloudTrail enabled;3. Logging and Monitoring;3.1 Logging;AWS CloudTrail is a service that records and monitors AWS API calls across an account, providing detailed logs of who performed what action, when, and from where. CloudTrail captures API activity from the AWS Management Console, SDKs, CLI, and AWS services such as CloudFormation. The logs include key details such as the identity of the API caller, timestamp, source IP address, request parameters, and response elements.;CloudTrail enhances security, auditing, and compliance by providing a complete history of API activities in an AWS account. Enabling a multi-region trail ensures: Detection of unauthorized activity in rarely used AWS regions. Global Service Logging is automatically enabled, capturing API calls from global services such as IAM and AWS Organizations. Tracking of all management events, ensuring that both read and write operations across AWS resources are recorded for improved security monitoring and compliance.;4;100;FAIL;No CloudTrail trails enabled with logging were found.;arn:aws:cloudtrail:ap-southeast-2:735291151388:trail;735291151388;cloudtrail_multi_region_enabled;False;ProwlerThreatScore;Prowler ThreatScore Compliance Framework for AWS
aws;Prowler ThreatScore Compliance Framework for AWS ensures that the AWS account is compliant taking into account four main pillars: Identity and Access Management, Attack Surface, Forensic Readiness and Encryption;735291151388;ca-central-1;2026-07-10 18:08:16.187152;3.1.1;Ensure CloudTrail is enabled in all regions;CloudTrail enabled;3. Logging and Monitoring;3.1 Logging;AWS CloudTrail is a service that records and monitors AWS API calls across an account, providing detailed logs of who performed what action, when, and from where. CloudTrail captures API activity from the AWS Management Console, SDKs, CLI, and AWS services such as CloudFormation. The logs include key details such as the identity of the API caller, timestamp, source IP address, request parameters, and response elements.;CloudTrail enhances security, auditing, and compliance by providing a complete history of API activities in an AWS account. Enabling a multi-region trail ensures: Detection of unauthorized activity in rarely used AWS regions. Global Service Logging is automatically enabled, capturing API calls from global services such as IAM and AWS Organizations. Tracking of all management events, ensuring that both read and write operations across AWS resources are recorded for improved security monitoring and compliance.;4;100;FAIL;No CloudTrail trails enabled with logging were found.;arn:aws:cloudtrail:ca-central-1:735291151388:trail;735291151388;cloudtrail_multi_region_enabled;False;ProwlerThreatScore;Prowler ThreatScore Compliance Framework for AWS
aws;Prowler ThreatScore Compliance Framework for AWS ensures that the AWS account is compliant taking into account four main pillars: Identity and Access Management, Attack Surface, Forensic Readiness and Encryption;735291151388;eu-central-1;2026-07-10 18:08:16.187152;3.1.1;Ensure CloudTrail is enabled in all regions;CloudTrail enabled;3. Logging and Monitoring;3.1 Logging;AWS CloudTrail is a service that records and monitors AWS API calls across an account, providing detailed logs of who performed what action, when, and from where. CloudTrail captures API activity from the AWS Management Console, SDKs, CLI, and AWS services such as CloudFormation. The logs include key details such as the identity of the API caller, timestamp, source IP address, request parameters, and response elements.;CloudTrail enhances security, auditing, and compliance by providing a complete history of API activities in an AWS account. Enabling a multi-region trail ensures: Detection of unauthorized activity in rarely used AWS regions. Global Service Logging is automatically enabled, capturing API calls from global services such as IAM and AWS Organizations. Tracking of all management events, ensuring that both read and write operations across AWS resources are recorded for improved security monitoring and compliance.;4;100;FAIL;No CloudTrail trails enabled with logging were found.;arn:aws:cloudtrail:eu-central-1:735291151388:trail;735291151388;cloudtrail_multi_region_enabled;False;ProwlerThreatScore;Prowler ThreatScore Compliance Framework for AWS
aws;Prowler ThreatScore Compliance Framework for AWS ensures that the AWS account is compliant taking into account four main pillars: Identity and Access Management, Attack Surface, Forensic Readiness and Encryption;735291151388;eu-north-1;2026-07-10 18:08:16.187152;3.1.1;Ensure CloudTrail is enabled in all regions;CloudTrail enabled;3. Logging and Monitoring;3.1 Logging;AWS CloudTrail is a service that records and monitors AWS API calls across an account, providing detailed logs of who performed what action, when, and from where. CloudTrail captures API activity from the AWS Management Console, SDKs, CLI, and AWS services such as CloudFormation. The logs include key details such as the identity of the API caller, timestamp, source IP address, request parameters, and response elements.;CloudTrail enhances security, auditing, and compliance by providing a complete history of API activities in an AWS account. Enabling a multi-region trail ensures: Detection of unauthorized activity in rarely used AWS regions. Global Service Logging is automatically enabled, capturing API calls from global services such as IAM and AWS Organizations. Tracking of all management events, ensuring that both read and write operations across AWS resources are recorded for improved security monitoring and compliance.;4;100;FAIL;No CloudTrail trails enabled with logging were found.;arn:aws:cloudtrail:eu-north-1:735291151388:trail;735291151388;cloudtrail_multi_region_enabled;False;ProwlerThreatScore;Prowler ThreatScore Compliance Framework for AWS
aws;Prowler ThreatScore Compliance Framework for AWS ensures that the AWS account is compliant taking into account four main pillars: Identity and Access Management, Attack Surface, Forensic Readiness and Encryption;735291151388;eu-west-1;2026-07-10 18:08:16.187152;3.1.1;Ensure CloudTrail is enabled in all regions;CloudTrail enabled;3. Logging and Monitoring;3.1 Logging;AWS CloudTrail is a service that records and monitors AWS API calls across an account, providing detailed logs of who performed what action, when, and from where. CloudTrail captures API activity from the AWS Management Console, SDKs, CLI, and AWS services such as CloudFormation. The logs include key details such as the identity of the API caller, timestamp, source IP address, request parameters, and response elements.;CloudTrail enhances security, auditing, and compliance by providing a complete history of API activities in an AWS account. Enabling a multi-region trail ensures: Detection of unauthorized activity in rarely used AWS regions. Global Service Logging is automatically enabled, capturing API calls from global services such as IAM and AWS Organizations. Tracking of all management events, ensuring that both read and write operations across AWS resources are recorded for improved security monitoring and compliance.;4;100;FAIL;No CloudTrail trails enabled with logging were found.;arn:aws:cloudtrail:eu-west-1:735291151388:trail;735291151388;cloudtrail_multi_region_enabled;False;ProwlerThreatScore;Prowler ThreatScore Compliance Framework for AWS
aws;Prowler ThreatScore Compliance Framework for AWS ensures that the AWS account is compliant taking into account four main pillars: Identity and Access Management, Attack Surface, Forensic Readiness and Encryption;735291151388;eu-west-2;2026-07-10 18:08:16.187152;3.1.1;Ensure CloudTrail is enabled in all regions;CloudTrail enabled;3. Logging and Monitoring;3.1 Logging;AWS CloudTrail is a service that records and monitors AWS API calls across an account, providing detailed logs of who performed what action, when, and from where. CloudTrail captures API activity from the AWS Management Console, SDKs, CLI, and AWS services such as CloudFormation. The logs include key details such as the identity of the API caller, timestamp, source IP address, request parameters, and response elements.;CloudTrail enhances security, auditing, and compliance by providing a complete history of API activities in an AWS account. Enabling a multi-region trail ensures: Detection of unauthorized activity in rarely used AWS regions. Global Service Logging is automatically enabled, capturing API calls from global services such as IAM and AWS Organizations. Tracking of all management events, ensuring that both read and write operations across AWS resources are recorded for improved security monitoring and compliance.;4;100;FAIL;No CloudTrail trails enabled with logging were found.;arn:aws:cloudtrail:eu-west-2:735291151388:trail;735291151388;cloudtrail_multi_region_enabled;False;ProwlerThreatScore;Prowler ThreatScore Compliance Framework for AWS
aws;Prowler ThreatScore Compliance Framework for AWS ensures that the AWS account is compliant taking into account four main pillars: Identity and Access Management, Attack Surface, Forensic Readiness and Encryption;735291151388;eu-west-3;2026-07-10 18:08:16.187152;3.1.1;Ensure CloudTrail is enabled in all regions;CloudTrail enabled;3. Logging and Monitoring;3.1 Logging;AWS CloudTrail is a service that records and monitors AWS API calls across an account, providing detailed logs of who performed what action, when, and from where. CloudTrail captures API activity from the AWS Management Console, SDKs, CLI, and AWS services such as CloudFormation. The logs include key details such as the identity of the API caller, timestamp, source IP address, request parameters, and response elements.;CloudTrail enhances security, auditing, and compliance by providing a complete history of API activities in an AWS account. Enabling a multi-region trail ensures: Detection of unauthorized activity in rarely used AWS regions. Global Service Logging is automatically enabled, capturing API calls from global services such as IAM and AWS Organizations. Tracking of all management events, ensuring that both read and write operations across AWS resources are recorded for improved security monitoring and compliance.;4;100;FAIL;No CloudTrail trails enabled with logging were found.;arn:aws:cloudtrail:eu-west-3:735291151388:trail;735291151388;cloudtrail_multi_region_enabled;False;ProwlerThreatScore;Prowler ThreatScore Compliance Framework for AWS
aws;Prowler ThreatScore Compliance Framework for AWS ensures that the AWS account is compliant taking into account four main pillars: Identity and Access Management, Attack Surface, Forensic Readiness and Encryption;735291151388;sa-east-1;2026-07-10 18:08:16.187152;3.1.1;Ensure CloudTrail is enabled in all regions;CloudTrail enabled;3. Logging and Monitoring;3.1 Logging;AWS CloudTrail is a service that records and monitors AWS API calls across an account, providing detailed logs of who performed what action, when, and from where. CloudTrail captures API activity from the AWS Management Console, SDKs, CLI, and AWS services such as CloudFormation. The logs include key details such as the identity of the API caller, timestamp, source IP address, request parameters, and response elements.;CloudTrail enhances security, auditing, and compliance by providing a complete history of API activities in an AWS account. Enabling a multi-region trail ensures: Detection of unauthorized activity in rarely used AWS regions. Global Service Logging is automatically enabled, capturing API calls from global services such as IAM and AWS Organizations. Tracking of all management events, ensuring that both read and write operations across AWS resources are recorded for improved security monitoring and compliance.;4;100;FAIL;No CloudTrail trails enabled with logging were found.;arn:aws:cloudtrail:sa-east-1:735291151388:trail;735291151388;cloudtrail_multi_region_enabled;False;ProwlerThreatScore;Prowler ThreatScore Compliance Framework for AWS
aws;Prowler ThreatScore Compliance Framework for AWS ensures that the AWS account is compliant taking into account four main pillars: Identity and Access Management, Attack Surface, Forensic Readiness and Encryption;735291151388;us-east-1;2026-07-10 18:08:16.187152;3.1.1;Ensure CloudTrail is enabled in all regions;CloudTrail enabled;3. Logging and Monitoring;3.1 Logging;AWS CloudTrail is a service that records and monitors AWS API calls across an account, providing detailed logs of who performed what action, when, and from where. CloudTrail captures API activity from the AWS Management Console, SDKs, CLI, and AWS services such as CloudFormation. The logs include key details such as the identity of the API caller, timestamp, source IP address, request parameters, and response elements.;CloudTrail enhances security, auditing, and compliance by providing a complete history of API activities in an AWS account. Enabling a multi-region trail ensures: Detection of unauthorized activity in rarely used AWS regions. Global Service Logging is automatically enabled, capturing API calls from global services such as IAM and AWS Organizations. Tracking of all management events, ensuring that both read and write operations across AWS resources are recorded for improved security monitoring and compliance.;4;100;FAIL;No CloudTrail trails enabled with logging were found.;arn:aws:cloudtrail:us-east-1:735291151388:trail;735291151388;cloudtrail_multi_region_enabled;False;ProwlerThreatScore;Prowler ThreatScore Compliance Framework for AWS
aws;Prowler ThreatScore Compliance Framework for AWS ensures that the AWS account is compliant taking into account four main pillars: Identity and Access Management, Attack Surface, Forensic Readiness and Encryption;735291151388;us-east-2;2026-07-10 18:08:16.187152;3.1.1;Ensure CloudTrail is enabled in all regions;CloudTrail enabled;3. Logging and Monitoring;3.1 Logging;AWS CloudTrail is a service that records and monitors AWS API calls across an account, providing detailed logs of who performed what action, when, and from where. CloudTrail captures API activity from the AWS Management Console, SDKs, CLI, and AWS services such as CloudFormation. The logs include key details such as the identity of the API caller, timestamp, source IP address, request parameters, and response elements.;CloudTrail enhances security, auditing, and compliance by providing a complete history of API activities in an AWS account. Enabling a multi-region trail ensures: Detection of unauthorized activity in rarely used AWS regions. Global Service Logging is automatically enabled, capturing API calls from global services such as IAM and AWS Organizations. Tracking of all management events, ensuring that both read and write operations across AWS resources are recorded for improved security monitoring and compliance.;4;100;FAIL;No CloudTrail trails enabled with logging were found.;arn:aws:cloudtrail:us-east-2:735291151388:trail;735291151388;cloudtrail_multi_region_enabled;False;ProwlerThreatScore;Prowler ThreatScore Compliance Framework for AWS
aws;Prowler ThreatScore Compliance Framework for AWS ensures that the AWS account is compliant taking into account four main pillars: Identity and Access Management, Attack Surface, Forensic Readiness and Encryption;735291151388;us-west-1;2026-07-10 18:08:16.187152;3.1.1;Ensure CloudTrail is enabled in all regions;CloudTrail enabled;3. Logging and Monitoring;3.1 Logging;AWS CloudTrail is a service that records and monitors AWS API calls across an account, providing detailed logs of who performed what action, when, and from where. CloudTrail captures API activity from the AWS Management Console, SDKs, CLI, and AWS services such as CloudFormation. The logs include key details such as the identity of the API caller, timestamp, source IP address, request parameters, and response elements.;CloudTrail enhances security, auditing, and compliance by providing a complete history of API activities in an AWS account. Enabling a multi-region trail ensures: Detection of unauthorized activity in rarely used AWS regions. Global Service Logging is automatically enabled, capturing API calls from global services such as IAM and AWS Organizations. Tracking of all management events, ensuring that both read and write operations across AWS resources are recorded for improved security monitoring and compliance.;4;100;FAIL;No CloudTrail trails enabled with logging were found.;arn:aws:cloudtrail:us-west-1:735291151388:trail;735291151388;cloudtrail_multi_region_enabled;False;ProwlerThreatScore;Prowler ThreatScore Compliance Framework for AWS
aws;Prowler ThreatScore Compliance Framework for AWS ensures that the AWS account is compliant taking into account four main pillars: Identity and Access Management, Attack Surface, Forensic Readiness and Encryption;735291151388;us-west-2;2026-07-10 18:08:16.187152;3.1.1;Ensure CloudTrail is enabled in all regions;CloudTrail enabled;3. Logging and Monitoring;3.1 Logging;AWS CloudTrail is a service that records and monitors AWS API calls across an account, providing detailed logs of who performed what action, when, and from where. CloudTrail captures API activity from the AWS Management Console, SDKs, CLI, and AWS services such as CloudFormation. The logs include key details such as the identity of the API caller, timestamp, source IP address, request parameters, and response elements.;CloudTrail enhances security, auditing, and compliance by providing a complete history of API activities in an AWS account. Enabling a multi-region trail ensures: Detection of unauthorized activity in rarely used AWS regions. Global Service Logging is automatically enabled, capturing API calls from global services such as IAM and AWS Organizations. Tracking of all management events, ensuring that both read and write operations across AWS resources are recorded for improved security monitoring and compliance.;4;100;FAIL;No CloudTrail trails enabled with logging were found.;arn:aws:cloudtrail:us-west-2:735291151388:trail;735291151388;cloudtrail_multi_region_enabled;False;ProwlerThreatScore;Prowler ThreatScore Compliance Framework for AWS
aws;Prowler ThreatScore Compliance Framework for AWS ensures that the AWS account is compliant taking into account four main pillars: Identity and Access Management, Attack Surface, Forensic Readiness and Encryption;735291151388;ap-south-1;2026-07-10 18:08:16.187152;3.1.6;Ensure that object-level logging for read events is enabled for S3 buckets;Object-level logging for read events is enabled for S3 buckets;3. Logging and Monitoring;3.1 Logging;S3 object-level API operations, such as GetObject, PutObject, and DeleteObject, are classified as data events in AWS CloudTrail. By default, CloudTrail does not log data events, meaning individual object interactions are not tracked unless explicitly enabled. To improve security monitoring and compliance, it is recommended to enable object-level logging for S3 buckets.;Object-level logging enhances data security, compliance, and operational visibility by providing detailed tracking of who accessed, modified, or deleted objects within S3 buckets. This enables organizations to monitor user behavior, detect unauthorized access, and quickly respond to potential security incidents using Amazon CloudWatch Events.;1;1;FAIL;No CloudTrail trails have a data event to record all S3 object-level API operations.;arn:aws:cloudtrail:ap-south-1:735291151388:trail;735291151388;cloudtrail_s3_dataevents_read_enabled;False;ProwlerThreatScore;Prowler ThreatScore Compliance Framework for AWS
aws;Prowler ThreatScore Compliance Framework for AWS ensures that the AWS account is compliant taking into account four main pillars: Identity and Access Management, Attack Surface, Forensic Readiness and Encryption;735291151388;ap-south-1;2026-07-10 18:08:16.187152;3.1.5;Ensure that object-level logging for write events is enabled for S3 buckets;Object-level logging for write events is enabled for S3 buckets;3. Logging and Monitoring;3.1 Logging;S3 object-level API operations, such as GetObject, PutObject, and DeleteObject, are classified as data events in AWS CloudTrail. By default, CloudTrail does not log data events, meaning detailed tracking of individual object interactions is not enabled. To enhance visibility and security, it is recommended to enable object-level logging for S3 buckets to monitor access and modification activities.;Enabling object-level logging helps organizations meet compliance requirements, enhance security monitoring, and detect unauthorized access. It allows administrators to analyze user behavior, track modifications to critical data, and respond to security incidents in real time using Amazon CloudWatch Events, ensuring greater control over S3 bucket activity.;1;1;FAIL;No CloudTrail trails have a data event to record all S3 object-level API operations.;arn:aws:cloudtrail:ap-south-1:735291151388:trail;735291151388;cloudtrail_s3_dataevents_write_enabled;False;ProwlerThreatScore;Prowler ThreatScore Compliance Framework for AWS
aws;Prowler ThreatScore Compliance Framework for AWS ensures that the AWS account is compliant taking into account four main pillars: Identity and Access Management, Attack Surface, Forensic Readiness and Encryption;735291151388;ap-south-1;2026-07-10 18:08:16.187152;3.3.12;Ensure Network Access Control List (NACL) changes are monitored;Network Access Control List (NACL) changes are monitored;3. Logging and Monitoring;3.3 Monitoring;Real-time monitoring of AWS API calls can be implemented by forwarding CloudTrail logs to Amazon CloudWatch Logs or an external Security Information and Event Management (SIEM) system. Network Access Control Lists (NACLs) act as stateless packet filters that control inbound and outbound traffic for subnets within a VPC. It is recommended to establish a metric filter and alarm to detect changes to NACLs to prevent unauthorized modifications that could compromise network security.;Monitoring NACL changes helps ensure that network traffic controls remain properly configured and that AWS resources are not unintentionally exposed. Unauthorized or accidental modifications to NACL rules can lead to misconfigured security policies, increased attack surfaces, and potential data breaches. Real-time alerts enable security teams to detect, investigate, and respond to NACL modifications quickly, maintaining strong network security controls.;2;8;FAIL;No CloudWatch log groups found with metric filters or alarms associated.;arn:aws:logs:ap-south-1:735291151388:log-group;735291151388;cloudwatch_changes_to_network_acls_alarm_configured;False;ProwlerThreatScore;Prowler ThreatScore Compliance Framework for AWS
aws;Prowler ThreatScore Compliance Framework for AWS ensures that the AWS account is compliant taking into account four main pillars: Identity and Access Management, Attack Surface, Forensic Readiness and Encryption;735291151388;ap-south-1;2026-07-10 18:08:16.187152;3.3.13;Ensure changes to network gateways are monitored;Changes to network gateways are monitored;3. Logging and Monitoring;3.3 Monitoring;Real-time monitoring of AWS API calls can be implemented by forwarding CloudTrail logs to Amazon CloudWatch Logs or an external Security Information and Event Management (SIEM) system. Network gateways serve as the primary route for traffic entering and leaving a VPC, facilitating communication with external networks. It is recommended to establish a metric filter and alarm for changes to network gateways to ensure that network traffic is securely routed through controlled paths.;Monitoring network gateway changes helps maintain secure ingress and egress traffic flows within a VPC. Unauthorized or accidental modifications to network gateways can disrupt connectivity, introduce security vulnerabilities, or expose AWS resources to external threats. Real-time alerts enable security teams to detect, investigate, and respond to changes quickly, ensuring that all traffic follows a controlled and secure routing policy.;2;8;FAIL;No CloudWatch log groups found with metric filters or alarms associated.;arn:aws:logs:ap-south-1:735291151388:log-group;735291151388;cloudwatch_changes_to_network_gateways_alarm_configured;False;ProwlerThreatScore;Prowler ThreatScore Compliance Framework for AWS
aws;Prowler ThreatScore Compliance Framework for AWS ensures that the AWS account is compliant taking into account four main pillars: Identity and Access Management, Attack Surface, Forensic Readiness and Encryption;735291151388;ap-south-1;2026-07-10 18:08:16.187152;3.3.14;Ensure route table changes are monitored;Route table changes are monitored;3. Logging and Monitoring;3.3 Monitoring;Real-time monitoring of AWS API calls can be achieved by forwarding CloudTrail logs to Amazon CloudWatch Logs or an external Security Information and Event Management (SIEM) system. Route tables determine how network traffic is directed between subnets and network gateways within a VPC. It is recommended to establish a metric filter and alarm for changes to route tables to detect unauthorized or accidental modifications that could impact network security and connectivity.;Monitoring route table changes ensures that VPC traffic follows the intended and secure routing paths. Unauthorized modifications can result in misrouted traffic, exposure of sensitive resources, or connectivity disruptions. Real-time alerts enable security teams to detect, investigate, and respond to route table changes promptly, preventing potential security risks and maintaining a controlled and secure network environment.;2;8;FAIL;No CloudWatch log groups found with metric filters or alarms associated.;arn:aws:logs:ap-south-1:735291151388:log-group;735291151388;cloudwatch_changes_to_network_route_tables_alarm_configured;False;ProwlerThreatScore;Prowler ThreatScore Compliance Framework for AWS
aws;Prowler ThreatScore Compliance Framework for AWS ensures that the AWS account is compliant taking into account four main pillars: Identity and Access Management, Attack Surface, Forensic Readiness and Encryption;735291151388;ap-south-1;2026-07-10 18:08:16.187152;3.3.15;Ensure VPC changes are monitored;VPC changes are monitored;3. Logging and Monitoring;3.3 Monitoring;Real-time monitoring of AWS API calls can be implemented by forwarding CloudTrail logs to Amazon CloudWatch Logs or an external Security Information and Event Management (SIEM) system. AWS accounts can contain multiple Virtual Private Clouds (VPCs), and VPC peering connections allow network traffic to flow between them. It is recommended to establish a metric filter and alarm for changes made to VPC configurations to detect unauthorized modifications that could impact network security and connectivity.;Monitoring VPC configuration changes helps ensure network integrity, security, and proper traffic flow within AWS environments. Unauthorized or accidental modifications can result in misconfigured routing, unintended internet exposure, or connectivity disruptions between resources. Real-time alerts enable security teams to detect, investigate, and respond to VPC changes promptly, preventing security risks and ensuring consistent network accessibility and isolation.;2;8;FAIL;No CloudWatch log groups found with metric filters or alarms associated.;arn:aws:logs:ap-south-1:735291151388:log-group;735291151388;cloudwatch_changes_to_vpcs_alarm_configured;False;ProwlerThreatScore;Prowler ThreatScore Compliance Framework for AWS
aws;Prowler ThreatScore Compliance Framework for AWS ensures that the AWS account is compliant taking into account four main pillars: Identity and Access Management, Attack Surface, Forensic Readiness and Encryption;735291151388;ap-south-1;2026-07-10 18:08:16.187152;3.3.10;Ensure AWS Config configuration changes are monitored;AWS Config configuration changes are monitored;3. Logging and Monitoring;3.3 Monitoring;Real-time monitoring of AWS API calls can be implemented by directing CloudTrail logs to Amazon CloudWatch Logs or an external Security Information and Event Management (SIEM) system. By configuring metric filters and alarms, organizations can detect critical configuration changes. It is recommended to establish a metric filter and alarm for modifications to AWS Config’s configurations to ensure continuous monitoring and compliance.;Monitoring AWS Config configuration changes helps maintain visibility and control over resource configurations. Unauthorized or accidental modifications to AWS Config settings may result in gaps in security monitoring, misconfigurations going undetected, and compliance violations. Real-time alerts allow security teams to quickly detect, investigate, and respond to changes, ensuring the integrity of configuration tracking across the AWS environment.;2;8;FAIL;No CloudWatch log groups found with metric filters or alarms associated.;arn:aws:logs:ap-south-1:735291151388:log-group;735291151388;cloudwatch_log_metric_filter_and_alarm_for_aws_config_configuration_changes_enabled;False;ProwlerThreatScore;Prowler ThreatScore Compliance Framework for AWS
aws;Prowler ThreatScore Compliance Framework for AWS ensures that the AWS account is compliant taking into account four main pillars: Identity and Access Management, Attack Surface, Forensic Readiness and Encryption;735291151388;ap-south-1;2026-07-10 18:08:16.187152;3.3.6;Ensure CloudTrail configuration changes are monitored;CloudTrail configuration changes are monitored;3. Logging and Monitoring;3.3 Monitoring;Real-time monitoring of AWS API calls can be implemented by directing CloudTrail logs to Amazon CloudWatch Logs or an external Security Information and Event Management (SIEM) system. By configuring metric filters and alarms, organizations can track critical security events. It is recommended to establish a metric filter and alarm to detect changes to CloudTrail configurations, ensuring that logging remains active and tamper-proof.;Monitoring CloudTrail configuration changes helps maintain continuous visibility into AWS account activity. Unauthorized modifications to CloudTrail settings could disable or alter logging, potentially allowing malicious activity to go undetected. Detecting these changes in real time enables organizations to quickly respond to threats, enforce security best practices, and ensure compliance with auditing requirements.;3;10;FAIL;No CloudWatch log groups found with metric filters or alarms associated.;arn:aws:logs:ap-south-1:735291151388:log-group;735291151388;cloudwatch_log_metric_filter_and_alarm_for_cloudtrail_configuration_changes_enabled;False;ProwlerThreatScore;Prowler ThreatScore Compliance Framework for AWS
aws;Prowler ThreatScore Compliance Framework for AWS ensures that the AWS account is compliant taking into account four main pillars: Identity and Access Management, Attack Surface, Forensic Readiness and Encryption;735291151388;ap-south-1;2026-07-10 18:08:16.187152;3.3.7;Ensure AWS Management Console authentication failures are monitored;AWS Management Console authentication failures are monitored;3. Logging and Monitoring;3.3 Monitoring;Real-time monitoring of AWS API calls can be implemented by directing CloudTrail logs to Amazon CloudWatch Logs or an external Security Information and Event Management (SIEM) system. By setting up metric filters and alarms, organizations can detect potential security threats. It is recommended to establish a metric filter and alarm for failed console authentication attempts to identify potential unauthorized access attempts or brute-force attacks.;Monitoring failed console logins helps detect brute-force attempts and unauthorized access attempts early. Repeated failed authentication attempts can indicate malicious activity, and tracking them allows security teams to identify suspicious IP addresses, correlate with other security events, and take proactive measures to protect AWS accounts.;2;8;FAIL;No CloudWatch log groups found with metric filters or alarms associated.;arn:aws:logs:ap-south-1:735291151388:log-group;735291151388;cloudwatch_log_metric_filter_authentication_failures;False;ProwlerThreatScore;Prowler ThreatScore Compliance Framework for AWS
aws;Prowler ThreatScore Compliance Framework for AWS ensures that the AWS account is compliant taking into account four main pillars: Identity and Access Management, Attack Surface, Forensic Readiness and Encryption;735291151388;ap-south-1;2026-07-10 18:08:16.187152;3.3.16;Ensure AWS Organizations changes are monitored;AWS Organizations changes are monitored;3. Logging and Monitoring;3.3 Monitoring;Real-time monitoring of AWS API calls can be achieved by forwarding CloudTrail logs to Amazon CloudWatch Logs or an external Security Information and Event Management (SIEM) system. AWS Organizations allows centralized management of multiple AWS accounts, and modifications to its configuration can significantly impact access control, account governance, and security policies. It is recommended to establish a metric filter and alarm for changes made to AWS Organizations in the master AWS account to detect unauthorized or unintended modifications.;Monitoring AWS Organizations configuration changes helps prevent unwanted, accidental, or malicious modifications that could lead to unauthorized access, policy misconfigurations, or security breaches. Detecting changes in real time ensures that unexpected modifications can be investigated and remediated quickly, reducing the risk of compromised governance structures and ensuring compliance with organizational security policies.;2;8;FAIL;No CloudWatch log groups found with metric filters or alarms associated.;arn:aws:logs:ap-south-1:735291151388:log-group;735291151388;cloudwatch_log_metric_filter_aws_organizations_changes;False;ProwlerThreatScore;Prowler ThreatScore Compliance Framework for AWS
aws;Prowler ThreatScore Compliance Framework for AWS ensures that the AWS account is compliant taking into account four main pillars: Identity and Access Management, Attack Surface, Forensic Readiness and Encryption;735291151388;ap-south-1;2026-07-10 18:08:16.187152;3.3.8;Ensure disabling or scheduled deletion of customer created CMKs is monitored;Disabling or scheduled deletion of customer created CMKs is monitored;3. Logging and Monitoring;3.3 Monitoring;Real-time monitoring of AWS API calls can be achieved by forwarding CloudTrail logs to Amazon CloudWatch Logs or an external Security Information and Event Management (SIEM) system. By configuring metric filters and alarms, organizations can detect security-critical changes. It is recommended to set up a metric filter and alarm for customer-managed KMS keys (CMKs) that are disabled or scheduled for deletion to prevent unintended encryption key loss.;Disabling or deleting a customer-managed CMK can render encrypted data permanently inaccessible, leading to data loss and service disruptions. Monitoring CMK state changes helps detect unauthorized or accidental modifications, ensuring encryption keys remain available and aligned with security policies. Detecting such changes in real time allows organizations to prevent data loss, maintain compliance, and take corrective action if needed.;2;8;FAIL;No CloudWatch log groups found with metric filters or alarms associated.;arn:aws:logs:ap-south-1:735291151388:log-group;735291151388;cloudwatch_log_metric_filter_disable_or_scheduled_deletion_of_kms_cmk;False;ProwlerThreatScore;Prowler ThreatScore Compliance Framework for AWS
aws;Prowler ThreatScore Compliance Framework for AWS ensures that the AWS account is compliant taking into account four main pillars: Identity and Access Management, Attack Surface, Forensic Readiness and Encryption;735291151388;ap-south-1;2026-07-10 18:08:16.187152;3.3.9;Ensure S3 bucket policy changes are monitored;S3 bucket policy changes are monitored;3. Logging and Monitoring;3.3 Monitoring;Real-time monitoring of AWS API calls can be implemented by forwarding CloudTrail logs to Amazon CloudWatch Logs or an external Security Information and Event Management (SIEM) system. By configuring metric filters and alarms, organizations can track critical security-related changes. It is recommended to set up a metric filter and alarm for modifications to S3 bucket policies to detect potential misconfigurations or unauthorized access changes.;Monitoring S3 bucket policy changes helps detect and respond to overly permissive configurations that could expose sensitive data. Unauthorized or accidental modifications may grant public access or excessive permissions, increasing the risk of data breaches and compliance violations. Real-time alerts allow security teams to quickly identify, investigate, and correct risky policy changes, reducing exposure and strengthening data security.;2;8;FAIL;No CloudWatch log groups found with metric filters or alarms associated.;arn:aws:logs:ap-south-1:735291151388:log-group;735291151388;cloudwatch_log_metric_filter_for_s3_bucket_policy_changes;False;ProwlerThreatScore;Prowler ThreatScore Compliance Framework for AWS
aws;Prowler ThreatScore Compliance Framework for AWS ensures that the AWS account is compliant taking into account four main pillars: Identity and Access Management, Attack Surface, Forensic Readiness and Encryption;735291151388;ap-south-1;2026-07-10 18:08:16.187152;3.3.5;Ensure IAM policy changes are monitored;IAM policy changes are monitored;3. Logging and Monitoring;3.3 Monitoring;Real-time monitoring of AWS API calls can be implemented by directing CloudTrail logs to Amazon CloudWatch Logs or an external Security Information and Event Management (SIEM) system. By configuring metric filters and alarms, organizations can detect critical security events. It is recommended to establish a metric filter and alarm for changes to Identity and Access Management (IAM) policies to track modifications that could affect authentication and authorization controls.;Monitoring IAM policy changes helps ensure that access controls remain secure and intact. Unauthorized or unintended modifications to IAM policies can lead to privilege escalation, misconfigurations, and security breaches. Detecting these changes in real-time allows organizations to respond quickly to potential threats, enforce least privilege principles, and maintain a strong security posture.;2;8;FAIL;No CloudWatch log groups found with metric filters or alarms associated.;arn:aws:logs:ap-south-1:735291151388:log-group;735291151388;cloudwatch_log_metric_filter_policy_changes;False;ProwlerThreatScore;Prowler ThreatScore Compliance Framework for AWS
aws;Prowler ThreatScore Compliance Framework for AWS ensures that the AWS account is compliant taking into account four main pillars: Identity and Access Management, Attack Surface, Forensic Readiness and Encryption;735291151388;ap-south-1;2026-07-10 18:08:16.187152;3.3.4;Ensure usage of the root account is monitored;Usage of root account monitored;3. Logging and Monitoring;3.3 Monitoring;Real-time monitoring of AWS API calls can be achieved by directing CloudTrail logs to Amazon CloudWatch Logs or an external Security Information and Event Management (SIEM) system. Setting up metric filters and alarms helps detect potential security threats. It is recommended to establish a metric filter and alarm for root account login attempts to identify unauthorized access or improper use of the highly privileged root account.;Monitoring root account logins enhances visibility into the usage of the most privileged AWS account, which should be used only in exceptional cases. Frequent or unauthorized root logins increase security risks by exposing critical administrative controls. Detecting root login attempts in real time enables organizations to identify potential security incidents, enforce least privilege principles, and limit unnecessary use of the root account.;3;10;FAIL;No CloudWatch log groups found with metric filters or alarms associated.;arn:aws:logs:ap-south-1:735291151388:log-group;735291151388;cloudwatch_log_metric_filter_root_usage;False;ProwlerThreatScore;Prowler ThreatScore Compliance Framework for AWS
aws;Prowler ThreatScore Compliance Framework for AWS ensures that the AWS account is compliant taking into account four main pillars: Identity and Access Management, Attack Surface, Forensic Readiness and Encryption;735291151388;ap-south-1;2026-07-10 18:08:16.187152;3.3.11;Ensure security group changes are monitored;Security group changes are monitored;3. Logging and Monitoring;3.3 Monitoring;Real-time monitoring of AWS API calls can be implemented by forwarding CloudTrail logs to Amazon CloudWatch Logs or an external Security Information and Event Management (SIEM) system. Security groups act as stateful packet filters that control inbound and outbound traffic within a VPC. It is recommended to establish a metric filter and alarm to detect changes to security groups to prevent unauthorized modifications that could expose resources to security threats.;Monitoring security group changes helps ensure that network access controls remain secure and that AWS resources are not unintentionally exposed. Unauthorized or accidental modifications to security groups can create security gaps, increasing the risk of data breaches and unauthorized access. Real-time alerts enable security teams to detect, investigate, and respond to security group changes quickly, maintaining a strong network security posture.;3;10;FAIL;No CloudWatch log groups found with metric filters or alarms associated.;arn:aws:logs:ap-south-1:735291151388:log-group;735291151388;cloudwatch_log_metric_filter_security_group_changes;False;ProwlerThreatScore;Prowler ThreatScore Compliance Framework for AWS
aws;Prowler ThreatScore Compliance Framework for AWS ensures that the AWS account is compliant taking into account four main pillars: Identity and Access Management, Attack Surface, Forensic Readiness and Encryption;735291151388;ap-south-1;2026-07-10 18:08:16.187152;3.3.3;Ensure management console sign-in without MFA is monitored;Management console sign-in without MFA is monitored;3. Logging and Monitoring;3.3 Monitoring;Real-time monitoring of AWS API calls can be implemented by directing CloudTrail logs to Amazon CloudWatch Logs or an external Security Information and Event Management (SIEM) system. By setting up metric filters and alarms, organizations can detect and respond to security risks effectively. It is recommended to establish a metric filter and alarm for AWS console logins that are not protected by multi-factor authentication (MFA) to enhance security monitoring.;Monitoring console logins without MFA improves visibility into accounts that lack strong authentication controls. Accounts without MFA are more vulnerable to credential theft, brute-force attacks, and unauthorized access. By detecting these login attempts in real-time, organizations can identify security gaps, enforce MFA policies, and reduce the risk of account compromise.;2;8;FAIL;No CloudWatch log groups found with metric filters or alarms associated.;arn:aws:logs:ap-south-1:735291151388:log-group;735291151388;cloudwatch_log_metric_filter_sign_in_without_mfa;False;ProwlerThreatScore;Prowler ThreatScore Compliance Framework for AWS
aws;Prowler ThreatScore Compliance Framework for AWS ensures that the AWS account is compliant taking into account four main pillars: Identity and Access Management, Attack Surface, Forensic Readiness and Encryption;735291151388;ap-south-1;2026-07-10 18:08:16.187152;3.3.2;Ensure unauthorized API calls are monitored;Unauthorized API calls are monitored;3. Logging and Monitoring;3.3 Monitoring;Real-time monitoring of API calls can be achieved by forwarding CloudTrail logs to Amazon CloudWatch Logs or an external Security Information and Event Management (SIEM) system. By configuring metric filters and alarms, organizations can automatically detect and respond to unauthorized API calls, improving security visibility. It is recommended to establish a metric filter and alarm for unauthorized API calls to enhance threat detection and incident response.;Monitoring unauthorized API calls helps identify potential security incidents faster, reducing the time attackers have to exploit vulnerabilities. CloudWatch provides real-time monitoring and alerting, while SIEM solutions offer centralized security event analysis. Detecting unauthorized API calls early allows organizations to take immediate action, investigate potential threats, and strengthen overall AWS security posture.;2;8;FAIL;No CloudWatch log groups found with metric filters or alarms associated.;arn:aws:logs:ap-south-1:735291151388:log-group;735291151388;cloudwatch_log_metric_filter_unauthorized_api_calls;False;ProwlerThreatScore;Prowler ThreatScore Compliance Framework for AWS
aws;Prowler ThreatScore Compliance Framework for AWS ensures that the AWS account is compliant taking into account four main pillars: Identity and Access Management, Attack Surface, Forensic Readiness and Encryption;735291151388;ap-northeast-1;2026-07-10 18:08:16.187152;3.3.1;Ensure AWS Config is enabled in all regions;AWS Config is enabled;3. Logging and Monitoring;3.3 Monitoring;AWS Config is a service that continuously monitors, records, and evaluates configuration changes in AWS resources within an account. It tracks configuration items, relationships between resources, and changes over time, delivering logs for security analysis, change management, and compliance auditing. To ensure comprehensive monitoring, AWS Config should be enabled in all regions.;Enabling AWS Config in all regions improves security, visibility, and compliance by: Tracking resource changes, allowing for quick identification of misconfigurations. Supporting security audits and forensic investigations by maintaining a historical record of configurations.;2;8;FAIL;AWS Config recorder 735291151388 is disabled.;arn:aws:config:ap-northeast-1:735291151388:recorder;735291151388;config_recorder_all_regions_enabled;False;ProwlerThreatScore;Prowler ThreatScore Compliance Framework for AWS
aws;Prowler ThreatScore Compliance Framework for AWS ensures that the AWS account is compliant taking into account four main pillars: Identity and Access Management, Attack Surface, Forensic Readiness and Encryption;735291151388;ap-northeast-2;2026-07-10 18:08:16.187152;3.3.1;Ensure AWS Config is enabled in all regions;AWS Config is enabled;3. Logging and Monitoring;3.3 Monitoring;AWS Config is a service that continuously monitors, records, and evaluates configuration changes in AWS resources within an account. It tracks configuration items, relationships between resources, and changes over time, delivering logs for security analysis, change management, and compliance auditing. To ensure comprehensive monitoring, AWS Config should be enabled in all regions.;Enabling AWS Config in all regions improves security, visibility, and compliance by: Tracking resource changes, allowing for quick identification of misconfigurations. Supporting security audits and forensic investigations by maintaining a historical record of configurations.;2;8;FAIL;AWS Config recorder 735291151388 is disabled.;arn:aws:config:ap-northeast-2:735291151388:recorder;735291151388;config_recorder_all_regions_enabled;False;ProwlerThreatScore;Prowler ThreatScore Compliance Framework for AWS
aws;Prowler ThreatScore Compliance Framework for AWS ensures that the AWS account is compliant taking into account four main pillars: Identity and Access Management, Attack Surface, Forensic Readiness and Encryption;735291151388;ap-northeast-3;2026-07-10 18:08:16.187152;3.3.1;Ensure AWS Config is enabled in all regions;AWS Config is enabled;3. Logging and Monitoring;3.3 Monitoring;AWS Config is a service that continuously monitors, records, and evaluates configuration changes in AWS resources within an account. It tracks configuration items, relationships between resources, and changes over time, delivering logs for security analysis, change management, and compliance auditing. To ensure comprehensive monitoring, AWS Config should be enabled in all regions.;Enabling AWS Config in all regions improves security, visibility, and compliance by: Tracking resource changes, allowing for quick identification of misconfigurations. Supporting security audits and forensic investigations by maintaining a historical record of configurations.;2;8;FAIL;AWS Config recorder 735291151388 is disabled.;arn:aws:config:ap-northeast-3:735291151388:recorder;735291151388;config_recorder_all_regions_enabled;False;ProwlerThreatScore;Prowler ThreatScore Compliance Framework for AWS
aws;Prowler ThreatScore Compliance Framework for AWS ensures that the AWS account is compliant taking into account four main pillars: Identity and Access Management, Attack Surface, Forensic Readiness and Encryption;735291151388;ap-south-1;2026-07-10 18:08:16.187152;3.3.1;Ensure AWS Config is enabled in all regions;AWS Config is enabled;3. Logging and Monitoring;3.3 Monitoring;AWS Config is a service that continuously monitors, records, and evaluates configuration changes in AWS resources within an account. It tracks configuration items, relationships between resources, and changes over time, delivering logs for security analysis, change management, and compliance auditing. To ensure comprehensive monitoring, AWS Config should be enabled in all regions.;Enabling AWS Config in all regions improves security, visibility, and compliance by: Tracking resource changes, allowing for quick identification of misconfigurations. Supporting security audits and forensic investigations by maintaining a historical record of configurations.;2;8;FAIL;AWS Config recorder 735291151388 is disabled.;arn:aws:config:ap-south-1:735291151388:recorder;735291151388;config_recorder_all_regions_enabled;False;ProwlerThreatScore;Prowler ThreatScore Compliance Framework for AWS
aws;Prowler ThreatScore Compliance Framework for AWS ensures that the AWS account is compliant taking into account four main pillars: Identity and Access Management, Attack Surface, Forensic Readiness and Encryption;735291151388;ap-southeast-1;2026-07-10 18:08:16.187152;3.3.1;Ensure AWS Config is enabled in all regions;AWS Config is enabled;3. Logging and Monitoring;3.3 Monitoring;AWS Config is a service that continuously monitors, records, and evaluates configuration changes in AWS resources within an account. It tracks configuration items, relationships between resources, and changes over time, delivering logs for security analysis, change management, and compliance auditing. To ensure comprehensive monitoring, AWS Config should be enabled in all regions.;Enabling AWS Config in all regions improves security, visibility, and compliance by: Tracking resource changes, allowing for quick identification of misconfigurations. Supporting security audits and forensic investigations by maintaining a historical record of configurations.;2;8;FAIL;AWS Config recorder 735291151388 is disabled.;arn:aws:config:ap-southeast-1:735291151388:recorder;735291151388;config_recorder_all_regions_enabled;False;ProwlerThreatScore;Prowler ThreatScore Compliance Framework for AWS
aws;Prowler ThreatScore Compliance Framework for AWS ensures that the AWS account is compliant taking into account four main pillars: Identity and Access Management, Attack Surface, Forensic Readiness and Encryption;735291151388;ap-southeast-2;2026-07-10 18:08:16.187152;3.3.1;Ensure AWS Config is enabled in all regions;AWS Config is enabled;3. Logging and Monitoring;3.3 Monitoring;AWS Config is a service that continuously monitors, records, and evaluates configuration changes in AWS resources within an account. It tracks configuration items, relationships between resources, and changes over time, delivering logs for security analysis, change management, and compliance auditing. To ensure comprehensive monitoring, AWS Config should be enabled in all regions.;Enabling AWS Config in all regions improves security, visibility, and compliance by: Tracking resource changes, allowing for quick identification of misconfigurations. Supporting security audits and forensic investigations by maintaining a historical record of configurations.;2;8;FAIL;AWS Config recorder 735291151388 is disabled.;arn:aws:config:ap-southeast-2:735291151388:recorder;735291151388;config_recorder_all_regions_enabled;False;ProwlerThreatScore;Prowler ThreatScore Compliance Framework for AWS
aws;Prowler ThreatScore Compliance Framework for AWS ensures that the AWS account is compliant taking into account four main pillars: Identity and Access Management, Attack Surface, Forensic Readiness and Encryption;735291151388;ca-central-1;2026-07-10 18:08:16.187152;3.3.1;Ensure AWS Config is enabled in all regions;AWS Config is enabled;3. Logging and Monitoring;3.3 Monitoring;AWS Config is a service that continuously monitors, records, and evaluates configuration changes in AWS resources within an account. It tracks configuration items, relationships between resources, and changes over time, delivering logs for security analysis, change management, and compliance auditing. To ensure comprehensive monitoring, AWS Config should be enabled in all regions.;Enabling AWS Config in all regions improves security, visibility, and compliance by: Tracking resource changes, allowing for quick identification of misconfigurations. Supporting security audits and forensic investigations by maintaining a historical record of configurations.;2;8;FAIL;AWS Config recorder 735291151388 is disabled.;arn:aws:config:ca-central-1:735291151388:recorder;735291151388;config_recorder_all_regions_enabled;False;ProwlerThreatScore;Prowler ThreatScore Compliance Framework for AWS
aws;Prowler ThreatScore Compliance Framework for AWS ensures that the AWS account is compliant taking into account four main pillars: Identity and Access Management, Attack Surface, Forensic Readiness and Encryption;735291151388;eu-central-1;2026-07-10 18:08:16.187152;3.3.1;Ensure AWS Config is enabled in all regions;AWS Config is enabled;3. Logging and Monitoring;3.3 Monitoring;AWS Config is a service that continuously monitors, records, and evaluates configuration changes in AWS resources within an account. It tracks configuration items, relationships between resources, and changes over time, delivering logs for security analysis, change management, and compliance auditing. To ensure comprehensive monitoring, AWS Config should be enabled in all regions.;Enabling AWS Config in all regions improves security, visibility, and compliance by: Tracking resource changes, allowing for quick identification of misconfigurations. Supporting security audits and forensic investigations by maintaining a historical record of configurations.;2;8;FAIL;AWS Config recorder 735291151388 is disabled.;arn:aws:config:eu-central-1:735291151388:recorder;735291151388;config_recorder_all_regions_enabled;False;ProwlerThreatScore;Prowler ThreatScore Compliance Framework for AWS
aws;Prowler ThreatScore Compliance Framework for AWS ensures that the AWS account is compliant taking into account four main pillars: Identity and Access Management, Attack Surface, Forensic Readiness and Encryption;735291151388;eu-north-1;2026-07-10 18:08:16.187152;3.3.1;Ensure AWS Config is enabled in all regions;AWS Config is enabled;3. Logging and Monitoring;3.3 Monitoring;AWS Config is a service that continuously monitors, records, and evaluates configuration changes in AWS resources within an account. It tracks configuration items, relationships between resources, and changes over time, delivering logs for security analysis, change management, and compliance auditing. To ensure comprehensive monitoring, AWS Config should be enabled in all regions.;Enabling AWS Config in all regions improves security, visibility, and compliance by: Tracking resource changes, allowing for quick identification of misconfigurations. Supporting security audits and forensic investigations by maintaining a historical record of configurations.;2;8;FAIL;AWS Config recorder 735291151388 is disabled.;arn:aws:config:eu-north-1:735291151388:recorder;735291151388;config_recorder_all_regions_enabled;False;ProwlerThreatScore;Prowler ThreatScore Compliance Framework for AWS
aws;Prowler ThreatScore Compliance Framework for AWS ensures that the AWS account is compliant taking into account four main pillars: Identity and Access Management, Attack Surface, Forensic Readiness and Encryption;735291151388;eu-west-1;2026-07-10 18:08:16.187152;3.3.1;Ensure AWS Config is enabled in all regions;AWS Config is enabled;3. Logging and Monitoring;3.3 Monitoring;AWS Config is a service that continuously monitors, records, and evaluates configuration changes in AWS resources within an account. It tracks configuration items, relationships between resources, and changes over time, delivering logs for security analysis, change management, and compliance auditing. To ensure comprehensive monitoring, AWS Config should be enabled in all regions.;Enabling AWS Config in all regions improves security, visibility, and compliance by: Tracking resource changes, allowing for quick identification of misconfigurations. Supporting security audits and forensic investigations by maintaining a historical record of configurations.;2;8;FAIL;AWS Config recorder 735291151388 is disabled.;arn:aws:config:eu-west-1:735291151388:recorder;735291151388;config_recorder_all_regions_enabled;False;ProwlerThreatScore;Prowler ThreatScore Compliance Framework for AWS
aws;Prowler ThreatScore Compliance Framework for AWS ensures that the AWS account is compliant taking into account four main pillars: Identity and Access Management, Attack Surface, Forensic Readiness and Encryption;735291151388;eu-west-2;2026-07-10 18:08:16.187152;3.3.1;Ensure AWS Config is enabled in all regions;AWS Config is enabled;3. Logging and Monitoring;3.3 Monitoring;AWS Config is a service that continuously monitors, records, and evaluates configuration changes in AWS resources within an account. It tracks configuration items, relationships between resources, and changes over time, delivering logs for security analysis, change management, and compliance auditing. To ensure comprehensive monitoring, AWS Config should be enabled in all regions.;Enabling AWS Config in all regions improves security, visibility, and compliance by: Tracking resource changes, allowing for quick identification of misconfigurations. Supporting security audits and forensic investigations by maintaining a historical record of configurations.;2;8;FAIL;AWS Config recorder 735291151388 is disabled.;arn:aws:config:eu-west-2:735291151388:recorder;735291151388;config_recorder_all_regions_enabled;False;ProwlerThreatScore;Prowler ThreatScore Compliance Framework for AWS
aws;Prowler ThreatScore Compliance Framework for AWS ensures that the AWS account is compliant taking into account four main pillars: Identity and Access Management, Attack Surface, Forensic Readiness and Encryption;735291151388;eu-west-3;2026-07-10 18:08:16.187152;3.3.1;Ensure AWS Config is enabled in all regions;AWS Config is enabled;3. Logging and Monitoring;3.3 Monitoring;AWS Config is a service that continuously monitors, records, and evaluates configuration changes in AWS resources within an account. It tracks configuration items, relationships between resources, and changes over time, delivering logs for security analysis, change management, and compliance auditing. To ensure comprehensive monitoring, AWS Config should be enabled in all regions.;Enabling AWS Config in all regions improves security, visibility, and compliance by: Tracking resource changes, allowing for quick identification of misconfigurations. Supporting security audits and forensic investigations by maintaining a historical record of configurations.;2;8;FAIL;AWS Config recorder 735291151388 is disabled.;arn:aws:config:eu-west-3:735291151388:recorder;735291151388;config_recorder_all_regions_enabled;False;ProwlerThreatScore;Prowler ThreatScore Compliance Framework for AWS
aws;Prowler ThreatScore Compliance Framework for AWS ensures that the AWS account is compliant taking into account four main pillars: Identity and Access Management, Attack Surface, Forensic Readiness and Encryption;735291151388;sa-east-1;2026-07-10 18:08:16.187152;3.3.1;Ensure AWS Config is enabled in all regions;AWS Config is enabled;3. Logging and Monitoring;3.3 Monitoring;AWS Config is a service that continuously monitors, records, and evaluates configuration changes in AWS resources within an account. It tracks configuration items, relationships between resources, and changes over time, delivering logs for security analysis, change management, and compliance auditing. To ensure comprehensive monitoring, AWS Config should be enabled in all regions.;Enabling AWS Config in all regions improves security, visibility, and compliance by: Tracking resource changes, allowing for quick identification of misconfigurations. Supporting security audits and forensic investigations by maintaining a historical record of configurations.;2;8;FAIL;AWS Config recorder 735291151388 is disabled.;arn:aws:config:sa-east-1:735291151388:recorder;735291151388;config_recorder_all_regions_enabled;False;ProwlerThreatScore;Prowler ThreatScore Compliance Framework for AWS
aws;Prowler ThreatScore Compliance Framework for AWS ensures that the AWS account is compliant taking into account four main pillars: Identity and Access Management, Attack Surface, Forensic Readiness and Encryption;735291151388;us-east-1;2026-07-10 18:08:16.187152;3.3.1;Ensure AWS Config is enabled in all regions;AWS Config is enabled;3. Logging and Monitoring;3.3 Monitoring;AWS Config is a service that continuously monitors, records, and evaluates configuration changes in AWS resources within an account. It tracks configuration items, relationships between resources, and changes over time, delivering logs for security analysis, change management, and compliance auditing. To ensure comprehensive monitoring, AWS Config should be enabled in all regions.;Enabling AWS Config in all regions improves security, visibility, and compliance by: Tracking resource changes, allowing for quick identification of misconfigurations. Supporting security audits and forensic investigations by maintaining a historical record of configurations.;2;8;FAIL;AWS Config recorder 735291151388 is disabled.;arn:aws:config:us-east-1:735291151388:recorder;735291151388;config_recorder_all_regions_enabled;False;ProwlerThreatScore;Prowler ThreatScore Compliance Framework for AWS
aws;Prowler ThreatScore Compliance Framework for AWS ensures that the AWS account is compliant taking into account four main pillars: Identity and Access Management, Attack Surface, Forensic Readiness and Encryption;735291151388;us-east-2;2026-07-10 18:08:16.187152;3.3.1;Ensure AWS Config is enabled in all regions;AWS Config is enabled;3. Logging and Monitoring;3.3 Monitoring;AWS Config is a service that continuously monitors, records, and evaluates configuration changes in AWS resources within an account. It tracks configuration items, relationships between resources, and changes over time, delivering logs for security analysis, change management, and compliance auditing. To ensure comprehensive monitoring, AWS Config should be enabled in all regions.;Enabling AWS Config in all regions improves security, visibility, and compliance by: Tracking resource changes, allowing for quick identification of misconfigurations. Supporting security audits and forensic investigations by maintaining a historical record of configurations.;2;8;FAIL;AWS Config recorder 735291151388 is disabled.;arn:aws:config:us-east-2:735291151388:recorder;735291151388;config_recorder_all_regions_enabled;False;ProwlerThreatScore;Prowler ThreatScore Compliance Framework for AWS
aws;Prowler ThreatScore Compliance Framework for AWS ensures that the AWS account is compliant taking into account four main pillars: Identity and Access Management, Attack Surface, Forensic Readiness and Encryption;735291151388;us-west-1;2026-07-10 18:08:16.187152;3.3.1;Ensure AWS Config is enabled in all regions;AWS Config is enabled;3. Logging and Monitoring;3.3 Monitoring;AWS Config is a service that continuously monitors, records, and evaluates configuration changes in AWS resources within an account. It tracks configuration items, relationships between resources, and changes over time, delivering logs for security analysis, change management, and compliance auditing. To ensure comprehensive monitoring, AWS Config should be enabled in all regions.;Enabling AWS Config in all regions improves security, visibility, and compliance by: Tracking resource changes, allowing for quick identification of misconfigurations. Supporting security audits and forensic investigations by maintaining a historical record of configurations.;2;8;FAIL;AWS Config recorder 735291151388 is disabled.;arn:aws:config:us-west-1:735291151388:recorder;735291151388;config_recorder_all_regions_enabled;False;ProwlerThreatScore;Prowler ThreatScore Compliance Framework for AWS
aws;Prowler ThreatScore Compliance Framework for AWS ensures that the AWS account is compliant taking into account four main pillars: Identity and Access Management, Attack Surface, Forensic Readiness and Encryption;735291151388;us-west-2;2026-07-10 18:08:16.187152;3.3.1;Ensure AWS Config is enabled in all regions;AWS Config is enabled;3. Logging and Monitoring;3.3 Monitoring;AWS Config is a service that continuously monitors, records, and evaluates configuration changes in AWS resources within an account. It tracks configuration items, relationships between resources, and changes over time, delivering logs for security analysis, change management, and compliance auditing. To ensure comprehensive monitoring, AWS Config should be enabled in all regions.;Enabling AWS Config in all regions improves security, visibility, and compliance by: Tracking resource changes, allowing for quick identification of misconfigurations. Supporting security audits and forensic investigations by maintaining a historical record of configurations.;2;8;FAIL;AWS Config recorder 735291151388 is disabled.;arn:aws:config:us-west-2:735291151388:recorder;735291151388;config_recorder_all_regions_enabled;False;ProwlerThreatScore;Prowler ThreatScore Compliance Framework for AWS
aws;Prowler ThreatScore Compliance Framework for AWS ensures that the AWS account is compliant taking into account four main pillars: Identity and Access Management, Attack Surface, Forensic Readiness and Encryption;735291151388;ap-south-1;2026-07-10 18:08:16.187152;4.2.1;Ensure EBS volume encryption is enabled in all regions;EBS volume encryption;4. Encryption;4.2 At-Rest;Amazon Elastic Compute Cloud (EC2) supports encryption at rest for Elastic Block Store (EBS) volumes, ensuring that stored data remains protected. While EBS encryption is disabled by default, organizations can enforce automatic encryption of newly created volumes to enhance data security and compliance.;Enforcing EBS volume encryption reduces the risk of data exposure, unauthorized access, and compliance violations. If encryption remains intact, even if storage is compromised, data remains unreadable to unauthorized users. Encrypting data at rest ensures that sensitive information is protected against accidental disclosure, insider threats, and external attacks.;3;10;FAIL;EBS Snapshot vol-022955d77ae658dd5 is unencrypted.;arn:aws:ec2:ap-south-1:735291151388:volume/vol-022955d77ae658dd5;vol-022955d77ae658dd5;ec2_ebs_volume_encryption;False;ProwlerThreatScore;Prowler ThreatScore Compliance Framework for AWS
aws;Prowler ThreatScore Compliance Framework for AWS ensures that the AWS account is compliant taking into account four main pillars: Identity and Access Management, Attack Surface, Forensic Readiness and Encryption;735291151388;ap-south-1;2026-07-10 18:08:16.187152;4.1.2;Ensure that EC2 Metadata Service only allows IMDSv2;EC2 Metadata Service only allows IMDSv2;4. Encryption;4.1 In-Transit;AWS EC2 instances allow users to choose between Instance Metadata Service Version 1 (IMDSv1), which uses a request/response model, or Instance Metadata Service Version 2 (IMDSv2), which uses a session-based approach for enhanced security;Instance metadata refers to the data about an EC2 instance, such as host names, events, and security groups, that is used for managing and configuring the instance. When enabling the Metadata Service, users can opt for either IMDSv1, which operates via a simple request/response model, or IMDSv2, which implements session authentication for additional security. With IMDSv2, each request is secured by session-based authentication, ensuring that all interactions with the instance's metadata and credentials are protected. IMDSv1, on the other hand, may expose instances to Server-Side Request Forgery (SSRF) attacks. To improve security, Amazon recommends using IMDSv2;4;100;PASS;EC2 Instance i-0c7395c282641f31e has IMDSv2 enabled and required.;arn:aws:ec2:ap-south-1:735291151388:instance/i-0c7395c282641f31e;i-0c7395c282641f31e;ec2_instance_imdsv2_enabled;False;ProwlerThreatScore;Prowler ThreatScore Compliance Framework for AWS
aws;Prowler ThreatScore Compliance Framework for AWS ensures that the AWS account is compliant taking into account four main pillars: Identity and Access Management, Attack Surface, Forensic Readiness and Encryption;735291151388;ap-south-1;2026-07-10 18:08:16.187152;2.1.6;Ensure that ec2 common ports from instances are not internet-exposed;Common ports from instances are not exposed;2. Attack Surface;2.1 Network;Amazon EC2 instances can run various services that communicate over common ports such as 22 (SSH), 3389 (RDP), 80 (HTTP), and 443 (HTTPS) (and more). If these ports are open to the internet, attackers can attempt unauthorized access, brute-force attacks, or exploit known vulnerabilities. To reduce security risks, EC2 instances should be configured so that common ports are not exposed to the public internet, unless explicitly required and properly secured.;Exposing common ports directly to the internet increases the attack surface and risks unauthorized access or system compromise. Attackers frequently scan for open ports to target misconfigured or unpatched services. To enhance security, access to EC2 common ports should be restricted using security groups, network ACLs, and VPC configurations, ensuring that only trusted networks and users can connect.;5;1000;PASS;Instance i-0c7395c282641f31e does not have Cassandra ports open to the Internet.;arn:aws:ec2:ap-south-1:735291151388:instance/i-0c7395c282641f31e;i-0c7395c282641f31e;ec2_instance_port_cassandra_exposed_to_internet;False;ProwlerThreatScore;Prowler ThreatScore Compliance Framework for AWS
aws;Prowler ThreatScore Compliance Framework for AWS ensures that the AWS account is compliant taking into account four main pillars: Identity and Access Management, Attack Surface, Forensic Readiness and Encryption;735291151388;ap-south-1;2026-07-10 18:08:16.187152;2.1.6;Ensure that ec2 common ports from instances are not internet-exposed;Common ports from instances are not exposed;2. Attack Surface;2.1 Network;Amazon EC2 instances can run various services that communicate over common ports such as 22 (SSH), 3389 (RDP), 80 (HTTP), and 443 (HTTPS) (and more). If these ports are open to the internet, attackers can attempt unauthorized access, brute-force attacks, or exploit known vulnerabilities. To reduce security risks, EC2 instances should be configured so that common ports are not exposed to the public internet, unless explicitly required and properly secured.;Exposing common ports directly to the internet increases the attack surface and risks unauthorized access or system compromise. Attackers frequently scan for open ports to target misconfigured or unpatched services. To enhance security, access to EC2 common ports should be restricted using security groups, network ACLs, and VPC configurations, ensuring that only trusted networks and users can connect.;5;1000;PASS;Instance i-0c7395c282641f31e does not have CIFS ports open to the Internet.;arn:aws:ec2:ap-south-1:735291151388:instance/i-0c7395c282641f31e;i-0c7395c282641f31e;ec2_instance_port_cifs_exposed_to_internet;False;ProwlerThreatScore;Prowler ThreatScore Compliance Framework for AWS
aws;Prowler ThreatScore Compliance Framework for AWS ensures that the AWS account is compliant taking into account four main pillars: Identity and Access Management, Attack Surface, Forensic Readiness and Encryption;735291151388;ap-south-1;2026-07-10 18:08:16.187152;2.1.6;Ensure that ec2 common ports from instances are not internet-exposed;Common ports from instances are not exposed;2. Attack Surface;2.1 Network;Amazon EC2 instances can run various services that communicate over common ports such as 22 (SSH), 3389 (RDP), 80 (HTTP), and 443 (HTTPS) (and more). If these ports are open to the internet, attackers can attempt unauthorized access, brute-force attacks, or exploit known vulnerabilities. To reduce security risks, EC2 instances should be configured so that common ports are not exposed to the public internet, unless explicitly required and properly secured.;Exposing common ports directly to the internet increases the attack surface and risks unauthorized access or system compromise. Attackers frequently scan for open ports to target misconfigured or unpatched services. To enhance security, access to EC2 common ports should be restricted using security groups, network ACLs, and VPC configurations, ensuring that only trusted networks and users can connect.;5;1000;PASS;Instance i-0c7395c282641f31e does not have Elasticsearch/Kibana ports open to the Internet.;arn:aws:ec2:ap-south-1:735291151388:instance/i-0c7395c282641f31e;i-0c7395c282641f31e;ec2_instance_port_elasticsearch_kibana_exposed_to_internet;False;ProwlerThreatScore;Prowler ThreatScore Compliance Framework for AWS
aws;Prowler ThreatScore Compliance Framework for AWS ensures that the AWS account is compliant taking into account four main pillars: Identity and Access Management, Attack Surface, Forensic Readiness and Encryption;735291151388;ap-south-1;2026-07-10 18:08:16.187152;2.1.6;Ensure that ec2 common ports from instances are not internet-exposed;Common ports from instances are not exposed;2. Attack Surface;2.1 Network;Amazon EC2 instances can run various services that communicate over common ports such as 22 (SSH), 3389 (RDP), 80 (HTTP), and 443 (HTTPS) (and more). If these ports are open to the internet, attackers can attempt unauthorized access, brute-force attacks, or exploit known vulnerabilities. To reduce security risks, EC2 instances should be configured so that common ports are not exposed to the public internet, unless explicitly required and properly secured.;Exposing common ports directly to the internet increases the attack surface and risks unauthorized access or system compromise. Attackers frequently scan for open ports to target misconfigured or unpatched services. To enhance security, access to EC2 common ports should be restricted using security groups, network ACLs, and VPC configurations, ensuring that only trusted networks and users can connect.;5;1000;PASS;Instance i-0c7395c282641f31e does not have FTP ports open to the Internet.;arn:aws:ec2:ap-south-1:735291151388:instance/i-0c7395c282641f31e;i-0c7395c282641f31e;ec2_instance_port_ftp_exposed_to_internet;False;ProwlerThreatScore;Prowler ThreatScore Compliance Framework for AWS
aws;Prowler ThreatScore Compliance Framework for AWS ensures that the AWS account is compliant taking into account four main pillars: Identity and Access Management, Attack Surface, Forensic Readiness and Encryption;735291151388;ap-south-1;2026-07-10 18:08:16.187152;2.1.6;Ensure that ec2 common ports from instances are not internet-exposed;Common ports from instances are not exposed;2. Attack Surface;2.1 Network;Amazon EC2 instances can run various services that communicate over common ports such as 22 (SSH), 3389 (RDP), 80 (HTTP), and 443 (HTTPS) (and more). If these ports are open to the internet, attackers can attempt unauthorized access, brute-force attacks, or exploit known vulnerabilities. To reduce security risks, EC2 instances should be configured so that common ports are not exposed to the public internet, unless explicitly required and properly secured.;Exposing common ports directly to the internet increases the attack surface and risks unauthorized access or system compromise. Attackers frequently scan for open ports to target misconfigured or unpatched services. To enhance security, access to EC2 common ports should be restricted using security groups, network ACLs, and VPC configurations, ensuring that only trusted networks and users can connect.;5;1000;PASS;Instance i-0c7395c282641f31e does not have Kafka port 9092 open to the Internet.;arn:aws:ec2:ap-south-1:735291151388:instance/i-0c7395c282641f31e;i-0c7395c282641f31e;ec2_instance_port_kafka_exposed_to_internet;False;ProwlerThreatScore;Prowler ThreatScore Compliance Framework for AWS
aws;Prowler ThreatScore Compliance Framework for AWS ensures that the AWS account is compliant taking into account four main pillars: Identity and Access Management, Attack Surface, Forensic Readiness and Encryption;735291151388;ap-south-1;2026-07-10 18:08:16.187152;2.1.6;Ensure that ec2 common ports from instances are not internet-exposed;Common ports from instances are not exposed;2. Attack Surface;2.1 Network;Amazon EC2 instances can run various services that communicate over common ports such as 22 (SSH), 3389 (RDP), 80 (HTTP), and 443 (HTTPS) (and more). If these ports are open to the internet, attackers can attempt unauthorized access, brute-force attacks, or exploit known vulnerabilities. To reduce security risks, EC2 instances should be configured so that common ports are not exposed to the public internet, unless explicitly required and properly secured.;Exposing common ports directly to the internet increases the attack surface and risks unauthorized access or system compromise. Attackers frequently scan for open ports to target misconfigured or unpatched services. To enhance security, access to EC2 common ports should be restricted using security groups, network ACLs, and VPC configurations, ensuring that only trusted networks and users can connect.;5;1000;PASS;Instance i-0c7395c282641f31e does not have Kerberos ports open to the Internet.;arn:aws:ec2:ap-south-1:735291151388:instance/i-0c7395c282641f31e;i-0c7395c282641f31e;ec2_instance_port_kerberos_exposed_to_internet;False;ProwlerThreatScore;Prowler ThreatScore Compliance Framework for AWS
aws;Prowler ThreatScore Compliance Framework for AWS ensures that the AWS account is compliant taking into account four main pillars: Identity and Access Management, Attack Surface, Forensic Readiness and Encryption;735291151388;ap-south-1;2026-07-10 18:08:16.187152;2.1.6;Ensure that ec2 common ports from instances are not internet-exposed;Common ports from instances are not exposed;2. Attack Surface;2.1 Network;Amazon EC2 instances can run various services that communicate over common ports such as 22 (SSH), 3389 (RDP), 80 (HTTP), and 443 (HTTPS) (and more). If these ports are open to the internet, attackers can attempt unauthorized access, brute-force attacks, or exploit known vulnerabilities. To reduce security risks, EC2 instances should be configured so that common ports are not exposed to the public internet, unless explicitly required and properly secured.;Exposing common ports directly to the internet increases the attack surface and risks unauthorized access or system compromise. Attackers frequently scan for open ports to target misconfigured or unpatched services. To enhance security, access to EC2 common ports should be restricted using security groups, network ACLs, and VPC configurations, ensuring that only trusted networks and users can connect.;5;1000;PASS;Instance i-0c7395c282641f31e does not have LDAP ports open to the Internet.;arn:aws:ec2:ap-south-1:735291151388:instance/i-0c7395c282641f31e;i-0c7395c282641f31e;ec2_instance_port_ldap_exposed_to_internet;False;ProwlerThreatScore;Prowler ThreatScore Compliance Framework for AWS
aws;Prowler ThreatScore Compliance Framework for AWS ensures that the AWS account is compliant taking into account four main pillars: Identity and Access Management, Attack Surface, Forensic Readiness and Encryption;735291151388;ap-south-1;2026-07-10 18:08:16.187152;2.1.6;Ensure that ec2 common ports from instances are not internet-exposed;Common ports from instances are not exposed;2. Attack Surface;2.1 Network;Amazon EC2 instances can run various services that communicate over common ports such as 22 (SSH), 3389 (RDP), 80 (HTTP), and 443 (HTTPS) (and more). If these ports are open to the internet, attackers can attempt unauthorized access, brute-force attacks, or exploit known vulnerabilities. To reduce security risks, EC2 instances should be configured so that common ports are not exposed to the public internet, unless explicitly required and properly secured.;Exposing common ports directly to the internet increases the attack surface and risks unauthorized access or system compromise. Attackers frequently scan for open ports to target misconfigured or unpatched services. To enhance security, access to EC2 common ports should be restricted using security groups, network ACLs, and VPC configurations, ensuring that only trusted networks and users can connect.;5;1000;PASS;Instance i-0c7395c282641f31e does not have Memcached port 11211 open to the Internet.;arn:aws:ec2:ap-south-1:735291151388:instance/i-0c7395c282641f31e;i-0c7395c282641f31e;ec2_instance_port_memcached_exposed_to_internet;False;ProwlerThreatScore;Prowler ThreatScore Compliance Framework for AWS
aws;Prowler ThreatScore Compliance Framework for AWS ensures that the AWS account is compliant taking into account four main pillars: Identity and Access Management, Attack Surface, Forensic Readiness and Encryption;735291151388;ap-south-1;2026-07-10 18:08:16.187152;2.1.6;Ensure that ec2 common ports from instances are not internet-exposed;Common ports from instances are not exposed;2. Attack Surface;2.1 Network;Amazon EC2 instances can run various services that communicate over common ports such as 22 (SSH), 3389 (RDP), 80 (HTTP), and 443 (HTTPS) (and more). If these ports are open to the internet, attackers can attempt unauthorized access, brute-force attacks, or exploit known vulnerabilities. To reduce security risks, EC2 instances should be configured so that common ports are not exposed to the public internet, unless explicitly required and properly secured.;Exposing common ports directly to the internet increases the attack surface and risks unauthorized access or system compromise. Attackers frequently scan for open ports to target misconfigured or unpatched services. To enhance security, access to EC2 common ports should be restricted using security groups, network ACLs, and VPC configurations, ensuring that only trusted networks and users can connect.;5;1000;PASS;Instance i-0c7395c282641f31e does not have MongoDB ports open to the Internet.;arn:aws:ec2:ap-south-1:735291151388:instance/i-0c7395c282641f31e;i-0c7395c282641f31e;ec2_instance_port_mongodb_exposed_to_internet;False;ProwlerThreatScore;Prowler ThreatScore Compliance Framework for AWS
aws;Prowler ThreatScore Compliance Framework for AWS ensures that the AWS account is compliant taking into account four main pillars: Identity and Access Management, Attack Surface, Forensic Readiness and Encryption;735291151388;ap-south-1;2026-07-10 18:08:16.187152;2.1.6;Ensure that ec2 common ports from instances are not internet-exposed;Common ports from instances are not exposed;2. Attack Surface;2.1 Network;Amazon EC2 instances can run various services that communicate over common ports such as 22 (SSH), 3389 (RDP), 80 (HTTP), and 443 (HTTPS) (and more). If these ports are open to the internet, attackers can attempt unauthorized access, brute-force attacks, or exploit known vulnerabilities. To reduce security risks, EC2 instances should be configured so that common ports are not exposed to the public internet, unless explicitly required and properly secured.;Exposing common ports directly to the internet increases the attack surface and risks unauthorized access or system compromise. Attackers frequently scan for open ports to target misconfigured or unpatched services. To enhance security, access to EC2 common ports should be restricted using security groups, network ACLs, and VPC configurations, ensuring that only trusted networks and users can connect.;5;1000;PASS;Instance i-0c7395c282641f31e does not have MySQL port 3306 open to the Internet.;arn:aws:ec2:ap-south-1:735291151388:instance/i-0c7395c282641f31e;i-0c7395c282641f31e;ec2_instance_port_mysql_exposed_to_internet;False;ProwlerThreatScore;Prowler ThreatScore Compliance Framework for AWS
aws;Prowler ThreatScore Compliance Framework for AWS ensures that the AWS account is compliant taking into account four main pillars: Identity and Access Management, Attack Surface, Forensic Readiness and Encryption;735291151388;ap-south-1;2026-07-10 18:08:16.187152;2.1.6;Ensure that ec2 common ports from instances are not internet-exposed;Common ports from instances are not exposed;2. Attack Surface;2.1 Network;Amazon EC2 instances can run various services that communicate over common ports such as 22 (SSH), 3389 (RDP), 80 (HTTP), and 443 (HTTPS) (and more). If these ports are open to the internet, attackers can attempt unauthorized access, brute-force attacks, or exploit known vulnerabilities. To reduce security risks, EC2 instances should be configured so that common ports are not exposed to the public internet, unless explicitly required and properly secured.;Exposing common ports directly to the internet increases the attack surface and risks unauthorized access or system compromise. Attackers frequently scan for open ports to target misconfigured or unpatched services. To enhance security, access to EC2 common ports should be restricted using security groups, network ACLs, and VPC configurations, ensuring that only trusted networks and users can connect.;5;1000;PASS;Instance i-0c7395c282641f31e does not have Oracle ports open to the Internet.;arn:aws:ec2:ap-south-1:735291151388:instance/i-0c7395c282641f31e;i-0c7395c282641f31e;ec2_instance_port_oracle_exposed_to_internet;False;ProwlerThreatScore;Prowler ThreatScore Compliance Framework for AWS
aws;Prowler ThreatScore Compliance Framework for AWS ensures that the AWS account is compliant taking into account four main pillars: Identity and Access Management, Attack Surface, Forensic Readiness and Encryption;735291151388;ap-south-1;2026-07-10 18:08:16.187152;2.1.6;Ensure that ec2 common ports from instances are not internet-exposed;Common ports from instances are not exposed;2. Attack Surface;2.1 Network;Amazon EC2 instances can run various services that communicate over common ports such as 22 (SSH), 3389 (RDP), 80 (HTTP), and 443 (HTTPS) (and more). If these ports are open to the internet, attackers can attempt unauthorized access, brute-force attacks, or exploit known vulnerabilities. To reduce security risks, EC2 instances should be configured so that common ports are not exposed to the public internet, unless explicitly required and properly secured.;Exposing common ports directly to the internet increases the attack surface and risks unauthorized access or system compromise. Attackers frequently scan for open ports to target misconfigured or unpatched services. To enhance security, access to EC2 common ports should be restricted using security groups, network ACLs, and VPC configurations, ensuring that only trusted networks and users can connect.;5;1000;PASS;Instance i-0c7395c282641f31e does not have PostgreSQL port 5432 open to the Internet.;arn:aws:ec2:ap-south-1:735291151388:instance/i-0c7395c282641f31e;i-0c7395c282641f31e;ec2_instance_port_postgresql_exposed_to_internet;False;ProwlerThreatScore;Prowler ThreatScore Compliance Framework for AWS
aws;Prowler ThreatScore Compliance Framework for AWS ensures that the AWS account is compliant taking into account four main pillars: Identity and Access Management, Attack Surface, Forensic Readiness and Encryption;735291151388;ap-south-1;2026-07-10 18:08:16.187152;2.1.6;Ensure that ec2 common ports from instances are not internet-exposed;Common ports from instances are not exposed;2. Attack Surface;2.1 Network;Amazon EC2 instances can run various services that communicate over common ports such as 22 (SSH), 3389 (RDP), 80 (HTTP), and 443 (HTTPS) (and more). If these ports are open to the internet, attackers can attempt unauthorized access, brute-force attacks, or exploit known vulnerabilities. To reduce security risks, EC2 instances should be configured so that common ports are not exposed to the public internet, unless explicitly required and properly secured.;Exposing common ports directly to the internet increases the attack surface and risks unauthorized access or system compromise. Attackers frequently scan for open ports to target misconfigured or unpatched services. To enhance security, access to EC2 common ports should be restricted using security groups, network ACLs, and VPC configurations, ensuring that only trusted networks and users can connect.;5;1000;PASS;Instance i-0c7395c282641f31e does not have RDP port 3389 open to the Internet.;arn:aws:ec2:ap-south-1:735291151388:instance/i-0c7395c282641f31e;i-0c7395c282641f31e;ec2_instance_port_rdp_exposed_to_internet;False;ProwlerThreatScore;Prowler ThreatScore Compliance Framework for AWS
aws;Prowler ThreatScore Compliance Framework for AWS ensures that the AWS account is compliant taking into account four main pillars: Identity and Access Management, Attack Surface, Forensic Readiness and Encryption;735291151388;ap-south-1;2026-07-10 18:08:16.187152;2.1.6;Ensure that ec2 common ports from instances are not internet-exposed;Common ports from instances are not exposed;2. Attack Surface;2.1 Network;Amazon EC2 instances can run various services that communicate over common ports such as 22 (SSH), 3389 (RDP), 80 (HTTP), and 443 (HTTPS) (and more). If these ports are open to the internet, attackers can attempt unauthorized access, brute-force attacks, or exploit known vulnerabilities. To reduce security risks, EC2 instances should be configured so that common ports are not exposed to the public internet, unless explicitly required and properly secured.;Exposing common ports directly to the internet increases the attack surface and risks unauthorized access or system compromise. Attackers frequently scan for open ports to target misconfigured or unpatched services. To enhance security, access to EC2 common ports should be restricted using security groups, network ACLs, and VPC configurations, ensuring that only trusted networks and users can connect.;5;1000;PASS;Instance i-0c7395c282641f31e does not have Redis port 6379 open to the Internet.;arn:aws:ec2:ap-south-1:735291151388:instance/i-0c7395c282641f31e;i-0c7395c282641f31e;ec2_instance_port_redis_exposed_to_internet;False;ProwlerThreatScore;Prowler ThreatScore Compliance Framework for AWS
aws;Prowler ThreatScore Compliance Framework for AWS ensures that the AWS account is compliant taking into account four main pillars: Identity and Access Management, Attack Surface, Forensic Readiness and Encryption;735291151388;ap-south-1;2026-07-10 18:08:16.187152;2.1.6;Ensure that ec2 common ports from instances are not internet-exposed;Common ports from instances are not exposed;2. Attack Surface;2.1 Network;Amazon EC2 instances can run various services that communicate over common ports such as 22 (SSH), 3389 (RDP), 80 (HTTP), and 443 (HTTPS) (and more). If these ports are open to the internet, attackers can attempt unauthorized access, brute-force attacks, or exploit known vulnerabilities. To reduce security risks, EC2 instances should be configured so that common ports are not exposed to the public internet, unless explicitly required and properly secured.;Exposing common ports directly to the internet increases the attack surface and risks unauthorized access or system compromise. Attackers frequently scan for open ports to target misconfigured or unpatched services. To enhance security, access to EC2 common ports should be restricted using security groups, network ACLs, and VPC configurations, ensuring that only trusted networks and users can connect.;5;1000;PASS;Instance i-0c7395c282641f31e does not have SQL Server ports open to the Internet.;arn:aws:ec2:ap-south-1:735291151388:instance/i-0c7395c282641f31e;i-0c7395c282641f31e;ec2_instance_port_sqlserver_exposed_to_internet;False;ProwlerThreatScore;Prowler ThreatScore Compliance Framework for AWS
aws;Prowler ThreatScore Compliance Framework for AWS ensures that the AWS account is compliant taking into account four main pillars: Identity and Access Management, Attack Surface, Forensic Readiness and Encryption;735291151388;ap-south-1;2026-07-10 18:08:16.187152;2.1.6;Ensure that ec2 common ports from instances are not internet-exposed;Common ports from instances are not exposed;2. Attack Surface;2.1 Network;Amazon EC2 instances can run various services that communicate over common ports such as 22 (SSH), 3389 (RDP), 80 (HTTP), and 443 (HTTPS) (and more). If these ports are open to the internet, attackers can attempt unauthorized access, brute-force attacks, or exploit known vulnerabilities. To reduce security risks, EC2 instances should be configured so that common ports are not exposed to the public internet, unless explicitly required and properly secured.;Exposing common ports directly to the internet increases the attack surface and risks unauthorized access or system compromise. Attackers frequently scan for open ports to target misconfigured or unpatched services. To enhance security, access to EC2 common ports should be restricted using security groups, network ACLs, and VPC configurations, ensuring that only trusted networks and users can connect.;5;1000;PASS;Instance i-0c7395c282641f31e does not have SSH port 22 open to the Internet.;arn:aws:ec2:ap-south-1:735291151388:instance/i-0c7395c282641f31e;i-0c7395c282641f31e;ec2_instance_port_ssh_exposed_to_internet;False;ProwlerThreatScore;Prowler ThreatScore Compliance Framework for AWS
aws;Prowler ThreatScore Compliance Framework for AWS ensures that the AWS account is compliant taking into account four main pillars: Identity and Access Management, Attack Surface, Forensic Readiness and Encryption;735291151388;ap-south-1;2026-07-10 18:08:16.187152;2.1.6;Ensure that ec2 common ports from instances are not internet-exposed;Common ports from instances are not exposed;2. Attack Surface;2.1 Network;Amazon EC2 instances can run various services that communicate over common ports such as 22 (SSH), 3389 (RDP), 80 (HTTP), and 443 (HTTPS) (and more). If these ports are open to the internet, attackers can attempt unauthorized access, brute-force attacks, or exploit known vulnerabilities. To reduce security risks, EC2 instances should be configured so that common ports are not exposed to the public internet, unless explicitly required and properly secured.;Exposing common ports directly to the internet increases the attack surface and risks unauthorized access or system compromise. Attackers frequently scan for open ports to target misconfigured or unpatched services. To enhance security, access to EC2 common ports should be restricted using security groups, network ACLs, and VPC configurations, ensuring that only trusted networks and users can connect.;5;1000;PASS;Instance i-0c7395c282641f31e does not have Telnet port 23 open to the Internet.;arn:aws:ec2:ap-south-1:735291151388:instance/i-0c7395c282641f31e;i-0c7395c282641f31e;ec2_instance_port_telnet_exposed_to_internet;False;ProwlerThreatScore;Prowler ThreatScore Compliance Framework for AWS
aws;Prowler ThreatScore Compliance Framework for AWS ensures that the AWS account is compliant taking into account four main pillars: Identity and Access Management, Attack Surface, Forensic Readiness and Encryption;735291151388;ap-south-1;2026-07-10 18:08:16.187152;1.2.4;Ensure IAM instance roles are used for AWS resource access from instances;Roles used for resource access from instances;1. IAM;1.2 Authorization;AWS instances can access AWS resources either by embedding access keys in API calls or by assigning an IAM role with the necessary permissions. Using IAM roles ensures secure, controlled access without hardcoding credentials.;IAM roles eliminate the risks associated with hardcoded credentials, reducing exposure to external threats. Unlike access keys, which can be used outside AWS if compromised, IAM roles require an attacker to maintain control of an instance to exploit privileges. Additionally, IAM roles simplify credential management by ensuring permissions are automatically updated without the need for manual key rotation.;2;8;PASS;EC2 Instance i-0c7395c282641f31e associated with Instance Profile Role arn:aws:iam::735291151388:instance-profile/cloudguardian-web-profile.;arn:aws:ec2:ap-south-1:735291151388:instance/i-0c7395c282641f31e;i-0c7395c282641f31e;ec2_instance_profile_attached;False;ProwlerThreatScore;Prowler ThreatScore Compliance Framework for AWS
aws;Prowler ThreatScore Compliance Framework for AWS ensures that the AWS account is compliant taking into account four main pillars: Identity and Access Management, Attack Surface, Forensic Readiness and Encryption;735291151388;ap-south-1;2026-07-10 18:08:16.187152;2.1.3;Ensure no Network ACLs allow ingress from 0.0.0.0/0 to remote server administration ports;No Network ACLs allow ingress from 0.0.0.0/0 to remote server administration ports;2. Attack Surface;2.1 Network;Network Access Control Lists (NACLs) provide stateless filtering of ingress and egress traffic to AWS resources. It is recommended that NACLs do not allow unrestricted inbound access to remote administration ports, such as SSH (port 22) and RDP (port 3389), over TCP (6), UDP (17), or ALL (-1) protocols to prevent unauthorized access.;Exposing remote server administration ports (e.g., SSH on 22 and RDP on 3389) to the public internet increases the attack surface, making resources more vulnerable to brute-force attacks and unauthorized access. Restricting inbound access to these ports helps reduce security risks and limit potential exploitation.;3;10;FAIL;Network ACL acl-055a0136ea4bc4585 has every port open to the Internet.;arn:aws:ec2:ap-south-1:735291151388:network-acl/acl-055a0136ea4bc4585;acl-055a0136ea4bc4585;ec2_networkacl_allow_ingress_any_port;False;ProwlerThreatScore;Prowler ThreatScore Compliance Framework for AWS
aws;Prowler ThreatScore Compliance Framework for AWS ensures that the AWS account is compliant taking into account four main pillars: Identity and Access Management, Attack Surface, Forensic Readiness and Encryption;735291151388;ap-south-1;2026-07-10 18:08:16.187152;2.1.3;Ensure no Network ACLs allow ingress from 0.0.0.0/0 to remote server administration ports;No Network ACLs allow ingress from 0.0.0.0/0 to remote server administration ports;2. Attack Surface;2.1 Network;Network Access Control Lists (NACLs) provide stateless filtering of ingress and egress traffic to AWS resources. It is recommended that NACLs do not allow unrestricted inbound access to remote administration ports, such as SSH (port 22) and RDP (port 3389), over TCP (6), UDP (17), or ALL (-1) protocols to prevent unauthorized access.;Exposing remote server administration ports (e.g., SSH on 22 and RDP on 3389) to the public internet increases the attack surface, making resources more vulnerable to brute-force attacks and unauthorized access. Restricting inbound access to these ports helps reduce security risks and limit potential exploitation.;3;10;FAIL;Network ACL acl-0db7c7715aa3918aa has every port open to the Internet.;arn:aws:ec2:ap-south-1:735291151388:network-acl/acl-0db7c7715aa3918aa;acl-0db7c7715aa3918aa;ec2_networkacl_allow_ingress_any_port;False;ProwlerThreatScore;Prowler ThreatScore Compliance Framework for AWS
aws;Prowler ThreatScore Compliance Framework for AWS ensures that the AWS account is compliant taking into account four main pillars: Identity and Access Management, Attack Surface, Forensic Readiness and Encryption;735291151388;ap-south-1;2026-07-10 18:08:16.187152;2.1.3;Ensure no Network ACLs allow ingress from 0.0.0.0/0 to remote server administration ports;No Network ACLs allow ingress from 0.0.0.0/0 to remote server administration ports;2. Attack Surface;2.1 Network;Network Access Control Lists (NACLs) provide stateless filtering of ingress and egress traffic to AWS resources. It is recommended that NACLs do not allow unrestricted inbound access to remote administration ports, such as SSH (port 22) and RDP (port 3389), over TCP (6), UDP (17), or ALL (-1) protocols to prevent unauthorized access.;Exposing remote server administration ports (e.g., SSH on 22 and RDP on 3389) to the public internet increases the attack surface, making resources more vulnerable to brute-force attacks and unauthorized access. Restricting inbound access to these ports helps reduce security risks and limit potential exploitation.;3;10;FAIL;Network ACL acl-055a0136ea4bc4585 has SSH port 22 open to the Internet.;arn:aws:ec2:ap-south-1:735291151388:network-acl/acl-055a0136ea4bc4585;acl-055a0136ea4bc4585;ec2_networkacl_allow_ingress_tcp_port_22;False;ProwlerThreatScore;Prowler ThreatScore Compliance Framework for AWS
aws;Prowler ThreatScore Compliance Framework for AWS ensures that the AWS account is compliant taking into account four main pillars: Identity and Access Management, Attack Surface, Forensic Readiness and Encryption;735291151388;ap-south-1;2026-07-10 18:08:16.187152;2.1.3;Ensure no Network ACLs allow ingress from 0.0.0.0/0 to remote server administration ports;No Network ACLs allow ingress from 0.0.0.0/0 to remote server administration ports;2. Attack Surface;2.1 Network;Network Access Control Lists (NACLs) provide stateless filtering of ingress and egress traffic to AWS resources. It is recommended that NACLs do not allow unrestricted inbound access to remote administration ports, such as SSH (port 22) and RDP (port 3389), over TCP (6), UDP (17), or ALL (-1) protocols to prevent unauthorized access.;Exposing remote server administration ports (e.g., SSH on 22 and RDP on 3389) to the public internet increases the attack surface, making resources more vulnerable to brute-force attacks and unauthorized access. Restricting inbound access to these ports helps reduce security risks and limit potential exploitation.;3;10;FAIL;Network ACL acl-0db7c7715aa3918aa has SSH port 22 open to the Internet.;arn:aws:ec2:ap-south-1:735291151388:network-acl/acl-0db7c7715aa3918aa;acl-0db7c7715aa3918aa;ec2_networkacl_allow_ingress_tcp_port_22;False;ProwlerThreatScore;Prowler ThreatScore Compliance Framework for AWS
aws;Prowler ThreatScore Compliance Framework for AWS ensures that the AWS account is compliant taking into account four main pillars: Identity and Access Management, Attack Surface, Forensic Readiness and Encryption;735291151388;ap-south-1;2026-07-10 18:08:16.187152;2.1.3;Ensure no Network ACLs allow ingress from 0.0.0.0/0 to remote server administration ports;No Network ACLs allow ingress from 0.0.0.0/0 to remote server administration ports;2. Attack Surface;2.1 Network;Network Access Control Lists (NACLs) provide stateless filtering of ingress and egress traffic to AWS resources. It is recommended that NACLs do not allow unrestricted inbound access to remote administration ports, such as SSH (port 22) and RDP (port 3389), over TCP (6), UDP (17), or ALL (-1) protocols to prevent unauthorized access.;Exposing remote server administration ports (e.g., SSH on 22 and RDP on 3389) to the public internet increases the attack surface, making resources more vulnerable to brute-force attacks and unauthorized access. Restricting inbound access to these ports helps reduce security risks and limit potential exploitation.;3;10;FAIL;Network ACL acl-055a0136ea4bc4585 has Microsoft RDP port 3389 open to the Internet.;arn:aws:ec2:ap-south-1:735291151388:network-acl/acl-055a0136ea4bc4585;acl-055a0136ea4bc4585;ec2_networkacl_allow_ingress_tcp_port_3389;False;ProwlerThreatScore;Prowler ThreatScore Compliance Framework for AWS
aws;Prowler ThreatScore Compliance Framework for AWS ensures that the AWS account is compliant taking into account four main pillars: Identity and Access Management, Attack Surface, Forensic Readiness and Encryption;735291151388;ap-south-1;2026-07-10 18:08:16.187152;2.1.3;Ensure no Network ACLs allow ingress from 0.0.0.0/0 to remote server administration ports;No Network ACLs allow ingress from 0.0.0.0/0 to remote server administration ports;2. Attack Surface;2.1 Network;Network Access Control Lists (NACLs) provide stateless filtering of ingress and egress traffic to AWS resources. It is recommended that NACLs do not allow unrestricted inbound access to remote administration ports, such as SSH (port 22) and RDP (port 3389), over TCP (6), UDP (17), or ALL (-1) protocols to prevent unauthorized access.;Exposing remote server administration ports (e.g., SSH on 22 and RDP on 3389) to the public internet increases the attack surface, making resources more vulnerable to brute-force attacks and unauthorized access. Restricting inbound access to these ports helps reduce security risks and limit potential exploitation.;3;10;FAIL;Network ACL acl-0db7c7715aa3918aa has Microsoft RDP port 3389 open to the Internet.;arn:aws:ec2:ap-south-1:735291151388:network-acl/acl-0db7c7715aa3918aa;acl-0db7c7715aa3918aa;ec2_networkacl_allow_ingress_tcp_port_3389;False;ProwlerThreatScore;Prowler ThreatScore Compliance Framework for AWS
aws;Prowler ThreatScore Compliance Framework for AWS ensures that the AWS account is compliant taking into account four main pillars: Identity and Access Management, Attack Surface, Forensic Readiness and Encryption;735291151388;ap-south-1;2026-07-10 18:08:16.187152;2.1.4;Ensure no security groups allow ingress from 0.0.0.0/0 to remote server administration ports;No SG allow ingress from 0.0.0.0/0 to remote server administration ports;2. Attack Surface;2.1 Network;Security groups enforce stateful filtering of ingress and egress traffic to AWS resources. To enhance security, no security group should allow unrestricted inbound access to remote administration ports, such as SSH (port 22) and RDP (port 3389), over TCP (6), UDP (17), or ALL (-1) protocols.;Exposing remote administration ports to the public internet significantly increases the attack surface, making resources more vulnerable to brute-force attacks, exploitation, and unauthorized access. Restricting ingress traffic to these ports helps reduce security risks and prevent potential system compromises.;4;100;PASS;Security group cloudguardian-rds-sg (sg-0be0be5f1a7d28519) does not have all ports open to the Internet.;arn:aws:ec2:ap-south-1:735291151388:security-group/sg-0be0be5f1a7d28519;sg-0be0be5f1a7d28519;ec2_securitygroup_allow_ingress_from_internet_to_all_ports;False;ProwlerThreatScore;Prowler ThreatScore Compliance Framework for AWS
aws;Prowler ThreatScore Compliance Framework for AWS ensures that the AWS account is compliant taking into account four main pillars: Identity and Access Management, Attack Surface, Forensic Readiness and Encryption;735291151388;ap-south-1;2026-07-10 18:08:16.187152;2.1.4;Ensure no security groups allow ingress from 0.0.0.0/0 to remote server administration ports;No SG allow ingress from 0.0.0.0/0 to remote server administration ports;2. Attack Surface;2.1 Network;Security groups enforce stateful filtering of ingress and egress traffic to AWS resources. To enhance security, no security group should allow unrestricted inbound access to remote administration ports, such as SSH (port 22) and RDP (port 3389), over TCP (6), UDP (17), or ALL (-1) protocols.;Exposing remote administration ports to the public internet significantly increases the attack surface, making resources more vulnerable to brute-force attacks, exploitation, and unauthorized access. Restricting ingress traffic to these ports helps reduce security risks and prevent potential system compromises.;4;100;PASS;Security group cloudguardian-web-sg (sg-0fdba0a657788f1d7) does not have all ports open to the Internet.;arn:aws:ec2:ap-south-1:735291151388:security-group/sg-0fdba0a657788f1d7;sg-0fdba0a657788f1d7;ec2_securitygroup_allow_ingress_from_internet_to_all_ports;False;ProwlerThreatScore;Prowler ThreatScore Compliance Framework for AWS
aws;Prowler ThreatScore Compliance Framework for AWS ensures that the AWS account is compliant taking into account four main pillars: Identity and Access Management, Attack Surface, Forensic Readiness and Encryption;735291151388;ap-south-1;2026-07-10 18:08:16.187152;2.1.7;Ensure that ec2 security groups do not allow ingress from internet to common ports;Common ports from security groups do not allow ingress traffic;2. Attack Surface;2.1 Network;Amazon EC2 security groups act as virtual firewalls, controlling inbound and outbound traffic to instances. If a security group allows ingress (incoming traffic) from the internet (0.0.0.0/0 or ::/0) to common ports such as 22 (SSH), 3389 (RDP), 80 (HTTP), or 443 (HTTPS) (and more), it creates a significant security risk. To minimize exposure, security groups should be configured to restrict ingress access to these ports to only trusted IP addresses or internal networks.;Allowing unrestricted inbound traffic to common ports increases the risk of brute-force attacks, unauthorized access, and exploitation of vulnerabilities. Attackers actively scan for open ports on public-facing EC2 instances to gain unauthorized control. To reduce security risks, ingress rules should be restricted using least privilege principles, IP whitelisting, VPN access, or bastion hosts, ensuring that only authorized users and networks can connect.;5;1000;PASS;Security group cloudguardian-rds-sg (sg-0be0be5f1a7d28519) does not have any high-risk port open to the Internet.;arn:aws:ec2:ap-south-1:735291151388:security-group/sg-0be0be5f1a7d28519;sg-0be0be5f1a7d28519;ec2_securitygroup_allow_ingress_from_internet_to_high_risk_tcp_ports;False;ProwlerThreatScore;Prowler ThreatScore Compliance Framework for AWS
aws;Prowler ThreatScore Compliance Framework for AWS ensures that the AWS account is compliant taking into account four main pillars: Identity and Access Management, Attack Surface, Forensic Readiness and Encryption;735291151388;ap-south-1;2026-07-10 18:08:16.187152;2.1.7;Ensure that ec2 security groups do not allow ingress from internet to common ports;Common ports from security groups do not allow ingress traffic;2. Attack Surface;2.1 Network;Amazon EC2 security groups act as virtual firewalls, controlling inbound and outbound traffic to instances. If a security group allows ingress (incoming traffic) from the internet (0.0.0.0/0 or ::/0) to common ports such as 22 (SSH), 3389 (RDP), 80 (HTTP), or 443 (HTTPS) (and more), it creates a significant security risk. To minimize exposure, security groups should be configured to restrict ingress access to these ports to only trusted IP addresses or internal networks.;Allowing unrestricted inbound traffic to common ports increases the risk of brute-force attacks, unauthorized access, and exploitation of vulnerabilities. Attackers actively scan for open ports on public-facing EC2 instances to gain unauthorized control. To reduce security risks, ingress rules should be restricted using least privilege principles, IP whitelisting, VPN access, or bastion hosts, ensuring that only authorized users and networks can connect.;5;1000;PASS;Security group cloudguardian-web-sg (sg-0fdba0a657788f1d7) does not have any high-risk port open to the Internet.;arn:aws:ec2:ap-south-1:735291151388:security-group/sg-0fdba0a657788f1d7;sg-0fdba0a657788f1d7;ec2_securitygroup_allow_ingress_from_internet_to_high_risk_tcp_ports;False;ProwlerThreatScore;Prowler ThreatScore Compliance Framework for AWS
aws;Prowler ThreatScore Compliance Framework for AWS ensures that the AWS account is compliant taking into account four main pillars: Identity and Access Management, Attack Surface, Forensic Readiness and Encryption;735291151388;ap-south-1;2026-07-10 18:08:16.187152;2.1.4;Ensure no security groups allow ingress from 0.0.0.0/0 to remote server administration ports;No SG allow ingress from 0.0.0.0/0 to remote server administration ports;2. Attack Surface;2.1 Network;Security groups enforce stateful filtering of ingress and egress traffic to AWS resources. To enhance security, no security group should allow unrestricted inbound access to remote administration ports, such as SSH (port 22) and RDP (port 3389), over TCP (6), UDP (17), or ALL (-1) protocols.;Exposing remote administration ports to the public internet significantly increases the attack surface, making resources more vulnerable to brute-force attacks, exploitation, and unauthorized access. Restricting ingress traffic to these ports helps reduce security risks and prevent potential system compromises.;4;100;PASS;Security group cloudguardian-rds-sg (sg-0be0be5f1a7d28519) does not have SSH port 22 open to the Internet.;arn:aws:ec2:ap-south-1:735291151388:security-group/sg-0be0be5f1a7d28519;sg-0be0be5f1a7d28519;ec2_securitygroup_allow_ingress_from_internet_to_tcp_port_22;False;ProwlerThreatScore;Prowler ThreatScore Compliance Framework for AWS
aws;Prowler ThreatScore Compliance Framework for AWS ensures that the AWS account is compliant taking into account four main pillars: Identity and Access Management, Attack Surface, Forensic Readiness and Encryption;735291151388;ap-south-1;2026-07-10 18:08:16.187152;2.1.7;Ensure that ec2 security groups do not allow ingress from internet to common ports;Common ports from security groups do not allow ingress traffic;2. Attack Surface;2.1 Network;Amazon EC2 security groups act as virtual firewalls, controlling inbound and outbound traffic to instances. If a security group allows ingress (incoming traffic) from the internet (0.0.0.0/0 or ::/0) to common ports such as 22 (SSH), 3389 (RDP), 80 (HTTP), or 443 (HTTPS) (and more), it creates a significant security risk. To minimize exposure, security groups should be configured to restrict ingress access to these ports to only trusted IP addresses or internal networks.;Allowing unrestricted inbound traffic to common ports increases the risk of brute-force attacks, unauthorized access, and exploitation of vulnerabilities. Attackers actively scan for open ports on public-facing EC2 instances to gain unauthorized control. To reduce security risks, ingress rules should be restricted using least privilege principles, IP whitelisting, VPN access, or bastion hosts, ensuring that only authorized users and networks can connect.;5;1000;PASS;Security group cloudguardian-rds-sg (sg-0be0be5f1a7d28519) does not have SSH port 22 open to the Internet.;arn:aws:ec2:ap-south-1:735291151388:security-group/sg-0be0be5f1a7d28519;sg-0be0be5f1a7d28519;ec2_securitygroup_allow_ingress_from_internet_to_tcp_port_22;False;ProwlerThreatScore;Prowler ThreatScore Compliance Framework for AWS
aws;Prowler ThreatScore Compliance Framework for AWS ensures that the AWS account is compliant taking into account four main pillars: Identity and Access Management, Attack Surface, Forensic Readiness and Encryption;735291151388;ap-south-1;2026-07-10 18:08:16.187152;2.1.4;Ensure no security groups allow ingress from 0.0.0.0/0 to remote server administration ports;No SG allow ingress from 0.0.0.0/0 to remote server administration ports;2. Attack Surface;2.1 Network;Security groups enforce stateful filtering of ingress and egress traffic to AWS resources. To enhance security, no security group should allow unrestricted inbound access to remote administration ports, such as SSH (port 22) and RDP (port 3389), over TCP (6), UDP (17), or ALL (-1) protocols.;Exposing remote administration ports to the public internet significantly increases the attack surface, making resources more vulnerable to brute-force attacks, exploitation, and unauthorized access. Restricting ingress traffic to these ports helps reduce security risks and prevent potential system compromises.;4;100;PASS;Security group cloudguardian-web-sg (sg-0fdba0a657788f1d7) does not have SSH port 22 open to the Internet.;arn:aws:ec2:ap-south-1:735291151388:security-group/sg-0fdba0a657788f1d7;sg-0fdba0a657788f1d7;ec2_securitygroup_allow_ingress_from_internet_to_tcp_port_22;False;ProwlerThreatScore;Prowler ThreatScore Compliance Framework for AWS
aws;Prowler ThreatScore Compliance Framework for AWS ensures that the AWS account is compliant taking into account four main pillars: Identity and Access Management, Attack Surface, Forensic Readiness and Encryption;735291151388;ap-south-1;2026-07-10 18:08:16.187152;2.1.7;Ensure that ec2 security groups do not allow ingress from internet to common ports;Common ports from security groups do not allow ingress traffic;2. Attack Surface;2.1 Network;Amazon EC2 security groups act as virtual firewalls, controlling inbound and outbound traffic to instances. If a security group allows ingress (incoming traffic) from the internet (0.0.0.0/0 or ::/0) to common ports such as 22 (SSH), 3389 (RDP), 80 (HTTP), or 443 (HTTPS) (and more), it creates a significant security risk. To minimize exposure, security groups should be configured to restrict ingress access to these ports to only trusted IP addresses or internal networks.;Allowing unrestricted inbound traffic to common ports increases the risk of brute-force attacks, unauthorized access, and exploitation of vulnerabilities. Attackers actively scan for open ports on public-facing EC2 instances to gain unauthorized control. To reduce security risks, ingress rules should be restricted using least privilege principles, IP whitelisting, VPN access, or bastion hosts, ensuring that only authorized users and networks can connect.;5;1000;PASS;Security group cloudguardian-web-sg (sg-0fdba0a657788f1d7) does not have SSH port 22 open to the Internet.;arn:aws:ec2:ap-south-1:735291151388:security-group/sg-0fdba0a657788f1d7;sg-0fdba0a657788f1d7;ec2_securitygroup_allow_ingress_from_internet_to_tcp_port_22;False;ProwlerThreatScore;Prowler ThreatScore Compliance Framework for AWS
aws;Prowler ThreatScore Compliance Framework for AWS ensures that the AWS account is compliant taking into account four main pillars: Identity and Access Management, Attack Surface, Forensic Readiness and Encryption;735291151388;ap-south-1;2026-07-10 18:08:16.187152;2.1.4;Ensure no security groups allow ingress from 0.0.0.0/0 to remote server administration ports;No SG allow ingress from 0.0.0.0/0 to remote server administration ports;2. Attack Surface;2.1 Network;Security groups enforce stateful filtering of ingress and egress traffic to AWS resources. To enhance security, no security group should allow unrestricted inbound access to remote administration ports, such as SSH (port 22) and RDP (port 3389), over TCP (6), UDP (17), or ALL (-1) protocols.;Exposing remote administration ports to the public internet significantly increases the attack surface, making resources more vulnerable to brute-force attacks, exploitation, and unauthorized access. Restricting ingress traffic to these ports helps reduce security risks and prevent potential system compromises.;4;100;PASS;Security group cloudguardian-rds-sg (sg-0be0be5f1a7d28519) does not have Microsoft RDP port 3389 open to the Internet.;arn:aws:ec2:ap-south-1:735291151388:security-group/sg-0be0be5f1a7d28519;sg-0be0be5f1a7d28519;ec2_securitygroup_allow_ingress_from_internet_to_tcp_port_3389;False;ProwlerThreatScore;Prowler ThreatScore Compliance Framework for AWS
aws;Prowler ThreatScore Compliance Framework for AWS ensures that the AWS account is compliant taking into account four main pillars: Identity and Access Management, Attack Surface, Forensic Readiness and Encryption;735291151388;ap-south-1;2026-07-10 18:08:16.187152;2.1.7;Ensure that ec2 security groups do not allow ingress from internet to common ports;Common ports from security groups do not allow ingress traffic;2. Attack Surface;2.1 Network;Amazon EC2 security groups act as virtual firewalls, controlling inbound and outbound traffic to instances. If a security group allows ingress (incoming traffic) from the internet (0.0.0.0/0 or ::/0) to common ports such as 22 (SSH), 3389 (RDP), 80 (HTTP), or 443 (HTTPS) (and more), it creates a significant security risk. To minimize exposure, security groups should be configured to restrict ingress access to these ports to only trusted IP addresses or internal networks.;Allowing unrestricted inbound traffic to common ports increases the risk of brute-force attacks, unauthorized access, and exploitation of vulnerabilities. Attackers actively scan for open ports on public-facing EC2 instances to gain unauthorized control. To reduce security risks, ingress rules should be restricted using least privilege principles, IP whitelisting, VPN access, or bastion hosts, ensuring that only authorized users and networks can connect.;5;1000;PASS;Security group cloudguardian-rds-sg (sg-0be0be5f1a7d28519) does not have Microsoft RDP port 3389 open to the Internet.;arn:aws:ec2:ap-south-1:735291151388:security-group/sg-0be0be5f1a7d28519;sg-0be0be5f1a7d28519;ec2_securitygroup_allow_ingress_from_internet_to_tcp_port_3389;False;ProwlerThreatScore;Prowler ThreatScore Compliance Framework for AWS
aws;Prowler ThreatScore Compliance Framework for AWS ensures that the AWS account is compliant taking into account four main pillars: Identity and Access Management, Attack Surface, Forensic Readiness and Encryption;735291151388;ap-south-1;2026-07-10 18:08:16.187152;2.1.4;Ensure no security groups allow ingress from 0.0.0.0/0 to remote server administration ports;No SG allow ingress from 0.0.0.0/0 to remote server administration ports;2. Attack Surface;2.1 Network;Security groups enforce stateful filtering of ingress and egress traffic to AWS resources. To enhance security, no security group should allow unrestricted inbound access to remote administration ports, such as SSH (port 22) and RDP (port 3389), over TCP (6), UDP (17), or ALL (-1) protocols.;Exposing remote administration ports to the public internet significantly increases the attack surface, making resources more vulnerable to brute-force attacks, exploitation, and unauthorized access. Restricting ingress traffic to these ports helps reduce security risks and prevent potential system compromises.;4;100;PASS;Security group cloudguardian-web-sg (sg-0fdba0a657788f1d7) does not have Microsoft RDP port 3389 open to the Internet.;arn:aws:ec2:ap-south-1:735291151388:security-group/sg-0fdba0a657788f1d7;sg-0fdba0a657788f1d7;ec2_securitygroup_allow_ingress_from_internet_to_tcp_port_3389;False;ProwlerThreatScore;Prowler ThreatScore Compliance Framework for AWS
aws;Prowler ThreatScore Compliance Framework for AWS ensures that the AWS account is compliant taking into account four main pillars: Identity and Access Management, Attack Surface, Forensic Readiness and Encryption;735291151388;ap-south-1;2026-07-10 18:08:16.187152;2.1.7;Ensure that ec2 security groups do not allow ingress from internet to common ports;Common ports from security groups do not allow ingress traffic;2. Attack Surface;2.1 Network;Amazon EC2 security groups act as virtual firewalls, controlling inbound and outbound traffic to instances. If a security group allows ingress (incoming traffic) from the internet (0.0.0.0/0 or ::/0) to common ports such as 22 (SSH), 3389 (RDP), 80 (HTTP), or 443 (HTTPS) (and more), it creates a significant security risk. To minimize exposure, security groups should be configured to restrict ingress access to these ports to only trusted IP addresses or internal networks.;Allowing unrestricted inbound traffic to common ports increases the risk of brute-force attacks, unauthorized access, and exploitation of vulnerabilities. Attackers actively scan for open ports on public-facing EC2 instances to gain unauthorized control. To reduce security risks, ingress rules should be restricted using least privilege principles, IP whitelisting, VPN access, or bastion hosts, ensuring that only authorized users and networks can connect.;5;1000;PASS;Security group cloudguardian-web-sg (sg-0fdba0a657788f1d7) does not have Microsoft RDP port 3389 open to the Internet.;arn:aws:ec2:ap-south-1:735291151388:security-group/sg-0fdba0a657788f1d7;sg-0fdba0a657788f1d7;ec2_securitygroup_allow_ingress_from_internet_to_tcp_port_3389;False;ProwlerThreatScore;Prowler ThreatScore Compliance Framework for AWS
aws;Prowler ThreatScore Compliance Framework for AWS ensures that the AWS account is compliant taking into account four main pillars: Identity and Access Management, Attack Surface, Forensic Readiness and Encryption;735291151388;ap-south-1;2026-07-10 18:08:16.187152;2.1.7;Ensure that ec2 security groups do not allow ingress from internet to common ports;Common ports from security groups do not allow ingress traffic;2. Attack Surface;2.1 Network;Amazon EC2 security groups act as virtual firewalls, controlling inbound and outbound traffic to instances. If a security group allows ingress (incoming traffic) from the internet (0.0.0.0/0 or ::/0) to common ports such as 22 (SSH), 3389 (RDP), 80 (HTTP), or 443 (HTTPS) (and more), it creates a significant security risk. To minimize exposure, security groups should be configured to restrict ingress access to these ports to only trusted IP addresses or internal networks.;Allowing unrestricted inbound traffic to common ports increases the risk of brute-force attacks, unauthorized access, and exploitation of vulnerabilities. Attackers actively scan for open ports on public-facing EC2 instances to gain unauthorized control. To reduce security risks, ingress rules should be restricted using least privilege principles, IP whitelisting, VPN access, or bastion hosts, ensuring that only authorized users and networks can connect.;5;1000;PASS;Security group cloudguardian-rds-sg (sg-0be0be5f1a7d28519) does not have Casandra ports 7199, 8888 and 9160 open to the Internet.;arn:aws:ec2:ap-south-1:735291151388:security-group/sg-0be0be5f1a7d28519;sg-0be0be5f1a7d28519;ec2_securitygroup_allow_ingress_from_internet_to_tcp_port_cassandra_7199_9160_8888;False;ProwlerThreatScore;Prowler ThreatScore Compliance Framework for AWS
aws;Prowler ThreatScore Compliance Framework for AWS ensures that the AWS account is compliant taking into account four main pillars: Identity and Access Management, Attack Surface, Forensic Readiness and Encryption;735291151388;ap-south-1;2026-07-10 18:08:16.187152;2.1.7;Ensure that ec2 security groups do not allow ingress from internet to common ports;Common ports from security groups do not allow ingress traffic;2. Attack Surface;2.1 Network;Amazon EC2 security groups act as virtual firewalls, controlling inbound and outbound traffic to instances. If a security group allows ingress (incoming traffic) from the internet (0.0.0.0/0 or ::/0) to common ports such as 22 (SSH), 3389 (RDP), 80 (HTTP), or 443 (HTTPS) (and more), it creates a significant security risk. To minimize exposure, security groups should be configured to restrict ingress access to these ports to only trusted IP addresses or internal networks.;Allowing unrestricted inbound traffic to common ports increases the risk of brute-force attacks, unauthorized access, and exploitation of vulnerabilities. Attackers actively scan for open ports on public-facing EC2 instances to gain unauthorized control. To reduce security risks, ingress rules should be restricted using least privilege principles, IP whitelisting, VPN access, or bastion hosts, ensuring that only authorized users and networks can connect.;5;1000;PASS;Security group cloudguardian-web-sg (sg-0fdba0a657788f1d7) does not have Casandra ports 7199, 8888 and 9160 open to the Internet.;arn:aws:ec2:ap-south-1:735291151388:security-group/sg-0fdba0a657788f1d7;sg-0fdba0a657788f1d7;ec2_securitygroup_allow_ingress_from_internet_to_tcp_port_cassandra_7199_9160_8888;False;ProwlerThreatScore;Prowler ThreatScore Compliance Framework for AWS
aws;Prowler ThreatScore Compliance Framework for AWS ensures that the AWS account is compliant taking into account four main pillars: Identity and Access Management, Attack Surface, Forensic Readiness and Encryption;735291151388;ap-south-1;2026-07-10 18:08:16.187152;2.1.7;Ensure that ec2 security groups do not allow ingress from internet to common ports;Common ports from security groups do not allow ingress traffic;2. Attack Surface;2.1 Network;Amazon EC2 security groups act as virtual firewalls, controlling inbound and outbound traffic to instances. If a security group allows ingress (incoming traffic) from the internet (0.0.0.0/0 or ::/0) to common ports such as 22 (SSH), 3389 (RDP), 80 (HTTP), or 443 (HTTPS) (and more), it creates a significant security risk. To minimize exposure, security groups should be configured to restrict ingress access to these ports to only trusted IP addresses or internal networks.;Allowing unrestricted inbound traffic to common ports increases the risk of brute-force attacks, unauthorized access, and exploitation of vulnerabilities. Attackers actively scan for open ports on public-facing EC2 instances to gain unauthorized control. To reduce security risks, ingress rules should be restricted using least privilege principles, IP whitelisting, VPN access, or bastion hosts, ensuring that only authorized users and networks can connect.;5;1000;PASS;Security group cloudguardian-rds-sg (sg-0be0be5f1a7d28519) does not have Elasticsearch/Kibana ports 9200, 9300 and 5601 open to the Internet.;arn:aws:ec2:ap-south-1:735291151388:security-group/sg-0be0be5f1a7d28519;sg-0be0be5f1a7d28519;ec2_securitygroup_allow_ingress_from_internet_to_tcp_port_elasticsearch_kibana_9200_9300_5601;False;ProwlerThreatScore;Prowler ThreatScore Compliance Framework for AWS
aws;Prowler ThreatScore Compliance Framework for AWS ensures that the AWS account is compliant taking into account four main pillars: Identity and Access Management, Attack Surface, Forensic Readiness and Encryption;735291151388;ap-south-1;2026-07-10 18:08:16.187152;2.1.7;Ensure that ec2 security groups do not allow ingress from internet to common ports;Common ports from security groups do not allow ingress traffic;2. Attack Surface;2.1 Network;Amazon EC2 security groups act as virtual firewalls, controlling inbound and outbound traffic to instances. If a security group allows ingress (incoming traffic) from the internet (0.0.0.0/0 or ::/0) to common ports such as 22 (SSH), 3389 (RDP), 80 (HTTP), or 443 (HTTPS) (and more), it creates a significant security risk. To minimize exposure, security groups should be configured to restrict ingress access to these ports to only trusted IP addresses or internal networks.;Allowing unrestricted inbound traffic to common ports increases the risk of brute-force attacks, unauthorized access, and exploitation of vulnerabilities. Attackers actively scan for open ports on public-facing EC2 instances to gain unauthorized control. To reduce security risks, ingress rules should be restricted using least privilege principles, IP whitelisting, VPN access, or bastion hosts, ensuring that only authorized users and networks can connect.;5;1000;PASS;Security group cloudguardian-web-sg (sg-0fdba0a657788f1d7) does not have Elasticsearch/Kibana ports 9200, 9300 and 5601 open to the Internet.;arn:aws:ec2:ap-south-1:735291151388:security-group/sg-0fdba0a657788f1d7;sg-0fdba0a657788f1d7;ec2_securitygroup_allow_ingress_from_internet_to_tcp_port_elasticsearch_kibana_9200_9300_5601;False;ProwlerThreatScore;Prowler ThreatScore Compliance Framework for AWS
aws;Prowler ThreatScore Compliance Framework for AWS ensures that the AWS account is compliant taking into account four main pillars: Identity and Access Management, Attack Surface, Forensic Readiness and Encryption;735291151388;ap-south-1;2026-07-10 18:08:16.187152;2.1.7;Ensure that ec2 security groups do not allow ingress from internet to common ports;Common ports from security groups do not allow ingress traffic;2. Attack Surface;2.1 Network;Amazon EC2 security groups act as virtual firewalls, controlling inbound and outbound traffic to instances. If a security group allows ingress (incoming traffic) from the internet (0.0.0.0/0 or ::/0) to common ports such as 22 (SSH), 3389 (RDP), 80 (HTTP), or 443 (HTTPS) (and more), it creates a significant security risk. To minimize exposure, security groups should be configured to restrict ingress access to these ports to only trusted IP addresses or internal networks.;Allowing unrestricted inbound traffic to common ports increases the risk of brute-force attacks, unauthorized access, and exploitation of vulnerabilities. Attackers actively scan for open ports on public-facing EC2 instances to gain unauthorized control. To reduce security risks, ingress rules should be restricted using least privilege principles, IP whitelisting, VPN access, or bastion hosts, ensuring that only authorized users and networks can connect.;5;1000;PASS;Security group cloudguardian-rds-sg (sg-0be0be5f1a7d28519) does not have FTP ports 20 and 21 open to the Internet.;arn:aws:ec2:ap-south-1:735291151388:security-group/sg-0be0be5f1a7d28519;sg-0be0be5f1a7d28519;ec2_securitygroup_allow_ingress_from_internet_to_tcp_port_ftp_20_21;False;ProwlerThreatScore;Prowler ThreatScore Compliance Framework for AWS
aws;Prowler ThreatScore Compliance Framework for AWS ensures that the AWS account is compliant taking into account four main pillars: Identity and Access Management, Attack Surface, Forensic Readiness and Encryption;735291151388;ap-south-1;2026-07-10 18:08:16.187152;2.1.7;Ensure that ec2 security groups do not allow ingress from internet to common ports;Common ports from security groups do not allow ingress traffic;2. Attack Surface;2.1 Network;Amazon EC2 security groups act as virtual firewalls, controlling inbound and outbound traffic to instances. If a security group allows ingress (incoming traffic) from the internet (0.0.0.0/0 or ::/0) to common ports such as 22 (SSH), 3389 (RDP), 80 (HTTP), or 443 (HTTPS) (and more), it creates a significant security risk. To minimize exposure, security groups should be configured to restrict ingress access to these ports to only trusted IP addresses or internal networks.;Allowing unrestricted inbound traffic to common ports increases the risk of brute-force attacks, unauthorized access, and exploitation of vulnerabilities. Attackers actively scan for open ports on public-facing EC2 instances to gain unauthorized control. To reduce security risks, ingress rules should be restricted using least privilege principles, IP whitelisting, VPN access, or bastion hosts, ensuring that only authorized users and networks can connect.;5;1000;PASS;Security group cloudguardian-web-sg (sg-0fdba0a657788f1d7) does not have FTP ports 20 and 21 open to the Internet.;arn:aws:ec2:ap-south-1:735291151388:security-group/sg-0fdba0a657788f1d7;sg-0fdba0a657788f1d7;ec2_securitygroup_allow_ingress_from_internet_to_tcp_port_ftp_20_21;False;ProwlerThreatScore;Prowler ThreatScore Compliance Framework for AWS
aws;Prowler ThreatScore Compliance Framework for AWS ensures that the AWS account is compliant taking into account four main pillars: Identity and Access Management, Attack Surface, Forensic Readiness and Encryption;735291151388;ap-south-1;2026-07-10 18:08:16.187152;2.1.7;Ensure that ec2 security groups do not allow ingress from internet to common ports;Common ports from security groups do not allow ingress traffic;2. Attack Surface;2.1 Network;Amazon EC2 security groups act as virtual firewalls, controlling inbound and outbound traffic to instances. If a security group allows ingress (incoming traffic) from the internet (0.0.0.0/0 or ::/0) to common ports such as 22 (SSH), 3389 (RDP), 80 (HTTP), or 443 (HTTPS) (and more), it creates a significant security risk. To minimize exposure, security groups should be configured to restrict ingress access to these ports to only trusted IP addresses or internal networks.;Allowing unrestricted inbound traffic to common ports increases the risk of brute-force attacks, unauthorized access, and exploitation of vulnerabilities. Attackers actively scan for open ports on public-facing EC2 instances to gain unauthorized control. To reduce security risks, ingress rules should be restricted using least privilege principles, IP whitelisting, VPN access, or bastion hosts, ensuring that only authorized users and networks can connect.;5;1000;PASS;Security group cloudguardian-rds-sg (sg-0be0be5f1a7d28519) does not have Kafka port 9092 open to the Internet.;arn:aws:ec2:ap-south-1:735291151388:security-group/sg-0be0be5f1a7d28519;sg-0be0be5f1a7d28519;ec2_securitygroup_allow_ingress_from_internet_to_tcp_port_kafka_9092;False;ProwlerThreatScore;Prowler ThreatScore Compliance Framework for AWS
aws;Prowler ThreatScore Compliance Framework for AWS ensures that the AWS account is compliant taking into account four main pillars: Identity and Access Management, Attack Surface, Forensic Readiness and Encryption;735291151388;ap-south-1;2026-07-10 18:08:16.187152;2.1.7;Ensure that ec2 security groups do not allow ingress from internet to common ports;Common ports from security groups do not allow ingress traffic;2. Attack Surface;2.1 Network;Amazon EC2 security groups act as virtual firewalls, controlling inbound and outbound traffic to instances. If a security group allows ingress (incoming traffic) from the internet (0.0.0.0/0 or ::/0) to common ports such as 22 (SSH), 3389 (RDP), 80 (HTTP), or 443 (HTTPS) (and more), it creates a significant security risk. To minimize exposure, security groups should be configured to restrict ingress access to these ports to only trusted IP addresses or internal networks.;Allowing unrestricted inbound traffic to common ports increases the risk of brute-force attacks, unauthorized access, and exploitation of vulnerabilities. Attackers actively scan for open ports on public-facing EC2 instances to gain unauthorized control. To reduce security risks, ingress rules should be restricted using least privilege principles, IP whitelisting, VPN access, or bastion hosts, ensuring that only authorized users and networks can connect.;5;1000;PASS;Security group cloudguardian-web-sg (sg-0fdba0a657788f1d7) does not have Kafka port 9092 open to the Internet.;arn:aws:ec2:ap-south-1:735291151388:security-group/sg-0fdba0a657788f1d7;sg-0fdba0a657788f1d7;ec2_securitygroup_allow_ingress_from_internet_to_tcp_port_kafka_9092;False;ProwlerThreatScore;Prowler ThreatScore Compliance Framework for AWS
aws;Prowler ThreatScore Compliance Framework for AWS ensures that the AWS account is compliant taking into account four main pillars: Identity and Access Management, Attack Surface, Forensic Readiness and Encryption;735291151388;ap-south-1;2026-07-10 18:08:16.187152;2.1.7;Ensure that ec2 security groups do not allow ingress from internet to common ports;Common ports from security groups do not allow ingress traffic;2. Attack Surface;2.1 Network;Amazon EC2 security groups act as virtual firewalls, controlling inbound and outbound traffic to instances. If a security group allows ingress (incoming traffic) from the internet (0.0.0.0/0 or ::/0) to common ports such as 22 (SSH), 3389 (RDP), 80 (HTTP), or 443 (HTTPS) (and more), it creates a significant security risk. To minimize exposure, security groups should be configured to restrict ingress access to these ports to only trusted IP addresses or internal networks.;Allowing unrestricted inbound traffic to common ports increases the risk of brute-force attacks, unauthorized access, and exploitation of vulnerabilities. Attackers actively scan for open ports on public-facing EC2 instances to gain unauthorized control. To reduce security risks, ingress rules should be restricted using least privilege principles, IP whitelisting, VPN access, or bastion hosts, ensuring that only authorized users and networks can connect.;5;1000;PASS;Security group cloudguardian-rds-sg (sg-0be0be5f1a7d28519) does not have Memcached port 11211 open to the Internet.;arn:aws:ec2:ap-south-1:735291151388:security-group/sg-0be0be5f1a7d28519;sg-0be0be5f1a7d28519;ec2_securitygroup_allow_ingress_from_internet_to_tcp_port_memcached_11211;False;ProwlerThreatScore;Prowler ThreatScore Compliance Framework for AWS
aws;Prowler ThreatScore Compliance Framework for AWS ensures that the AWS account is compliant taking into account four main pillars: Identity and Access Management, Attack Surface, Forensic Readiness and Encryption;735291151388;ap-south-1;2026-07-10 18:08:16.187152;2.1.7;Ensure that ec2 security groups do not allow ingress from internet to common ports;Common ports from security groups do not allow ingress traffic;2. Attack Surface;2.1 Network;Amazon EC2 security groups act as virtual firewalls, controlling inbound and outbound traffic to instances. If a security group allows ingress (incoming traffic) from the internet (0.0.0.0/0 or ::/0) to common ports such as 22 (SSH), 3389 (RDP), 80 (HTTP), or 443 (HTTPS) (and more), it creates a significant security risk. To minimize exposure, security groups should be configured to restrict ingress access to these ports to only trusted IP addresses or internal networks.;Allowing unrestricted inbound traffic to common ports increases the risk of brute-force attacks, unauthorized access, and exploitation of vulnerabilities. Attackers actively scan for open ports on public-facing EC2 instances to gain unauthorized control. To reduce security risks, ingress rules should be restricted using least privilege principles, IP whitelisting, VPN access, or bastion hosts, ensuring that only authorized users and networks can connect.;5;1000;PASS;Security group cloudguardian-web-sg (sg-0fdba0a657788f1d7) does not have Memcached port 11211 open to the Internet.;arn:aws:ec2:ap-south-1:735291151388:security-group/sg-0fdba0a657788f1d7;sg-0fdba0a657788f1d7;ec2_securitygroup_allow_ingress_from_internet_to_tcp_port_memcached_11211;False;ProwlerThreatScore;Prowler ThreatScore Compliance Framework for AWS
aws;Prowler ThreatScore Compliance Framework for AWS ensures that the AWS account is compliant taking into account four main pillars: Identity and Access Management, Attack Surface, Forensic Readiness and Encryption;735291151388;ap-south-1;2026-07-10 18:08:16.187152;2.1.7;Ensure that ec2 security groups do not allow ingress from internet to common ports;Common ports from security groups do not allow ingress traffic;2. Attack Surface;2.1 Network;Amazon EC2 security groups act as virtual firewalls, controlling inbound and outbound traffic to instances. If a security group allows ingress (incoming traffic) from the internet (0.0.0.0/0 or ::/0) to common ports such as 22 (SSH), 3389 (RDP), 80 (HTTP), or 443 (HTTPS) (and more), it creates a significant security risk. To minimize exposure, security groups should be configured to restrict ingress access to these ports to only trusted IP addresses or internal networks.;Allowing unrestricted inbound traffic to common ports increases the risk of brute-force attacks, unauthorized access, and exploitation of vulnerabilities. Attackers actively scan for open ports on public-facing EC2 instances to gain unauthorized control. To reduce security risks, ingress rules should be restricted using least privilege principles, IP whitelisting, VPN access, or bastion hosts, ensuring that only authorized users and networks can connect.;5;1000;PASS;Security group cloudguardian-rds-sg (sg-0be0be5f1a7d28519) does not have MongoDB ports 27017 and 27018 open to the Internet.;arn:aws:ec2:ap-south-1:735291151388:security-group/sg-0be0be5f1a7d28519;sg-0be0be5f1a7d28519;ec2_securitygroup_allow_ingress_from_internet_to_tcp_port_mongodb_27017_27018;False;ProwlerThreatScore;Prowler ThreatScore Compliance Framework for AWS
aws;Prowler ThreatScore Compliance Framework for AWS ensures that the AWS account is compliant taking into account four main pillars: Identity and Access Management, Attack Surface, Forensic Readiness and Encryption;735291151388;ap-south-1;2026-07-10 18:08:16.187152;2.1.7;Ensure that ec2 security groups do not allow ingress from internet to common ports;Common ports from security groups do not allow ingress traffic;2. Attack Surface;2.1 Network;Amazon EC2 security groups act as virtual firewalls, controlling inbound and outbound traffic to instances. If a security group allows ingress (incoming traffic) from the internet (0.0.0.0/0 or ::/0) to common ports such as 22 (SSH), 3389 (RDP), 80 (HTTP), or 443 (HTTPS) (and more), it creates a significant security risk. To minimize exposure, security groups should be configured to restrict ingress access to these ports to only trusted IP addresses or internal networks.;Allowing unrestricted inbound traffic to common ports increases the risk of brute-force attacks, unauthorized access, and exploitation of vulnerabilities. Attackers actively scan for open ports on public-facing EC2 instances to gain unauthorized control. To reduce security risks, ingress rules should be restricted using least privilege principles, IP whitelisting, VPN access, or bastion hosts, ensuring that only authorized users and networks can connect.;5;1000;PASS;Security group cloudguardian-web-sg (sg-0fdba0a657788f1d7) does not have MongoDB ports 27017 and 27018 open to the Internet.;arn:aws:ec2:ap-south-1:735291151388:security-group/sg-0fdba0a657788f1d7;sg-0fdba0a657788f1d7;ec2_securitygroup_allow_ingress_from_internet_to_tcp_port_mongodb_27017_27018;False;ProwlerThreatScore;Prowler ThreatScore Compliance Framework for AWS
aws;Prowler ThreatScore Compliance Framework for AWS ensures that the AWS account is compliant taking into account four main pillars: Identity and Access Management, Attack Surface, Forensic Readiness and Encryption;735291151388;ap-south-1;2026-07-10 18:08:16.187152;2.1.7;Ensure that ec2 security groups do not allow ingress from internet to common ports;Common ports from security groups do not allow ingress traffic;2. Attack Surface;2.1 Network;Amazon EC2 security groups act as virtual firewalls, controlling inbound and outbound traffic to instances. If a security group allows ingress (incoming traffic) from the internet (0.0.0.0/0 or ::/0) to common ports such as 22 (SSH), 3389 (RDP), 80 (HTTP), or 443 (HTTPS) (and more), it creates a significant security risk. To minimize exposure, security groups should be configured to restrict ingress access to these ports to only trusted IP addresses or internal networks.;Allowing unrestricted inbound traffic to common ports increases the risk of brute-force attacks, unauthorized access, and exploitation of vulnerabilities. Attackers actively scan for open ports on public-facing EC2 instances to gain unauthorized control. To reduce security risks, ingress rules should be restricted using least privilege principles, IP whitelisting, VPN access, or bastion hosts, ensuring that only authorized users and networks can connect.;5;1000;PASS;Security group cloudguardian-rds-sg (sg-0be0be5f1a7d28519) does not have MySQL port 3306 open to the Internet.;arn:aws:ec2:ap-south-1:735291151388:security-group/sg-0be0be5f1a7d28519;sg-0be0be5f1a7d28519;ec2_securitygroup_allow_ingress_from_internet_to_tcp_port_mysql_3306;False;ProwlerThreatScore;Prowler ThreatScore Compliance Framework for AWS
aws;Prowler ThreatScore Compliance Framework for AWS ensures that the AWS account is compliant taking into account four main pillars: Identity and Access Management, Attack Surface, Forensic Readiness and Encryption;735291151388;ap-south-1;2026-07-10 18:08:16.187152;2.1.7;Ensure that ec2 security groups do not allow ingress from internet to common ports;Common ports from security groups do not allow ingress traffic;2. Attack Surface;2.1 Network;Amazon EC2 security groups act as virtual firewalls, controlling inbound and outbound traffic to instances. If a security group allows ingress (incoming traffic) from the internet (0.0.0.0/0 or ::/0) to common ports such as 22 (SSH), 3389 (RDP), 80 (HTTP), or 443 (HTTPS) (and more), it creates a significant security risk. To minimize exposure, security groups should be configured to restrict ingress access to these ports to only trusted IP addresses or internal networks.;Allowing unrestricted inbound traffic to common ports increases the risk of brute-force attacks, unauthorized access, and exploitation of vulnerabilities. Attackers actively scan for open ports on public-facing EC2 instances to gain unauthorized control. To reduce security risks, ingress rules should be restricted using least privilege principles, IP whitelisting, VPN access, or bastion hosts, ensuring that only authorized users and networks can connect.;5;1000;PASS;Security group cloudguardian-web-sg (sg-0fdba0a657788f1d7) does not have MySQL port 3306 open to the Internet.;arn:aws:ec2:ap-south-1:735291151388:security-group/sg-0fdba0a657788f1d7;sg-0fdba0a657788f1d7;ec2_securitygroup_allow_ingress_from_internet_to_tcp_port_mysql_3306;False;ProwlerThreatScore;Prowler ThreatScore Compliance Framework for AWS
aws;Prowler ThreatScore Compliance Framework for AWS ensures that the AWS account is compliant taking into account four main pillars: Identity and Access Management, Attack Surface, Forensic Readiness and Encryption;735291151388;ap-south-1;2026-07-10 18:08:16.187152;2.1.7;Ensure that ec2 security groups do not allow ingress from internet to common ports;Common ports from security groups do not allow ingress traffic;2. Attack Surface;2.1 Network;Amazon EC2 security groups act as virtual firewalls, controlling inbound and outbound traffic to instances. If a security group allows ingress (incoming traffic) from the internet (0.0.0.0/0 or ::/0) to common ports such as 22 (SSH), 3389 (RDP), 80 (HTTP), or 443 (HTTPS) (and more), it creates a significant security risk. To minimize exposure, security groups should be configured to restrict ingress access to these ports to only trusted IP addresses or internal networks.;Allowing unrestricted inbound traffic to common ports increases the risk of brute-force attacks, unauthorized access, and exploitation of vulnerabilities. Attackers actively scan for open ports on public-facing EC2 instances to gain unauthorized control. To reduce security risks, ingress rules should be restricted using least privilege principles, IP whitelisting, VPN access, or bastion hosts, ensuring that only authorized users and networks can connect.;5;1000;PASS;Security group cloudguardian-rds-sg (sg-0be0be5f1a7d28519) does not have Oracle ports 1521 and 2483 open to the Internet.;arn:aws:ec2:ap-south-1:735291151388:security-group/sg-0be0be5f1a7d28519;sg-0be0be5f1a7d28519;ec2_securitygroup_allow_ingress_from_internet_to_tcp_port_oracle_1521_2483;False;ProwlerThreatScore;Prowler ThreatScore Compliance Framework for AWS
aws;Prowler ThreatScore Compliance Framework for AWS ensures that the AWS account is compliant taking into account four main pillars: Identity and Access Management, Attack Surface, Forensic Readiness and Encryption;735291151388;ap-south-1;2026-07-10 18:08:16.187152;2.1.7;Ensure that ec2 security groups do not allow ingress from internet to common ports;Common ports from security groups do not allow ingress traffic;2. Attack Surface;2.1 Network;Amazon EC2 security groups act as virtual firewalls, controlling inbound and outbound traffic to instances. If a security group allows ingress (incoming traffic) from the internet (0.0.0.0/0 or ::/0) to common ports such as 22 (SSH), 3389 (RDP), 80 (HTTP), or 443 (HTTPS) (and more), it creates a significant security risk. To minimize exposure, security groups should be configured to restrict ingress access to these ports to only trusted IP addresses or internal networks.;Allowing unrestricted inbound traffic to common ports increases the risk of brute-force attacks, unauthorized access, and exploitation of vulnerabilities. Attackers actively scan for open ports on public-facing EC2 instances to gain unauthorized control. To reduce security risks, ingress rules should be restricted using least privilege principles, IP whitelisting, VPN access, or bastion hosts, ensuring that only authorized users and networks can connect.;5;1000;PASS;Security group cloudguardian-web-sg (sg-0fdba0a657788f1d7) does not have Oracle ports 1521 and 2483 open to the Internet.;arn:aws:ec2:ap-south-1:735291151388:security-group/sg-0fdba0a657788f1d7;sg-0fdba0a657788f1d7;ec2_securitygroup_allow_ingress_from_internet_to_tcp_port_oracle_1521_2483;False;ProwlerThreatScore;Prowler ThreatScore Compliance Framework for AWS
aws;Prowler ThreatScore Compliance Framework for AWS ensures that the AWS account is compliant taking into account four main pillars: Identity and Access Management, Attack Surface, Forensic Readiness and Encryption;735291151388;ap-south-1;2026-07-10 18:08:16.187152;2.1.7;Ensure that ec2 security groups do not allow ingress from internet to common ports;Common ports from security groups do not allow ingress traffic;2. Attack Surface;2.1 Network;Amazon EC2 security groups act as virtual firewalls, controlling inbound and outbound traffic to instances. If a security group allows ingress (incoming traffic) from the internet (0.0.0.0/0 or ::/0) to common ports such as 22 (SSH), 3389 (RDP), 80 (HTTP), or 443 (HTTPS) (and more), it creates a significant security risk. To minimize exposure, security groups should be configured to restrict ingress access to these ports to only trusted IP addresses or internal networks.;Allowing unrestricted inbound traffic to common ports increases the risk of brute-force attacks, unauthorized access, and exploitation of vulnerabilities. Attackers actively scan for open ports on public-facing EC2 instances to gain unauthorized control. To reduce security risks, ingress rules should be restricted using least privilege principles, IP whitelisting, VPN access, or bastion hosts, ensuring that only authorized users and networks can connect.;5;1000;PASS;Security group cloudguardian-rds-sg (sg-0be0be5f1a7d28519) does not have Postgres port 5432 open to the Internet.;arn:aws:ec2:ap-south-1:735291151388:security-group/sg-0be0be5f1a7d28519;sg-0be0be5f1a7d28519;ec2_securitygroup_allow_ingress_from_internet_to_tcp_port_postgres_5432;False;ProwlerThreatScore;Prowler ThreatScore Compliance Framework for AWS
aws;Prowler ThreatScore Compliance Framework for AWS ensures that the AWS account is compliant taking into account four main pillars: Identity and Access Management, Attack Surface, Forensic Readiness and Encryption;735291151388;ap-south-1;2026-07-10 18:08:16.187152;2.1.7;Ensure that ec2 security groups do not allow ingress from internet to common ports;Common ports from security groups do not allow ingress traffic;2. Attack Surface;2.1 Network;Amazon EC2 security groups act as virtual firewalls, controlling inbound and outbound traffic to instances. If a security group allows ingress (incoming traffic) from the internet (0.0.0.0/0 or ::/0) to common ports such as 22 (SSH), 3389 (RDP), 80 (HTTP), or 443 (HTTPS) (and more), it creates a significant security risk. To minimize exposure, security groups should be configured to restrict ingress access to these ports to only trusted IP addresses or internal networks.;Allowing unrestricted inbound traffic to common ports increases the risk of brute-force attacks, unauthorized access, and exploitation of vulnerabilities. Attackers actively scan for open ports on public-facing EC2 instances to gain unauthorized control. To reduce security risks, ingress rules should be restricted using least privilege principles, IP whitelisting, VPN access, or bastion hosts, ensuring that only authorized users and networks can connect.;5;1000;PASS;Security group cloudguardian-web-sg (sg-0fdba0a657788f1d7) does not have Postgres port 5432 open to the Internet.;arn:aws:ec2:ap-south-1:735291151388:security-group/sg-0fdba0a657788f1d7;sg-0fdba0a657788f1d7;ec2_securitygroup_allow_ingress_from_internet_to_tcp_port_postgres_5432;False;ProwlerThreatScore;Prowler ThreatScore Compliance Framework for AWS
aws;Prowler ThreatScore Compliance Framework for AWS ensures that the AWS account is compliant taking into account four main pillars: Identity and Access Management, Attack Surface, Forensic Readiness and Encryption;735291151388;ap-south-1;2026-07-10 18:08:16.187152;2.1.7;Ensure that ec2 security groups do not allow ingress from internet to common ports;Common ports from security groups do not allow ingress traffic;2. Attack Surface;2.1 Network;Amazon EC2 security groups act as virtual firewalls, controlling inbound and outbound traffic to instances. If a security group allows ingress (incoming traffic) from the internet (0.0.0.0/0 or ::/0) to common ports such as 22 (SSH), 3389 (RDP), 80 (HTTP), or 443 (HTTPS) (and more), it creates a significant security risk. To minimize exposure, security groups should be configured to restrict ingress access to these ports to only trusted IP addresses or internal networks.;Allowing unrestricted inbound traffic to common ports increases the risk of brute-force attacks, unauthorized access, and exploitation of vulnerabilities. Attackers actively scan for open ports on public-facing EC2 instances to gain unauthorized control. To reduce security risks, ingress rules should be restricted using least privilege principles, IP whitelisting, VPN access, or bastion hosts, ensuring that only authorized users and networks can connect.;5;1000;PASS;Security group cloudguardian-rds-sg (sg-0be0be5f1a7d28519) does not have Redis port 6379 open to the Internet.;arn:aws:ec2:ap-south-1:735291151388:security-group/sg-0be0be5f1a7d28519;sg-0be0be5f1a7d28519;ec2_securitygroup_allow_ingress_from_internet_to_tcp_port_redis_6379;False;ProwlerThreatScore;Prowler ThreatScore Compliance Framework for AWS
aws;Prowler ThreatScore Compliance Framework for AWS ensures that the AWS account is compliant taking into account four main pillars: Identity and Access Management, Attack Surface, Forensic Readiness and Encryption;735291151388;ap-south-1;2026-07-10 18:08:16.187152;2.1.7;Ensure that ec2 security groups do not allow ingress from internet to common ports;Common ports from security groups do not allow ingress traffic;2. Attack Surface;2.1 Network;Amazon EC2 security groups act as virtual firewalls, controlling inbound and outbound traffic to instances. If a security group allows ingress (incoming traffic) from the internet (0.0.0.0/0 or ::/0) to common ports such as 22 (SSH), 3389 (RDP), 80 (HTTP), or 443 (HTTPS) (and more), it creates a significant security risk. To minimize exposure, security groups should be configured to restrict ingress access to these ports to only trusted IP addresses or internal networks.;Allowing unrestricted inbound traffic to common ports increases the risk of brute-force attacks, unauthorized access, and exploitation of vulnerabilities. Attackers actively scan for open ports on public-facing EC2 instances to gain unauthorized control. To reduce security risks, ingress rules should be restricted using least privilege principles, IP whitelisting, VPN access, or bastion hosts, ensuring that only authorized users and networks can connect.;5;1000;PASS;Security group cloudguardian-web-sg (sg-0fdba0a657788f1d7) does not have Redis port 6379 open to the Internet.;arn:aws:ec2:ap-south-1:735291151388:security-group/sg-0fdba0a657788f1d7;sg-0fdba0a657788f1d7;ec2_securitygroup_allow_ingress_from_internet_to_tcp_port_redis_6379;False;ProwlerThreatScore;Prowler ThreatScore Compliance Framework for AWS
aws;Prowler ThreatScore Compliance Framework for AWS ensures that the AWS account is compliant taking into account four main pillars: Identity and Access Management, Attack Surface, Forensic Readiness and Encryption;735291151388;ap-south-1;2026-07-10 18:08:16.187152;2.1.7;Ensure that ec2 security groups do not allow ingress from internet to common ports;Common ports from security groups do not allow ingress traffic;2. Attack Surface;2.1 Network;Amazon EC2 security groups act as virtual firewalls, controlling inbound and outbound traffic to instances. If a security group allows ingress (incoming traffic) from the internet (0.0.0.0/0 or ::/0) to common ports such as 22 (SSH), 3389 (RDP), 80 (HTTP), or 443 (HTTPS) (and more), it creates a significant security risk. To minimize exposure, security groups should be configured to restrict ingress access to these ports to only trusted IP addresses or internal networks.;Allowing unrestricted inbound traffic to common ports increases the risk of brute-force attacks, unauthorized access, and exploitation of vulnerabilities. Attackers actively scan for open ports on public-facing EC2 instances to gain unauthorized control. To reduce security risks, ingress rules should be restricted using least privilege principles, IP whitelisting, VPN access, or bastion hosts, ensuring that only authorized users and networks can connect.;5;1000;PASS;Security group cloudguardian-rds-sg (sg-0be0be5f1a7d28519) does not have Microsoft SQL Server ports 1433 and 1434 open to the Internet.;arn:aws:ec2:ap-south-1:735291151388:security-group/sg-0be0be5f1a7d28519;sg-0be0be5f1a7d28519;ec2_securitygroup_allow_ingress_from_internet_to_tcp_port_sql_server_1433_1434;False;ProwlerThreatScore;Prowler ThreatScore Compliance Framework for AWS
aws;Prowler ThreatScore Compliance Framework for AWS ensures that the AWS account is compliant taking into account four main pillars: Identity and Access Management, Attack Surface, Forensic Readiness and Encryption;735291151388;ap-south-1;2026-07-10 18:08:16.187152;2.1.7;Ensure that ec2 security groups do not allow ingress from internet to common ports;Common ports from security groups do not allow ingress traffic;2. Attack Surface;2.1 Network;Amazon EC2 security groups act as virtual firewalls, controlling inbound and outbound traffic to instances. If a security group allows ingress (incoming traffic) from the internet (0.0.0.0/0 or ::/0) to common ports such as 22 (SSH), 3389 (RDP), 80 (HTTP), or 443 (HTTPS) (and more), it creates a significant security risk. To minimize exposure, security groups should be configured to restrict ingress access to these ports to only trusted IP addresses or internal networks.;Allowing unrestricted inbound traffic to common ports increases the risk of brute-force attacks, unauthorized access, and exploitation of vulnerabilities. Attackers actively scan for open ports on public-facing EC2 instances to gain unauthorized control. To reduce security risks, ingress rules should be restricted using least privilege principles, IP whitelisting, VPN access, or bastion hosts, ensuring that only authorized users and networks can connect.;5;1000;PASS;Security group cloudguardian-web-sg (sg-0fdba0a657788f1d7) does not have Microsoft SQL Server ports 1433 and 1434 open to the Internet.;arn:aws:ec2:ap-south-1:735291151388:security-group/sg-0fdba0a657788f1d7;sg-0fdba0a657788f1d7;ec2_securitygroup_allow_ingress_from_internet_to_tcp_port_sql_server_1433_1434;False;ProwlerThreatScore;Prowler ThreatScore Compliance Framework for AWS
aws;Prowler ThreatScore Compliance Framework for AWS ensures that the AWS account is compliant taking into account four main pillars: Identity and Access Management, Attack Surface, Forensic Readiness and Encryption;735291151388;ap-south-1;2026-07-10 18:08:16.187152;2.1.7;Ensure that ec2 security groups do not allow ingress from internet to common ports;Common ports from security groups do not allow ingress traffic;2. Attack Surface;2.1 Network;Amazon EC2 security groups act as virtual firewalls, controlling inbound and outbound traffic to instances. If a security group allows ingress (incoming traffic) from the internet (0.0.0.0/0 or ::/0) to common ports such as 22 (SSH), 3389 (RDP), 80 (HTTP), or 443 (HTTPS) (and more), it creates a significant security risk. To minimize exposure, security groups should be configured to restrict ingress access to these ports to only trusted IP addresses or internal networks.;Allowing unrestricted inbound traffic to common ports increases the risk of brute-force attacks, unauthorized access, and exploitation of vulnerabilities. Attackers actively scan for open ports on public-facing EC2 instances to gain unauthorized control. To reduce security risks, ingress rules should be restricted using least privilege principles, IP whitelisting, VPN access, or bastion hosts, ensuring that only authorized users and networks can connect.;5;1000;PASS;Security group cloudguardian-rds-sg (sg-0be0be5f1a7d28519) does not have Telnet port 23 open to the Internet.;arn:aws:ec2:ap-south-1:735291151388:security-group/sg-0be0be5f1a7d28519;sg-0be0be5f1a7d28519;ec2_securitygroup_allow_ingress_from_internet_to_tcp_port_telnet_23;False;ProwlerThreatScore;Prowler ThreatScore Compliance Framework for AWS
aws;Prowler ThreatScore Compliance Framework for AWS ensures that the AWS account is compliant taking into account four main pillars: Identity and Access Management, Attack Surface, Forensic Readiness and Encryption;735291151388;ap-south-1;2026-07-10 18:08:16.187152;2.1.7;Ensure that ec2 security groups do not allow ingress from internet to common ports;Common ports from security groups do not allow ingress traffic;2. Attack Surface;2.1 Network;Amazon EC2 security groups act as virtual firewalls, controlling inbound and outbound traffic to instances. If a security group allows ingress (incoming traffic) from the internet (0.0.0.0/0 or ::/0) to common ports such as 22 (SSH), 3389 (RDP), 80 (HTTP), or 443 (HTTPS) (and more), it creates a significant security risk. To minimize exposure, security groups should be configured to restrict ingress access to these ports to only trusted IP addresses or internal networks.;Allowing unrestricted inbound traffic to common ports increases the risk of brute-force attacks, unauthorized access, and exploitation of vulnerabilities. Attackers actively scan for open ports on public-facing EC2 instances to gain unauthorized control. To reduce security risks, ingress rules should be restricted using least privilege principles, IP whitelisting, VPN access, or bastion hosts, ensuring that only authorized users and networks can connect.;5;1000;PASS;Security group cloudguardian-web-sg (sg-0fdba0a657788f1d7) does not have Telnet port 23 open to the Internet.;arn:aws:ec2:ap-south-1:735291151388:security-group/sg-0fdba0a657788f1d7;sg-0fdba0a657788f1d7;ec2_securitygroup_allow_ingress_from_internet_to_tcp_port_telnet_23;False;ProwlerThreatScore;Prowler ThreatScore Compliance Framework for AWS
aws;Prowler ThreatScore Compliance Framework for AWS ensures that the AWS account is compliant taking into account four main pillars: Identity and Access Management, Attack Surface, Forensic Readiness and Encryption;735291151388;ap-northeast-1;2026-07-10 18:08:16.187152;2.3.13;Ensure that your AWS EventBridge event bus is not exposed to everyone;AWS EventBridge event bus is not exposed to everyone;2. Attack Surface;2.3 Application;AWS EventBridge is a serverless event bus service that enables communication between AWS services, third-party applications, and custom event sources. By default, EventBridge event buses can be configured to allow events from any AWS account or external source. If an event bus is exposed to everyone, unauthorized entities could send events to your environment, potentially leading to security risks, data injection attacks, or service disruptions. To enhance security, event buses should be restricted to specific AWS accounts, services, or trusted IAM roles.;Allowing unrestricted access to an EventBridge event bus increases the risk of malicious event injection, unauthorized access, and data manipulation. Attackers could flood the event bus with malicious events, leading to unexpected behavior, security breaches, or excessive AWS costs. To reduce exposure, event buses should be secured using IAM policies and resource-based permissions, ensuring that only trusted AWS services and accounts can send or receive events.;4;100;PASS;EventBridge event bus default is not exposed to everyone.;arn:aws:events:ap-northeast-1:735291151388:event-bus/default;default;eventbridge_bus_exposed;False;ProwlerThreatScore;Prowler ThreatScore Compliance Framework for AWS
aws;Prowler ThreatScore Compliance Framework for AWS ensures that the AWS account is compliant taking into account four main pillars: Identity and Access Management, Attack Surface, Forensic Readiness and Encryption;735291151388;ap-northeast-2;2026-07-10 18:08:16.187152;2.3.13;Ensure that your AWS EventBridge event bus is not exposed to everyone;AWS EventBridge event bus is not exposed to everyone;2. Attack Surface;2.3 Application;AWS EventBridge is a serverless event bus service that enables communication between AWS services, third-party applications, and custom event sources. By default, EventBridge event buses can be configured to allow events from any AWS account or external source. If an event bus is exposed to everyone, unauthorized entities could send events to your environment, potentially leading to security risks, data injection attacks, or service disruptions. To enhance security, event buses should be restricted to specific AWS accounts, services, or trusted IAM roles.;Allowing unrestricted access to an EventBridge event bus increases the risk of malicious event injection, unauthorized access, and data manipulation. Attackers could flood the event bus with malicious events, leading to unexpected behavior, security breaches, or excessive AWS costs. To reduce exposure, event buses should be secured using IAM policies and resource-based permissions, ensuring that only trusted AWS services and accounts can send or receive events.;4;100;PASS;EventBridge event bus default is not exposed to everyone.;arn:aws:events:ap-northeast-2:735291151388:event-bus/default;default;eventbridge_bus_exposed;False;ProwlerThreatScore;Prowler ThreatScore Compliance Framework for AWS
aws;Prowler ThreatScore Compliance Framework for AWS ensures that the AWS account is compliant taking into account four main pillars: Identity and Access Management, Attack Surface, Forensic Readiness and Encryption;735291151388;ap-northeast-3;2026-07-10 18:08:16.187152;2.3.13;Ensure that your AWS EventBridge event bus is not exposed to everyone;AWS EventBridge event bus is not exposed to everyone;2. Attack Surface;2.3 Application;AWS EventBridge is a serverless event bus service that enables communication between AWS services, third-party applications, and custom event sources. By default, EventBridge event buses can be configured to allow events from any AWS account or external source. If an event bus is exposed to everyone, unauthorized entities could send events to your environment, potentially leading to security risks, data injection attacks, or service disruptions. To enhance security, event buses should be restricted to specific AWS accounts, services, or trusted IAM roles.;Allowing unrestricted access to an EventBridge event bus increases the risk of malicious event injection, unauthorized access, and data manipulation. Attackers could flood the event bus with malicious events, leading to unexpected behavior, security breaches, or excessive AWS costs. To reduce exposure, event buses should be secured using IAM policies and resource-based permissions, ensuring that only trusted AWS services and accounts can send or receive events.;4;100;PASS;EventBridge event bus default is not exposed to everyone.;arn:aws:events:ap-northeast-3:735291151388:event-bus/default;default;eventbridge_bus_exposed;False;ProwlerThreatScore;Prowler ThreatScore Compliance Framework for AWS
aws;Prowler ThreatScore Compliance Framework for AWS ensures that the AWS account is compliant taking into account four main pillars: Identity and Access Management, Attack Surface, Forensic Readiness and Encryption;735291151388;ap-south-1;2026-07-10 18:08:16.187152;2.3.13;Ensure that your AWS EventBridge event bus is not exposed to everyone;AWS EventBridge event bus is not exposed to everyone;2. Attack Surface;2.3 Application;AWS EventBridge is a serverless event bus service that enables communication between AWS services, third-party applications, and custom event sources. By default, EventBridge event buses can be configured to allow events from any AWS account or external source. If an event bus is exposed to everyone, unauthorized entities could send events to your environment, potentially leading to security risks, data injection attacks, or service disruptions. To enhance security, event buses should be restricted to specific AWS accounts, services, or trusted IAM roles.;Allowing unrestricted access to an EventBridge event bus increases the risk of malicious event injection, unauthorized access, and data manipulation. Attackers could flood the event bus with malicious events, leading to unexpected behavior, security breaches, or excessive AWS costs. To reduce exposure, event buses should be secured using IAM policies and resource-based permissions, ensuring that only trusted AWS services and accounts can send or receive events.;4;100;PASS;EventBridge event bus default is not exposed to everyone.;arn:aws:events:ap-south-1:735291151388:event-bus/default;default;eventbridge_bus_exposed;False;ProwlerThreatScore;Prowler ThreatScore Compliance Framework for AWS
aws;Prowler ThreatScore Compliance Framework for AWS ensures that the AWS account is compliant taking into account four main pillars: Identity and Access Management, Attack Surface, Forensic Readiness and Encryption;735291151388;ap-southeast-1;2026-07-10 18:08:16.187152;2.3.13;Ensure that your AWS EventBridge event bus is not exposed to everyone;AWS EventBridge event bus is not exposed to everyone;2. Attack Surface;2.3 Application;AWS EventBridge is a serverless event bus service that enables communication between AWS services, third-party applications, and custom event sources. By default, EventBridge event buses can be configured to allow events from any AWS account or external source. If an event bus is exposed to everyone, unauthorized entities could send events to your environment, potentially leading to security risks, data injection attacks, or service disruptions. To enhance security, event buses should be restricted to specific AWS accounts, services, or trusted IAM roles.;Allowing unrestricted access to an EventBridge event bus increases the risk of malicious event injection, unauthorized access, and data manipulation. Attackers could flood the event bus with malicious events, leading to unexpected behavior, security breaches, or excessive AWS costs. To reduce exposure, event buses should be secured using IAM policies and resource-based permissions, ensuring that only trusted AWS services and accounts can send or receive events.;4;100;PASS;EventBridge event bus default is not exposed to everyone.;arn:aws:events:ap-southeast-1:735291151388:event-bus/default;default;eventbridge_bus_exposed;False;ProwlerThreatScore;Prowler ThreatScore Compliance Framework for AWS
aws;Prowler ThreatScore Compliance Framework for AWS ensures that the AWS account is compliant taking into account four main pillars: Identity and Access Management, Attack Surface, Forensic Readiness and Encryption;735291151388;ap-southeast-2;2026-07-10 18:08:16.187152;2.3.13;Ensure that your AWS EventBridge event bus is not exposed to everyone;AWS EventBridge event bus is not exposed to everyone;2. Attack Surface;2.3 Application;AWS EventBridge is a serverless event bus service that enables communication between AWS services, third-party applications, and custom event sources. By default, EventBridge event buses can be configured to allow events from any AWS account or external source. If an event bus is exposed to everyone, unauthorized entities could send events to your environment, potentially leading to security risks, data injection attacks, or service disruptions. To enhance security, event buses should be restricted to specific AWS accounts, services, or trusted IAM roles.;Allowing unrestricted access to an EventBridge event bus increases the risk of malicious event injection, unauthorized access, and data manipulation. Attackers could flood the event bus with malicious events, leading to unexpected behavior, security breaches, or excessive AWS costs. To reduce exposure, event buses should be secured using IAM policies and resource-based permissions, ensuring that only trusted AWS services and accounts can send or receive events.;4;100;PASS;EventBridge event bus default is not exposed to everyone.;arn:aws:events:ap-southeast-2:735291151388:event-bus/default;default;eventbridge_bus_exposed;False;ProwlerThreatScore;Prowler ThreatScore Compliance Framework for AWS
aws;Prowler ThreatScore Compliance Framework for AWS ensures that the AWS account is compliant taking into account four main pillars: Identity and Access Management, Attack Surface, Forensic Readiness and Encryption;735291151388;ca-central-1;2026-07-10 18:08:16.187152;2.3.13;Ensure that your AWS EventBridge event bus is not exposed to everyone;AWS EventBridge event bus is not exposed to everyone;2. Attack Surface;2.3 Application;AWS EventBridge is a serverless event bus service that enables communication between AWS services, third-party applications, and custom event sources. By default, EventBridge event buses can be configured to allow events from any AWS account or external source. If an event bus is exposed to everyone, unauthorized entities could send events to your environment, potentially leading to security risks, data injection attacks, or service disruptions. To enhance security, event buses should be restricted to specific AWS accounts, services, or trusted IAM roles.;Allowing unrestricted access to an EventBridge event bus increases the risk of malicious event injection, unauthorized access, and data manipulation. Attackers could flood the event bus with malicious events, leading to unexpected behavior, security breaches, or excessive AWS costs. To reduce exposure, event buses should be secured using IAM policies and resource-based permissions, ensuring that only trusted AWS services and accounts can send or receive events.;4;100;PASS;EventBridge event bus default is not exposed to everyone.;arn:aws:events:ca-central-1:735291151388:event-bus/default;default;eventbridge_bus_exposed;False;ProwlerThreatScore;Prowler ThreatScore Compliance Framework for AWS
aws;Prowler ThreatScore Compliance Framework for AWS ensures that the AWS account is compliant taking into account four main pillars: Identity and Access Management, Attack Surface, Forensic Readiness and Encryption;735291151388;eu-central-1;2026-07-10 18:08:16.187152;2.3.13;Ensure that your AWS EventBridge event bus is not exposed to everyone;AWS EventBridge event bus is not exposed to everyone;2. Attack Surface;2.3 Application;AWS EventBridge is a serverless event bus service that enables communication between AWS services, third-party applications, and custom event sources. By default, EventBridge event buses can be configured to allow events from any AWS account or external source. If an event bus is exposed to everyone, unauthorized entities could send events to your environment, potentially leading to security risks, data injection attacks, or service disruptions. To enhance security, event buses should be restricted to specific AWS accounts, services, or trusted IAM roles.;Allowing unrestricted access to an EventBridge event bus increases the risk of malicious event injection, unauthorized access, and data manipulation. Attackers could flood the event bus with malicious events, leading to unexpected behavior, security breaches, or excessive AWS costs. To reduce exposure, event buses should be secured using IAM policies and resource-based permissions, ensuring that only trusted AWS services and accounts can send or receive events.;4;100;PASS;EventBridge event bus default is not exposed to everyone.;arn:aws:events:eu-central-1:735291151388:event-bus/default;default;eventbridge_bus_exposed;False;ProwlerThreatScore;Prowler ThreatScore Compliance Framework for AWS
aws;Prowler ThreatScore Compliance Framework for AWS ensures that the AWS account is compliant taking into account four main pillars: Identity and Access Management, Attack Surface, Forensic Readiness and Encryption;735291151388;eu-north-1;2026-07-10 18:08:16.187152;2.3.13;Ensure that your AWS EventBridge event bus is not exposed to everyone;AWS EventBridge event bus is not exposed to everyone;2. Attack Surface;2.3 Application;AWS EventBridge is a serverless event bus service that enables communication between AWS services, third-party applications, and custom event sources. By default, EventBridge event buses can be configured to allow events from any AWS account or external source. If an event bus is exposed to everyone, unauthorized entities could send events to your environment, potentially leading to security risks, data injection attacks, or service disruptions. To enhance security, event buses should be restricted to specific AWS accounts, services, or trusted IAM roles.;Allowing unrestricted access to an EventBridge event bus increases the risk of malicious event injection, unauthorized access, and data manipulation. Attackers could flood the event bus with malicious events, leading to unexpected behavior, security breaches, or excessive AWS costs. To reduce exposure, event buses should be secured using IAM policies and resource-based permissions, ensuring that only trusted AWS services and accounts can send or receive events.;4;100;PASS;EventBridge event bus default is not exposed to everyone.;arn:aws:events:eu-north-1:735291151388:event-bus/default;default;eventbridge_bus_exposed;False;ProwlerThreatScore;Prowler ThreatScore Compliance Framework for AWS
aws;Prowler ThreatScore Compliance Framework for AWS ensures that the AWS account is compliant taking into account four main pillars: Identity and Access Management, Attack Surface, Forensic Readiness and Encryption;735291151388;eu-west-1;2026-07-10 18:08:16.187152;2.3.13;Ensure that your AWS EventBridge event bus is not exposed to everyone;AWS EventBridge event bus is not exposed to everyone;2. Attack Surface;2.3 Application;AWS EventBridge is a serverless event bus service that enables communication between AWS services, third-party applications, and custom event sources. By default, EventBridge event buses can be configured to allow events from any AWS account or external source. If an event bus is exposed to everyone, unauthorized entities could send events to your environment, potentially leading to security risks, data injection attacks, or service disruptions. To enhance security, event buses should be restricted to specific AWS accounts, services, or trusted IAM roles.;Allowing unrestricted access to an EventBridge event bus increases the risk of malicious event injection, unauthorized access, and data manipulation. Attackers could flood the event bus with malicious events, leading to unexpected behavior, security breaches, or excessive AWS costs. To reduce exposure, event buses should be secured using IAM policies and resource-based permissions, ensuring that only trusted AWS services and accounts can send or receive events.;4;100;PASS;EventBridge event bus default is not exposed to everyone.;arn:aws:events:eu-west-1:735291151388:event-bus/default;default;eventbridge_bus_exposed;False;ProwlerThreatScore;Prowler ThreatScore Compliance Framework for AWS
aws;Prowler ThreatScore Compliance Framework for AWS ensures that the AWS account is compliant taking into account four main pillars: Identity and Access Management, Attack Surface, Forensic Readiness and Encryption;735291151388;eu-west-2;2026-07-10 18:08:16.187152;2.3.13;Ensure that your AWS EventBridge event bus is not exposed to everyone;AWS EventBridge event bus is not exposed to everyone;2. Attack Surface;2.3 Application;AWS EventBridge is a serverless event bus service that enables communication between AWS services, third-party applications, and custom event sources. By default, EventBridge event buses can be configured to allow events from any AWS account or external source. If an event bus is exposed to everyone, unauthorized entities could send events to your environment, potentially leading to security risks, data injection attacks, or service disruptions. To enhance security, event buses should be restricted to specific AWS accounts, services, or trusted IAM roles.;Allowing unrestricted access to an EventBridge event bus increases the risk of malicious event injection, unauthorized access, and data manipulation. Attackers could flood the event bus with malicious events, leading to unexpected behavior, security breaches, or excessive AWS costs. To reduce exposure, event buses should be secured using IAM policies and resource-based permissions, ensuring that only trusted AWS services and accounts can send or receive events.;4;100;PASS;EventBridge event bus default is not exposed to everyone.;arn:aws:events:eu-west-2:735291151388:event-bus/default;default;eventbridge_bus_exposed;False;ProwlerThreatScore;Prowler ThreatScore Compliance Framework for AWS
aws;Prowler ThreatScore Compliance Framework for AWS ensures that the AWS account is compliant taking into account four main pillars: Identity and Access Management, Attack Surface, Forensic Readiness and Encryption;735291151388;eu-west-3;2026-07-10 18:08:16.187152;2.3.13;Ensure that your AWS EventBridge event bus is not exposed to everyone;AWS EventBridge event bus is not exposed to everyone;2. Attack Surface;2.3 Application;AWS EventBridge is a serverless event bus service that enables communication between AWS services, third-party applications, and custom event sources. By default, EventBridge event buses can be configured to allow events from any AWS account or external source. If an event bus is exposed to everyone, unauthorized entities could send events to your environment, potentially leading to security risks, data injection attacks, or service disruptions. To enhance security, event buses should be restricted to specific AWS accounts, services, or trusted IAM roles.;Allowing unrestricted access to an EventBridge event bus increases the risk of malicious event injection, unauthorized access, and data manipulation. Attackers could flood the event bus with malicious events, leading to unexpected behavior, security breaches, or excessive AWS costs. To reduce exposure, event buses should be secured using IAM policies and resource-based permissions, ensuring that only trusted AWS services and accounts can send or receive events.;4;100;PASS;EventBridge event bus default is not exposed to everyone.;arn:aws:events:eu-west-3:735291151388:event-bus/default;default;eventbridge_bus_exposed;False;ProwlerThreatScore;Prowler ThreatScore Compliance Framework for AWS
aws;Prowler ThreatScore Compliance Framework for AWS ensures that the AWS account is compliant taking into account four main pillars: Identity and Access Management, Attack Surface, Forensic Readiness and Encryption;735291151388;sa-east-1;2026-07-10 18:08:16.187152;2.3.13;Ensure that your AWS EventBridge event bus is not exposed to everyone;AWS EventBridge event bus is not exposed to everyone;2. Attack Surface;2.3 Application;AWS EventBridge is a serverless event bus service that enables communication between AWS services, third-party applications, and custom event sources. By default, EventBridge event buses can be configured to allow events from any AWS account or external source. If an event bus is exposed to everyone, unauthorized entities could send events to your environment, potentially leading to security risks, data injection attacks, or service disruptions. To enhance security, event buses should be restricted to specific AWS accounts, services, or trusted IAM roles.;Allowing unrestricted access to an EventBridge event bus increases the risk of malicious event injection, unauthorized access, and data manipulation. Attackers could flood the event bus with malicious events, leading to unexpected behavior, security breaches, or excessive AWS costs. To reduce exposure, event buses should be secured using IAM policies and resource-based permissions, ensuring that only trusted AWS services and accounts can send or receive events.;4;100;PASS;EventBridge event bus default is not exposed to everyone.;arn:aws:events:sa-east-1:735291151388:event-bus/default;default;eventbridge_bus_exposed;False;ProwlerThreatScore;Prowler ThreatScore Compliance Framework for AWS
aws;Prowler ThreatScore Compliance Framework for AWS ensures that the AWS account is compliant taking into account four main pillars: Identity and Access Management, Attack Surface, Forensic Readiness and Encryption;735291151388;us-east-1;2026-07-10 18:08:16.187152;2.3.13;Ensure that your AWS EventBridge event bus is not exposed to everyone;AWS EventBridge event bus is not exposed to everyone;2. Attack Surface;2.3 Application;AWS EventBridge is a serverless event bus service that enables communication between AWS services, third-party applications, and custom event sources. By default, EventBridge event buses can be configured to allow events from any AWS account or external source. If an event bus is exposed to everyone, unauthorized entities could send events to your environment, potentially leading to security risks, data injection attacks, or service disruptions. To enhance security, event buses should be restricted to specific AWS accounts, services, or trusted IAM roles.;Allowing unrestricted access to an EventBridge event bus increases the risk of malicious event injection, unauthorized access, and data manipulation. Attackers could flood the event bus with malicious events, leading to unexpected behavior, security breaches, or excessive AWS costs. To reduce exposure, event buses should be secured using IAM policies and resource-based permissions, ensuring that only trusted AWS services and accounts can send or receive events.;4;100;PASS;EventBridge event bus default is not exposed to everyone.;arn:aws:events:us-east-1:735291151388:event-bus/default;default;eventbridge_bus_exposed;False;ProwlerThreatScore;Prowler ThreatScore Compliance Framework for AWS
aws;Prowler ThreatScore Compliance Framework for AWS ensures that the AWS account is compliant taking into account four main pillars: Identity and Access Management, Attack Surface, Forensic Readiness and Encryption;735291151388;us-east-2;2026-07-10 18:08:16.187152;2.3.13;Ensure that your AWS EventBridge event bus is not exposed to everyone;AWS EventBridge event bus is not exposed to everyone;2. Attack Surface;2.3 Application;AWS EventBridge is a serverless event bus service that enables communication between AWS services, third-party applications, and custom event sources. By default, EventBridge event buses can be configured to allow events from any AWS account or external source. If an event bus is exposed to everyone, unauthorized entities could send events to your environment, potentially leading to security risks, data injection attacks, or service disruptions. To enhance security, event buses should be restricted to specific AWS accounts, services, or trusted IAM roles.;Allowing unrestricted access to an EventBridge event bus increases the risk of malicious event injection, unauthorized access, and data manipulation. Attackers could flood the event bus with malicious events, leading to unexpected behavior, security breaches, or excessive AWS costs. To reduce exposure, event buses should be secured using IAM policies and resource-based permissions, ensuring that only trusted AWS services and accounts can send or receive events.;4;100;PASS;EventBridge event bus default is not exposed to everyone.;arn:aws:events:us-east-2:735291151388:event-bus/default;default;eventbridge_bus_exposed;False;ProwlerThreatScore;Prowler ThreatScore Compliance Framework for AWS
aws;Prowler ThreatScore Compliance Framework for AWS ensures that the AWS account is compliant taking into account four main pillars: Identity and Access Management, Attack Surface, Forensic Readiness and Encryption;735291151388;us-west-1;2026-07-10 18:08:16.187152;2.3.13;Ensure that your AWS EventBridge event bus is not exposed to everyone;AWS EventBridge event bus is not exposed to everyone;2. Attack Surface;2.3 Application;AWS EventBridge is a serverless event bus service that enables communication between AWS services, third-party applications, and custom event sources. By default, EventBridge event buses can be configured to allow events from any AWS account or external source. If an event bus is exposed to everyone, unauthorized entities could send events to your environment, potentially leading to security risks, data injection attacks, or service disruptions. To enhance security, event buses should be restricted to specific AWS accounts, services, or trusted IAM roles.;Allowing unrestricted access to an EventBridge event bus increases the risk of malicious event injection, unauthorized access, and data manipulation. Attackers could flood the event bus with malicious events, leading to unexpected behavior, security breaches, or excessive AWS costs. To reduce exposure, event buses should be secured using IAM policies and resource-based permissions, ensuring that only trusted AWS services and accounts can send or receive events.;4;100;PASS;EventBridge event bus default is not exposed to everyone.;arn:aws:events:us-west-1:735291151388:event-bus/default;default;eventbridge_bus_exposed;False;ProwlerThreatScore;Prowler ThreatScore Compliance Framework for AWS
aws;Prowler ThreatScore Compliance Framework for AWS ensures that the AWS account is compliant taking into account four main pillars: Identity and Access Management, Attack Surface, Forensic Readiness and Encryption;735291151388;us-west-2;2026-07-10 18:08:16.187152;2.3.13;Ensure that your AWS EventBridge event bus is not exposed to everyone;AWS EventBridge event bus is not exposed to everyone;2. Attack Surface;2.3 Application;AWS EventBridge is a serverless event bus service that enables communication between AWS services, third-party applications, and custom event sources. By default, EventBridge event buses can be configured to allow events from any AWS account or external source. If an event bus is exposed to everyone, unauthorized entities could send events to your environment, potentially leading to security risks, data injection attacks, or service disruptions. To enhance security, event buses should be restricted to specific AWS accounts, services, or trusted IAM roles.;Allowing unrestricted access to an EventBridge event bus increases the risk of malicious event injection, unauthorized access, and data manipulation. Attackers could flood the event bus with malicious events, leading to unexpected behavior, security breaches, or excessive AWS costs. To reduce exposure, event buses should be secured using IAM policies and resource-based permissions, ensuring that only trusted AWS services and accounts can send or receive events.;4;100;PASS;EventBridge event bus default is not exposed to everyone.;arn:aws:events:us-west-2:735291151388:event-bus/default;default;eventbridge_bus_exposed;False;ProwlerThreatScore;Prowler ThreatScore Compliance Framework for AWS
aws;Prowler ThreatScore Compliance Framework for AWS ensures that the AWS account is compliant taking into account four main pillars: Identity and Access Management, Attack Surface, Forensic Readiness and Encryption;735291151388;ap-south-1;2026-07-10 18:08:16.187152;1.2.5;Avoid the use of the 'root' account;Don't use root account;1. IAM;1.2 Authorization;The root account in AWS has unrestricted administrative privileges and should be used only for initial account setup and emergency scenarios. Regular operations should be performed using IAM users or roles with least privilege access to minimize security risks.;Using the root account increases the risk of unauthorized access, accidental misconfigurations, and privilege misuse. By restricting root account usage and delegating tasks to IAM users or roles, organizations can enforce better access control, auditing, and security best practices.;4;100;FAIL;Root user in the account was last accessed 0 days ago.;arn:aws:iam::735291151388:root;<root_account>;iam_avoid_root_usage;False;ProwlerThreatScore;Prowler ThreatScore Compliance Framework for AWS
aws;Prowler ThreatScore Compliance Framework for AWS ensures that the AWS account is compliant taking into account four main pillars: Identity and Access Management, Attack Surface, Forensic Readiness and Encryption;735291151388;ap-south-1;2026-07-10 18:08:16.187152;1.3.1;Ensure IAM policies that allow full *:* administrative privileges are not attached;IAM policies with full privileges not attached;1. IAM;1.3 Privilege Escalation Prevention;IAM policies define permissions for users, groups, and roles, controlling access to AWS resources. Following the principle of least privilege, users should be granted only the permissions necessary to perform their tasks. Instead of assigning broad administrative privileges, permissions should be carefully crafted to allow only the required actions.;Starting with minimal permissions and granting additional access as needed is significantly more secure than providing excessive permissions and attempting to restrict them later. Assigning full administrative privileges increases the risk of unauthorized or accidental actions that could compromise AWS resources. IAM policies containing Effect: Allow, Action: , Resource:  should be removed to prevent unrestricted access and enforce security best practices.;4;100;PASS;AWS policy AmazonRDSServiceRolePolicy is attached but does not allow '*:*' administrative privileges.;arn:aws:iam::aws:policy/aws-service-role/AmazonRDSServiceRolePolicy;AmazonRDSServiceRolePolicy;iam_aws_attached_policy_no_administrative_privileges;False;ProwlerThreatScore;Prowler ThreatScore Compliance Framework for AWS
aws;Prowler ThreatScore Compliance Framework for AWS ensures that the AWS account is compliant taking into account four main pillars: Identity and Access Management, Attack Surface, Forensic Readiness and Encryption;735291151388;ap-south-1;2026-07-10 18:08:16.187152;1.3.1;Ensure IAM policies that allow full *:* administrative privileges are not attached;IAM policies with full privileges not attached;1. IAM;1.3 Privilege Escalation Prevention;IAM policies define permissions for users, groups, and roles, controlling access to AWS resources. Following the principle of least privilege, users should be granted only the permissions necessary to perform their tasks. Instead of assigning broad administrative privileges, permissions should be carefully crafted to allow only the required actions.;Starting with minimal permissions and granting additional access as needed is significantly more secure than providing excessive permissions and attempting to restrict them later. Assigning full administrative privileges increases the risk of unauthorized or accidental actions that could compromise AWS resources. IAM policies containing Effect: Allow, Action: , Resource:  should be removed to prevent unrestricted access and enforce security best practices.;4;100;PASS;AWS policy AWSTrustedAdvisorServiceRolePolicy is attached but does not allow '*:*' administrative privileges.;arn:aws:iam::aws:policy/aws-service-role/AWSTrustedAdvisorServiceRolePolicy;AWSTrustedAdvisorServiceRolePolicy;iam_aws_attached_policy_no_administrative_privileges;False;ProwlerThreatScore;Prowler ThreatScore Compliance Framework for AWS
aws;Prowler ThreatScore Compliance Framework for AWS ensures that the AWS account is compliant taking into account four main pillars: Identity and Access Management, Attack Surface, Forensic Readiness and Encryption;735291151388;ap-south-1;2026-07-10 18:08:16.187152;1.3.1;Ensure IAM policies that allow full *:* administrative privileges are not attached;IAM policies with full privileges not attached;1. IAM;1.3 Privilege Escalation Prevention;IAM policies define permissions for users, groups, and roles, controlling access to AWS resources. Following the principle of least privilege, users should be granted only the permissions necessary to perform their tasks. Instead of assigning broad administrative privileges, permissions should be carefully crafted to allow only the required actions.;Starting with minimal permissions and granting additional access as needed is significantly more secure than providing excessive permissions and attempting to restrict them later. Assigning full administrative privileges increases the risk of unauthorized or accidental actions that could compromise AWS resources. IAM policies containing Effect: Allow, Action: , Resource:  should be removed to prevent unrestricted access and enforce security best practices.;4;100;FAIL;AWS policy AdministratorAccess is attached and allows '*:*' administrative privileges.;arn:aws:iam::aws:policy/AdministratorAccess;AdministratorAccess;iam_aws_attached_policy_no_administrative_privileges;False;ProwlerThreatScore;Prowler ThreatScore Compliance Framework for AWS
aws;Prowler ThreatScore Compliance Framework for AWS ensures that the AWS account is compliant taking into account four main pillars: Identity and Access Management, Attack Surface, Forensic Readiness and Encryption;735291151388;ap-south-1;2026-07-10 18:08:16.187152;1.3.1;Ensure IAM policies that allow full *:* administrative privileges are not attached;IAM policies with full privileges not attached;1. IAM;1.3 Privilege Escalation Prevention;IAM policies define permissions for users, groups, and roles, controlling access to AWS resources. Following the principle of least privilege, users should be granted only the permissions necessary to perform their tasks. Instead of assigning broad administrative privileges, permissions should be carefully crafted to allow only the required actions.;Starting with minimal permissions and granting additional access as needed is significantly more secure than providing excessive permissions and attempting to restrict them later. Assigning full administrative privileges increases the risk of unauthorized or accidental actions that could compromise AWS resources. IAM policies containing Effect: Allow, Action: , Resource:  should be removed to prevent unrestricted access and enforce security best practices.;4;100;PASS;AWS policy AWSSupportServiceRolePolicy is attached but does not allow '*:*' administrative privileges.;arn:aws:iam::aws:policy/aws-service-role/AWSSupportServiceRolePolicy;AWSSupportServiceRolePolicy;iam_aws_attached_policy_no_administrative_privileges;False;ProwlerThreatScore;Prowler ThreatScore Compliance Framework for AWS
aws;Prowler ThreatScore Compliance Framework for AWS ensures that the AWS account is compliant taking into account four main pillars: Identity and Access Management, Attack Surface, Forensic Readiness and Encryption;735291151388;ap-south-1;2026-07-10 18:08:16.187152;1.3.1;Ensure IAM policies that allow full *:* administrative privileges are not attached;IAM policies with full privileges not attached;1. IAM;1.3 Privilege Escalation Prevention;IAM policies define permissions for users, groups, and roles, controlling access to AWS resources. Following the principle of least privilege, users should be granted only the permissions necessary to perform their tasks. Instead of assigning broad administrative privileges, permissions should be carefully crafted to allow only the required actions.;Starting with minimal permissions and granting additional access as needed is significantly more secure than providing excessive permissions and attempting to restrict them later. Assigning full administrative privileges increases the risk of unauthorized or accidental actions that could compromise AWS resources. IAM policies containing Effect: Allow, Action: , Resource:  should be removed to prevent unrestricted access and enforce security best practices.;4;100;PASS;AWS policy AWSResourceExplorerServiceRolePolicy is attached but does not allow '*:*' administrative privileges.;arn:aws:iam::aws:policy/aws-service-role/AWSResourceExplorerServiceRolePolicy;AWSResourceExplorerServiceRolePolicy;iam_aws_attached_policy_no_administrative_privileges;False;ProwlerThreatScore;Prowler ThreatScore Compliance Framework for AWS
aws;Prowler ThreatScore Compliance Framework for AWS ensures that the AWS account is compliant taking into account four main pillars: Identity and Access Management, Attack Surface, Forensic Readiness and Encryption;735291151388;ap-south-1;2026-07-10 18:08:16.187152;1.2.7;Ensure IAM users are managed centrally via identity federation or AWS Organizations for multi-account environments;IAM users managed centrally or by organizations;1. IAM;1.2 Authorization;In multi-account AWS environments, centralizing IAM user management improves control, security, and access management efficiency. Instead of creating separate IAM users in each account, access should be managed through role assumption. This can be achieved using AWS Organizations or federation with an external identity provider (e.g., AWS IAM Identity Center, Okta, or Active Directory).;Centralizing IAM user management into a single identity store simplifies administration, reduces the risk of access misconfigurations, and enforces consistent security policies across all accounts. This approach enhances security, scalability, and compliance while minimizing user duplication and permission errors.;1;1;FAIL;No SAML Providers found.;arn:aws:iam::735291151388:root;735291151388;iam_check_saml_providers_sts;False;ProwlerThreatScore;Prowler ThreatScore Compliance Framework for AWS
aws;Prowler ThreatScore Compliance Framework for AWS ensures that the AWS account is compliant taking into account four main pillars: Identity and Access Management, Attack Surface, Forensic Readiness and Encryption;735291151388;ap-south-1;2026-07-10 18:08:16.187152;1.3.3;Ensure no IAM Inline policies allow actions that may lead into Privilege Escalation;IAM policy allow privilege escalation;1. IAM;1.3 Privilege Escalation Prevention;IAM inline policies define permissions directly attached to users, groups, or roles, rather than being managed as standalone policies. If improperly configured, these policies can grant actions that enable privilege escalation, allowing users to elevate their access beyond intended permissions. Privilege escalation can occur through misconfigured IAM roles, excessive permissions, or indirect access paths, potentially leading to unauthorized control over AWS resources.;Users with some IAM permissions are allowed to elevate their privileges up to administrator rights.;4;100;PASS;Inline policy cloudguardian-s3-read-only attached to role cloudguardian-web-role does not allow privilege escalation.;arn:aws:iam::735291151388:role/cloudguardian-web-role;cloudguardian-web-role/cloudguardian-s3-read-only;iam_inline_policy_allows_privilege_escalation;False;ProwlerThreatScore;Prowler ThreatScore Compliance Framework for AWS
aws;Prowler ThreatScore Compliance Framework for AWS ensures that the AWS account is compliant taking into account four main pillars: Identity and Access Management, Attack Surface, Forensic Readiness and Encryption;735291151388;ap-south-1;2026-07-10 18:08:16.187152;1.1.13;Ensure no root account access key exists;No root access key;1. IAM;1.1 Authentication;The root account in AWS has unrestricted administrative privileges and should be protected with the highest security measures. Access keys provide programmatic access to AWS, but when linked to the root account, they pose a significant security risk. It is recommended that no access keys be associated with the root account, ensuring that all programmatic access is managed through IAM roles and users with least privilege access.;The root account holds the highest level of privileges in an AWS environment. AWS Access Keys enable programmatic access to AWS resources, but when associated with the root account, they pose a significant security risk. It is recommended to remove all access keys linked to the root account to minimize potential attack vectors. Eliminating root access keys reduces the risk of unauthorized access and enforces the use of role-based IAM accounts with least privilege, promoting a more secure and controlled access management approach.;5;1000;PASS;Root account does not have access keys.;arn:aws:iam::735291151388:root;<root_account>;iam_no_root_access_key;False;ProwlerThreatScore;Prowler ThreatScore Compliance Framework for AWS
aws;Prowler ThreatScore Compliance Framework for AWS ensures that the AWS account is compliant taking into account four main pillars: Identity and Access Management, Attack Surface, Forensic Readiness and Encryption;735291151388;ap-south-1;2026-07-10 18:08:16.187152;1.1.12;Ensure IAM password policy expires passwords within 90 days or less;IAM password expires within 90 days;1. IAM;1.1 Authentication;IAM password policies can be configured to enforce password expiration after a defined period. It is recommended that passwords be set to expire within 90 days or less to ensure users regularly update their credentials. This helps mitigate security risks associated with stale or compromised passwords that remain active for extended periods.;Requiring password expiration within 90 days or less reduces the risk of credential-based attacks, such as brute-force attacks and credential stuffing, by ensuring that old passwords cannot be used indefinitely. If a password has been exposed or compromised without detection, regular expiration limits the window of opportunity for an attacker to exploit it. This policy enforces stronger access control and aligns with industry security best practices.;3;10;FAIL;Password expiration is not set.;arn:aws:iam:ap-south-1:735291151388:password-policy;735291151388;iam_password_policy_expires_passwords_within_90_days_or_less;False;ProwlerThreatScore;Prowler ThreatScore Compliance Framework for AWS
aws;Prowler ThreatScore Compliance Framework for AWS ensures that the AWS account is compliant taking into account four main pillars: Identity and Access Management, Attack Surface, Forensic Readiness and Encryption;735291151388;ap-south-1;2026-07-10 18:08:16.187152;1.1.8;Ensure IAM password policy require at least one lowercase letter;IAM password policy require one lowercase or more;1. IAM;1.1 Authentication;IAM password policies can be configured to enforce the use of at least one lowercase letter in user passwords. Including lowercase letters increases password complexity, making them more resistant to brute-force and dictionary attacks. It is recommended to require at least one lowercase letter in IAM passwords to strengthen security.;Requiring at least one lowercase letter ensures that passwords are not composed solely of numbers or uppercase letters, which are easier to guess. Attackers often use wordlists and predictable patterns when attempting to crack passwords. By enforcing lowercase letters, password complexity improves, reducing the likelihood of unauthorized access.;3;10;FAIL;IAM password policy does not require at least one lowercase letter.;arn:aws:iam:ap-south-1:735291151388:password-policy;735291151388;iam_password_policy_lowercase;False;ProwlerThreatScore;Prowler ThreatScore Compliance Framework for AWS
aws;Prowler ThreatScore Compliance Framework for AWS ensures that the AWS account is compliant taking into account four main pillars: Identity and Access Management, Attack Surface, Forensic Readiness and Encryption;735291151388;ap-south-1;2026-07-10 18:08:16.187152;1.1.4;Ensure IAM password policy requires minimum length of 14 or greater;IAM password lenght 14 or greater;1. IAM;1.1 Authentication;Password policies help enforce password complexity requirements to strengthen account security. In AWS IAM, password policies can be configured to ensure that user passwords meet specific criteria, including a minimum length requirement. It is recommended to enforce a minimum password length of 14 characters to enhance security.;Requiring longer and more complex passwords reduces the risk of compromise from brute force attacks, credential stuffing, and other password-based threats. A 14-character minimum makes it significantly harder for attackers to guess or crack passwords, improving overall account security and resilience.;3;10;FAIL;IAM password policy does not require minimum length of 14 characters.;arn:aws:iam:ap-south-1:735291151388:password-policy;735291151388;iam_password_policy_minimum_length_14;False;ProwlerThreatScore;Prowler ThreatScore Compliance Framework for AWS
aws;Prowler ThreatScore Compliance Framework for AWS ensures that the AWS account is compliant taking into account four main pillars: Identity and Access Management, Attack Surface, Forensic Readiness and Encryption;735291151388;ap-south-1;2026-07-10 18:08:16.187152;1.1.6;Ensure IAM password policy require at least one number;IAM password requires one number or more;1. IAM;1.1 Authentication;Password policies help enforce password complexity requirements to strengthen account security. In AWS IAM, password policies can be configured to ensure that user passwords meet specific criteria, including using at least number as requirement. It is recommended to enforce the usage of one number to enhance security.;Requiring more complex passwords reduces the risk of compromise from brute force attacks, credential stuffing, and other password-based threats. Using a number at least makes it significantly harder for attackers to guess or crack passwords, improving overall account security and resilience.;3;10;FAIL;IAM password policy does not require at least one number.;arn:aws:iam:ap-south-1:735291151388:password-policy;735291151388;iam_password_policy_number;False;ProwlerThreatScore;Prowler ThreatScore Compliance Framework for AWS
aws;Prowler ThreatScore Compliance Framework for AWS ensures that the AWS account is compliant taking into account four main pillars: Identity and Access Management, Attack Surface, Forensic Readiness and Encryption;735291151388;ap-south-1;2026-07-10 18:08:16.187152;1.1.5;Ensure IAM password policy prevents password reuse;IAM prevent password reuse;1. IAM;1.1 Authentication;IAM password policies can be configured to prevent users from reusing previous passwords. This ensures that users create new, unique passwords instead of cycling through old ones. It is recommended to enforce password history restrictions to enhance security.;Blocking password reuse helps mitigate the risk of credential-based attacks, such as brute force and credential stuffing. It prevents users from reverting to previously compromised passwords, reducing the likelihood of unauthorized access.;3;10;FAIL;IAM password policy reuse prevention is less than 24 or not set.;arn:aws:iam:ap-south-1:735291151388:password-policy;735291151388;iam_password_policy_reuse_24;False;ProwlerThreatScore;Prowler ThreatScore Compliance Framework for AWS
aws;Prowler ThreatScore Compliance Framework for AWS ensures that the AWS account is compliant taking into account four main pillars: Identity and Access Management, Attack Surface, Forensic Readiness and Encryption;735291151388;ap-south-1;2026-07-10 18:08:16.187152;1.1.7;Ensure IAM password policy require at least one symbol;IAM password policy require one symbol or more;1. IAM;1.1 Authentication;IAM password policies can be configured to enforce the use of at least one special character (symbol) in user passwords. Special characters (e.g., @, #, $, %) add complexity, making passwords harder to guess or crack. It is recommended to require at least one symbol in IAM passwords to enhance security.;Requiring a symbol in passwords increases entropy, making brute-force and dictionary attacks more difficult. Attackers often rely on common or predictable password patterns, and enforcing special characters helps reduce the effectiveness of such attacks. This policy strengthens overall password security and aligns with industry best practices.;3;10;FAIL;IAM password policy does not require at least one symbol.;arn:aws:iam:ap-south-1:735291151388:password-policy;735291151388;iam_password_policy_symbol;False;ProwlerThreatScore;Prowler ThreatScore Compliance Framework for AWS
aws;Prowler ThreatScore Compliance Framework for AWS ensures that the AWS account is compliant taking into account four main pillars: Identity and Access Management, Attack Surface, Forensic Readiness and Encryption;735291151388;ap-south-1;2026-07-10 18:08:16.187152;1.1.9;Ensure IAM password policy requires at least one uppercase letter;IAM password policy require one uppercase or more;1. IAM;1.1 Authentication;IAM password policies can be configured to enforce the use of at least one uppercase letter in user passwords. Including uppercase letters increases password complexity, making them more resilient to brute-force and dictionary attacks. It is recommended to require at least one uppercase letter in IAM passwords to enhance security.;Requiring at least one uppercase letter ensures that passwords are not composed solely of lowercase letters or numbers, which are more predictable and easier to crack. Attackers often rely on common word variations in password attacks, and enforcing uppercase letters adds an additional layer of complexity, reducing the risk of unauthorized access.;3;10;FAIL;IAM password policy does not require at least one uppercase letter.;arn:aws:iam:ap-south-1:735291151388:password-policy;735291151388;iam_password_policy_uppercase;False;ProwlerThreatScore;Prowler ThreatScore Compliance Framework for AWS
aws;Prowler ThreatScore Compliance Framework for AWS ensures that the AWS account is compliant taking into account four main pillars: Identity and Access Management, Attack Surface, Forensic Readiness and Encryption;735291151388;ap-south-1;2026-07-10 18:08:16.187152;1.2.1;Ensure IAM policies are attached only to groups or roles;IAM policies attached to group or roles;1. IAM;1.2 Authorization;IAM policies define permissions that control access to AWS resources. To ensure scalability, security, and manageability, it is recommended that IAM policies be attached only to groups or roles rather than individual users. By assigning permissions at the group or role level, organizations can apply consistent security policies and avoid permission sprawl.;Attaching policies to groups or roles simplifies access control, reduces security risks, and improves compliance tracking. This approach prevents overprivileged accounts and ensures a structured, scalable IAM policy framework.;1;1;PASS;User Alex has no inline or attached policies.;arn:aws:iam::735291151388:user/Alex;Alex;iam_policy_attached_only_to_group_or_roles;False;ProwlerThreatScore;Prowler ThreatScore Compliance Framework for AWS
aws;Prowler ThreatScore Compliance Framework for AWS ensures that the AWS account is compliant taking into account four main pillars: Identity and Access Management, Attack Surface, Forensic Readiness and Encryption;735291151388;ap-south-1;2026-07-10 18:08:16.187152;1.2.2;Ensure IAM users receive permissions only through groups;IAM users get permissions through groups;1. IAM;1.2 Authorization;IAM users gain access to AWS services, functions, and data through IAM policies. There are four ways to assign policies to a user: 1.Inline (User-Specific) Policy - Editing the policy directly within the user’s profile.2.Directly Attached Policy - Assigning a standalone policy to a user.3.Group-Based Policy (Recommended) - Adding the user to an IAM group with an attached policy. 4.Group with Inline Policy - Assigning an inline policy to a group that includes the user.Among these methods, only the third approach (group-based policies) is recommended for security and manageability.;Managing IAM permissions exclusively through groups ensures consistent, scalable, and role-based access control. This approach reduces the risk of excessive privileges, simplifies auditing, and aligns user permissions with organizational roles.;1;1;PASS;User Alex has no inline or attached policies.;arn:aws:iam::735291151388:user/Alex;Alex;iam_policy_attached_only_to_group_or_roles;False;ProwlerThreatScore;Prowler ThreatScore Compliance Framework for AWS
aws;Prowler ThreatScore Compliance Framework for AWS ensures that the AWS account is compliant taking into account four main pillars: Identity and Access Management, Attack Surface, Forensic Readiness and Encryption;735291151388;ap-south-1;2026-07-10 18:08:16.187152;1.3.2;Ensure access to AWSCloudShellFullAccess is restricted;AWSCloudShellFullAccess restricted;1. IAM;1.3 Privilege Escalation Prevention;AWS CloudShell provides a managed command-line interface (CLI) for interacting with AWS services. The AWSCloudShellFullAccess IAM policy grants full access to CloudShell, including file upload and download capabilities between a user’s local system and the CloudShell environment. Within CloudShell, users have sudo privileges and unrestricted internet access, making it possible to install software-such as file transfer tools-that could facilitate data movement to external servers.;Access to AWSCloudShellFullAccess should be restricted, as it can serve as a potential data exfiltration vector for malicious or compromised cloud administrators. Granting full permissions to CloudShell increases the risk of unauthorized data transfers outside the AWS environment. AWS provides guidance on creating more restrictive IAM policies to limit file transfer capabilities, reducing security risks.;2;8;PASS;AWS CloudShellFullAccess policy is not attached to any IAM entity.;arn:aws:iam::aws:policy/AWSCloudShellFullAccess;735291151388;iam_policy_cloudshell_admin_not_attached;False;ProwlerThreatScore;Prowler ThreatScore Compliance Framework for AWS
aws;Prowler ThreatScore Compliance Framework for AWS ensures that the AWS account is compliant taking into account four main pillars: Identity and Access Management, Attack Surface, Forensic Readiness and Encryption;735291151388;ap-south-1;2026-07-10 18:08:16.187152;1.1.2;Ensure hardware MFA is enabled for the 'root' user account;Hardware MFA enabled for 'root';1. IAM;1.1 Authentication;The root user account in AWS has the highest level of privileges. Multi-Factor Authentication (MFA) enhances security by adding an extra layer of protection beyond a username and password. When MFA is enabled, users must enter their credentials along with a unique authentication code generated by their AWS MFA device when signing into an AWS website.;A hardware MFA has a smaller attack surface compared to a virtual MFA. Unlike a virtual MFA, which relies on a mobile device that may be vulnerable to malware or compromise, a hardware MFA operates independently, reducing exposure to potential security threats.;5;1000;PASS;Root account has a hardware MFA device enabled.;arn:aws:iam::735291151388:mfa;<root_account>;iam_root_hardware_mfa_enabled;False;ProwlerThreatScore;Prowler ThreatScore Compliance Framework for AWS
aws;Prowler ThreatScore Compliance Framework for AWS ensures that the AWS account is compliant taking into account four main pillars: Identity and Access Management, Attack Surface, Forensic Readiness and Encryption;735291151388;ap-south-1;2026-07-10 18:08:16.187152;1.1.1;Ensure MFA is enabled for the 'root' user account;MFA enabled for 'root';1. IAM;1.1 Authentication;The root user account holds the highest level of privileges within an AWS account. Enabling Multi-Factor Authentication (MFA) enhances security by adding an additional layer of protection beyond just a username and password. With MFA activated, users must provide their credentials (username and password) along with a unique authentication code generated by their AWS MFA device when signing into an AWS website.;Enabling MFA enhances console security by requiring the authenticating user to both possess a time-sensitive key-generating device and have knowledge of their credentials.;5;1000;PASS;MFA is enabled for root account.;arn:aws:iam::735291151388:root;<root_account>;iam_root_mfa_enabled;False;ProwlerThreatScore;Prowler ThreatScore Compliance Framework for AWS
aws;Prowler ThreatScore Compliance Framework for AWS ensures that the AWS account is compliant taking into account four main pillars: Identity and Access Management, Attack Surface, Forensic Readiness and Encryption;735291151388;ap-south-1;2026-07-10 18:08:16.187152;1.1.11;Ensure access keys are rotated every 90 days or less;IAM rotate access keys 90 days;1. IAM;1.1 Authentication;Access keys consist of an access key ID and a secret access key, which are used to authenticate and sign programmatic requests made to AWS. These keys allow users and applications to interact with AWS services via the AWS Command Line Interface (CLI), AWS SDKs, PowerShell tools, or direct API calls. To maintain security, it is recommended that all access keys be rotated regularly to minimize the risk of unauthorized access.;Regularly rotating access keys reduces the risk of compromised credentials being exploited. If an access key is leaked, cracked, or stolen, rotating it limits the window of opportunity for malicious use. Additionally, rotating keys ensures that inactive or outdated credentials cannot be used for unauthorized access, enhancing overall security and compliance.;3;10;PASS;User <root_account> does not have access keys.;arn:aws:iam::735291151388:root;<root_account>;iam_rotate_access_key_90_days;False;ProwlerThreatScore;Prowler ThreatScore Compliance Framework for AWS
aws;Prowler ThreatScore Compliance Framework for AWS ensures that the AWS account is compliant taking into account four main pillars: Identity and Access Management, Attack Surface, Forensic Readiness and Encryption;735291151388;ap-south-1;2026-07-10 18:08:16.187152;1.1.11;Ensure access keys are rotated every 90 days or less;IAM rotate access keys 90 days;1. IAM;1.1 Authentication;Access keys consist of an access key ID and a secret access key, which are used to authenticate and sign programmatic requests made to AWS. These keys allow users and applications to interact with AWS services via the AWS Command Line Interface (CLI), AWS SDKs, PowerShell tools, or direct API calls. To maintain security, it is recommended that all access keys be rotated regularly to minimize the risk of unauthorized access.;Regularly rotating access keys reduces the risk of compromised credentials being exploited. If an access key is leaked, cracked, or stolen, rotating it limits the window of opportunity for malicious use. Additionally, rotating keys ensures that inactive or outdated credentials cannot be used for unauthorized access, enhancing overall security and compliance.;3;10;PASS;User Alex does not have access keys older than 90 days.;arn:aws:iam::735291151388:user/Alex;Alex;iam_rotate_access_key_90_days;False;ProwlerThreatScore;Prowler ThreatScore Compliance Framework for AWS
aws;Prowler ThreatScore Compliance Framework for AWS ensures that the AWS account is compliant taking into account four main pillars: Identity and Access Management, Attack Surface, Forensic Readiness and Encryption;735291151388;ap-south-1;2026-07-10 18:08:16.187152;1.2.3;Ensure a support role has been created to manage incidents with AWS Support;Support role exists to manage incidents;1. IAM;1.2 Authorization;AWS offers a Support Center for incident notification, response, technical support, and customer service assistance. To ensure secure and controlled access, an IAM role should be created with a properly assigned policy, allowing only authorized users to manage incidents with AWS Support.;Implementing least privilege access control ensures that only designated users can interact with AWS Support. Assigning an IAM role with a specific policy limits access to only necessary actions, reducing the risk of unauthorized modifications or exposure of sensitive account information.;1;1;FAIL;AWS Support Access policy is not attached to any role.;arn:aws:iam::aws:policy/AWSSupportAccess;735291151388;iam_support_role_created;False;ProwlerThreatScore;Prowler ThreatScore Compliance Framework for AWS
aws;Prowler ThreatScore Compliance Framework for AWS ensures that the AWS account is compliant taking into account four main pillars: Identity and Access Management, Attack Surface, Forensic Readiness and Encryption;735291151388;ap-south-1;2026-07-10 18:08:16.187152;1.1.10;Ensure credentials unused for 45 days or more are disabled;IAM credentials unused disabled;1. IAM;1.1 Authentication;AWS IAM users can authenticate and access AWS resources using various types of credentials, including passwords and access keys. To minimize security risks, it is recommended to deactivate or remove any credentials that have been unused for 45 days or more.;Disabling or removing inactive credentials reduces the attack surface and prevents unauthorized access through compromised or forgotten credentials. Unused credentials pose a security risk, as attackers may exploit them if they remain active without regular monitoring. Regularly auditing and revoking stale credentials enhances overall account security.;2;8;PASS;User <root_account> does not have access keys.;arn:aws:iam::735291151388:root;<root_account>;iam_user_accesskey_unused;False;ProwlerThreatScore;Prowler ThreatScore Compliance Framework for AWS
aws;Prowler ThreatScore Compliance Framework for AWS ensures that the AWS account is compliant taking into account four main pillars: Identity and Access Management, Attack Surface, Forensic Readiness and Encryption;735291151388;ap-south-1;2026-07-10 18:08:16.187152;1.1.10;Ensure credentials unused for 45 days or more are disabled;IAM credentials unused disabled;1. IAM;1.1 Authentication;AWS IAM users can authenticate and access AWS resources using various types of credentials, including passwords and access keys. To minimize security risks, it is recommended to deactivate or remove any credentials that have been unused for 45 days or more.;Disabling or removing inactive credentials reduces the attack surface and prevents unauthorized access through compromised or forgotten credentials. Unused credentials pose a security risk, as attackers may exploit them if they remain active without regular monitoring. Regularly auditing and revoking stale credentials enhances overall account security.;2;8;PASS;User Alex does not have unused access keys for 45 days.;arn:aws:iam::735291151388:user/Alex;Alex;iam_user_accesskey_unused;False;ProwlerThreatScore;Prowler ThreatScore Compliance Framework for AWS
aws;Prowler ThreatScore Compliance Framework for AWS ensures that the AWS account is compliant taking into account four main pillars: Identity and Access Management, Attack Surface, Forensic Readiness and Encryption;735291151388;ap-south-1;2026-07-10 18:08:16.187152;1.1.10;Ensure credentials unused for 45 days or more are disabled;IAM credentials unused disabled;1. IAM;1.1 Authentication;AWS IAM users can authenticate and access AWS resources using various types of credentials, including passwords and access keys. To minimize security risks, it is recommended to deactivate or remove any credentials that have been unused for 45 days or more.;Disabling or removing inactive credentials reduces the attack surface and prevents unauthorized access through compromised or forgotten credentials. Unused credentials pose a security risk, as attackers may exploit them if they remain active without regular monitoring. Regularly auditing and revoking stale credentials enhances overall account security.;2;8;PASS;User Alex does not have console access enabled or is unused.;arn:aws:iam::735291151388:user/Alex;Alex;iam_user_console_access_unused;False;ProwlerThreatScore;Prowler ThreatScore Compliance Framework for AWS
aws;Prowler ThreatScore Compliance Framework for AWS ensures that the AWS account is compliant taking into account four main pillars: Identity and Access Management, Attack Surface, Forensic Readiness and Encryption;735291151388;ap-south-1;2026-07-10 18:08:16.187152;1.1.3;Ensure multi-factor authentication (MFA) is enabled for all IAM users that have console access;MFA enabled for IAM console users;1. IAM;1.1 Authentication;To enhance security and reduce the risk of unauthorized access, Multi-Factor Authentication (MFA) should be enabled for all IAM users who have access to the AWS Management Console.;Without Multi-Factor Authentication (MFA), a compromised password alone is enough to allow an attacker to access the console, gaining full visibility and control over AWS resources.;4;100;PASS;User Alex does not have Console Password enabled.;arn:aws:iam::735291151388:user/Alex;Alex;iam_user_mfa_enabled_console_access;False;ProwlerThreatScore;Prowler ThreatScore Compliance Framework for AWS
aws;Prowler ThreatScore Compliance Framework for AWS ensures that the AWS account is compliant taking into account four main pillars: Identity and Access Management, Attack Surface, Forensic Readiness and Encryption;735291151388;ap-south-1;2026-07-10 18:08:16.187152;2.2.4;Ensure RDS snapshots are not publicly accessible;RDS snapshots not publicy accessible;2. Attack Surface;2.2 Storage;Amazon Relational Database Service (RDS) snapshots store backups of database instances, potentially containing sensitive data such as customer records, credentials, and application configurations. By default, RDS snapshots are private, but they can be shared with other AWS accounts or made public, which can lead to data exposure if misconfigured. To prevent unauthorized access, RDS snapshots should never be publicly accessible unless explicitly required and secured.;Publicly accessible RDS snapshots create a serious security risk, as anyone can copy the snapshot and restore the database, exposing sensitive information. Attackers actively scan for publicly available snapshots to extract credentials, personally identifiable information (PII), or business-critical data. To prevent unauthorized access and data leaks, RDS snapshots should remain private or restricted to trusted AWS accounts following the principle of least privilege.;5;1000;PASS;RDS Instance cloudguardian-db is not publicly accessible.;arn:aws:rds:ap-south-1:735291151388:db:cloudguardian-db;cloudguardian-db;rds_instance_no_public_access;False;ProwlerThreatScore;Prowler ThreatScore Compliance Framework for AWS
aws;Prowler ThreatScore Compliance Framework for AWS ensures that the AWS account is compliant taking into account four main pillars: Identity and Access Management, Attack Surface, Forensic Readiness and Encryption;735291151388;ap-south-1;2026-07-10 18:08:16.187152;4.2.2;Ensure that encryption-at-rest is enabled for RDS instances;RDS instances encryption at rest enabled;4. Encryption;4.2 At-Rest;Amazon Relational Database Service (RDS) supports encryption at rest using the industry-standard AES-256 encryption algorithm to secure database instances and their associated storage. Once enabled, RDS encryption automatically handles access authentication and decryption, ensuring secure data storage with minimal performance impact.;Databases often contain sensitive and business-critical information, making encryption essential to protect against unauthorized access and data breaches. Enabling RDS encryption ensures that underlying storage, automated backups, read replicas, and snapshots are all encrypted, preventing accidental or malicious data exposure while maintaining compliance with security best practices.;3;10;PASS;RDS Instance cloudguardian-db is encrypted.;arn:aws:rds:ap-south-1:735291151388:db:cloudguardian-db;cloudguardian-db;rds_instance_storage_encrypted;False;ProwlerThreatScore;Prowler ThreatScore Compliance Framework for AWS
aws;Prowler ThreatScore Compliance Framework for AWS ensures that the AWS account is compliant taking into account four main pillars: Identity and Access Management, Attack Surface, Forensic Readiness and Encryption;735291151388;ap-south-1;2026-07-10 18:08:16.187152;2.2.1;Ensure MFA Delete is enabled on S3 buckets;MFA delete enabled on S3 buckets;2. Attack Surface;2.2 Storage;Enabling MFA Delete on a sensitive or classified Amazon S3 bucket adds an extra layer of protection by requiring two-factor authentication for critical actions, such as deleting object versions or changing the bucket’s versioning state.;MFA Delete helps prevent accidental or malicious deletions by requiring an additional authentication step. This mitigates the risk of data loss due to compromised credentials or unauthorized access, ensuring that critical objects remain protected.;3;10;FAIL;S3 Bucket cloudguardian-data-c8f4e2a3 has MFA Delete disabled.;arn:aws:s3:::cloudguardian-data-c8f4e2a3;cloudguardian-data-c8f4e2a3;s3_bucket_no_mfa_delete;False;ProwlerThreatScore;Prowler ThreatScore Compliance Framework for AWS
aws;Prowler ThreatScore Compliance Framework for AWS ensures that the AWS account is compliant taking into account four main pillars: Identity and Access Management, Attack Surface, Forensic Readiness and Encryption;735291151388;ap-south-1;2026-07-10 18:08:16.187152;2.2.15;Ensure that S3 buckets have not policies which allow WRITE access;S3 buckets have not policies which allow WRITE access;2. Attack Surface;2.2 Storage;Amazon S3 buckets store and manage data, files, and application assets. Bucket policies control access permissions, and if an S3 bucket has a policy that allows WRITE access to everyone, unauthorized users can upload, modify, or delete objects, leading to data tampering, security breaches, or service disruptions. To enhance security, S3 bucket policies should be restricted to specific AWS accounts, IAM roles, or trusted services, ensuring only authorized users have WRITE permissions.;Allowing unrestricted WRITE access to an S3 bucket increases the risk of unauthorized modifications, data injection attacks, and accidental data loss. Attackers could upload malicious files, delete critical data, or overwrite important configurations. To prevent unauthorized changes, S3 bucket policies should explicitly deny public WRITE access, enforce least privilege access control, and use AWS Block Public Access settings to ensure secure and controlled data storage.;4;100;PASS;S3 Bucket cloudguardian-data-c8f4e2a3 does not have a bucket policy.;arn:aws:s3:::cloudguardian-data-c8f4e2a3;cloudguardian-data-c8f4e2a3;s3_bucket_policy_public_write_access;False;ProwlerThreatScore;Prowler ThreatScore Compliance Framework for AWS
aws;Prowler ThreatScore Compliance Framework for AWS ensures that the AWS account is compliant taking into account four main pillars: Identity and Access Management, Attack Surface, Forensic Readiness and Encryption;735291151388;ap-south-1;2026-07-10 18:08:16.187152;2.2.16;Ensure there are no S3 buckets listable by Everyone or Any AWS customer;No S3 buckets are listable by Everyone or Any AWS customer;2. Attack Surface;2.2 Storage;Amazon S3 buckets store sensitive data and should have restricted access permissions. If an S3 bucket is listable by Everyone or Any AWS customer, unauthorized users can enumerate the objects within the bucket, potentially exposing sensitive information such as filenames, metadata, or even public datasets. To enhance security, S3 bucket permissions should be configured to restrict LIST access to only authorized IAM roles, AWS accounts, or specific services.;Allowing public or AWS-wide LIST access increases the risk of data enumeration, unauthorized access, and information leaks. Attackers or unauthorized users could identify and analyze stored files, extract metadata, or infer sensitive data. To mitigate this risk, S3 bucket policies should explicitly deny public LIST access, enforce least privilege permissions, and use AWS Block Public Access settings to prevent unintended data exposure.;4;100;PASS;S3 Bucket cloudguardian-data-c8f4e2a3 is not publicly listable.;arn:aws:s3:::cloudguardian-data-c8f4e2a3;cloudguardian-data-c8f4e2a3;s3_bucket_public_list_acl;False;ProwlerThreatScore;Prowler ThreatScore Compliance Framework for AWS
aws;Prowler ThreatScore Compliance Framework for AWS ensures that the AWS account is compliant taking into account four main pillars: Identity and Access Management, Attack Surface, Forensic Readiness and Encryption;735291151388;ap-south-1;2026-07-10 18:08:16.187152;2.2.17;Ensure there are no S3 buckets writable by Everyone or Any AWS customer;No S3 buckets writable by Everyone or Any AWS customer;2. Attack Surface;2.2 Storage;Amazon S3 buckets should have strict access controls to prevent unauthorized modifications. If an S3 bucket is writable by Everyone or Any AWS customer, it allows unauthorized users to upload, modify, or delete objects, leading to data corruption, security breaches, and compliance risks. To enhance security, S3 bucket permissions should be restricted to trusted IAM roles, AWS accounts, or specific services.;Allowing public or AWS-wide WRITE access creates a significant security risk, as attackers can inject malicious files, overwrite critical data, or delete essential objects. This could lead to data loss, malware distribution, or unauthorized system modifications. To prevent unauthorized changes, S3 bucket policies should explicitly deny public WRITE access, enforce least privilege access, and use AWS Block Public Access settings to secure data integrity and prevent unauthorized modifications.;4;100;PASS;S3 Bucket cloudguardian-data-c8f4e2a3 is not publicly writable.;arn:aws:s3:::cloudguardian-data-c8f4e2a3;cloudguardian-data-c8f4e2a3;s3_bucket_public_write_acl;False;ProwlerThreatScore;Prowler ThreatScore Compliance Framework for AWS
aws;Prowler ThreatScore Compliance Framework for AWS ensures that the AWS account is compliant taking into account four main pillars: Identity and Access Management, Attack Surface, Forensic Readiness and Encryption;735291151388;ap-south-1;2026-07-10 18:08:16.187152;4.1.1;Ensure S3 Bucket Policy is set to deny HTTP requests;S3 bucket deny HTTP requests;4. Encryption;4.1 In-Transit;Amazon S3 bucket permissions can be configured using a bucket policy to enforce access restrictions. To enhance security, objects within the bucket should be made accessible only via HTTPS, ensuring encrypted data transmission.;By default, Amazon S3 accepts both HTTP and HTTPS requests, which can expose data to interception. To enforce secure access, HTTP requests should be explicitly denied in the bucket policy. Simply allowing HTTPS without blocking HTTP does not fully comply with security best practices, as unencrypted requests may still be accepted.;3;10;FAIL;S3 Bucket cloudguardian-data-c8f4e2a3 does not have a bucket policy, thus it allows HTTP requests.;arn:aws:s3:::cloudguardian-data-c8f4e2a3;cloudguardian-data-c8f4e2a3;s3_bucket_secure_transport_policy;False;ProwlerThreatScore;Prowler ThreatScore Compliance Framework for AWS
aws;Prowler ThreatScore Compliance Framework for AWS ensures that the AWS account is compliant taking into account four main pillars: Identity and Access Management, Attack Surface, Forensic Readiness and Encryption;735291151388;ap-south-1;2026-07-10 18:08:16.187152;3.1.4;Ensure VPC flow logging is enabled in all VPCs;VPC flow logging enabled in all VPCs;3. Logging and Monitoring;3.1 Logging;VPC Flow Logs capture and record IP traffic information for network interfaces within a VPC, allowing administrators to monitor and analyze network activity. These logs are stored in Amazon CloudWatch Logs for retrieval and analysis. It is recommended to enable VPC Flow Logs for rejected packets to track unauthorized access attempts, misconfigurations, or potential security threats within the VPC.;Enabling VPC Flow Logs for rejected traffic enhances network visibility and security monitoring by detecting suspicious activity, failed connection attempts, and potential threats. These logs help identify anomalous traffic patterns, troubleshoot connectivity issues, and support incident response workflows, improving overall security posture.;3;10;FAIL;VPC cloudguardian-vpc Flow logs are disabled.;arn:aws:ec2:ap-south-1:735291151388:vpc/vpc-056acc9b951114346;vpc-056acc9b951114346;vpc_flow_logs_enabled;False;ProwlerThreatScore;Prowler ThreatScore Compliance Framework for AWS
