,check_id,finding_title,ISO_27001_Control_ID,ISO_27001_Control_Title,HIPAA_Security_Rule_Control_ID,HIPAA_Security_Rule_Control_Title,CIS_Controls_v8_Control_ID,CIS_Controls_v8_Control_Title,DPDP_Act_2023_Control_ID,DPDP_Act_2023_Control_Title
0,rds_publicly_accessible,RDS Instance Publicly Accessible,A.5.15,Access control,164.308(a)(1),Security Management Process,CIS 3.3,Configure Data Access Control Lists,Sec 8(4),Reasonable security safeguards
1,rds-instance-publicly-accessible,RDS Instance Publicly Accessible,A.8.20,Networks security,164.312(e)(1),Transmission Security,CIS 12.2,Establish and Maintain a Secure Network Architecture,Sec 8(4),Reasonable security safeguards
2,iam_inline_policy_allows_privilege_escalation,IAM inline policy does not allow privilege escalation,A.8.3,Information access restriction,164.312(a)(1),Access Control,CIS 5.4,Restrict Administrator Privileges to Dedicated Admin Accounts,Sec 5,Notice and consent
3,sql_firewall_allow_all_ips,SQL Server Firewall Allows All IPs,A.8.20,Networks security,164.308(a)(6),Security Incident Procedures,CIS 12.2,Establish and Maintain a Secure Network Architecture,Sec 8(4),Reasonable security safeguards
4,ec2_instance_port_ssh_exposed_to_internet,EC2 instance does not allow ingress from the Internet to TCP port 22 (SSH),A.8.20,Networks security,164.312(e)(1),Transmission Security,CIS 12.2,Establish and Maintain a Secure Network Architecture,Sec 8(4),Reasonable security safeguards
5,sqlserver_unrestricted_inbound_access,Azure SQL Server does not have firewall rules allowing 0.0.0.0-255.255.255.255,A.5.15,Access control,164.312(e)(1),Transmission Security,CIS 12.2,Establish and Maintain a Secure Network Architecture,Sec 8(4),Reasonable security safeguards
6,sqlserver_unrestricted_inbound_access,Azure SQL Server does not have firewall rules allowing 0.0.0.0-255.255.255.255,A.5.15,Access control,164.312(e)(1),Transmission Security,CIS 12.2,Establish and Maintain a Secure Network Architecture,Sec 8(4),Reasonable security safeguards
7,sg_mysql_open_to_internet,Security Group Allows MySQL (3306) from 0.0.0.0/0,A.8.20,Networks security,164.308(a)(6),Security Incident Procedures,CIS 12.2,Establish and Maintain a Secure Network Architecture,Sec 8(4),Reasonable security safeguards
8,rds_instance_no_public_access,RDS instance is not publicly exposed to the Internet,A.8.20,Networks security,164.312(e)(1),Transmission Security,CIS 12.2,Establish and Maintain a Secure Network Architecture,Sec 8(4),Reasonable security safeguards
9,ec2_securitygroup_allow_ingress_from_internet_to_tcp_port_mysql_3306,Security group does not allow ingress from 0.0.0.0/0 or ::/0 to MySQL port 3306,A.8.9,Configuration management,164.308(a)(6),Security Incident Procedures,CIS 13.1,Centralize Security Event Alerting,Sec 8(4),Reasonable security safeguards
10,storage_public_network_access,Storage Account Reachable From Any Network,A.8.20,Networks security,164.312(e)(1),Transmission Security,CIS 12.2,Establish and Maintain a Secure Network Architecture,Sec 8(4),Reasonable security safeguards
11,storage_allow_blob_public_access,Storage Account Allows Public Blob Access,A.8.3,Information access restriction,164.312(a)(1),Access Control,CIS 6.2,Establish an Access Revoking Process,Sec 8(4),Reasonable security safeguards
12,ec2_securitygroup_allow_ingress_from_internet_to_tcp_port_22,Security group does not allow ingress from 0.0.0.0/0 or ::/0 to TCP port 22 (SSH),A.8.24,Use of cryptography,164.312(e)(1),Transmission Security,CIS 12.2,Establish and Maintain a Secure Network Architecture,Sec 8(4),Reasonable security safeguards
13,network_http_internet_access_restricted,Network security group restricts inbound HTTP (port 80) access from the Internet,A.8.24,Use of cryptography,164.312(a)(1),Access Control,CIS 12.2,Establish and Maintain a Secure Network Architecture,Sec 8(4),Reasonable security safeguards
14,sg_ssh_open_to_internet,Security Group Allows SSH (22) from 0.0.0.0/0,A.8.20,Networks security,164.308(a)(6),Security Incident Procedures,CIS 12.2,Establish and Maintain a Secure Network Architecture,Sec 8(4),Reasonable security safeguards
15,ec2_securitygroup_allow_ingress_from_internet_to_any_port,"Security group has no 0.0.0.0/0 or ::/0 ingress to any port, or is attached only to allowed interface types or instance owners",A.8.20,Networks security,164.312(e)(1),Transmission Security,CIS 12.2,Establish and Maintain a Secure Network Architecture,Sec 8(4),Reasonable security safeguards
16,sg_ssh_open_to_internet,Security Group Allows SSH (22) from 0.0.0.0/0,A.8.20,Networks security,164.308(a)(6),Security Incident Procedures,CIS 12.2,Establish and Maintain a Secure Network Architecture,Sec 8(4),Reasonable security safeguards
17,ec2_instance_internet_facing_with_instance_profile,EC2 instance is not internet-facing with an instance profile attached,A.5.15,Access control,164.308(a)(6),Security Incident Procedures,CIS 6.1,Establish an Access Granting Process,Sec 8(4),Reasonable security safeguards
18,network_ssh_internet_access_restricted,Network security group does not allow inbound SSH (TCP port 22) from the Internet,A.8.24,Use of cryptography,164.312(e)(1),Transmission Security,CIS 12.2,Establish and Maintain a Secure Network Architecture,Sec 8(4),Reasonable security safeguards
19,ec2_networkacl_allow_ingress_any_port,Network ACL does not allow ingress from 0.0.0.0/0 to any port,A.8.20,Networks security,164.312(e)(1),Transmission Security,CIS 12.2,Establish and Maintain a Secure Network Architecture,Sec 8(4),Reasonable security safeguards
20,storage_blob_public_access_level_is_disabled,Storage account has 'Allow Blob Anonymous Access' disabled,A.8.3,Information access restriction,164.308(a)(3),Workforce Security,CIS 6.2,Establish an Access Revoking Process,Sec 8(4),Reasonable security safeguards
21,storage_account_public_network_access_disabled,Storage account has 'Public Network Access' disabled,A.8.3,Information access restriction,164.312(a)(1),Access Control,CIS 6.2,Establish an Access Revoking Process,Sec 8(4),Reasonable security safeguards
22,network_ssh_internet_access_restricted,Network security group does not allow inbound SSH (TCP port 22) from the Internet,A.8.24,Use of cryptography,164.312(e)(1),Transmission Security,CIS 12.2,Establish and Maintain a Secure Network Architecture,Sec 8(4),Reasonable security safeguards
23,network_http_internet_access_restricted,Network security group restricts inbound HTTP (port 80) access from the Internet,A.8.24,Use of cryptography,164.312(a)(1),Access Control,CIS 12.2,Establish and Maintain a Secure Network Architecture,Sec 8(4),Reasonable security safeguards
24,vpc_subnet_no_public_ip_by_default,VPC subnet does not assign public IP addresses by default,A.5.15,Access control,164.308(a)(6),Security Incident Procedures,CIS 3.3,Configure Data Access Control Lists,Sec 8(4),Reasonable security safeguards
25,ec2_networkacl_allow_ingress_any_port,Network ACL does not allow ingress from 0.0.0.0/0 to any port,A.8.20,Networks security,164.312(e)(1),Transmission Security,CIS 12.2,Establish and Maintain a Secure Network Architecture,Sec 8(4),Reasonable security safeguards
26,storage_blob_public_access_level_is_disabled,Storage account has 'Allow Blob Anonymous Access' disabled,A.8.3,Information access restriction,164.308(a)(3),Workforce Security,CIS 6.2,Establish an Access Revoking Process,Sec 8(4),Reasonable security safeguards
27,storage_account_public_network_access_disabled,Storage account has 'Public Network Access' disabled,A.8.3,Information access restriction,164.312(a)(1),Access Control,CIS 6.2,Establish an Access Revoking Process,Sec 8(4),Reasonable security safeguards
28,ec2_securitygroup_allow_ingress_from_internet_to_any_port,"Security group has no 0.0.0.0/0 or ::/0 ingress to any port, or is attached only to allowed interface types or instance owners",A.8.20,Networks security,164.312(e)(1),Transmission Security,CIS 12.2,Establish and Maintain a Secure Network Architecture,Sec 8(4),Reasonable security safeguards
29,storage_public_container,Blob Container Is Publicly Readable,A.8.20,Networks security,164.312(e)(1),Transmission Security,CIS 12.2,Establish and Maintain a Secure Network Architecture,Sec 8(4),Reasonable security safeguards
30,ec2_instance_public_ip,EC2 instance does not have a public IP address,A.8.3,Information access restriction,164.312(a)(1),Access Control,CIS 12.2,Establish and Maintain a Secure Network Architecture,Sec 8(4),Reasonable security safeguards
31,ec2_networkacl_allow_ingress_tcp_port_22,Network ACL does not allow ingress from the Internet to TCP port 22 (SSH),A.5.15,Access control,164.312(a)(1),Access Control,CIS 6.2,Establish an Access Revoking Process,Sec 8(4),Reasonable security safeguards
32,ec2_networkacl_allow_ingress_tcp_port_22,Network ACL does not allow ingress from the Internet to TCP port 22 (SSH),A.5.15,Access control,164.312(a)(1),Access Control,CIS 6.2,Establish an Access Revoking Process,Sec 8(4),Reasonable security safeguards
33,ec2_networkacl_allow_ingress_tcp_port_3389,Network ACL does not allow ingress from the Internet to TCP port 3389 (RDP),A.5.15,Access control,164.312(e)(1),Transmission Security,CIS 3.10,Encrypt Sensitive Data in Transit,Sec 8(4),Reasonable security safeguards
34,ec2_networkacl_allow_ingress_tcp_port_3389,Network ACL does not allow ingress from the Internet to TCP port 3389 (RDP),A.5.15,Access control,164.312(e)(1),Transmission Security,CIS 3.10,Encrypt Sensitive Data in Transit,Sec 8(4),Reasonable security safeguards
35,vpc_subnet_separate_private_public,VPC has both public and private subnets,A.8.20,Networks security,164.312(e)(1),Transmission Security,CIS 12.2,Establish and Maintain a Secure Network Architecture,Sec 8(4),Reasonable security safeguards
36,iam_owner_role_at_rg_scope,Owner Role Assigned at Resource Group Scope,A.5.15,Access control,164.308(a)(1),Security Management Process,CIS 6.1,Establish an Access Granting Process,Sec 8(2),Purpose limitation
37,iam_admin_policy_attached,IAM Role Has AdministratorAccess Managed Policy Attached,A.8.2,Privileged access rights,164.308(a)(1),Security Management Process,CIS 6.1,Establish an Access Granting Process,Sec 8(4),Reasonable security safeguards
38,iam_role_inline_policy_wildcard,IAM Role Inline Policy Uses Wildcard Action/Resource,A.8.20,Networks security,164.308(a)(1),Security Management Process,CIS 6.1,Establish an Access Granting Process,Sec 8(4),Reasonable security safeguards
39,sg_ssh_open_to_internet,NSG Allows SSH from Any Source,A.5.15,Access control,164.308(a)(6),Security Incident Procedures,CIS 8.5,Collect Detailed Audit Logs,Sec 8(4),Reasonable security safeguards
40,ec2-security-group-opens-SSH-port-to-all,Security Group Opens SSH Port to All,A.8.9,Configuration management,164.308(a)(6),Security Incident Procedures,CIS 13.1,Centralize Security Event Alerting,Sec 8(4),Reasonable security safeguards
41,ec2-security-group-opens-SSH-port-to-all,Security Group Opens SSH Port to All,A.8.9,Configuration management,164.308(a)(6),Security Incident Procedures,CIS 13.1,Centralize Security Event Alerting,Sec 8(4),Reasonable security safeguards
42,defender_ensure_defender_for_os_relational_databases_is_on,Defender for Open-Source Relational Databases is set to On (Standard pricing tier),A.8.20,Networks security,164.312(e)(1),Transmission Security,CIS 12.2,Establish and Maintain a Secure Network Architecture,Sec 8(4),Reasonable security safeguards
43,defender_ensure_defender_for_os_relational_databases_is_on,Defender for Open-Source Relational Databases is set to On (Standard pricing tier),A.8.20,Networks security,164.312(e)(1),Transmission Security,CIS 12.2,Establish and Maintain a Secure Network Architecture,Sec 8(4),Reasonable security safeguards
44,storageaccount-public-blob-container,Blob Containers Allowing Public Access,A.8.3,Information access restriction,164.312(a)(1),Access Control,CIS 6.2,Establish an Access Revoking Process,Sec 8(4),Reasonable security safeguards
45,ec2-security-group-opens-MySQL-port-to-all,Security Group Opens MySQL Port to All,A.8.9,Configuration management,164.308(a)(6),Security Incident Procedures,CIS 13.1,Centralize Security Event Alerting,Sec 8(4),Reasonable security safeguards
46,iam_aws_attached_policy_no_administrative_privileges,Attached AWS-managed IAM policy does not allow '*:*' administrative privileges,A.5.16,Identity management,164.312(a)(1),Access Control,CIS 5.4,Restrict Administrator Privileges to Dedicated Admin Accounts,Sec 8(4),Reasonable security safeguards
47,iam_inline_policy_no_administrative_privileges,Inline IAM policy does not allow '*:*' administrative privileges,A.5.16,Identity management,164.312(a)(1),Access Control,CIS 5.4,Restrict Administrator Privileges to Dedicated Admin Accounts,Sec 8(4),Reasonable security safeguards
48,vm_identity_over_privileged,VM Managed Identity Over-Privileged at Subscription Scope,A.5.16,Identity management,164.308(a)(1),Security Management Process,CIS 5.1,Establish and Maintain an Inventory of Accounts,Sec 8(4),Reasonable security safeguards
49,entra_policy_guest_invite_only_for_admin_roles,Tenant authorization policy restricts guest invitations to users with specific admin roles or disables guest invitations,A.8.5,Secure authentication,164.312(b),Audit Controls,CIS 4.1,Establish and Maintain a Secure Configuration Process,Sec 5,Notice and consent
50,iam_administrator_access_with_mfa,IAM group members granted AdministratorAccess have MFA enabled,A.8.2,Privileged access rights,164.308(a)(3),Workforce Security,CIS 5.4,Restrict Administrator Privileges to Dedicated Admin Accounts,Sec 8(1),Accuracy of data
51,entra_policy_guest_invite_only_for_admin_roles,Tenant authorization policy restricts guest invitations to users with specific admin roles or disables guest invitations,A.8.5,Secure authentication,164.312(b),Audit Controls,CIS 4.1,Establish and Maintain a Secure Configuration Process,Sec 5,Notice and consent
52,ec2-security-group-opens-all-ports,Security Group Opens All Ports,A.8.20,Networks security,164.308(a)(6),Security Incident Procedures,CIS 12.2,Establish and Maintain a Secure Network Architecture,Sec 8(4),Reasonable security safeguards
53,ec2-security-group-opens-all-ports,Security Group Opens All Ports,A.8.20,Networks security,164.308(a)(6),Security Incident Procedures,CIS 12.2,Establish and Maintain a Secure Network Architecture,Sec 8(4),Reasonable security safeguards
54,ec2-security-group-opens-all-ports,Security Group Opens All Ports,A.8.20,Networks security,164.308(a)(6),Security Incident Procedures,CIS 12.2,Establish and Maintain a Secure Network Architecture,Sec 8(4),Reasonable security safeguards
55,ec2-security-group-opens-all-ports,Security Group Opens All Ports,A.8.20,Networks security,164.308(a)(6),Security Incident Procedures,CIS 12.2,Establish and Maintain a Secure Network Architecture,Sec 8(4),Reasonable security safeguards
56,ec2-security-group-opens-all-ports,Security Group Opens All Ports,A.8.20,Networks security,164.308(a)(6),Security Incident Procedures,CIS 12.2,Establish and Maintain a Secure Network Architecture,Sec 8(4),Reasonable security safeguards
57,ec2-security-group-opens-all-ports,Security Group Opens All Ports,A.8.20,Networks security,164.308(a)(6),Security Incident Procedures,CIS 12.2,Establish and Maintain a Secure Network Architecture,Sec 8(4),Reasonable security safeguards
58,ec2-security-group-opens-all-ports,Security Group Opens All Ports,A.8.20,Networks security,164.308(a)(6),Security Incident Procedures,CIS 12.2,Establish and Maintain a Secure Network Architecture,Sec 8(4),Reasonable security safeguards
59,ec2-security-group-opens-all-ports,Security Group Opens All Ports,A.8.20,Networks security,164.308(a)(6),Security Incident Procedures,CIS 12.2,Establish and Maintain a Secure Network Architecture,Sec 8(4),Reasonable security safeguards
60,ec2-security-group-opens-all-ports,Security Group Opens All Ports,A.8.20,Networks security,164.308(a)(6),Security Incident Procedures,CIS 12.2,Establish and Maintain a Secure Network Architecture,Sec 8(4),Reasonable security safeguards
61,ec2-security-group-opens-all-ports,Security Group Opens All Ports,A.8.20,Networks security,164.308(a)(6),Security Incident Procedures,CIS 12.2,Establish and Maintain a Secure Network Architecture,Sec 8(4),Reasonable security safeguards
62,ec2-security-group-opens-all-ports,Security Group Opens All Ports,A.8.20,Networks security,164.308(a)(6),Security Incident Procedures,CIS 12.2,Establish and Maintain a Secure Network Architecture,Sec 8(4),Reasonable security safeguards
63,ec2-security-group-opens-all-ports,Security Group Opens All Ports,A.8.20,Networks security,164.308(a)(6),Security Incident Procedures,CIS 12.2,Establish and Maintain a Secure Network Architecture,Sec 8(4),Reasonable security safeguards
64,ec2-security-group-opens-all-ports,Security Group Opens All Ports,A.8.20,Networks security,164.308(a)(6),Security Incident Procedures,CIS 12.2,Establish and Maintain a Secure Network Architecture,Sec 8(4),Reasonable security safeguards
65,ec2-security-group-opens-all-ports,Security Group Opens All Ports,A.8.20,Networks security,164.308(a)(6),Security Incident Procedures,CIS 12.2,Establish and Maintain a Secure Network Architecture,Sec 8(4),Reasonable security safeguards
66,monitor_alert_create_update_public_ip_address_rule,Subscription has an Activity Log Alert for Public IP address create or update operations,A.8.20,Networks security,164.312(b),Audit Controls,CIS 3.10,Encrypt Sensitive Data in Transit,Sec 8(4),Reasonable security safeguards
67,ec2-security-group-opens-all-ports,Security Group Opens All Ports,A.8.20,Networks security,164.308(a)(6),Security Incident Procedures,CIS 12.2,Establish and Maintain a Secure Network Architecture,Sec 8(4),Reasonable security safeguards
68,ec2-security-group-opens-all-ports,Security Group Opens All Ports,A.8.20,Networks security,164.308(a)(6),Security Incident Procedures,CIS 12.2,Establish and Maintain a Secure Network Architecture,Sec 8(4),Reasonable security safeguards
69,monitor_alert_delete_public_ip_address_rule,Azure subscription has an Activity Log alert for public IP address deletion,A.5.18,Access rights,164.308(a)(6),Security Incident Procedures,CIS 12.2,Establish and Maintain a Secure Network Architecture,Sec 8(4),Reasonable security safeguards
70,monitor_alert_delete_public_ip_address_rule,Azure subscription has an Activity Log alert for public IP address deletion,A.5.18,Access rights,164.308(a)(6),Security Incident Procedures,CIS 12.2,Establish and Maintain a Secure Network Architecture,Sec 8(4),Reasonable security safeguards
71,storageaccount-public-traffic-allowed,Storage Accounts Allowing Public Traffic,A.8.2,Privileged access rights,164.308(a)(1),Security Management Process,CIS 5.1,Establish and Maintain an Inventory of Accounts,Sec 8(4),Reasonable security safeguards
72,ec2-security-group-opens-all-ports,Security Group Opens All Ports,A.8.20,Networks security,164.308(a)(6),Security Incident Procedures,CIS 12.2,Establish and Maintain a Secure Network Architecture,Sec 8(4),Reasonable security safeguards
73,ec2-security-group-opens-all-ports,Security Group Opens All Ports,A.8.20,Networks security,164.308(a)(6),Security Incident Procedures,CIS 12.2,Establish and Maintain a Secure Network Architecture,Sec 8(4),Reasonable security safeguards
74,monitor_alert_create_update_public_ip_address_rule,Subscription has an Activity Log Alert for Public IP address create or update operations,A.8.20,Networks security,164.312(b),Audit Controls,CIS 3.10,Encrypt Sensitive Data in Transit,Sec 8(4),Reasonable security safeguards
75,iam-password-policy-expiration-threshold,Passwords Expire after 90 Days,A.5.17,Authentication information,164.308(a)(5),Security Awareness and Training,CIS 3.3,Configure Data Access Control Lists,Sec 8(4),Reasonable security safeguards
76,iam_group_administrator_access_policy,IAM group does not have AdministratorAccess policy attached,A.8.3,Information access restriction,164.308(a)(1),Security Management Process,CIS 5.1,Establish and Maintain an Inventory of Accounts,Sec 8(4),Reasonable security safeguards
77,entra_policy_ensure_default_user_cannot_create_apps,Tenant does not allow non-admin users to register applications,A.8.3,Information access restriction,164.312(b),Audit Controls,CIS 3.3,Configure Data Access Control Lists,Sec 8(4),Reasonable security safeguards
78,entra_policy_ensure_default_user_cannot_create_apps,Tenant does not allow non-admin users to register applications,A.8.3,Information access restriction,164.312(b),Audit Controls,CIS 3.3,Configure Data Access Control Lists,Sec 8(4),Reasonable security safeguards
79,iam_avoid_root_usage,AWS account root user has not been used in the last day,A.5.16,Identity management,164.312(a)(1),Access Control,CIS 5.4,Restrict Administrator Privileges to Dedicated Admin Accounts,Sec 8(4),Reasonable security safeguards
80,iam_inline_policy_no_full_access_to_cloudtrail,Inline IAM policy does not allow 'cloudtrail:*' privileges,A.5.16,Identity management,164.312(a)(1),Access Control,CIS 3.3,Configure Data Access Control Lists,Sec 8(4),Reasonable security safeguards
81,iam-managed-policy-allows-full-privileges,Managed Policy Allows All Actions,A.8.2,Privileged access rights,164.308(a)(1),Security Management Process,CIS 5.1,Establish and Maintain an Inventory of Accounts,Sec 8(4),Reasonable security safeguards
82,iam-password-policy-minimum-length,Minimum Password Length Too Short,A.5.15,Access control,164.308(a)(1),Security Management Process,CIS 3.3,Configure Data Access Control Lists,Sec 8(4),Reasonable security safeguards
83,iam-password-policy-no-expiration,Password Expiration Disabled,A.5.15,Access control,164.308(a)(1),Security Management Process,CIS 3.3,Configure Data Access Control Lists,Sec 8(4),Reasonable security safeguards
84,iam_user_with_temporary_credentials,IAM user does not use long-lived credentials to access services other than IAM or STS,A.8.3,Information access restriction,164.312(a)(1),Access Control,CIS 6.1,Establish an Access Granting Process,Sec 8(4),Reasonable security safeguards
85,iam_user_hardware_mfa_enabled,IAM user has hardware MFA enabled,A.8.9,Configuration management,164.312(b),Audit Controls,CIS 13.1,Centralize Security Event Alerting,Sec 8(4),Reasonable security safeguards
86,iam-password-policy-reuse-enabled,Password Policy Allows the Reuse of Passwords,A.5.17,Authentication information,164.308(a)(5),Security Awareness and Training,CIS 3.3,Configure Data Access Control Lists,Sec 8(4),Reasonable security safeguards
87,entra_policy_restricts_user_consent_for_apps,Entra authorization policy disallows user consent for applications,A.8.3,Information access restriction,164.312(a)(1),Access Control,CIS 3.3,Configure Data Access Control Lists,Sec 5,Notice and consent
88,iam_role_cross_service_confused_deputy_prevention,IAM service role prevents cross-service confused deputy attack,A.5.17,Authentication information,164.312(c)(1),Integrity,CIS 5.4,Restrict Administrator Privileges to Dedicated Admin Accounts,Sec 8(7),Grievance redressal
89,iam-root-account-used-recently,Root Account Used Recently,A.5.16,Identity management,164.308(a)(1),Security Management Process,CIS 5.4,Restrict Administrator Privileges to Dedicated Admin Accounts,Sec 8(4),Reasonable security safeguards
90,entra_policy_restricts_user_consent_for_apps,Entra authorization policy disallows user consent for applications,A.8.3,Information access restriction,164.312(a)(1),Access Control,CIS 3.3,Configure Data Access Control Lists,Sec 5,Notice and consent
91,sqlserver_tde_encrypted_with_cmk,SQL server uses a customer-managed key for the TDE protector and all databases have TDE enabled,A.8.24,Use of cryptography,164.308(a)(7),Contingency Plan,CIS 3.10,Encrypt Sensitive Data in Transit,Sec 8(3),Third-party data sharing safeguards
92,sqlserver_tde_encrypted_with_cmk,SQL server uses a customer-managed key for the TDE protector and all databases have TDE enabled,A.8.24,Use of cryptography,164.308(a)(7),Contingency Plan,CIS 3.10,Encrypt Sensitive Data in Transit,Sec 8(3),Third-party data sharing safeguards
93,entra_conditional_access_policy_require_mfa_for_admin_portals,Conditional Access policy requires MFA for Microsoft Admin Portals,A.8.2,Privileged access rights,164.312(a)(1),Access Control,CIS 5.4,Restrict Administrator Privileges to Dedicated Admin Accounts,Sec 8(4),Reasonable security safeguards
94,entra_conditional_access_policy_require_mfa_for_admin_portals,Conditional Access policy requires MFA for Microsoft Admin Portals,A.8.2,Privileged access rights,164.312(a)(1),Access Control,CIS 5.4,Restrict Administrator Privileges to Dedicated Admin Accounts,Sec 8(4),Reasonable security safeguards
95,defender_container_images_scan_enabled,Subscription has container image vulnerability scanning enabled,A.8.28,Secure coding,164.308(a)(1),Security Management Process,CIS 8.2,Collect Audit Logs,Sec 8(4),Reasonable security safeguards
96,defender_ensure_defender_for_azure_sql_databases_is_on,Defender for Azure SQL databases is set to On (Standard pricing tier),A.5.15,Access control,164.308(a)(7),Contingency Plan,CIS 8.2,Collect Audit Logs,Sec 8(4),Reasonable security safeguards
97,network_subnet_nsg_associated,Subnet has a network security group associated,A.5.15,Access control,164.312(e)(1),Transmission Security,CIS 12.2,Establish and Maintain a Secure Network Architecture,Sec 8(4),Reasonable security safeguards
98,monitor_alert_delete_policy_assignment,Subscription has an Activity Log alert for policy assignment deletion,A.8.3,Information access restriction,164.308(a)(7),Contingency Plan,CIS 3.10,Encrypt Sensitive Data in Transit,Sec 8(4),Reasonable security safeguards
99,monitor_alert_delete_nsg,Subscription has an Activity Log alert for Network Security Group delete operations,A.8.10,Information deletion,164.312(e)(1),Transmission Security,CIS 12.2,Establish and Maintain a Secure Network Architecture,Sec 8(4),Reasonable security safeguards
100,network_subnet_nsg_associated,Subnet has a network security group associated,A.5.15,Access control,164.312(e)(1),Transmission Security,CIS 12.2,Establish and Maintain a Secure Network Architecture,Sec 8(4),Reasonable security safeguards
101,network_watcher_enabled,Network Watcher is enabled for all locations in the subscription,A.8.20,Networks security,164.312(e)(1),Transmission Security,CIS 12.2,Establish and Maintain a Secure Network Architecture,Sec 8(4),Reasonable security safeguards
102,sqlserver_auditing_enabled,SQL Server has an auditing policy configured,A.8.9,Configuration management,164.312(b),Audit Controls,CIS 8.5,Collect Detailed Audit Logs,Sec 8(4),Reasonable security safeguards
103,monitor_alert_create_update_nsg,Subscription has an Activity Log alert for Network Security Group create or update operations,A.8.15,Logging,164.312(e)(1),Transmission Security,CIS 12.2,Establish and Maintain a Secure Network Architecture,Sec 8(4),Reasonable security safeguards
104,defender_ensure_defender_for_app_services_is_on,Defender for App Services is set to On (Standard pricing tier),A.8.9,Configuration management,164.308(a)(7),Contingency Plan,CIS 4.1,Establish and Maintain a Secure Configuration Process,Sec 8(6),Breach notification
105,defender_ensure_defender_for_arm_is_on,Defender for Azure Resource Manager is set to On (Standard pricing tier),A.5.15,Access control,164.308(a)(7),Contingency Plan,CIS 8.2,Collect Audit Logs,Sec 8(4),Reasonable security safeguards
106,storage_secure_transfer_required_is_enabled,Storage account has secure transfer required enabled,A.8.5,Secure authentication,164.308(a)(1),Security Management Process,CIS 12.2,Establish and Maintain a Secure Network Architecture,Sec 8(4),Reasonable security safeguards
107,defender_ensure_iot_hub_defender_is_on,Defender for IoT Hub is set to On,A.8.9,Configuration management,164.308(a)(6),Security Incident Procedures,CIS 13.1,Centralize Security Event Alerting,Sec 8(4),Reasonable security safeguards
108,defender_ensure_defender_for_cosmosdb_is_on,Defender for Cosmos DB is set to On (Standard pricing tier),A.8.2,Privileged access rights,164.308(a)(7),Contingency Plan,CIS 5.1,Establish and Maintain an Inventory of Accounts,Sec 8(4),Reasonable security safeguards
109,sqlserver_microsoft_defender_enabled,SQL Server has Microsoft Defender for SQL enabled,A.8.3,Information access restriction,164.308(a)(6),Security Incident Procedures,CIS 3.10,Encrypt Sensitive Data in Transit,Sec 8(4),Reasonable security safeguards
110,defender_ensure_defender_for_sql_servers_is_on,Defender for SQL servers on machines is set to On (Standard pricing tier),A.5.15,Access control,164.308(a)(7),Contingency Plan,CIS 3.3,Configure Data Access Control Lists,Sec 8(4),Reasonable security safeguards
111,storage_ensure_encryption_with_customer_managed_keys,Azure Storage account uses customer-managed keys (CMKs) for encryption,A.8.24,Use of cryptography,164.312(a)(2)(iv),Encryption and Decryption,CIS 3.11,Encrypt Sensitive Data at Rest,Sec 8(3),Third-party data sharing safeguards
112,storage_default_network_access_rule_is_denied,Storage account default network access rule is set to Deny,A.8.20,Networks security,164.312(a)(1),Access Control,CIS 3.3,Configure Data Access Control Lists,Sec 8(4),Reasonable security safeguards
113,defender_ensure_defender_for_server_is_on,Defender for Servers is set to On (Standard pricing tier),A.5.15,Access control,164.308(a)(7),Contingency Plan,CIS 3.11,Encrypt Sensitive Data at Rest,Sec 8(4),Reasonable security safeguards
114,defender_ensure_defender_for_containers_is_on,Defender for Containers is set to On (Standard pricing tier),A.5.15,Access control,164.308(a)(7),Contingency Plan,CIS 3.3,Configure Data Access Control Lists,Sec 8(4),Reasonable security safeguards
115,storage_account_key_access_disabled,Storage account has shared key access disabled,A.5.15,Access control,164.312(a)(1),Access Control,CIS 5.4,Restrict Administrator Privileges to Dedicated Admin Accounts,Sec 8(3),Third-party data sharing safeguards
116,defender_ensure_defender_for_keyvault_is_on,Defender for Key Vaults is set to On (Standard pricing tier),A.5.15,Access control,164.308(a)(7),Contingency Plan,CIS 3.3,Configure Data Access Control Lists,Sec 8(6),Breach notification
117,defender_ensure_defender_for_dns_is_on,Defender for DNS is set to On (Standard pricing tier),A.5.15,Access control,164.308(a)(1),Security Management Process,CIS 3.3,Configure Data Access Control Lists,Sec 8(4),Reasonable security safeguards
118,defender_ensure_defender_for_databases_is_on,Defender for Databases is set to On (Standard pricing tier),A.8.20,Networks security,164.312(e)(1),Transmission Security,CIS 3.11,Encrypt Sensitive Data at Rest,Sec 8(4),Reasonable security safeguards
119,defender_auto_provisioning_log_analytics_agent_vms_on,Defender auto-provisioning of Log Analytics agent for Azure VMs is enabled,A.5.15,Access control,164.308(a)(1),Security Management Process,CIS 8.2,Collect Audit Logs,Sec 8(4),Reasonable security safeguards
120,cloudtrail-not-configured,CloudTrail Service Not Configured,A.5.15,Access control,164.308(a)(1),Security Management Process,CIS 3.3,Configure Data Access Control Lists,Sec 8(4),Reasonable security safeguards
121,monitor_diagnostic_setting_with_appropriate_categories,"Subscription has a diagnostic setting capturing Administrative, Security, Alert, and Policy categories",A.5.15,Access control,164.312(a)(1),Access Control,CIS 5.4,Restrict Administrator Privileges to Dedicated Admin Accounts,Sec 8(4),Reasonable security safeguards
122,monitor_diagnostic_settings_exists,Subscription has an Activity Log diagnostic setting,A.8.20,Networks security,164.312(b),Audit Controls,CIS 13.1,Centralize Security Event Alerting,Sec 8(6),Breach notification
123,storage_secure_transfer_disabled,Storage Account Does Not Require HTTPS,A.8.20,Networks security,164.308(a)(1),Security Management Process,CIS 12.2,Establish and Maintain a Secure Network Architecture,Sec 8(4),Reasonable security safeguards
124,cloudtrail-no-encryption-with-kms,CloudTrail Logs Not Encrypted with KMS Customer Master Keys (CMKs),A.5.17,Authentication information,164.308(a)(1),Security Management Process,CIS 8.2,Collect Audit Logs,Sec 8(4),Reasonable security safeguards
125,cloudtrail-no-global-services-logging,Global Service Logging Disabled,A.8.15,Logging,164.308(a)(1),Security Management Process,CIS 8.5,Collect Detailed Audit Logs,Sec 8(4),Reasonable security safeguards
126,cloudtrail-no-log-file-validation,Log File Validation Is Disabled,A.5.15,Access control,164.308(a)(1),Security Management Process,CIS 3.3,Configure Data Access Control Lists,Sec 8(4),Reasonable security safeguards
127,cloudtrail-not-configured,CloudTrail Service Not Configured,A.5.15,Access control,164.308(a)(1),Security Management Process,CIS 3.3,Configure Data Access Control Lists,Sec 8(4),Reasonable security safeguards
128,cloudtrail-not-configured,CloudTrail Service Not Configured,A.5.15,Access control,164.308(a)(1),Security Management Process,CIS 3.3,Configure Data Access Control Lists,Sec 8(4),Reasonable security safeguards
129,cloudtrail-not-configured,CloudTrail Service Not Configured,A.5.15,Access control,164.308(a)(1),Security Management Process,CIS 3.3,Configure Data Access Control Lists,Sec 8(4),Reasonable security safeguards
130,cloudtrail-not-configured,CloudTrail Service Not Configured,A.5.15,Access control,164.308(a)(1),Security Management Process,CIS 3.3,Configure Data Access Control Lists,Sec 8(4),Reasonable security safeguards
131,cloudtrail-not-configured,CloudTrail Service Not Configured,A.5.15,Access control,164.308(a)(1),Security Management Process,CIS 3.3,Configure Data Access Control Lists,Sec 8(4),Reasonable security safeguards
132,cloudtrail-not-configured,CloudTrail Service Not Configured,A.5.15,Access control,164.308(a)(1),Security Management Process,CIS 3.3,Configure Data Access Control Lists,Sec 8(4),Reasonable security safeguards
133,cloudtrail-not-configured,CloudTrail Service Not Configured,A.5.15,Access control,164.308(a)(1),Security Management Process,CIS 3.3,Configure Data Access Control Lists,Sec 8(4),Reasonable security safeguards
134,rds-instance-backup-disabled,Instance Backups Disabled,A.5.15,Access control,164.308(a)(1),Security Management Process,CIS 11.1,Establish and Maintain a Data Recovery Process,Sec 8(4),Reasonable security safeguards
135,rds-instance-single-az,Single AZ RDS Instance,A.5.15,Access control,164.308(a)(1),Security Management Process,CIS 3.3,Configure Data Access Control Lists,Sec 8(4),Reasonable security safeguards
136,cloudtrail-not-configured,CloudTrail Service Not Configured,A.5.15,Access control,164.308(a)(1),Security Management Process,CIS 3.3,Configure Data Access Control Lists,Sec 8(4),Reasonable security safeguards
137,cloudtrail-not-configured,CloudTrail Service Not Configured,A.5.15,Access control,164.308(a)(1),Security Management Process,CIS 3.3,Configure Data Access Control Lists,Sec 8(4),Reasonable security safeguards
138,cloudtrail-not-configured,CloudTrail Service Not Configured,A.5.15,Access control,164.308(a)(1),Security Management Process,CIS 3.3,Configure Data Access Control Lists,Sec 8(4),Reasonable security safeguards
139,cloudtrail-not-configured,CloudTrail Service Not Configured,A.5.15,Access control,164.308(a)(1),Security Management Process,CIS 3.3,Configure Data Access Control Lists,Sec 8(4),Reasonable security safeguards
140,cloudtrail-not-configured,CloudTrail Service Not Configured,A.5.15,Access control,164.308(a)(1),Security Management Process,CIS 3.3,Configure Data Access Control Lists,Sec 8(4),Reasonable security safeguards
141,cloudtrail-not-configured,CloudTrail Service Not Configured,A.5.15,Access control,164.308(a)(1),Security Management Process,CIS 3.3,Configure Data Access Control Lists,Sec 8(4),Reasonable security safeguards
142,ec2-ebs-volume-not-encrypted,EBS Volume Not Encrypted,A.5.15,Access control,164.308(a)(1),Security Management Process,CIS 3.3,Configure Data Access Control Lists,Sec 8(4),Reasonable security safeguards
143,rds_backup_disabled,RDS Automated Backups Disabled,A.5.15,Access control,164.308(a)(1),Security Management Process,CIS 11.1,Establish and Maintain a Data Recovery Process,Sec 8(4),Reasonable security safeguards
144,ec2_imdsv1_enabled,EC2 IMDSv1 Enabled (HttpTokens=optional),A.5.15,Access control,164.308(a)(1),Security Management Process,CIS 8.2,Collect Audit Logs,Sec 8(4),Reasonable security safeguards
145,storage_account_key_access_disabled,Storage account has shared key access disabled,A.5.15,Access control,164.312(a)(1),Access Control,CIS 5.4,Restrict Administrator Privileges to Dedicated Admin Accounts,Sec 8(3),Third-party data sharing safeguards
146,network_flow_log_captured_sent,Network Watcher has flow logs enabled and sent to a Log Analytics workspace,A.8.20,Networks security,164.312(e)(1),Transmission Security,CIS 8.2,Collect Audit Logs,Sec 8(4),Reasonable security safeguards
147,network_flow_log_captured_sent,Network Watcher has flow logs enabled and sent to a Log Analytics workspace,A.8.20,Networks security,164.312(e)(1),Transmission Security,CIS 8.2,Collect Audit Logs,Sec 8(4),Reasonable security safeguards
148,network_subnet_nsg_associated,Subnet has a network security group associated,A.5.15,Access control,164.312(e)(1),Transmission Security,CIS 12.2,Establish and Maintain a Secure Network Architecture,Sec 8(4),Reasonable security safeguards
149,network_subnet_nsg_associated,Subnet has a network security group associated,A.5.15,Access control,164.312(e)(1),Transmission Security,CIS 12.2,Establish and Maintain a Secure Network Architecture,Sec 8(4),Reasonable security safeguards
150,network_watcher_enabled,Network Watcher is enabled for all locations in the subscription,A.8.20,Networks security,164.312(e)(1),Transmission Security,CIS 12.2,Establish and Maintain a Secure Network Architecture,Sec 8(4),Reasonable security safeguards
151,sqlserver_auditing_enabled,SQL Server has an auditing policy configured,A.8.9,Configuration management,164.312(b),Audit Controls,CIS 8.5,Collect Detailed Audit Logs,Sec 8(4),Reasonable security safeguards
152,sqlserver_microsoft_defender_enabled,SQL Server has Microsoft Defender for SQL enabled,A.8.3,Information access restriction,164.308(a)(6),Security Incident Procedures,CIS 3.10,Encrypt Sensitive Data in Transit,Sec 8(4),Reasonable security safeguards
153,cloudtrail-not-configured,CloudTrail Service Not Configured,A.5.15,Access control,164.308(a)(1),Security Management Process,CIS 3.3,Configure Data Access Control Lists,Sec 8(4),Reasonable security safeguards
154,storage_default_network_access_rule_is_denied,Storage account default network access rule is set to Deny,A.8.20,Networks security,164.312(a)(1),Access Control,CIS 3.3,Configure Data Access Control Lists,Sec 8(4),Reasonable security safeguards
155,rds_storage_not_encrypted,RDS Storage Encryption Disabled,A.8.24,Use of cryptography,164.312(a)(2)(iv),Encryption and Decryption,CIS 3.11,Encrypt Sensitive Data at Rest,Sec 8(3),Third-party data sharing safeguards
156,storage_ensure_encryption_with_customer_managed_keys,Azure Storage account uses customer-managed keys (CMKs) for encryption,A.8.24,Use of cryptography,164.312(a)(2)(iv),Encryption and Decryption,CIS 3.11,Encrypt Sensitive Data at Rest,Sec 8(3),Third-party data sharing safeguards
157,storage_secure_transfer_required_is_enabled,Storage account has secure transfer required enabled,A.8.5,Secure authentication,164.308(a)(1),Security Management Process,CIS 12.2,Establish and Maintain a Secure Network Architecture,Sec 8(4),Reasonable security safeguards
158,network-security-groups-rule-inbound-internet-all,Security Group Rules Allowing All Inbound Access,A.5.15,Access control,164.312(a)(1),Access Control,CIS 6.2,Establish an Access Revoking Process,Sec 8(4),Reasonable security safeguards
159,cloudtrail_bucket_block_public_acls_disabled,CloudTrail Log Bucket Does Not Block Public ACLs,A.8.15,Logging,164.308(a)(1),Security Management Process,CIS 8.2,Collect Audit Logs,Sec 8(4),Reasonable security safeguards
160,cloudtrail_bucket_block_public_policy_disabled,CloudTrail Log Bucket Does Not Block Public Bucket Policies,A.8.15,Logging,164.312(c)(1),Integrity,CIS 8.2,Collect Audit Logs,Sec 8(4),Reasonable security safeguards
161,cloudtrail_not_multi_region,CloudTrail Trail Is Not Multi-Region,A.8.15,Logging,164.308(a)(1),Security Management Process,CIS 3.3,Configure Data Access Control Lists,Sec 8(4),Reasonable security safeguards
162,cloudtrail_cloudwatch_logs_not_integrated,CloudTrail Not Integrated with CloudWatch Logs,A.8.15,Logging,164.308(a)(1),Security Management Process,CIS 8.2,Collect Audit Logs,Sec 8(4),Reasonable security safeguards
163,s3_public_access_block_disabled,S3 Block Public Access Disabled,A.8.3,Information access restriction,164.312(a)(1),Access Control,CIS 6.2,Establish an Access Revoking Process,Sec 8(4),Reasonable security safeguards
164,cloudtrail-not-configured,CloudTrail Service Not Configured,A.5.15,Access control,164.308(a)(1),Security Management Process,CIS 3.3,Configure Data Access Control Lists,Sec 8(4),Reasonable security safeguards
165,defender_ensure_defender_for_storage_is_on,Defender for Storage is set to On (Standard pricing tier),A.8.20,Networks security,164.308(a)(7),Contingency Plan,CIS 5.1,Establish and Maintain an Inventory of Accounts,Sec 8(4),Reasonable security safeguards
166,ec2_ebs_volume_encryption,EBS volume is encrypted,A.8.24,Use of cryptography,164.312(a)(2)(iv),Encryption and Decryption,CIS 3.11,Encrypt Sensitive Data at Rest,Sec 8(3),Third-party data sharing safeguards
167,rds_instance_storage_encrypted,RDS DB instance storage is encrypted at rest,A.8.24,Use of cryptography,164.312(a)(2)(iv),Encryption and Decryption,CIS 11.1,Establish and Maintain a Data Recovery Process,Sec 8(4),Reasonable security safeguards
168,s3_account_level_public_access_blocks,S3 account-level Block Public Access ignores public ACLs and restricts public buckets,A.8.3,Information access restriction,164.312(a)(1),Access Control,CIS 3.3,Configure Data Access Control Lists,Sec 8(7),Grievance redressal
169,defender_ensure_iot_hub_defender_is_on,Defender for IoT Hub is set to On,A.8.9,Configuration management,164.308(a)(6),Security Incident Procedures,CIS 13.1,Centralize Security Event Alerting,Sec 8(4),Reasonable security safeguards
170,ec2_ebs_volume_snapshots_exists,EBS volume has at least one snapshot,A.8.13,Information backup,164.308(a)(7),Contingency Plan,CIS 3.3,Configure Data Access Control Lists,Sec 8(4),Reasonable security safeguards
171,ec2_ebs_default_encryption,EBS default encryption is enabled,A.8.24,Use of cryptography,164.312(a)(2)(iv),Encryption and Decryption,CIS 8.2,Collect Audit Logs,Sec 8(4),Reasonable security safeguards
172,defender_auto_provisioning_log_analytics_agent_vms_on,Defender auto-provisioning of Log Analytics agent for Azure VMs is enabled,A.5.15,Access control,164.308(a)(1),Security Management Process,CIS 8.2,Collect Audit Logs,Sec 8(4),Reasonable security safeguards
173,monitor_alert_create_update_nsg,Subscription has an Activity Log alert for Network Security Group create or update operations,A.8.15,Logging,164.312(e)(1),Transmission Security,CIS 12.2,Establish and Maintain a Secure Network Architecture,Sec 8(4),Reasonable security safeguards
174,defender_container_images_scan_enabled,Subscription has container image vulnerability scanning enabled,A.8.28,Secure coding,164.308(a)(1),Security Management Process,CIS 8.2,Collect Audit Logs,Sec 8(4),Reasonable security safeguards
175,defender_ensure_defender_for_app_services_is_on,Defender for App Services is set to On (Standard pricing tier),A.8.9,Configuration management,164.308(a)(7),Contingency Plan,CIS 4.1,Establish and Maintain a Secure Configuration Process,Sec 8(6),Breach notification
176,defender_ensure_defender_for_arm_is_on,Defender for Azure Resource Manager is set to On (Standard pricing tier),A.5.15,Access control,164.308(a)(7),Contingency Plan,CIS 8.2,Collect Audit Logs,Sec 8(4),Reasonable security safeguards
177,defender_ensure_defender_for_azure_sql_databases_is_on,Defender for Azure SQL databases is set to On (Standard pricing tier),A.5.15,Access control,164.308(a)(7),Contingency Plan,CIS 8.2,Collect Audit Logs,Sec 8(4),Reasonable security safeguards
178,defender_ensure_defender_for_containers_is_on,Defender for Containers is set to On (Standard pricing tier),A.5.15,Access control,164.308(a)(7),Contingency Plan,CIS 3.3,Configure Data Access Control Lists,Sec 8(4),Reasonable security safeguards
179,defender_ensure_defender_for_cosmosdb_is_on,Defender for Cosmos DB is set to On (Standard pricing tier),A.8.2,Privileged access rights,164.308(a)(7),Contingency Plan,CIS 5.1,Establish and Maintain an Inventory of Accounts,Sec 8(4),Reasonable security safeguards
180,defender_ensure_defender_for_databases_is_on,Defender for Databases is set to On (Standard pricing tier),A.8.20,Networks security,164.312(e)(1),Transmission Security,CIS 3.11,Encrypt Sensitive Data at Rest,Sec 8(4),Reasonable security safeguards
181,defender_ensure_defender_for_dns_is_on,Defender for DNS is set to On (Standard pricing tier),A.5.15,Access control,164.308(a)(1),Security Management Process,CIS 3.3,Configure Data Access Control Lists,Sec 8(4),Reasonable security safeguards
182,defender_ensure_defender_for_keyvault_is_on,Defender for Key Vaults is set to On (Standard pricing tier),A.5.15,Access control,164.308(a)(7),Contingency Plan,CIS 3.3,Configure Data Access Control Lists,Sec 8(6),Breach notification
183,defender_ensure_defender_for_server_is_on,Defender for Servers is set to On (Standard pricing tier),A.5.15,Access control,164.308(a)(7),Contingency Plan,CIS 3.11,Encrypt Sensitive Data at Rest,Sec 8(4),Reasonable security safeguards
184,defender_ensure_defender_for_sql_servers_is_on,Defender for SQL servers on machines is set to On (Standard pricing tier),A.5.15,Access control,164.308(a)(7),Contingency Plan,CIS 3.3,Configure Data Access Control Lists,Sec 8(4),Reasonable security safeguards
185,rds_instance_transport_encrypted,RDS instance or cluster enforces SSL/TLS encryption for client connections,A.8.20,Networks security,164.312(e)(1),Transmission Security,CIS 3.10,Encrypt Sensitive Data in Transit,Sec 8(4),Reasonable security safeguards
186,s3_bucket_level_public_access_block,S3 bucket has Block Public Access with IgnorePublicAcls and RestrictPublicBuckets enabled at bucket or account level,A.8.3,Information access restriction,164.312(a)(1),Access Control,CIS 8.2,Collect Audit Logs,Sec 8(7),Grievance redressal
187,rds_instance_protected_by_backup_plan,RDS instance is protected by an AWS Backup plan,A.8.13,Information backup,164.308(a)(7),Contingency Plan,CIS 11.1,Establish and Maintain a Data Recovery Process,Sec 8(5),Data retention limitation
188,ec2_instance_account_imdsv2_enabled,IMDSv2 is required by default for EC2 instances at the account level,A.8.24,Use of cryptography,164.308(a)(3),Workforce Security,CIS 6.1,Establish an Access Granting Process,Sec 8(1),Accuracy of data
189,network_flow_log_captured_sent,Network Watcher has flow logs enabled and sent to a Log Analytics workspace,A.8.20,Networks security,164.312(e)(1),Transmission Security,CIS 8.2,Collect Audit Logs,Sec 8(4),Reasonable security safeguards
190,network_flow_log_captured_sent,Network Watcher has flow logs enabled and sent to a Log Analytics workspace,A.8.20,Networks security,164.312(e)(1),Transmission Security,CIS 8.2,Collect Audit Logs,Sec 8(4),Reasonable security safeguards
191,monitor_diagnostic_settings_exists,Subscription has an Activity Log diagnostic setting,A.8.20,Networks security,164.312(b),Audit Controls,CIS 13.1,Centralize Security Event Alerting,Sec 8(6),Breach notification
192,monitor_diagnostic_setting_with_appropriate_categories,"Subscription has a diagnostic setting capturing Administrative, Security, Alert, and Policy categories",A.5.15,Access control,164.312(a)(1),Access Control,CIS 5.4,Restrict Administrator Privileges to Dedicated Admin Accounts,Sec 8(4),Reasonable security safeguards
193,defender_ensure_defender_for_storage_is_on,Defender for Storage is set to On (Standard pricing tier),A.8.20,Networks security,164.308(a)(7),Contingency Plan,CIS 5.1,Establish and Maintain an Inventory of Accounts,Sec 8(4),Reasonable security safeguards
194,monitor_alert_delete_nsg,Subscription has an Activity Log alert for Network Security Group delete operations,A.8.10,Information deletion,164.312(e)(1),Transmission Security,CIS 12.2,Establish and Maintain a Secure Network Architecture,Sec 8(4),Reasonable security safeguards
195,monitor_alert_delete_policy_assignment,Subscription has an Activity Log alert for policy assignment deletion,A.8.3,Information access restriction,164.308(a)(7),Contingency Plan,CIS 3.10,Encrypt Sensitive Data in Transit,Sec 8(4),Reasonable security safeguards
196,ec2_instance_imdsv2_enabled,EC2 instance requires IMDSv2 or has the instance metadata service disabled,A.8.10,Information deletion,164.308(a)(1),Security Management Process,CIS 6.2,Establish an Access Revoking Process,Sec 8(5),Data retention limitation
197,iam_inline_policy_no_wildcard_marketplace_subscribe,Inline IAM policy does not allow 'aws-marketplace:Subscribe' on all resources,A.5.16,Identity management,164.308(a)(4),Information Access Management,CIS 5.4,Restrict Administrator Privileges to Dedicated Admin Accounts,Sec 5,Notice and consent
198,iam_password_policy_expires_passwords_within_90_days_or_less,IAM account password policy enforces password expiration within 90 days or less,A.8.9,Configuration management,164.312(a)(1),Access Control,CIS 4.1,Establish and Maintain a Secure Configuration Process,Sec 8(4),Reasonable security safeguards
199,iam_role_access_not_stale_to_bedrock,Regular Bedrock access ensures IAM roles retain only actively used permissions,A.5.18,Access rights,164.312(a)(1),Access Control,CIS 5.1,Establish and Maintain an Inventory of Accounts,Sec 8(4),Reasonable security safeguards
200,iam_password_policy_uppercase,IAM password policy requires at least one uppercase letter,A.5.17,Authentication information,164.308(a)(5),Security Awareness and Training,CIS 3.3,Configure Data Access Control Lists,Sec 8(4),Reasonable security safeguards
201,iam_password_policy_symbol,IAM password policy requires at least one symbol,A.5.17,Authentication information,164.308(a)(5),Security Awareness and Training,CIS 3.3,Configure Data Access Control Lists,Sec 8(4),Reasonable security safeguards
202,entra_conditional_access_policy_require_mfa_for_management_api,Multifactor Authentication is required for Windows Azure Service Management API,A.5.16,Identity management,164.308(a)(1),Security Management Process,CIS 3.3,Configure Data Access Control Lists,Sec 8(4),Reasonable security safeguards
203,entra_policy_default_users_cannot_create_security_groups,Authorization policy disallows non-privileged users from creating security groups,A.8.2,Privileged access rights,164.308(a)(3),Workforce Security,CIS 5.4,Restrict Administrator Privileges to Dedicated Admin Accounts,Sec 8(1),Accuracy of data
204,iam_password_policy_reuse_24,IAM password policy prevents reuse of the last 24 passwords,A.8.12,Data leakage prevention,164.308(a)(5),Security Awareness and Training,CIS 3.3,Configure Data Access Control Lists,Sec 8(4),Reasonable security safeguards
205,entra_policy_ensure_default_user_cannot_create_tenants,Authorization policy restricts non-admin users from creating tenants,A.8.2,Privileged access rights,164.308(a)(1),Security Management Process,CIS 6.1,Establish an Access Granting Process,Sec 8(4),Reasonable security safeguards
206,iam-role-with-inline-policies,Role with Inline Policies,A.5.15,Access control,164.312(c)(1),Integrity,CIS 6.1,Establish an Access Granting Process,Sec 8(4),Reasonable security safeguards
207,iam_inline_policy_no_full_access_to_kms,Inline IAM policy does not allow kms:* privileges,A.5.16,Identity management,164.308(a)(6),Security Incident Procedures,CIS 6.2,Establish an Access Revoking Process,Sec 8(4),Reasonable security safeguards
208,iam_password_policy_number,IAM password policy requires at least one number,A.5.17,Authentication information,164.308(a)(5),Security Awareness and Training,CIS 3.3,Configure Data Access Control Lists,Sec 8(4),Reasonable security safeguards
209,entra_users_cannot_create_microsoft_365_groups,Microsoft 365 group creation by users is disabled,A.8.3,Information access restriction,164.308(a)(1),Security Management Process,CIS 3.3,Configure Data Access Control Lists,Sec 8(4),Reasonable security safeguards
210,iam_password_policy_minimum_length_14,IAM password policy requires passwords to be at least 14 characters long,A.8.3,Information access restriction,164.308(a)(1),Security Management Process,CIS 3.3,Configure Data Access Control Lists,Sec 8(4),Reasonable security safeguards
211,entra_policy_guest_users_access_restrictions,Authorization policy restricts guest user access to properties and memberships of their own directory objects,A.8.3,Information access restriction,164.312(a)(1),Access Control,CIS 3.3,Configure Data Access Control Lists,Sec 8(4),Reasonable security safeguards
212,iam_role_access_not_stale_to_bedrock,Regular Bedrock access ensures IAM roles retain only actively used permissions,A.5.18,Access rights,164.312(a)(1),Access Control,CIS 5.1,Establish and Maintain an Inventory of Accounts,Sec 8(4),Reasonable security safeguards
213,entra_conditional_access_policy_require_mfa_for_management_api,Multifactor Authentication is required for Windows Azure Service Management API,A.5.16,Identity management,164.308(a)(1),Security Management Process,CIS 3.3,Configure Data Access Control Lists,Sec 8(4),Reasonable security safeguards
214,entra_policy_ensure_default_user_cannot_create_tenants,Authorization policy restricts non-admin users from creating tenants,A.8.2,Privileged access rights,164.308(a)(1),Security Management Process,CIS 6.1,Establish an Access Granting Process,Sec 8(4),Reasonable security safeguards
215,entra_policy_guest_users_access_restrictions,Authorization policy restricts guest user access to properties and memberships of their own directory objects,A.8.3,Information access restriction,164.312(a)(1),Access Control,CIS 3.3,Configure Data Access Control Lists,Sec 8(4),Reasonable security safeguards
216,entra_policy_default_users_cannot_create_security_groups,Authorization policy disallows non-privileged users from creating security groups,A.8.2,Privileged access rights,164.308(a)(3),Workforce Security,CIS 5.4,Restrict Administrator Privileges to Dedicated Admin Accounts,Sec 8(1),Accuracy of data
217,entra_users_cannot_create_microsoft_365_groups,Microsoft 365 group creation by users is disabled,A.8.3,Information access restriction,164.308(a)(1),Security Management Process,CIS 3.3,Configure Data Access Control Lists,Sec 8(4),Reasonable security safeguards
218,nsg_allow_any_any,NSG Allows Any Protocol/Port from Any Source,A.8.20,Networks security,164.308(a)(1),Security Management Process,CIS 8.5,Collect Detailed Audit Logs,Sec 8(4),Reasonable security safeguards
219,vpc-default-network-acls-allow-all-ingress,Network ACLs Allow All ingress Traffic (default),A.8.20,Networks security,164.312(e)(1),Transmission Security,CIS 12.2,Establish and Maintain a Secure Network Architecture,Sec 8(4),Reasonable security safeguards
220,vpc-default-network-acls-allow-all-ingress,Network ACLs Allow All ingress Traffic (default),A.8.20,Networks security,164.312(e)(1),Transmission Security,CIS 12.2,Establish and Maintain a Secure Network Architecture,Sec 8(4),Reasonable security safeguards
221,vpc-default-network-acls-allow-all-ingress,Network ACLs Allow All ingress Traffic (default),A.8.20,Networks security,164.312(e)(1),Transmission Security,CIS 12.2,Establish and Maintain a Secure Network Architecture,Sec 8(4),Reasonable security safeguards
222,vpc-subnet-without-flow-log,Subnet without a Flow Log,A.5.15,Access control,164.308(a)(1),Security Management Process,CIS 13.1,Centralize Security Event Alerting,Sec 8(4),Reasonable security safeguards
223,vpc-default-network-acls-allow-all-ingress,Network ACLs Allow All ingress Traffic (default),A.8.20,Networks security,164.312(e)(1),Transmission Security,CIS 12.2,Establish and Maintain a Secure Network Architecture,Sec 8(4),Reasonable security safeguards
224,vpc-default-network-acls-allow-all-ingress,Network ACLs Allow All ingress Traffic (default),A.8.20,Networks security,164.312(e)(1),Transmission Security,CIS 12.2,Establish and Maintain a Secure Network Architecture,Sec 8(4),Reasonable security safeguards
225,vpc-default-network-acls-allow-all-ingress,Network ACLs Allow All ingress Traffic (default),A.8.20,Networks security,164.312(e)(1),Transmission Security,CIS 12.2,Establish and Maintain a Secure Network Architecture,Sec 8(4),Reasonable security safeguards
226,vpc-default-network-acls-allow-all-ingress,Network ACLs Allow All ingress Traffic (default),A.8.20,Networks security,164.312(e)(1),Transmission Security,CIS 12.2,Establish and Maintain a Secure Network Architecture,Sec 8(4),Reasonable security safeguards
227,vpc-default-network-acls-allow-all-ingress,Network ACLs Allow All ingress Traffic (default),A.8.20,Networks security,164.312(e)(1),Transmission Security,CIS 12.2,Establish and Maintain a Secure Network Architecture,Sec 8(4),Reasonable security safeguards
228,vpc-default-network-acls-allow-all-ingress,Network ACLs Allow All ingress Traffic (default),A.8.20,Networks security,164.312(e)(1),Transmission Security,CIS 12.2,Establish and Maintain a Secure Network Architecture,Sec 8(4),Reasonable security safeguards
229,vpc-default-network-acls-allow-all-ingress,Network ACLs Allow All ingress Traffic (default),A.8.20,Networks security,164.312(e)(1),Transmission Security,CIS 12.2,Establish and Maintain a Secure Network Architecture,Sec 8(4),Reasonable security safeguards
230,vpc-default-network-acls-allow-all-ingress,Network ACLs Allow All ingress Traffic (default),A.8.20,Networks security,164.312(e)(1),Transmission Security,CIS 12.2,Establish and Maintain a Secure Network Architecture,Sec 8(4),Reasonable security safeguards
231,vpc-default-network-acls-allow-all-ingress,Network ACLs Allow All ingress Traffic (default),A.8.20,Networks security,164.312(e)(1),Transmission Security,CIS 12.2,Establish and Maintain a Secure Network Architecture,Sec 8(4),Reasonable security safeguards
232,vpc-subnet-without-flow-log,Subnet without a Flow Log,A.5.15,Access control,164.308(a)(1),Security Management Process,CIS 13.1,Centralize Security Event Alerting,Sec 8(4),Reasonable security safeguards
233,vpc-subnet-with-allow-all-egress-acls,"Subnet with ""Allow All"" egress NACLs",A.5.15,Access control,164.312(a)(1),Access Control,CIS 3.3,Configure Data Access Control Lists,Sec 8(4),Reasonable security safeguards
234,vpc-default-network-acls-allow-all-ingress,Network ACLs Allow All ingress Traffic (default),A.8.20,Networks security,164.312(e)(1),Transmission Security,CIS 12.2,Establish and Maintain a Secure Network Architecture,Sec 8(4),Reasonable security safeguards
235,vpc-subnet-without-flow-log,Subnet without a Flow Log,A.5.15,Access control,164.308(a)(1),Security Management Process,CIS 13.1,Centralize Security Event Alerting,Sec 8(4),Reasonable security safeguards
236,vpc-default-network-acls-allow-all-ingress,Network ACLs Allow All ingress Traffic (default),A.8.20,Networks security,164.312(e)(1),Transmission Security,CIS 12.2,Establish and Maintain a Secure Network Architecture,Sec 8(4),Reasonable security safeguards
237,vpc-default-network-acls-allow-all-ingress,Network ACLs Allow All ingress Traffic (default),A.8.20,Networks security,164.312(e)(1),Transmission Security,CIS 12.2,Establish and Maintain a Secure Network Architecture,Sec 8(4),Reasonable security safeguards
238,vpc-default-network-acls-allow-all-ingress,Network ACLs Allow All ingress Traffic (default),A.8.20,Networks security,164.312(e)(1),Transmission Security,CIS 12.2,Establish and Maintain a Secure Network Architecture,Sec 8(4),Reasonable security safeguards
239,vpc-default-network-acls-allow-all-ingress,Network ACLs Allow All ingress Traffic (default),A.8.20,Networks security,164.312(e)(1),Transmission Security,CIS 12.2,Establish and Maintain a Secure Network Architecture,Sec 8(4),Reasonable security safeguards
240,vpc-default-network-acls-allow-all-ingress,Network ACLs Allow All ingress Traffic (default),A.8.20,Networks security,164.312(e)(1),Transmission Security,CIS 12.2,Establish and Maintain a Secure Network Architecture,Sec 8(4),Reasonable security safeguards
241,vpc-subnet-with-allow-all-egress-acls,"Subnet with ""Allow All"" egress NACLs",A.5.15,Access control,164.312(a)(1),Access Control,CIS 3.3,Configure Data Access Control Lists,Sec 8(4),Reasonable security safeguards
242,vpc-subnet-with-allow-all-egress-acls,"Subnet with ""Allow All"" egress NACLs",A.5.15,Access control,164.312(a)(1),Access Control,CIS 3.3,Configure Data Access Control Lists,Sec 8(4),Reasonable security safeguards
243,vpc-subnet-with-allow-all-egress-acls,"Subnet with ""Allow All"" egress NACLs",A.5.15,Access control,164.312(a)(1),Access Control,CIS 3.3,Configure Data Access Control Lists,Sec 8(4),Reasonable security safeguards
244,vpc-subnet-without-flow-log,Subnet without a Flow Log,A.5.15,Access control,164.308(a)(1),Security Management Process,CIS 13.1,Centralize Security Event Alerting,Sec 8(4),Reasonable security safeguards
245,vpc-subnet-with-allow-all-egress-acls,"Subnet with ""Allow All"" egress NACLs",A.5.15,Access control,164.312(a)(1),Access Control,CIS 3.3,Configure Data Access Control Lists,Sec 8(4),Reasonable security safeguards
246,vpc-subnet-with-allow-all-egress-acls,"Subnet with ""Allow All"" egress NACLs",A.5.15,Access control,164.312(a)(1),Access Control,CIS 3.3,Configure Data Access Control Lists,Sec 8(4),Reasonable security safeguards
247,vpc-subnet-without-flow-log,Subnet without a Flow Log,A.5.15,Access control,164.308(a)(1),Security Management Process,CIS 13.1,Centralize Security Event Alerting,Sec 8(4),Reasonable security safeguards
248,vpc-subnet-without-flow-log,Subnet without a Flow Log,A.5.15,Access control,164.308(a)(1),Security Management Process,CIS 13.1,Centralize Security Event Alerting,Sec 8(4),Reasonable security safeguards
249,vpc-subnet-without-flow-log,Subnet without a Flow Log,A.5.15,Access control,164.308(a)(1),Security Management Process,CIS 13.1,Centralize Security Event Alerting,Sec 8(4),Reasonable security safeguards
250,vpc-subnet-without-flow-log,Subnet without a Flow Log,A.5.15,Access control,164.308(a)(1),Security Management Process,CIS 13.1,Centralize Security Event Alerting,Sec 8(4),Reasonable security safeguards
251,vpc-subnet-without-flow-log,Subnet without a Flow Log,A.5.15,Access control,164.308(a)(1),Security Management Process,CIS 13.1,Centralize Security Event Alerting,Sec 8(4),Reasonable security safeguards
252,vpc-subnet-without-flow-log,Subnet without a Flow Log,A.5.15,Access control,164.308(a)(1),Security Management Process,CIS 13.1,Centralize Security Event Alerting,Sec 8(4),Reasonable security safeguards
253,vpc-subnet-without-flow-log,Subnet without a Flow Log,A.5.15,Access control,164.308(a)(1),Security Management Process,CIS 13.1,Centralize Security Event Alerting,Sec 8(4),Reasonable security safeguards
254,vpc-subnet-without-flow-log,Subnet without a Flow Log,A.5.15,Access control,164.308(a)(1),Security Management Process,CIS 13.1,Centralize Security Event Alerting,Sec 8(4),Reasonable security safeguards
255,vpc-subnet-with-allow-all-egress-acls,"Subnet with ""Allow All"" egress NACLs",A.5.15,Access control,164.312(a)(1),Access Control,CIS 3.3,Configure Data Access Control Lists,Sec 8(4),Reasonable security safeguards
256,vpc-subnet-with-allow-all-egress-acls,"Subnet with ""Allow All"" egress NACLs",A.5.15,Access control,164.312(a)(1),Access Control,CIS 3.3,Configure Data Access Control Lists,Sec 8(4),Reasonable security safeguards
257,vpc-subnet-without-flow-log,Subnet without a Flow Log,A.5.15,Access control,164.308(a)(1),Security Management Process,CIS 13.1,Centralize Security Event Alerting,Sec 8(4),Reasonable security safeguards
258,vpc-subnet-without-flow-log,Subnet without a Flow Log,A.5.15,Access control,164.308(a)(1),Security Management Process,CIS 13.1,Centralize Security Event Alerting,Sec 8(4),Reasonable security safeguards
259,vpc-subnet-without-flow-log,Subnet without a Flow Log,A.5.15,Access control,164.308(a)(1),Security Management Process,CIS 13.1,Centralize Security Event Alerting,Sec 8(4),Reasonable security safeguards
260,vpc-subnet-without-flow-log,Subnet without a Flow Log,A.5.15,Access control,164.308(a)(1),Security Management Process,CIS 13.1,Centralize Security Event Alerting,Sec 8(4),Reasonable security safeguards
261,vpc-subnet-without-flow-log,Subnet without a Flow Log,A.5.15,Access control,164.308(a)(1),Security Management Process,CIS 13.1,Centralize Security Event Alerting,Sec 8(4),Reasonable security safeguards
262,vpc-subnet-without-flow-log,Subnet without a Flow Log,A.5.15,Access control,164.308(a)(1),Security Management Process,CIS 13.1,Centralize Security Event Alerting,Sec 8(4),Reasonable security safeguards
263,vpc-subnet-without-flow-log,Subnet without a Flow Log,A.5.15,Access control,164.308(a)(1),Security Management Process,CIS 13.1,Centralize Security Event Alerting,Sec 8(4),Reasonable security safeguards
264,vpc-subnet-without-flow-log,Subnet without a Flow Log,A.5.15,Access control,164.308(a)(1),Security Management Process,CIS 13.1,Centralize Security Event Alerting,Sec 8(4),Reasonable security safeguards
265,vpc-subnet-without-flow-log,Subnet without a Flow Log,A.5.15,Access control,164.308(a)(1),Security Management Process,CIS 13.1,Centralize Security Event Alerting,Sec 8(4),Reasonable security safeguards
266,vpc-subnet-without-flow-log,Subnet without a Flow Log,A.5.15,Access control,164.308(a)(1),Security Management Process,CIS 13.1,Centralize Security Event Alerting,Sec 8(4),Reasonable security safeguards
267,vpc-default-network-acls-allow-all-egress,Network ACLs Allow All egress Traffic (default),A.8.20,Networks security,164.312(e)(1),Transmission Security,CIS 12.2,Establish and Maintain a Secure Network Architecture,Sec 8(4),Reasonable security safeguards
268,vpc-default-network-acls-allow-all-egress,Network ACLs Allow All egress Traffic (default),A.8.20,Networks security,164.312(e)(1),Transmission Security,CIS 12.2,Establish and Maintain a Secure Network Architecture,Sec 8(4),Reasonable security safeguards
269,vpc-default-network-acls-allow-all-egress,Network ACLs Allow All egress Traffic (default),A.8.20,Networks security,164.312(e)(1),Transmission Security,CIS 12.2,Establish and Maintain a Secure Network Architecture,Sec 8(4),Reasonable security safeguards
270,ec2-security-group-opens-all-ports-to-self,Unrestricted Network Traffic within Security Group,A.8.20,Networks security,164.312(e)(1),Transmission Security,CIS 13.1,Centralize Security Event Alerting,Sec 8(4),Reasonable security safeguards
271,vpc-subnet-without-flow-log,Subnet without a Flow Log,A.5.15,Access control,164.308(a)(1),Security Management Process,CIS 13.1,Centralize Security Event Alerting,Sec 8(4),Reasonable security safeguards
272,vpc-subnet-without-flow-log,Subnet without a Flow Log,A.5.15,Access control,164.308(a)(1),Security Management Process,CIS 13.1,Centralize Security Event Alerting,Sec 8(4),Reasonable security safeguards
273,vpc-subnet-without-flow-log,Subnet without a Flow Log,A.5.15,Access control,164.308(a)(1),Security Management Process,CIS 13.1,Centralize Security Event Alerting,Sec 8(4),Reasonable security safeguards
274,vpc-subnet-without-flow-log,Subnet without a Flow Log,A.5.15,Access control,164.308(a)(1),Security Management Process,CIS 13.1,Centralize Security Event Alerting,Sec 8(4),Reasonable security safeguards
275,vpc-subnet-without-flow-log,Subnet without a Flow Log,A.5.15,Access control,164.308(a)(1),Security Management Process,CIS 13.1,Centralize Security Event Alerting,Sec 8(4),Reasonable security safeguards
276,ec2-unused-security-group,Unused Security Group,A.8.9,Configuration management,164.308(a)(6),Security Incident Procedures,CIS 13.1,Centralize Security Event Alerting,Sec 8(4),Reasonable security safeguards
277,ec2-security-group-opens-all-ports-to-self,Unrestricted Network Traffic within Security Group,A.8.20,Networks security,164.312(e)(1),Transmission Security,CIS 13.1,Centralize Security Event Alerting,Sec 8(4),Reasonable security safeguards
278,vpc-subnet-without-flow-log,Subnet without a Flow Log,A.5.15,Access control,164.308(a)(1),Security Management Process,CIS 13.1,Centralize Security Event Alerting,Sec 8(4),Reasonable security safeguards
279,vpc-subnet-without-flow-log,Subnet without a Flow Log,A.5.15,Access control,164.308(a)(1),Security Management Process,CIS 13.1,Centralize Security Event Alerting,Sec 8(4),Reasonable security safeguards
280,ec2-security-group-opens-all-ports-to-self,Unrestricted Network Traffic within Security Group,A.8.20,Networks security,164.312(e)(1),Transmission Security,CIS 13.1,Centralize Security Event Alerting,Sec 8(4),Reasonable security safeguards
281,ec2-security-group-opens-all-ports-to-self,Unrestricted Network Traffic within Security Group,A.8.20,Networks security,164.312(e)(1),Transmission Security,CIS 13.1,Centralize Security Event Alerting,Sec 8(4),Reasonable security safeguards
282,vpc-subnet-without-flow-log,Subnet without a Flow Log,A.5.15,Access control,164.308(a)(1),Security Management Process,CIS 13.1,Centralize Security Event Alerting,Sec 8(4),Reasonable security safeguards
283,ec2-security-group-opens-all-ports-to-self,Unrestricted Network Traffic within Security Group,A.8.20,Networks security,164.312(e)(1),Transmission Security,CIS 13.1,Centralize Security Event Alerting,Sec 8(4),Reasonable security safeguards
284,ec2-security-group-opens-all-ports-to-self,Unrestricted Network Traffic within Security Group,A.8.20,Networks security,164.312(e)(1),Transmission Security,CIS 13.1,Centralize Security Event Alerting,Sec 8(4),Reasonable security safeguards
285,ec2-security-group-opens-all-ports-to-self,Unrestricted Network Traffic within Security Group,A.8.20,Networks security,164.312(e)(1),Transmission Security,CIS 13.1,Centralize Security Event Alerting,Sec 8(4),Reasonable security safeguards
286,ec2-security-group-opens-all-ports-to-self,Unrestricted Network Traffic within Security Group,A.8.20,Networks security,164.312(e)(1),Transmission Security,CIS 13.1,Centralize Security Event Alerting,Sec 8(4),Reasonable security safeguards
287,ec2-security-group-opens-all-ports-to-self,Unrestricted Network Traffic within Security Group,A.8.20,Networks security,164.312(e)(1),Transmission Security,CIS 13.1,Centralize Security Event Alerting,Sec 8(4),Reasonable security safeguards
288,ec2-security-group-opens-all-ports-to-self,Unrestricted Network Traffic within Security Group,A.8.20,Networks security,164.312(e)(1),Transmission Security,CIS 13.1,Centralize Security Event Alerting,Sec 8(4),Reasonable security safeguards
289,ec2-security-group-opens-all-ports-to-self,Unrestricted Network Traffic within Security Group,A.8.20,Networks security,164.312(e)(1),Transmission Security,CIS 13.1,Centralize Security Event Alerting,Sec 8(4),Reasonable security safeguards
290,ec2-security-group-opens-all-ports-to-self,Unrestricted Network Traffic within Security Group,A.8.20,Networks security,164.312(e)(1),Transmission Security,CIS 13.1,Centralize Security Event Alerting,Sec 8(4),Reasonable security safeguards
291,ec2-security-group-opens-all-ports-to-self,Unrestricted Network Traffic within Security Group,A.8.20,Networks security,164.312(e)(1),Transmission Security,CIS 13.1,Centralize Security Event Alerting,Sec 8(4),Reasonable security safeguards
292,ec2-security-group-opens-all-ports-to-self,Unrestricted Network Traffic within Security Group,A.8.20,Networks security,164.312(e)(1),Transmission Security,CIS 13.1,Centralize Security Event Alerting,Sec 8(4),Reasonable security safeguards
293,vpc-subnet-without-flow-log,Subnet without a Flow Log,A.5.15,Access control,164.308(a)(1),Security Management Process,CIS 13.1,Centralize Security Event Alerting,Sec 8(4),Reasonable security safeguards
294,vpc-subnet-without-flow-log,Subnet without a Flow Log,A.5.15,Access control,164.308(a)(1),Security Management Process,CIS 13.1,Centralize Security Event Alerting,Sec 8(4),Reasonable security safeguards
295,vpc-default-network-acls-allow-all-egress,Network ACLs Allow All egress Traffic (default),A.8.20,Networks security,164.312(e)(1),Transmission Security,CIS 12.2,Establish and Maintain a Secure Network Architecture,Sec 8(4),Reasonable security safeguards
296,vpc-default-network-acls-allow-all-egress,Network ACLs Allow All egress Traffic (default),A.8.20,Networks security,164.312(e)(1),Transmission Security,CIS 12.2,Establish and Maintain a Secure Network Architecture,Sec 8(4),Reasonable security safeguards
297,vpc-default-network-acls-allow-all-egress,Network ACLs Allow All egress Traffic (default),A.8.20,Networks security,164.312(e)(1),Transmission Security,CIS 12.2,Establish and Maintain a Secure Network Architecture,Sec 8(4),Reasonable security safeguards
298,vpc-default-network-acls-allow-all-egress,Network ACLs Allow All egress Traffic (default),A.8.20,Networks security,164.312(e)(1),Transmission Security,CIS 12.2,Establish and Maintain a Secure Network Architecture,Sec 8(4),Reasonable security safeguards
299,vpc-subnet-without-flow-log,Subnet without a Flow Log,A.5.15,Access control,164.308(a)(1),Security Management Process,CIS 13.1,Centralize Security Event Alerting,Sec 8(4),Reasonable security safeguards
300,vpc-default-network-acls-allow-all-egress,Network ACLs Allow All egress Traffic (default),A.8.20,Networks security,164.312(e)(1),Transmission Security,CIS 12.2,Establish and Maintain a Secure Network Architecture,Sec 8(4),Reasonable security safeguards
301,vpc-default-network-acls-allow-all-egress,Network ACLs Allow All egress Traffic (default),A.8.20,Networks security,164.312(e)(1),Transmission Security,CIS 12.2,Establish and Maintain a Secure Network Architecture,Sec 8(4),Reasonable security safeguards
302,vpc-default-network-acls-allow-all-egress,Network ACLs Allow All egress Traffic (default),A.8.20,Networks security,164.312(e)(1),Transmission Security,CIS 12.2,Establish and Maintain a Secure Network Architecture,Sec 8(4),Reasonable security safeguards
303,vpc-default-network-acls-allow-all-egress,Network ACLs Allow All egress Traffic (default),A.8.20,Networks security,164.312(e)(1),Transmission Security,CIS 12.2,Establish and Maintain a Secure Network Architecture,Sec 8(4),Reasonable security safeguards
304,vpc-default-network-acls-allow-all-egress,Network ACLs Allow All egress Traffic (default),A.8.20,Networks security,164.312(e)(1),Transmission Security,CIS 12.2,Establish and Maintain a Secure Network Architecture,Sec 8(4),Reasonable security safeguards
305,vpc-default-network-acls-allow-all-egress,Network ACLs Allow All egress Traffic (default),A.8.20,Networks security,164.312(e)(1),Transmission Security,CIS 12.2,Establish and Maintain a Secure Network Architecture,Sec 8(4),Reasonable security safeguards
306,vpc-default-network-acls-allow-all-egress,Network ACLs Allow All egress Traffic (default),A.8.20,Networks security,164.312(e)(1),Transmission Security,CIS 12.2,Establish and Maintain a Secure Network Architecture,Sec 8(4),Reasonable security safeguards
307,vpc-default-network-acls-allow-all-egress,Network ACLs Allow All egress Traffic (default),A.8.20,Networks security,164.312(e)(1),Transmission Security,CIS 12.2,Establish and Maintain a Secure Network Architecture,Sec 8(4),Reasonable security safeguards
308,vpc-subnet-with-allow-all-egress-acls,"Subnet with ""Allow All"" egress NACLs",A.5.15,Access control,164.312(a)(1),Access Control,CIS 3.3,Configure Data Access Control Lists,Sec 8(4),Reasonable security safeguards
309,vpc-default-network-acls-allow-all-egress,Network ACLs Allow All egress Traffic (default),A.8.20,Networks security,164.312(e)(1),Transmission Security,CIS 12.2,Establish and Maintain a Secure Network Architecture,Sec 8(4),Reasonable security safeguards
310,vpc-default-network-acls-allow-all-egress,Network ACLs Allow All egress Traffic (default),A.8.20,Networks security,164.312(e)(1),Transmission Security,CIS 12.2,Establish and Maintain a Secure Network Architecture,Sec 8(4),Reasonable security safeguards
311,vpc-default-network-acls-allow-all-egress,Network ACLs Allow All egress Traffic (default),A.8.20,Networks security,164.312(e)(1),Transmission Security,CIS 12.2,Establish and Maintain a Secure Network Architecture,Sec 8(4),Reasonable security safeguards
312,s3-bucket-no-versioning,Bucket without Versioning,A.5.15,Access control,164.308(a)(1),Security Management Process,CIS 3.3,Configure Data Access Control Lists,Sec 8(4),Reasonable security safeguards
313,s3-bucket-no-mfa-delete,Bucket without MFA Delete,A.5.15,Access control,164.308(a)(1),Security Management Process,CIS 3.3,Configure Data Access Control Lists,Sec 8(4),Reasonable security safeguards
314,s3-bucket-no-logging,Bucket Access Logging Disabled,A.8.3,Information access restriction,164.312(a)(1),Access Control,CIS 6.2,Establish an Access Revoking Process,Sec 8(4),Reasonable security safeguards
315,s3-bucket-allowing-cleartext,Bucket Allowing Clear Text (HTTP) Communication,A.5.15,Access control,164.308(a)(1),Security Management Process,CIS 3.3,Configure Data Access Control Lists,Sec 5,Notice and consent
316,rds-instance-storage-not-encrypted,Instance Storage Not Encrypted,A.8.20,Networks security,164.308(a)(1),Security Management Process,CIS 12.2,Establish and Maintain a Secure Network Architecture,Sec 8(4),Reasonable security safeguards
317,vpc-subnet-without-flow-log,Subnet without a Flow Log,A.5.15,Access control,164.308(a)(1),Security Management Process,CIS 13.1,Centralize Security Event Alerting,Sec 8(4),Reasonable security safeguards
318,vpc-subnet-without-flow-log,Subnet without a Flow Log,A.5.15,Access control,164.308(a)(1),Security Management Process,CIS 13.1,Centralize Security Event Alerting,Sec 8(4),Reasonable security safeguards
319,vpc-subnet-with-allow-all-ingress-acls,"Subnet with ""Allow All"" ingress NACLs",A.5.15,Access control,164.312(a)(1),Access Control,CIS 3.3,Configure Data Access Control Lists,Sec 8(4),Reasonable security safeguards
320,vpc-subnet-with-allow-all-egress-acls,"Subnet with ""Allow All"" egress NACLs",A.5.15,Access control,164.312(a)(1),Access Control,CIS 3.3,Configure Data Access Control Lists,Sec 8(4),Reasonable security safeguards
321,vpc-subnet-with-allow-all-egress-acls,"Subnet with ""Allow All"" egress NACLs",A.5.15,Access control,164.312(a)(1),Access Control,CIS 3.3,Configure Data Access Control Lists,Sec 8(4),Reasonable security safeguards
322,vpc-subnet-with-allow-all-egress-acls,"Subnet with ""Allow All"" egress NACLs",A.5.15,Access control,164.312(a)(1),Access Control,CIS 3.3,Configure Data Access Control Lists,Sec 8(4),Reasonable security safeguards
323,vpc-subnet-with-allow-all-ingress-acls,"Subnet with ""Allow All"" ingress NACLs",A.5.15,Access control,164.312(a)(1),Access Control,CIS 3.3,Configure Data Access Control Lists,Sec 8(4),Reasonable security safeguards
324,vpc-subnet-with-allow-all-egress-acls,"Subnet with ""Allow All"" egress NACLs",A.5.15,Access control,164.312(a)(1),Access Control,CIS 3.3,Configure Data Access Control Lists,Sec 8(4),Reasonable security safeguards
325,vpc-subnet-with-allow-all-ingress-acls,"Subnet with ""Allow All"" ingress NACLs",A.5.15,Access control,164.312(a)(1),Access Control,CIS 3.3,Configure Data Access Control Lists,Sec 8(4),Reasonable security safeguards
326,ec2-security-group-opens-all-ports-to-self,Unrestricted Network Traffic within Security Group,A.8.20,Networks security,164.312(e)(1),Transmission Security,CIS 13.1,Centralize Security Event Alerting,Sec 8(4),Reasonable security safeguards
327,vpc-subnet-with-allow-all-egress-acls,"Subnet with ""Allow All"" egress NACLs",A.5.15,Access control,164.312(a)(1),Access Control,CIS 3.3,Configure Data Access Control Lists,Sec 8(4),Reasonable security safeguards
328,vpc-subnet-with-allow-all-egress-acls,"Subnet with ""Allow All"" egress NACLs",A.5.15,Access control,164.312(a)(1),Access Control,CIS 3.3,Configure Data Access Control Lists,Sec 8(4),Reasonable security safeguards
329,vpc-subnet-with-allow-all-egress-acls,"Subnet with ""Allow All"" egress NACLs",A.5.15,Access control,164.312(a)(1),Access Control,CIS 3.3,Configure Data Access Control Lists,Sec 8(4),Reasonable security safeguards
330,vpc-subnet-with-allow-all-egress-acls,"Subnet with ""Allow All"" egress NACLs",A.5.15,Access control,164.312(a)(1),Access Control,CIS 3.3,Configure Data Access Control Lists,Sec 8(4),Reasonable security safeguards
331,vpc-subnet-with-allow-all-ingress-acls,"Subnet with ""Allow All"" ingress NACLs",A.5.15,Access control,164.312(a)(1),Access Control,CIS 3.3,Configure Data Access Control Lists,Sec 8(4),Reasonable security safeguards
332,vpc-subnet-with-allow-all-ingress-acls,"Subnet with ""Allow All"" ingress NACLs",A.5.15,Access control,164.312(a)(1),Access Control,CIS 3.3,Configure Data Access Control Lists,Sec 8(4),Reasonable security safeguards
333,vpc-subnet-with-allow-all-egress-acls,"Subnet with ""Allow All"" egress NACLs",A.5.15,Access control,164.312(a)(1),Access Control,CIS 3.3,Configure Data Access Control Lists,Sec 8(4),Reasonable security safeguards
334,vpc-subnet-with-allow-all-egress-acls,"Subnet with ""Allow All"" egress NACLs",A.5.15,Access control,164.312(a)(1),Access Control,CIS 3.3,Configure Data Access Control Lists,Sec 8(4),Reasonable security safeguards
335,vpc-subnet-with-allow-all-ingress-acls,"Subnet with ""Allow All"" ingress NACLs",A.5.15,Access control,164.312(a)(1),Access Control,CIS 3.3,Configure Data Access Control Lists,Sec 8(4),Reasonable security safeguards
336,vpc-subnet-without-flow-log,Subnet without a Flow Log,A.5.15,Access control,164.308(a)(1),Security Management Process,CIS 13.1,Centralize Security Event Alerting,Sec 8(4),Reasonable security safeguards
337,vpc-subnet-with-allow-all-ingress-acls,"Subnet with ""Allow All"" ingress NACLs",A.5.15,Access control,164.312(a)(1),Access Control,CIS 3.3,Configure Data Access Control Lists,Sec 8(4),Reasonable security safeguards
338,vpc-subnet-with-allow-all-egress-acls,"Subnet with ""Allow All"" egress NACLs",A.5.15,Access control,164.312(a)(1),Access Control,CIS 3.3,Configure Data Access Control Lists,Sec 8(4),Reasonable security safeguards
339,vpc-subnet-with-allow-all-ingress-acls,"Subnet with ""Allow All"" ingress NACLs",A.5.15,Access control,164.312(a)(1),Access Control,CIS 3.3,Configure Data Access Control Lists,Sec 8(4),Reasonable security safeguards
340,vpc-subnet-with-allow-all-ingress-acls,"Subnet with ""Allow All"" ingress NACLs",A.5.15,Access control,164.312(a)(1),Access Control,CIS 3.3,Configure Data Access Control Lists,Sec 8(4),Reasonable security safeguards
341,vpc-subnet-with-allow-all-egress-acls,"Subnet with ""Allow All"" egress NACLs",A.5.15,Access control,164.312(a)(1),Access Control,CIS 3.3,Configure Data Access Control Lists,Sec 8(4),Reasonable security safeguards
342,vpc-subnet-with-allow-all-egress-acls,"Subnet with ""Allow All"" egress NACLs",A.5.15,Access control,164.312(a)(1),Access Control,CIS 3.3,Configure Data Access Control Lists,Sec 8(4),Reasonable security safeguards
343,vpc-subnet-with-allow-all-ingress-acls,"Subnet with ""Allow All"" ingress NACLs",A.5.15,Access control,164.312(a)(1),Access Control,CIS 3.3,Configure Data Access Control Lists,Sec 8(4),Reasonable security safeguards
344,vpc-subnet-with-allow-all-ingress-acls,"Subnet with ""Allow All"" ingress NACLs",A.5.15,Access control,164.312(a)(1),Access Control,CIS 3.3,Configure Data Access Control Lists,Sec 8(4),Reasonable security safeguards
345,vpc-subnet-with-allow-all-ingress-acls,"Subnet with ""Allow All"" ingress NACLs",A.5.15,Access control,164.312(a)(1),Access Control,CIS 3.3,Configure Data Access Control Lists,Sec 8(4),Reasonable security safeguards
346,vpc-subnet-with-allow-all-ingress-acls,"Subnet with ""Allow All"" ingress NACLs",A.5.15,Access control,164.312(a)(1),Access Control,CIS 3.3,Configure Data Access Control Lists,Sec 8(4),Reasonable security safeguards
347,vpc-subnet-with-allow-all-egress-acls,"Subnet with ""Allow All"" egress NACLs",A.5.15,Access control,164.312(a)(1),Access Control,CIS 3.3,Configure Data Access Control Lists,Sec 8(4),Reasonable security safeguards
348,vpc-subnet-with-allow-all-ingress-acls,"Subnet with ""Allow All"" ingress NACLs",A.5.15,Access control,164.312(a)(1),Access Control,CIS 3.3,Configure Data Access Control Lists,Sec 8(4),Reasonable security safeguards
349,vpc-subnet-with-allow-all-egress-acls,"Subnet with ""Allow All"" egress NACLs",A.5.15,Access control,164.312(a)(1),Access Control,CIS 3.3,Configure Data Access Control Lists,Sec 8(4),Reasonable security safeguards
350,vpc-subnet-with-allow-all-egress-acls,"Subnet with ""Allow All"" egress NACLs",A.5.15,Access control,164.312(a)(1),Access Control,CIS 3.3,Configure Data Access Control Lists,Sec 8(4),Reasonable security safeguards
351,vpc-subnet-with-allow-all-egress-acls,"Subnet with ""Allow All"" egress NACLs",A.5.15,Access control,164.312(a)(1),Access Control,CIS 3.3,Configure Data Access Control Lists,Sec 8(4),Reasonable security safeguards
352,vpc-subnet-with-allow-all-ingress-acls,"Subnet with ""Allow All"" ingress NACLs",A.5.15,Access control,164.312(a)(1),Access Control,CIS 3.3,Configure Data Access Control Lists,Sec 8(4),Reasonable security safeguards
353,vpc-subnet-with-allow-all-ingress-acls,"Subnet with ""Allow All"" ingress NACLs",A.5.15,Access control,164.312(a)(1),Access Control,CIS 3.3,Configure Data Access Control Lists,Sec 8(4),Reasonable security safeguards
354,vpc-subnet-with-allow-all-ingress-acls,"Subnet with ""Allow All"" ingress NACLs",A.5.15,Access control,164.312(a)(1),Access Control,CIS 3.3,Configure Data Access Control Lists,Sec 8(4),Reasonable security safeguards
355,vpc-subnet-with-allow-all-ingress-acls,"Subnet with ""Allow All"" ingress NACLs",A.5.15,Access control,164.312(a)(1),Access Control,CIS 3.3,Configure Data Access Control Lists,Sec 8(4),Reasonable security safeguards
356,vpc-subnet-with-allow-all-ingress-acls,"Subnet with ""Allow All"" ingress NACLs",A.5.15,Access control,164.312(a)(1),Access Control,CIS 3.3,Configure Data Access Control Lists,Sec 8(4),Reasonable security safeguards
357,vpc-subnet-with-allow-all-ingress-acls,"Subnet with ""Allow All"" ingress NACLs",A.5.15,Access control,164.312(a)(1),Access Control,CIS 3.3,Configure Data Access Control Lists,Sec 8(4),Reasonable security safeguards
358,vpc-subnet-with-allow-all-ingress-acls,"Subnet with ""Allow All"" ingress NACLs",A.5.15,Access control,164.312(a)(1),Access Control,CIS 3.3,Configure Data Access Control Lists,Sec 8(4),Reasonable security safeguards
359,vpc-subnet-with-allow-all-ingress-acls,"Subnet with ""Allow All"" ingress NACLs",A.5.15,Access control,164.312(a)(1),Access Control,CIS 3.3,Configure Data Access Control Lists,Sec 8(4),Reasonable security safeguards
360,vpc-subnet-with-allow-all-ingress-acls,"Subnet with ""Allow All"" ingress NACLs",A.5.15,Access control,164.312(a)(1),Access Control,CIS 3.3,Configure Data Access Control Lists,Sec 8(4),Reasonable security safeguards
361,vpc-subnet-with-allow-all-ingress-acls,"Subnet with ""Allow All"" ingress NACLs",A.5.15,Access control,164.312(a)(1),Access Control,CIS 3.3,Configure Data Access Control Lists,Sec 8(4),Reasonable security safeguards
362,vpc-subnet-with-allow-all-ingress-acls,"Subnet with ""Allow All"" ingress NACLs",A.5.15,Access control,164.312(a)(1),Access Control,CIS 3.3,Configure Data Access Control Lists,Sec 8(4),Reasonable security safeguards
363,vpc-subnet-with-allow-all-ingress-acls,"Subnet with ""Allow All"" ingress NACLs",A.5.15,Access control,164.312(a)(1),Access Control,CIS 3.3,Configure Data Access Control Lists,Sec 8(4),Reasonable security safeguards
364,vpc-subnet-with-allow-all-ingress-acls,"Subnet with ""Allow All"" ingress NACLs",A.5.15,Access control,164.312(a)(1),Access Control,CIS 3.3,Configure Data Access Control Lists,Sec 8(4),Reasonable security safeguards
365,vpc-subnet-with-allow-all-ingress-acls,"Subnet with ""Allow All"" ingress NACLs",A.5.15,Access control,164.312(a)(1),Access Control,CIS 3.3,Configure Data Access Control Lists,Sec 8(4),Reasonable security safeguards
366,vpc-subnet-with-allow-all-ingress-acls,"Subnet with ""Allow All"" ingress NACLs",A.5.15,Access control,164.312(a)(1),Access Control,CIS 3.3,Configure Data Access Control Lists,Sec 8(4),Reasonable security safeguards
367,vpc-subnet-with-allow-all-ingress-acls,"Subnet with ""Allow All"" ingress NACLs",A.5.15,Access control,164.312(a)(1),Access Control,CIS 3.3,Configure Data Access Control Lists,Sec 8(4),Reasonable security safeguards
368,vpc-subnet-with-allow-all-ingress-acls,"Subnet with ""Allow All"" ingress NACLs",A.5.15,Access control,164.312(a)(1),Access Control,CIS 3.3,Configure Data Access Control Lists,Sec 8(4),Reasonable security safeguards
369,vpc-subnet-with-allow-all-ingress-acls,"Subnet with ""Allow All"" ingress NACLs",A.5.15,Access control,164.312(a)(1),Access Control,CIS 3.3,Configure Data Access Control Lists,Sec 8(4),Reasonable security safeguards
370,vpc-subnet-with-allow-all-ingress-acls,"Subnet with ""Allow All"" ingress NACLs",A.5.15,Access control,164.312(a)(1),Access Control,CIS 3.3,Configure Data Access Control Lists,Sec 8(4),Reasonable security safeguards
371,vpc-subnet-with-allow-all-ingress-acls,"Subnet with ""Allow All"" ingress NACLs",A.5.15,Access control,164.312(a)(1),Access Control,CIS 3.3,Configure Data Access Control Lists,Sec 8(4),Reasonable security safeguards
372,vpc-subnet-with-allow-all-ingress-acls,"Subnet with ""Allow All"" ingress NACLs",A.5.15,Access control,164.312(a)(1),Access Control,CIS 3.3,Configure Data Access Control Lists,Sec 8(4),Reasonable security safeguards
373,vpc-subnet-with-allow-all-ingress-acls,"Subnet with ""Allow All"" ingress NACLs",A.5.15,Access control,164.312(a)(1),Access Control,CIS 3.3,Configure Data Access Control Lists,Sec 8(4),Reasonable security safeguards
374,vpc-subnet-with-allow-all-ingress-acls,"Subnet with ""Allow All"" ingress NACLs",A.5.15,Access control,164.312(a)(1),Access Control,CIS 3.3,Configure Data Access Control Lists,Sec 8(4),Reasonable security safeguards
375,vpc-subnet-with-allow-all-ingress-acls,"Subnet with ""Allow All"" ingress NACLs",A.5.15,Access control,164.312(a)(1),Access Control,CIS 3.3,Configure Data Access Control Lists,Sec 8(4),Reasonable security safeguards
376,vpc-subnet-with-allow-all-ingress-acls,"Subnet with ""Allow All"" ingress NACLs",A.5.15,Access control,164.312(a)(1),Access Control,CIS 3.3,Configure Data Access Control Lists,Sec 8(4),Reasonable security safeguards
377,vpc-subnet-with-allow-all-ingress-acls,"Subnet with ""Allow All"" ingress NACLs",A.5.15,Access control,164.312(a)(1),Access Control,CIS 3.3,Configure Data Access Control Lists,Sec 8(4),Reasonable security safeguards
378,vpc-subnet-with-allow-all-ingress-acls,"Subnet with ""Allow All"" ingress NACLs",A.5.15,Access control,164.312(a)(1),Access Control,CIS 3.3,Configure Data Access Control Lists,Sec 8(4),Reasonable security safeguards
379,vpc-subnet-with-allow-all-egress-acls,"Subnet with ""Allow All"" egress NACLs",A.5.15,Access control,164.312(a)(1),Access Control,CIS 3.3,Configure Data Access Control Lists,Sec 8(4),Reasonable security safeguards
380,vpc-subnet-with-allow-all-egress-acls,"Subnet with ""Allow All"" egress NACLs",A.5.15,Access control,164.312(a)(1),Access Control,CIS 3.3,Configure Data Access Control Lists,Sec 8(4),Reasonable security safeguards
381,vpc-subnet-with-allow-all-egress-acls,"Subnet with ""Allow All"" egress NACLs",A.5.15,Access control,164.312(a)(1),Access Control,CIS 3.3,Configure Data Access Control Lists,Sec 8(4),Reasonable security safeguards
382,vpc-subnet-with-allow-all-ingress-acls,"Subnet with ""Allow All"" ingress NACLs",A.5.15,Access control,164.312(a)(1),Access Control,CIS 3.3,Configure Data Access Control Lists,Sec 8(4),Reasonable security safeguards
383,vpc-subnet-with-allow-all-ingress-acls,"Subnet with ""Allow All"" ingress NACLs",A.5.15,Access control,164.312(a)(1),Access Control,CIS 3.3,Configure Data Access Control Lists,Sec 8(4),Reasonable security safeguards
384,vpc-subnet-with-allow-all-ingress-acls,"Subnet with ""Allow All"" ingress NACLs",A.5.15,Access control,164.312(a)(1),Access Control,CIS 3.3,Configure Data Access Control Lists,Sec 8(4),Reasonable security safeguards
385,vpc-subnet-with-allow-all-egress-acls,"Subnet with ""Allow All"" egress NACLs",A.5.15,Access control,164.312(a)(1),Access Control,CIS 3.3,Configure Data Access Control Lists,Sec 8(4),Reasonable security safeguards
386,vpc-subnet-with-allow-all-ingress-acls,"Subnet with ""Allow All"" ingress NACLs",A.5.15,Access control,164.312(a)(1),Access Control,CIS 3.3,Configure Data Access Control Lists,Sec 8(4),Reasonable security safeguards
387,vpc-subnet-with-allow-all-ingress-acls,"Subnet with ""Allow All"" ingress NACLs",A.5.15,Access control,164.312(a)(1),Access Control,CIS 3.3,Configure Data Access Control Lists,Sec 8(4),Reasonable security safeguards
388,vpc-subnet-with-allow-all-ingress-acls,"Subnet with ""Allow All"" ingress NACLs",A.5.15,Access control,164.312(a)(1),Access Control,CIS 3.3,Configure Data Access Control Lists,Sec 8(4),Reasonable security safeguards
389,vpc-subnet-without-flow-log,Subnet without a Flow Log,A.5.15,Access control,164.308(a)(1),Security Management Process,CIS 13.1,Centralize Security Event Alerting,Sec 8(4),Reasonable security safeguards
390,vpc-subnet-without-flow-log,Subnet without a Flow Log,A.5.15,Access control,164.308(a)(1),Security Management Process,CIS 13.1,Centralize Security Event Alerting,Sec 8(4),Reasonable security safeguards
391,vpc-subnet-with-allow-all-ingress-acls,"Subnet with ""Allow All"" ingress NACLs",A.5.15,Access control,164.312(a)(1),Access Control,CIS 3.3,Configure Data Access Control Lists,Sec 8(4),Reasonable security safeguards
392,vpc-subnet-without-flow-log,Subnet without a Flow Log,A.5.15,Access control,164.308(a)(1),Security Management Process,CIS 13.1,Centralize Security Event Alerting,Sec 8(4),Reasonable security safeguards
393,vpc-subnet-without-flow-log,Subnet without a Flow Log,A.5.15,Access control,164.308(a)(1),Security Management Process,CIS 13.1,Centralize Security Event Alerting,Sec 8(4),Reasonable security safeguards
394,vpc-subnet-with-allow-all-egress-acls,"Subnet with ""Allow All"" egress NACLs",A.5.15,Access control,164.312(a)(1),Access Control,CIS 3.3,Configure Data Access Control Lists,Sec 8(4),Reasonable security safeguards
395,vpc-subnet-without-flow-log,Subnet without a Flow Log,A.5.15,Access control,164.308(a)(1),Security Management Process,CIS 13.1,Centralize Security Event Alerting,Sec 8(4),Reasonable security safeguards
396,vpc-subnet-without-flow-log,Subnet without a Flow Log,A.5.15,Access control,164.308(a)(1),Security Management Process,CIS 13.1,Centralize Security Event Alerting,Sec 8(4),Reasonable security safeguards
397,vpc-subnet-with-allow-all-egress-acls,"Subnet with ""Allow All"" egress NACLs",A.5.15,Access control,164.312(a)(1),Access Control,CIS 3.3,Configure Data Access Control Lists,Sec 8(4),Reasonable security safeguards
398,vpc-subnet-with-allow-all-egress-acls,"Subnet with ""Allow All"" egress NACLs",A.5.15,Access control,164.312(a)(1),Access Control,CIS 3.3,Configure Data Access Control Lists,Sec 8(4),Reasonable security safeguards
399,vpc-subnet-with-allow-all-egress-acls,"Subnet with ""Allow All"" egress NACLs",A.5.15,Access control,164.312(a)(1),Access Control,CIS 3.3,Configure Data Access Control Lists,Sec 8(4),Reasonable security safeguards
400,vpc-subnet-without-flow-log,Subnet without a Flow Log,A.5.15,Access control,164.308(a)(1),Security Management Process,CIS 13.1,Centralize Security Event Alerting,Sec 8(4),Reasonable security safeguards
401,vpc-subnet-with-allow-all-egress-acls,"Subnet with ""Allow All"" egress NACLs",A.5.15,Access control,164.312(a)(1),Access Control,CIS 3.3,Configure Data Access Control Lists,Sec 8(4),Reasonable security safeguards
402,vpc-subnet-with-allow-all-egress-acls,"Subnet with ""Allow All"" egress NACLs",A.5.15,Access control,164.312(a)(1),Access Control,CIS 3.3,Configure Data Access Control Lists,Sec 8(4),Reasonable security safeguards
403,vpc-subnet-without-flow-log,Subnet without a Flow Log,A.5.15,Access control,164.308(a)(1),Security Management Process,CIS 13.1,Centralize Security Event Alerting,Sec 8(4),Reasonable security safeguards
404,vpc-subnet-with-allow-all-egress-acls,"Subnet with ""Allow All"" egress NACLs",A.5.15,Access control,164.312(a)(1),Access Control,CIS 3.3,Configure Data Access Control Lists,Sec 8(4),Reasonable security safeguards
405,vpc-subnet-without-flow-log,Subnet without a Flow Log,A.5.15,Access control,164.308(a)(1),Security Management Process,CIS 13.1,Centralize Security Event Alerting,Sec 8(4),Reasonable security safeguards
406,vpc-subnet-without-flow-log,Subnet without a Flow Log,A.5.15,Access control,164.308(a)(1),Security Management Process,CIS 13.1,Centralize Security Event Alerting,Sec 8(4),Reasonable security safeguards
407,vpc-subnet-with-allow-all-ingress-acls,"Subnet with ""Allow All"" ingress NACLs",A.5.15,Access control,164.312(a)(1),Access Control,CIS 3.3,Configure Data Access Control Lists,Sec 8(4),Reasonable security safeguards
408,vpc-subnet-with-allow-all-egress-acls,"Subnet with ""Allow All"" egress NACLs",A.5.15,Access control,164.312(a)(1),Access Control,CIS 3.3,Configure Data Access Control Lists,Sec 8(4),Reasonable security safeguards
409,vpc-subnet-with-allow-all-ingress-acls,"Subnet with ""Allow All"" ingress NACLs",A.5.15,Access control,164.312(a)(1),Access Control,CIS 3.3,Configure Data Access Control Lists,Sec 8(4),Reasonable security safeguards
410,vpc-subnet-with-allow-all-ingress-acls,"Subnet with ""Allow All"" ingress NACLs",A.5.15,Access control,164.312(a)(1),Access Control,CIS 3.3,Configure Data Access Control Lists,Sec 8(4),Reasonable security safeguards
411,vpc-subnet-with-allow-all-ingress-acls,"Subnet with ""Allow All"" ingress NACLs",A.5.15,Access control,164.312(a)(1),Access Control,CIS 3.3,Configure Data Access Control Lists,Sec 8(4),Reasonable security safeguards
412,vpc-subnet-with-allow-all-ingress-acls,"Subnet with ""Allow All"" ingress NACLs",A.5.15,Access control,164.312(a)(1),Access Control,CIS 3.3,Configure Data Access Control Lists,Sec 8(4),Reasonable security safeguards
413,vpc-subnet-with-allow-all-egress-acls,"Subnet with ""Allow All"" egress NACLs",A.5.15,Access control,164.312(a)(1),Access Control,CIS 3.3,Configure Data Access Control Lists,Sec 8(4),Reasonable security safeguards
414,vpc-subnet-with-allow-all-egress-acls,"Subnet with ""Allow All"" egress NACLs",A.5.15,Access control,164.312(a)(1),Access Control,CIS 3.3,Configure Data Access Control Lists,Sec 8(4),Reasonable security safeguards
415,vpc-subnet-with-allow-all-egress-acls,"Subnet with ""Allow All"" egress NACLs",A.5.15,Access control,164.312(a)(1),Access Control,CIS 3.3,Configure Data Access Control Lists,Sec 8(4),Reasonable security safeguards
416,vpc-subnet-with-allow-all-ingress-acls,"Subnet with ""Allow All"" ingress NACLs",A.5.15,Access control,164.312(a)(1),Access Control,CIS 3.3,Configure Data Access Control Lists,Sec 8(4),Reasonable security safeguards
417,vpc-subnet-with-allow-all-ingress-acls,"Subnet with ""Allow All"" ingress NACLs",A.5.15,Access control,164.312(a)(1),Access Control,CIS 3.3,Configure Data Access Control Lists,Sec 8(4),Reasonable security safeguards
418,vpc-subnet-with-allow-all-egress-acls,"Subnet with ""Allow All"" egress NACLs",A.5.15,Access control,164.312(a)(1),Access Control,CIS 3.3,Configure Data Access Control Lists,Sec 8(4),Reasonable security safeguards
419,vpc-subnet-with-allow-all-ingress-acls,"Subnet with ""Allow All"" ingress NACLs",A.5.15,Access control,164.312(a)(1),Access Control,CIS 3.3,Configure Data Access Control Lists,Sec 8(4),Reasonable security safeguards
420,vpc-subnet-with-allow-all-egress-acls,"Subnet with ""Allow All"" egress NACLs",A.5.15,Access control,164.312(a)(1),Access Control,CIS 3.3,Configure Data Access Control Lists,Sec 8(4),Reasonable security safeguards
421,vpc-subnet-with-allow-all-egress-acls,"Subnet with ""Allow All"" egress NACLs",A.5.15,Access control,164.312(a)(1),Access Control,CIS 3.3,Configure Data Access Control Lists,Sec 8(4),Reasonable security safeguards
422,vpc-subnet-with-allow-all-egress-acls,"Subnet with ""Allow All"" egress NACLs",A.5.15,Access control,164.312(a)(1),Access Control,CIS 3.3,Configure Data Access Control Lists,Sec 8(4),Reasonable security safeguards
423,vpc-subnet-with-allow-all-egress-acls,"Subnet with ""Allow All"" egress NACLs",A.5.15,Access control,164.312(a)(1),Access Control,CIS 3.3,Configure Data Access Control Lists,Sec 8(4),Reasonable security safeguards
424,vpc-subnet-with-allow-all-egress-acls,"Subnet with ""Allow All"" egress NACLs",A.5.15,Access control,164.312(a)(1),Access Control,CIS 3.3,Configure Data Access Control Lists,Sec 8(4),Reasonable security safeguards
425,vpc-subnet-with-allow-all-egress-acls,"Subnet with ""Allow All"" egress NACLs",A.5.15,Access control,164.312(a)(1),Access Control,CIS 3.3,Configure Data Access Control Lists,Sec 8(4),Reasonable security safeguards
426,vpc-subnet-with-allow-all-egress-acls,"Subnet with ""Allow All"" egress NACLs",A.5.15,Access control,164.312(a)(1),Access Control,CIS 3.3,Configure Data Access Control Lists,Sec 8(4),Reasonable security safeguards
427,vpc-subnet-with-allow-all-egress-acls,"Subnet with ""Allow All"" egress NACLs",A.5.15,Access control,164.312(a)(1),Access Control,CIS 3.3,Configure Data Access Control Lists,Sec 8(4),Reasonable security safeguards
428,vpc-subnet-with-allow-all-egress-acls,"Subnet with ""Allow All"" egress NACLs",A.5.15,Access control,164.312(a)(1),Access Control,CIS 3.3,Configure Data Access Control Lists,Sec 8(4),Reasonable security safeguards
429,vpc-subnet-with-allow-all-egress-acls,"Subnet with ""Allow All"" egress NACLs",A.5.15,Access control,164.312(a)(1),Access Control,CIS 3.3,Configure Data Access Control Lists,Sec 8(4),Reasonable security safeguards
430,vpc-subnet-with-allow-all-egress-acls,"Subnet with ""Allow All"" egress NACLs",A.5.15,Access control,164.312(a)(1),Access Control,CIS 3.3,Configure Data Access Control Lists,Sec 8(4),Reasonable security safeguards
431,vpc-subnet-with-allow-all-egress-acls,"Subnet with ""Allow All"" egress NACLs",A.5.15,Access control,164.312(a)(1),Access Control,CIS 3.3,Configure Data Access Control Lists,Sec 8(4),Reasonable security safeguards
432,vpc-subnet-with-allow-all-egress-acls,"Subnet with ""Allow All"" egress NACLs",A.5.15,Access control,164.312(a)(1),Access Control,CIS 3.3,Configure Data Access Control Lists,Sec 8(4),Reasonable security safeguards
433,vpc-subnet-with-allow-all-egress-acls,"Subnet with ""Allow All"" egress NACLs",A.5.15,Access control,164.312(a)(1),Access Control,CIS 3.3,Configure Data Access Control Lists,Sec 8(4),Reasonable security safeguards
434,vpc-subnet-with-allow-all-ingress-acls,"Subnet with ""Allow All"" ingress NACLs",A.5.15,Access control,164.312(a)(1),Access Control,CIS 3.3,Configure Data Access Control Lists,Sec 8(4),Reasonable security safeguards
435,vpc-subnet-with-allow-all-egress-acls,"Subnet with ""Allow All"" egress NACLs",A.5.15,Access control,164.312(a)(1),Access Control,CIS 3.3,Configure Data Access Control Lists,Sec 8(4),Reasonable security safeguards
436,ec2-security-group-opens-all-ports-to-self,Unrestricted Network Traffic within Security Group,A.8.20,Networks security,164.312(e)(1),Transmission Security,CIS 13.1,Centralize Security Event Alerting,Sec 8(4),Reasonable security safeguards
437,ec2-default-security-group-with-rules,Non-empty Rulesets for Default Security Groups,A.8.9,Configuration management,164.308(a)(6),Security Incident Procedures,CIS 13.1,Centralize Security Event Alerting,Sec 8(4),Reasonable security safeguards
438,ec2-security-group-opens-all-ports-to-self,Unrestricted Network Traffic within Security Group,A.8.20,Networks security,164.312(e)(1),Transmission Security,CIS 13.1,Centralize Security Event Alerting,Sec 8(4),Reasonable security safeguards
439,monitor_alert_create_update_sqlserver_fr,Subscription has an Activity Log alert for SQL Server firewall rule create or update events,A.5.15,Access control,164.308(a)(7),Contingency Plan,CIS 11.1,Establish and Maintain a Data Recovery Process,Sec 8(4),Reasonable security safeguards
440,monitor_alert_create_policy_assignment,Subscription has an Azure Monitor activity log alert for policy assignment creation,A.8.9,Configuration management,164.312(b),Audit Controls,CIS 13.1,Centralize Security Event Alerting,Sec 8(4),Reasonable security safeguards
441,defender_auto_provisioning_vulnerabilty_assessments_machines_on,All virtual machines in the subscription have a vulnerability assessment solution installed,A.5.15,Access control,164.308(a)(1),Security Management Process,CIS 8.2,Collect Audit Logs,Sec 8(4),Reasonable security safeguards
442,storage_smb_channel_encryption_with_secure_algorithm,Storage account uses AES-256-GCM for SMB channel encryption on file shares,A.8.5,Secure authentication,164.312(a)(2)(iv),Encryption and Decryption,CIS 12.2,Establish and Maintain a Secure Network Architecture,Sec 8(4),Reasonable security safeguards
443,storage_key_rotation_90_days,Storage account has access key expiration period set to 90 days or less,A.8.2,Privileged access rights,164.312(a)(1),Access Control,CIS 5.4,Restrict Administrator Privileges to Dedicated Admin Accounts,Sec 8(4),Reasonable security safeguards
444,storage_geo_redundant_enabled,"Azure Storage account uses geo-redundant replication (GRS, GZRS, RA-GRS, or RA-GZRS)",A.8.3,Information access restriction,164.312(a)(1),Access Control,CIS 3.3,Configure Data Access Control Lists,Sec 8(3),Third-party data sharing safeguards
445,storage_ensure_soft_delete_is_enabled,Storage account has soft delete for containers enabled,A.8.10,Information deletion,164.308(a)(1),Security Management Process,CIS 5.1,Establish and Maintain an Inventory of Accounts,Sec 8(5),Data retention limitation
446,storage_ensure_private_endpoints_in_storage_accounts,Storage account has private endpoint connections,A.8.3,Information access restriction,164.312(a)(1),Access Control,CIS 5.4,Restrict Administrator Privileges to Dedicated Admin Accounts,Sec 8(4),Reasonable security safeguards
447,storage_ensure_minimum_tls_version_12,Storage account minimum TLS version is 1.2,A.8.12,Data leakage prevention,164.308(a)(7),Contingency Plan,CIS 3.10,Encrypt Sensitive Data in Transit,Sec 8(3),Third-party data sharing safeguards
448,storage_default_to_entra_authorization_enabled,Storage account uses Microsoft Entra authorization by default,A.5.15,Access control,164.312(a)(1),Access Control,CIS 5.4,Restrict Administrator Privileges to Dedicated Admin Accounts,Sec 8(4),Reasonable security safeguards
449,storage_blob_versioning_is_enabled,Storage account has blob versioning enabled,A.8.2,Privileged access rights,164.308(a)(1),Security Management Process,CIS 5.1,Establish and Maintain an Inventory of Accounts,Sec 8(4),Reasonable security safeguards
450,sqlserver_va_scan_reports_configured,SQL server has Vulnerability Assessment enabled and scan report recipients configured,A.8.2,Privileged access rights,164.308(a)(1),Security Management Process,CIS 5.1,Establish and Maintain an Inventory of Accounts,Sec 8(4),Reasonable security safeguards
451,sqlserver_va_periodic_recurring_scans_enabled,SQL Server has Vulnerability Assessment periodic recurring scans enabled,A.8.20,Networks security,164.312(e)(1),Transmission Security,CIS 3.11,Encrypt Sensitive Data at Rest,Sec 8(4),Reasonable security safeguards
452,sqlserver_va_emails_notifications_admins_enabled,SQL Server has Vulnerability Assessment enabled and email notifications to subscription admins configured,A.8.9,Configuration management,164.308(a)(1),Security Management Process,CIS 4.1,Establish and Maintain a Secure Configuration Process,Sec 8(4),Reasonable security safeguards
453,sqlserver_azuread_administrator_enabled,SQL Server has an Azure Active Directory administrator configured,A.5.15,Access control,164.308(a)(1),Security Management Process,CIS 5.4,Restrict Administrator Privileges to Dedicated Admin Accounts,Sec 8(4),Reasonable security safeguards
454,sqlserver_auditing_retention_90_days,SQL server has auditing enabled with retention greater than 90 days,A.8.3,Information access restriction,164.308(a)(3),Workforce Security,CIS 5.4,Restrict Administrator Privileges to Dedicated Admin Accounts,Sec 8(5),Data retention limitation
455,network_vnet_ddos_protection_enabled,Virtual network has Azure DDoS Network Protection enabled,A.8.20,Networks security,164.312(e)(1),Transmission Security,CIS 12.2,Establish and Maintain a Secure Network Architecture,Sec 8(6),Breach notification
456,network_flow_log_more_than_90_days,Network Watcher has all flow logs enabled with retention set to 0 or at least 90 days,A.8.20,Networks security,164.312(e)(1),Transmission Security,CIS 8.2,Collect Audit Logs,Sec 8(5),Data retention limitation
457,network_flow_log_more_than_90_days,Network Watcher has all flow logs enabled with retention set to 0 or at least 90 days,A.8.20,Networks security,164.312(e)(1),Transmission Security,CIS 8.2,Collect Audit Logs,Sec 8(5),Data retention limitation
458,network_bastion_host_exists,Azure subscription has at least one Bastion Host,A.8.5,Secure authentication,164.308(a)(1),Security Management Process,CIS 3.10,Encrypt Sensitive Data in Transit,Sec 8(4),Reasonable security safeguards
459,monitor_alert_create_update_security_solution,Subscription has Activity Log alert for Security Solution create or update,A.8.9,Configuration management,164.308(a)(6),Security Incident Procedures,CIS 13.1,Centralize Security Event Alerting,Sec 8(4),Reasonable security safeguards
460,monitor_alert_delete_security_solution,Subscription has an Azure Monitor Activity Log alert for Microsoft.Security/securitySolutions delete operations,A.8.9,Configuration management,164.308(a)(6),Security Incident Procedures,CIS 13.1,Centralize Security Event Alerting,Sec 8(4),Reasonable security safeguards
461,network-security-groups-rule-inbound-RDP,Security Group Rules Allowing Inbound RDP Access,A.5.15,Access control,164.312(a)(1),Access Control,CIS 6.2,Establish an Access Revoking Process,Sec 8(4),Reasonable security safeguards
462,monitor_alert_delete_sqlserver_fr,Subscription has an Activity Log Alert for SQL Server firewall rule deletions,A.5.18,Access rights,164.308(a)(7),Contingency Plan,CIS 5.4,Restrict Administrator Privileges to Dedicated Admin Accounts,Sec 8(4),Reasonable security safeguards
463,network-security-groups-rule-inbound-UDP,Security Group Rules Allowing Inbound UDP Access,A.5.15,Access control,164.312(a)(1),Access Control,CIS 6.2,Establish an Access Revoking Process,Sec 8(4),Reasonable security safeguards
464,storage_smb_channel_encryption_with_secure_algorithm,Storage account uses AES-256-GCM for SMB channel encryption on file shares,A.8.5,Secure authentication,164.312(a)(2)(iv),Encryption and Decryption,CIS 12.2,Establish and Maintain a Secure Network Architecture,Sec 8(4),Reasonable security safeguards
465,storage_key_rotation_90_days,Storage account has access key expiration period set to 90 days or less,A.8.2,Privileged access rights,164.312(a)(1),Access Control,CIS 5.4,Restrict Administrator Privileges to Dedicated Admin Accounts,Sec 8(4),Reasonable security safeguards
466,storage_geo_redundant_enabled,"Azure Storage account uses geo-redundant replication (GRS, GZRS, RA-GRS, or RA-GZRS)",A.8.3,Information access restriction,164.312(a)(1),Access Control,CIS 3.3,Configure Data Access Control Lists,Sec 8(3),Third-party data sharing safeguards
467,storage_ensure_soft_delete_is_enabled,Storage account has soft delete for containers enabled,A.8.10,Information deletion,164.308(a)(1),Security Management Process,CIS 5.1,Establish and Maintain an Inventory of Accounts,Sec 8(5),Data retention limitation
468,storage_ensure_private_endpoints_in_storage_accounts,Storage account has private endpoint connections,A.8.3,Information access restriction,164.312(a)(1),Access Control,CIS 5.4,Restrict Administrator Privileges to Dedicated Admin Accounts,Sec 8(4),Reasonable security safeguards
469,storage_ensure_minimum_tls_version_12,Storage account minimum TLS version is 1.2,A.8.12,Data leakage prevention,164.308(a)(7),Contingency Plan,CIS 3.10,Encrypt Sensitive Data in Transit,Sec 8(3),Third-party data sharing safeguards
470,storage_default_to_entra_authorization_enabled,Storage account uses Microsoft Entra authorization by default,A.5.15,Access control,164.312(a)(1),Access Control,CIS 5.4,Restrict Administrator Privileges to Dedicated Admin Accounts,Sec 8(4),Reasonable security safeguards
471,storage_blob_versioning_is_enabled,Storage account has blob versioning enabled,A.8.2,Privileged access rights,164.308(a)(1),Security Management Process,CIS 5.1,Establish and Maintain an Inventory of Accounts,Sec 8(4),Reasonable security safeguards
472,sqlserver_va_scan_reports_configured,SQL server has Vulnerability Assessment enabled and scan report recipients configured,A.8.2,Privileged access rights,164.308(a)(1),Security Management Process,CIS 5.1,Establish and Maintain an Inventory of Accounts,Sec 8(4),Reasonable security safeguards
473,sqlserver_va_periodic_recurring_scans_enabled,SQL Server has Vulnerability Assessment periodic recurring scans enabled,A.8.20,Networks security,164.312(e)(1),Transmission Security,CIS 3.11,Encrypt Sensitive Data at Rest,Sec 8(4),Reasonable security safeguards
474,sqlserver_va_emails_notifications_admins_enabled,SQL Server has Vulnerability Assessment enabled and email notifications to subscription admins configured,A.8.9,Configuration management,164.308(a)(1),Security Management Process,CIS 4.1,Establish and Maintain a Secure Configuration Process,Sec 8(4),Reasonable security safeguards
475,sqlserver_azuread_administrator_enabled,SQL Server has an Azure Active Directory administrator configured,A.5.15,Access control,164.308(a)(1),Security Management Process,CIS 5.4,Restrict Administrator Privileges to Dedicated Admin Accounts,Sec 8(4),Reasonable security safeguards
476,sqlserver_auditing_retention_90_days,SQL server has auditing enabled with retention greater than 90 days,A.8.3,Information access restriction,164.308(a)(3),Workforce Security,CIS 5.4,Restrict Administrator Privileges to Dedicated Admin Accounts,Sec 8(5),Data retention limitation
477,network_vnet_ddos_protection_enabled,Virtual network has Azure DDoS Network Protection enabled,A.8.20,Networks security,164.312(e)(1),Transmission Security,CIS 12.2,Establish and Maintain a Secure Network Architecture,Sec 8(6),Breach notification
478,network_flow_log_more_than_90_days,Network Watcher has all flow logs enabled with retention set to 0 or at least 90 days,A.8.20,Networks security,164.312(e)(1),Transmission Security,CIS 8.2,Collect Audit Logs,Sec 8(5),Data retention limitation
479,network_flow_log_more_than_90_days,Network Watcher has all flow logs enabled with retention set to 0 or at least 90 days,A.8.20,Networks security,164.312(e)(1),Transmission Security,CIS 8.2,Collect Audit Logs,Sec 8(5),Data retention limitation
480,network_bastion_host_exists,Azure subscription has at least one Bastion Host,A.8.5,Secure authentication,164.308(a)(1),Security Management Process,CIS 3.10,Encrypt Sensitive Data in Transit,Sec 8(4),Reasonable security safeguards
481,ec2-security-group-opens-all-ports-to-self,Unrestricted Network Traffic within Security Group,A.8.20,Networks security,164.312(e)(1),Transmission Security,CIS 13.1,Centralize Security Event Alerting,Sec 8(4),Reasonable security safeguards
482,monitor_alert_service_health_exists,Azure subscription has an enabled Activity Log alert for Service Health incidents,A.5.15,Access control,164.312(b),Audit Controls,CIS 8.2,Collect Audit Logs,Sec 8(4),Reasonable security safeguards
483,monitor_alert_delete_sqlserver_fr,Subscription has an Activity Log Alert for SQL Server firewall rule deletions,A.5.18,Access rights,164.308(a)(7),Contingency Plan,CIS 5.4,Restrict Administrator Privileges to Dedicated Admin Accounts,Sec 8(4),Reasonable security safeguards
484,monitor_alert_delete_security_solution,Subscription has an Azure Monitor Activity Log alert for Microsoft.Security/securitySolutions delete operations,A.8.9,Configuration management,164.308(a)(6),Security Incident Procedures,CIS 13.1,Centralize Security Event Alerting,Sec 8(4),Reasonable security safeguards
485,monitor_alert_create_update_sqlserver_fr,Subscription has an Activity Log alert for SQL Server firewall rule create or update events,A.5.15,Access control,164.308(a)(7),Contingency Plan,CIS 11.1,Establish and Maintain a Data Recovery Process,Sec 8(4),Reasonable security safeguards
486,cloudwatch_log_metric_filter_unauthorized_api_calls,CloudWatch Logs metric filter and alarm exist for unauthorized API calls,A.8.15,Logging,164.308(a)(3),Workforce Security,CIS 8.2,Collect Audit Logs,Sec 8(4),Reasonable security safeguards
487,cloudwatch_log_metric_filter_sign_in_without_mfa,CloudWatch log metric filter and alarm exist for Management Console sign-in without MFA,A.8.15,Logging,164.308(a)(1),Security Management Process,CIS 13.1,Centralize Security Event Alerting,Sec 8(4),Reasonable security safeguards
488,cloudwatch_log_metric_filter_security_group_changes,CloudWatch Logs metric filter and alarm exist for security group changes,A.8.9,Configuration management,164.308(a)(6),Security Incident Procedures,CIS 8.2,Collect Audit Logs,Sec 8(4),Reasonable security safeguards
489,cloudwatch_log_metric_filter_root_usage,Account has a CloudWatch Logs metric filter and alarm for root account usage,A.8.2,Privileged access rights,164.312(b),Audit Controls,CIS 8.2,Collect Audit Logs,Sec 8(4),Reasonable security safeguards
490,cloudwatch_log_metric_filter_policy_changes,CloudWatch Logs metric filter and alarm exist for IAM policy changes,A.8.3,Information access restriction,164.308(a)(1),Security Management Process,CIS 13.1,Centralize Security Event Alerting,Sec 8(4),Reasonable security safeguards
491,cloudwatch_log_metric_filter_for_s3_bucket_policy_changes,CloudWatch log metric filter and alarm exist for S3 bucket policy changes,A.8.9,Configuration management,164.308(a)(1),Security Management Process,CIS 8.2,Collect Audit Logs,Sec 8(4),Reasonable security safeguards
492,cloudwatch_log_metric_filter_disable_or_scheduled_deletion_of_kms_cmk,Account has a CloudWatch log metric filter and alarm for disabling or scheduled deletion of customer-managed KMS keys,A.8.15,Logging,164.308(a)(1),Security Management Process,CIS 3.3,Configure Data Access Control Lists,Sec 8(4),Reasonable security safeguards
493,cloudwatch_log_metric_filter_aws_organizations_changes,CloudWatch Logs metric filter and alarm exist for AWS Organizations changes,A.8.15,Logging,164.308(a)(7),Contingency Plan,CIS 8.2,Collect Audit Logs,Sec 8(4),Reasonable security safeguards
494,cloudwatch_log_metric_filter_authentication_failures,Account has a CloudWatch Logs metric filter and alarm for AWS Management Console authentication failures,A.5.17,Authentication information,164.312(d),Person or Entity Authentication,CIS 8.2,Collect Audit Logs,Sec 8(4),Reasonable security safeguards
495,cloudwatch_log_metric_filter_and_alarm_for_cloudtrail_configuration_changes_enabled,CloudWatch Logs metric filter and alarm exist for CloudTrail configuration changes,A.8.15,Logging,164.308(a)(1),Security Management Process,CIS 8.2,Collect Audit Logs,Sec 8(4),Reasonable security safeguards
496,cloudwatch_log_metric_filter_and_alarm_for_aws_config_configuration_changes_enabled,CloudWatch Logs metric filter and alarm exist for AWS Config configuration changes,A.8.15,Logging,164.308(a)(1),Security Management Process,CIS 8.2,Collect Audit Logs,Sec 8(4),Reasonable security safeguards
497,cloudwatch_changes_to_vpcs_alarm_configured,AWS account has a CloudWatch Logs metric filter and alarm for VPC changes,A.8.15,Logging,164.312(e)(1),Transmission Security,CIS 8.2,Collect Audit Logs,Sec 8(4),Reasonable security safeguards
498,cloudwatch_changes_to_network_route_tables_alarm_configured,Account monitors VPC route table changes with a CloudWatch Logs metric filter and alarm,A.8.15,Logging,164.308(a)(1),Security Management Process,CIS 8.2,Collect Audit Logs,Sec 8(4),Reasonable security safeguards
499,cloudwatch_changes_to_network_gateways_alarm_configured,CloudWatch Logs metric filter and alarm exist for changes to network gateways,A.8.15,Logging,164.312(e)(1),Transmission Security,CIS 8.2,Collect Audit Logs,Sec 8(4),Reasonable security safeguards
500,cloudwatch_changes_to_network_acls_alarm_configured,CloudWatch log metric filter and alarm exist for Network ACL (NACL) change events,A.8.15,Logging,164.312(e)(1),Transmission Security,CIS 8.2,Collect Audit Logs,Sec 8(4),Reasonable security safeguards
501,cloudtrail_logs_s3_bucket_access_logging_enabled,CloudTrail trail destination S3 bucket has access logging enabled,A.8.15,Logging,164.312(b),Audit Controls,CIS 8.2,Collect Audit Logs,Sec 8(4),Reasonable security safeguards
502,cloudtrail_log_file_validation_enabled,CloudTrail trail has log file validation enabled,A.5.15,Access control,164.312(c)(1),Integrity,CIS 3.3,Configure Data Access Control Lists,Sec 8(4),Reasonable security safeguards
503,cloudtrail_kms_encryption_enabled,CloudTrail trail logs are encrypted at rest with a KMS key,A.8.24,Use of cryptography,164.312(a)(2)(iv),Encryption and Decryption,CIS 3.11,Encrypt Sensitive Data at Rest,Sec 8(4),Reasonable security safeguards
504,cloudtrail_bucket_requires_mfa_delete,CloudTrail trail S3 bucket has MFA delete enabled,A.8.15,Logging,164.308(a)(1),Security Management Process,CIS 4.1,Establish and Maintain a Secure Configuration Process,Sec 8(4),Reasonable security safeguards
505,ec2_ebs_volume_protected_by_backup_plan,EBS volume is protected by a backup plan,A.8.13,Information backup,164.308(a)(7),Contingency Plan,CIS 11.1,Establish and Maintain a Data Recovery Process,Sec 8(4),Reasonable security safeguards
506,ec2_instance_with_outdated_ami,EC2 instance uses a non-deprecated Amazon AMI,A.5.15,Access control,164.308(a)(1),Security Management Process,CIS 3.10,Encrypt Sensitive Data in Transit,Sec 8(4),Reasonable security safeguards
507,ec2_securitygroup_from_launch_wizard,Security group not created using the EC2 Launch Wizard,A.8.20,Networks security,164.308(a)(6),Security Incident Procedures,CIS 8.5,Collect Detailed Audit Logs,Sec 8(4),Reasonable security safeguards
508,s3_bucket_no_mfa_delete,S3 bucket has MFA Delete enabled,A.8.9,Configuration management,164.308(a)(1),Security Management Process,CIS 4.1,Establish and Maintain a Secure Configuration Process,Sec 8(6),Breach notification
509,monitor_alert_create_update_security_solution,Subscription has Activity Log alert for Security Solution create or update,A.8.9,Configuration management,164.308(a)(6),Security Incident Procedures,CIS 13.1,Centralize Security Event Alerting,Sec 8(4),Reasonable security safeguards
510,monitor_alert_create_policy_assignment,Subscription has an Azure Monitor activity log alert for policy assignment creation,A.8.9,Configuration management,164.312(b),Audit Controls,CIS 13.1,Centralize Security Event Alerting,Sec 8(4),Reasonable security safeguards
511,vpc_flow_logs_enabled,VPC flow logs are enabled,A.8.15,Logging,164.312(e)(1),Transmission Security,CIS 8.2,Collect Audit Logs,Sec 8(4),Reasonable security safeguards
512,vpc_endpoint_for_ec2_enabled,VPC has an Amazon EC2 VPC endpoint,A.5.15,Access control,164.308(a)(1),Security Management Process,CIS 3.3,Configure Data Access Control Lists,Sec 8(4),Reasonable security safeguards
513,vpc_different_regions,VPCs are present in more than one region,A.8.20,Networks security,164.312(e)(1),Transmission Security,CIS 12.2,Establish and Maintain a Secure Network Architecture,Sec 8(4),Reasonable security safeguards
514,s3_bucket_server_access_logging_enabled,S3 bucket has server access logging enabled,A.8.3,Information access restriction,164.312(a)(1),Access Control,CIS 8.2,Collect Audit Logs,Sec 8(4),Reasonable security safeguards
515,s3_bucket_secure_transport_policy,S3 bucket policy denies requests over insecure transport,A.8.3,Information access restriction,164.312(a)(1),Access Control,CIS 12.2,Establish and Maintain a Secure Network Architecture,Sec 8(4),Reasonable security safeguards
516,s3_bucket_object_versioning,S3 bucket has object versioning enabled,A.5.15,Access control,164.308(a)(1),Security Management Process,CIS 8.2,Collect Audit Logs,Sec 8(5),Data retention limitation
517,s3_bucket_kms_encryption,S3 bucket has server-side encryption with AWS KMS,A.8.24,Use of cryptography,164.312(e)(1),Transmission Security,CIS 3.10,Encrypt Sensitive Data in Transit,Sec 8(4),Reasonable security safeguards
518,rds_instance_backup_enabled,RDS instance has backup retention period greater than 0 days,A.8.13,Information backup,164.308(a)(7),Contingency Plan,CIS 11.1,Establish and Maintain a Data Recovery Process,Sec 8(5),Data retention limitation
519,rds_instance_multi_az,RDS instance has Multi-AZ enabled,A.8.9,Configuration management,164.308(a)(1),Security Management Process,CIS 4.1,Establish and Maintain a Secure Configuration Process,Sec 8(4),Reasonable security safeguards
520,rds_instance_integration_cloudwatch_logs,RDS instance exports logs to CloudWatch Logs,A.8.15,Logging,164.312(b),Audit Controls,CIS 8.2,Collect Audit Logs,Sec 8(4),Reasonable security safeguards
521,rds_instance_iam_authentication_enabled,RDS instance has IAM database authentication enabled,A.5.17,Authentication information,164.312(d),Person or Entity Authentication,CIS 3.10,Encrypt Sensitive Data in Transit,Sec 8(4),Reasonable security safeguards
522,rds_instance_extended_support,RDS instance is not enrolled in RDS Extended Support,A.5.15,Access control,164.308(a)(1),Security Management Process,CIS 8.5,Collect Detailed Audit Logs,Sec 8(4),Reasonable security safeguards
523,rds_instance_event_subscription_security_groups,RDS event subscription for DB security groups is enabled for configuration change and failure events,A.8.9,Configuration management,164.308(a)(6),Security Incident Procedures,CIS 13.1,Centralize Security Event Alerting,Sec 8(6),Breach notification
524,rds_instance_deletion_protection,RDS instance has deletion protection enabled,A.8.10,Information deletion,164.308(a)(1),Security Management Process,CIS 3.10,Encrypt Sensitive Data in Transit,Sec 8(6),Breach notification
525,rds_instance_default_admin,RDS instance does not use the default master username (admin or postgres),A.8.2,Privileged access rights,164.312(a)(1),Access Control,CIS 5.4,Restrict Administrator Privileges to Dedicated Admin Accounts,Sec 8(4),Reasonable security safeguards
526,rds_instance_critical_event_subscription,"RDS instance event subscription is enabled for maintenance, configuration change, and failure categories",A.8.15,Logging,164.308(a)(1),Security Management Process,CIS 13.1,Centralize Security Event Alerting,Sec 8(6),Breach notification
527,network-security-groups-rule-inbound-SSH,Security Group Rules Allowing Inbound SSH Access,A.5.15,Access control,164.312(a)(1),Access Control,CIS 6.2,Establish an Access Revoking Process,Sec 8(4),Reasonable security safeguards
528,monitor_alert_service_health_exists,Azure subscription has an enabled Activity Log alert for Service Health incidents,A.5.15,Access control,164.312(b),Audit Controls,CIS 8.2,Collect Audit Logs,Sec 8(4),Reasonable security safeguards
529,vpc-subnet-without-flow-log,Subnet without a Flow Log,A.5.15,Access control,164.308(a)(1),Security Management Process,CIS 13.1,Centralize Security Event Alerting,Sec 8(4),Reasonable security safeguards
530,ec2-default-security-group-with-rules,Non-empty Rulesets for Default Security Groups,A.8.9,Configuration management,164.308(a)(6),Security Incident Procedures,CIS 13.1,Centralize Security Event Alerting,Sec 8(4),Reasonable security safeguards
531,ec2-default-security-group-with-rules,Non-empty Rulesets for Default Security Groups,A.8.9,Configuration management,164.308(a)(6),Security Incident Procedures,CIS 13.1,Centralize Security Event Alerting,Sec 8(4),Reasonable security safeguards
532,ec2-default-security-group-with-rules,Non-empty Rulesets for Default Security Groups,A.8.9,Configuration management,164.308(a)(6),Security Incident Procedures,CIS 13.1,Centralize Security Event Alerting,Sec 8(4),Reasonable security safeguards
533,ec2-default-security-group-with-rules,Non-empty Rulesets for Default Security Groups,A.8.9,Configuration management,164.308(a)(6),Security Incident Procedures,CIS 13.1,Centralize Security Event Alerting,Sec 8(4),Reasonable security safeguards
534,ec2-default-security-group-with-rules,Non-empty Rulesets for Default Security Groups,A.8.9,Configuration management,164.308(a)(6),Security Incident Procedures,CIS 13.1,Centralize Security Event Alerting,Sec 8(4),Reasonable security safeguards
535,vpc-subnet-without-flow-log,Subnet without a Flow Log,A.5.15,Access control,164.308(a)(1),Security Management Process,CIS 13.1,Centralize Security Event Alerting,Sec 8(4),Reasonable security safeguards
536,ec2-default-security-group-with-rules,Non-empty Rulesets for Default Security Groups,A.8.9,Configuration management,164.308(a)(6),Security Incident Procedures,CIS 13.1,Centralize Security Event Alerting,Sec 8(4),Reasonable security safeguards
537,ec2-default-security-group-with-rules,Non-empty Rulesets for Default Security Groups,A.8.9,Configuration management,164.308(a)(6),Security Incident Procedures,CIS 13.1,Centralize Security Event Alerting,Sec 8(4),Reasonable security safeguards
538,vpc-subnet-without-flow-log,Subnet without a Flow Log,A.5.15,Access control,164.308(a)(1),Security Management Process,CIS 13.1,Centralize Security Event Alerting,Sec 8(4),Reasonable security safeguards
539,ec2-default-security-group-with-rules,Non-empty Rulesets for Default Security Groups,A.8.9,Configuration management,164.308(a)(6),Security Incident Procedures,CIS 13.1,Centralize Security Event Alerting,Sec 8(4),Reasonable security safeguards
540,vpc-subnet-without-flow-log,Subnet without a Flow Log,A.5.15,Access control,164.308(a)(1),Security Management Process,CIS 13.1,Centralize Security Event Alerting,Sec 8(4),Reasonable security safeguards
541,vpc-subnet-without-flow-log,Subnet without a Flow Log,A.5.15,Access control,164.308(a)(1),Security Management Process,CIS 13.1,Centralize Security Event Alerting,Sec 8(4),Reasonable security safeguards
542,vpc-subnet-without-flow-log,Subnet without a Flow Log,A.5.15,Access control,164.308(a)(1),Security Management Process,CIS 13.1,Centralize Security Event Alerting,Sec 8(4),Reasonable security safeguards
543,vpc-subnet-without-flow-log,Subnet without a Flow Log,A.5.15,Access control,164.308(a)(1),Security Management Process,CIS 13.1,Centralize Security Event Alerting,Sec 8(4),Reasonable security safeguards
544,vpc-subnet-without-flow-log,Subnet without a Flow Log,A.5.15,Access control,164.308(a)(1),Security Management Process,CIS 13.1,Centralize Security Event Alerting,Sec 8(4),Reasonable security safeguards
545,vpc-subnet-without-flow-log,Subnet without a Flow Log,A.5.15,Access control,164.308(a)(1),Security Management Process,CIS 13.1,Centralize Security Event Alerting,Sec 8(4),Reasonable security safeguards
546,ec2-default-security-group-with-rules,Non-empty Rulesets for Default Security Groups,A.8.9,Configuration management,164.308(a)(6),Security Incident Procedures,CIS 13.1,Centralize Security Event Alerting,Sec 8(4),Reasonable security safeguards
547,ec2-default-security-group-with-rules,Non-empty Rulesets for Default Security Groups,A.8.9,Configuration management,164.308(a)(6),Security Incident Procedures,CIS 13.1,Centralize Security Event Alerting,Sec 8(4),Reasonable security safeguards
548,ec2-default-security-group-with-rules,Non-empty Rulesets for Default Security Groups,A.8.9,Configuration management,164.308(a)(6),Security Incident Procedures,CIS 13.1,Centralize Security Event Alerting,Sec 8(4),Reasonable security safeguards
549,ec2-default-security-group-with-rules,Non-empty Rulesets for Default Security Groups,A.8.9,Configuration management,164.308(a)(6),Security Incident Procedures,CIS 13.1,Centralize Security Event Alerting,Sec 8(4),Reasonable security safeguards
550,ec2-default-security-group-with-rules,Non-empty Rulesets for Default Security Groups,A.8.9,Configuration management,164.308(a)(6),Security Incident Procedures,CIS 13.1,Centralize Security Event Alerting,Sec 8(4),Reasonable security safeguards
551,ec2-default-security-group-with-rules,Non-empty Rulesets for Default Security Groups,A.8.9,Configuration management,164.308(a)(6),Security Incident Procedures,CIS 13.1,Centralize Security Event Alerting,Sec 8(4),Reasonable security safeguards
552,ec2-default-security-group-with-rules,Non-empty Rulesets for Default Security Groups,A.8.9,Configuration management,164.308(a)(6),Security Incident Procedures,CIS 13.1,Centralize Security Event Alerting,Sec 8(4),Reasonable security safeguards
553,ec2-default-security-group-with-rules,Non-empty Rulesets for Default Security Groups,A.8.9,Configuration management,164.308(a)(6),Security Incident Procedures,CIS 13.1,Centralize Security Event Alerting,Sec 8(4),Reasonable security safeguards
554,ec2-default-security-group-with-rules,Non-empty Rulesets for Default Security Groups,A.8.9,Configuration management,164.308(a)(6),Security Incident Procedures,CIS 13.1,Centralize Security Event Alerting,Sec 8(4),Reasonable security safeguards
555,ec2-default-security-group-with-rules,Non-empty Rulesets for Default Security Groups,A.8.9,Configuration management,164.308(a)(6),Security Incident Procedures,CIS 13.1,Centralize Security Event Alerting,Sec 8(4),Reasonable security safeguards
556,ec2-default-security-group-with-rules,Non-empty Rulesets for Default Security Groups,A.8.9,Configuration management,164.308(a)(6),Security Incident Procedures,CIS 13.1,Centralize Security Event Alerting,Sec 8(4),Reasonable security safeguards
557,cloudtrail_log_file_validation_disabled,CloudTrail Log File Validation Disabled,A.5.15,Access control,164.312(c)(1),Integrity,CIS 3.3,Configure Data Access Control Lists,Sec 8(4),Reasonable security safeguards
558,ec2-default-security-group-with-rules,Non-empty Rulesets for Default Security Groups,A.8.9,Configuration management,164.308(a)(6),Security Incident Procedures,CIS 13.1,Centralize Security Event Alerting,Sec 8(4),Reasonable security safeguards
559,ec2-default-security-group-with-rules,Non-empty Rulesets for Default Security Groups,A.8.9,Configuration management,164.308(a)(6),Security Incident Procedures,CIS 13.1,Centralize Security Event Alerting,Sec 8(4),Reasonable security safeguards
560,ec2-default-security-group-with-rules,Non-empty Rulesets for Default Security Groups,A.8.9,Configuration management,164.308(a)(6),Security Incident Procedures,CIS 13.1,Centralize Security Event Alerting,Sec 8(4),Reasonable security safeguards
561,ec2-default-security-group-with-rules,Non-empty Rulesets for Default Security Groups,A.8.9,Configuration management,164.308(a)(6),Security Incident Procedures,CIS 13.1,Centralize Security Event Alerting,Sec 8(4),Reasonable security safeguards
562,ec2-default-security-group-with-rules,Non-empty Rulesets for Default Security Groups,A.8.9,Configuration management,164.308(a)(6),Security Incident Procedures,CIS 13.1,Centralize Security Event Alerting,Sec 8(4),Reasonable security safeguards
563,ec2-default-security-group-with-rules,Non-empty Rulesets for Default Security Groups,A.8.9,Configuration management,164.308(a)(6),Security Incident Procedures,CIS 13.1,Centralize Security Event Alerting,Sec 8(4),Reasonable security safeguards
564,ec2-default-security-group-with-rules,Non-empty Rulesets for Default Security Groups,A.8.9,Configuration management,164.308(a)(6),Security Incident Procedures,CIS 13.1,Centralize Security Event Alerting,Sec 8(4),Reasonable security safeguards
565,ec2-default-security-group-with-rules,Non-empty Rulesets for Default Security Groups,A.8.9,Configuration management,164.308(a)(6),Security Incident Procedures,CIS 13.1,Centralize Security Event Alerting,Sec 8(4),Reasonable security safeguards
566,vpc-subnet-without-flow-log,Subnet without a Flow Log,A.5.15,Access control,164.308(a)(1),Security Management Process,CIS 13.1,Centralize Security Event Alerting,Sec 8(4),Reasonable security safeguards
567,ec2-default-security-group-with-rules,Non-empty Rulesets for Default Security Groups,A.8.9,Configuration management,164.308(a)(6),Security Incident Procedures,CIS 13.1,Centralize Security Event Alerting,Sec 8(4),Reasonable security safeguards
568,ec2-default-security-group-with-rules,Non-empty Rulesets for Default Security Groups,A.8.9,Configuration management,164.308(a)(6),Security Incident Procedures,CIS 13.1,Centralize Security Event Alerting,Sec 8(4),Reasonable security safeguards
569,cloudtrail-no-cloudwatch-integration,Trail Is Not Integrated with CloudWatch,A.5.15,Access control,164.308(a)(1),Security Management Process,CIS 3.3,Configure Data Access Control Lists,Sec 8(4),Reasonable security safeguards
570,storage_min_tls_outdated,Storage Account Minimum TLS Version Below 1.2,A.8.20,Networks security,164.308(a)(1),Security Management Process,CIS 3.10,Encrypt Sensitive Data in Transit,Sec 8(4),Reasonable security safeguards
571,sql_auditing_disabled,SQL Server Auditing Disabled,A.5.15,Access control,164.308(a)(1),Security Management Process,CIS 8.2,Collect Audit Logs,Sec 8(4),Reasonable security safeguards
572,ec2-ebs-default-encryption-disabled,EBS Encryption By Default Is Disabled,A.8.24,Use of cryptography,164.312(a)(2)(iv),Encryption and Decryption,CIS 3.10,Encrypt Sensitive Data in Transit,Sec 8(4),Reasonable security safeguards
573,ec2-ebs-default-encryption-disabled,EBS Encryption By Default Is Disabled,A.8.24,Use of cryptography,164.312(a)(2)(iv),Encryption and Decryption,CIS 3.10,Encrypt Sensitive Data in Transit,Sec 8(4),Reasonable security safeguards
574,network-security-groups-rule-inbound-MsSQL,Security Group Rules Allowing Inbound MsSQL Access,A.5.15,Access control,164.312(a)(1),Access Control,CIS 6.2,Establish an Access Revoking Process,Sec 8(4),Reasonable security safeguards
575,ec2-ebs-default-encryption-disabled,EBS Encryption By Default Is Disabled,A.8.24,Use of cryptography,164.312(a)(2)(iv),Encryption and Decryption,CIS 3.10,Encrypt Sensitive Data in Transit,Sec 8(4),Reasonable security safeguards
576,ec2-ebs-default-encryption-disabled,EBS Encryption By Default Is Disabled,A.8.24,Use of cryptography,164.312(a)(2)(iv),Encryption and Decryption,CIS 3.10,Encrypt Sensitive Data in Transit,Sec 8(4),Reasonable security safeguards
577,ec2-ebs-default-encryption-disabled,EBS Encryption By Default Is Disabled,A.8.24,Use of cryptography,164.312(a)(2)(iv),Encryption and Decryption,CIS 3.10,Encrypt Sensitive Data in Transit,Sec 8(4),Reasonable security safeguards
578,s3_default_encryption_weak,S3 Default Encryption Missing/Weak Configuration,A.8.24,Use of cryptography,164.312(a)(2)(iv),Encryption and Decryption,CIS 3.11,Encrypt Sensitive Data at Rest,Sec 8(4),Reasonable security safeguards
579,ec2-ebs-default-encryption-disabled,EBS Encryption By Default Is Disabled,A.8.24,Use of cryptography,164.312(a)(2)(iv),Encryption and Decryption,CIS 3.10,Encrypt Sensitive Data in Transit,Sec 8(4),Reasonable security safeguards
580,s3_versioning_suspended,S3 Bucket Versioning Suspended,A.5.15,Access control,164.308(a)(1),Security Management Process,CIS 3.3,Configure Data Access Control Lists,Sec 8(4),Reasonable security safeguards
581,cloudtrail_logs_not_kms_encrypted,CloudTrail Logs Not Encrypted with Customer-Managed KMS Key,A.8.2,Privileged access rights,164.312(a)(2)(iv),Encryption and Decryption,CIS 3.10,Encrypt Sensitive Data in Transit,Sec 8(4),Reasonable security safeguards
582,ec2-ebs-default-encryption-disabled,EBS Encryption By Default Is Disabled,A.8.24,Use of cryptography,164.312(a)(2)(iv),Encryption and Decryption,CIS 3.10,Encrypt Sensitive Data in Transit,Sec 8(4),Reasonable security safeguards
583,cloudtrail_global_service_events_disabled,CloudTrail Does Not Log Global Service Events,A.5.16,Identity management,164.308(a)(1),Security Management Process,CIS 8.2,Collect Audit Logs,Sec 8(4),Reasonable security safeguards
584,ec2-ebs-default-encryption-disabled,EBS Encryption By Default Is Disabled,A.8.24,Use of cryptography,164.312(a)(2)(iv),Encryption and Decryption,CIS 3.10,Encrypt Sensitive Data in Transit,Sec 8(4),Reasonable security safeguards
585,storage_shared_key_access_default,Storage Account Defaults to Shared Key Auth Instead of Entra ID,A.8.20,Networks security,164.308(a)(1),Security Management Process,CIS 12.2,Establish and Maintain a Secure Network Architecture,Sec 8(3),Third-party data sharing safeguards
586,cloudtrail-no-data-logging,Data Events Logging Not Configured,A.8.15,Logging,164.308(a)(7),Contingency Plan,CIS 3.10,Encrypt Sensitive Data in Transit,Sec 8(3),Third-party data sharing safeguards
587,ec2-ebs-default-encryption-disabled,EBS Encryption By Default Is Disabled,A.8.24,Use of cryptography,164.312(a)(2)(iv),Encryption and Decryption,CIS 3.10,Encrypt Sensitive Data in Transit,Sec 8(4),Reasonable security safeguards
588,vpc-subnet-without-flow-log,Subnet without a Flow Log,A.5.15,Access control,164.308(a)(1),Security Management Process,CIS 13.1,Centralize Security Event Alerting,Sec 8(4),Reasonable security safeguards
589,ec2-default-security-group-with-rules,Non-empty Rulesets for Default Security Groups,A.8.9,Configuration management,164.308(a)(6),Security Incident Procedures,CIS 13.1,Centralize Security Event Alerting,Sec 8(4),Reasonable security safeguards
590,ec2-default-security-group-with-rules,Non-empty Rulesets for Default Security Groups,A.8.9,Configuration management,164.308(a)(6),Security Incident Procedures,CIS 13.1,Centralize Security Event Alerting,Sec 8(4),Reasonable security safeguards
591,ec2-default-security-group-with-rules,Non-empty Rulesets for Default Security Groups,A.8.9,Configuration management,164.308(a)(6),Security Incident Procedures,CIS 13.1,Centralize Security Event Alerting,Sec 8(4),Reasonable security safeguards
592,ec2-default-security-group-with-rules,Non-empty Rulesets for Default Security Groups,A.8.9,Configuration management,164.308(a)(6),Security Incident Procedures,CIS 13.1,Centralize Security Event Alerting,Sec 8(4),Reasonable security safeguards
593,ec2-default-security-group-with-rules,Non-empty Rulesets for Default Security Groups,A.8.9,Configuration management,164.308(a)(6),Security Incident Procedures,CIS 13.1,Centralize Security Event Alerting,Sec 8(4),Reasonable security safeguards
594,ec2-ebs-default-encryption-disabled,EBS Encryption By Default Is Disabled,A.8.24,Use of cryptography,164.312(a)(2)(iv),Encryption and Decryption,CIS 3.10,Encrypt Sensitive Data in Transit,Sec 8(4),Reasonable security safeguards
595,ec2-ebs-default-encryption-disabled,EBS Encryption By Default Is Disabled,A.8.24,Use of cryptography,164.312(a)(2)(iv),Encryption and Decryption,CIS 3.10,Encrypt Sensitive Data in Transit,Sec 8(4),Reasonable security safeguards
596,ec2-default-security-group-with-rules,Non-empty Rulesets for Default Security Groups,A.8.9,Configuration management,164.308(a)(6),Security Incident Procedures,CIS 13.1,Centralize Security Event Alerting,Sec 8(4),Reasonable security safeguards
597,ec2-ebs-default-encryption-disabled,EBS Encryption By Default Is Disabled,A.8.24,Use of cryptography,164.312(a)(2)(iv),Encryption and Decryption,CIS 3.10,Encrypt Sensitive Data in Transit,Sec 8(4),Reasonable security safeguards
598,ec2-ebs-default-encryption-disabled,EBS Encryption By Default Is Disabled,A.8.24,Use of cryptography,164.312(a)(2)(iv),Encryption and Decryption,CIS 3.10,Encrypt Sensitive Data in Transit,Sec 8(4),Reasonable security safeguards
599,ec2-ebs-default-encryption-disabled,EBS Encryption By Default Is Disabled,A.8.24,Use of cryptography,164.312(a)(2)(iv),Encryption and Decryption,CIS 3.10,Encrypt Sensitive Data in Transit,Sec 8(4),Reasonable security safeguards
600,ec2-ebs-default-encryption-disabled,EBS Encryption By Default Is Disabled,A.8.24,Use of cryptography,164.312(a)(2)(iv),Encryption and Decryption,CIS 3.10,Encrypt Sensitive Data in Transit,Sec 8(4),Reasonable security safeguards
601,ec2-ebs-default-encryption-disabled,EBS Encryption By Default Is Disabled,A.8.24,Use of cryptography,164.312(a)(2)(iv),Encryption and Decryption,CIS 3.10,Encrypt Sensitive Data in Transit,Sec 8(4),Reasonable security safeguards
602,ec2-ebs-default-encryption-disabled,EBS Encryption By Default Is Disabled,A.8.24,Use of cryptography,164.312(a)(2)(iv),Encryption and Decryption,CIS 3.10,Encrypt Sensitive Data in Transit,Sec 8(4),Reasonable security safeguards
603,cloudtrail-partial-data-logging,Data Logging Configuration Not Covering All Resources,A.8.12,Data leakage prevention,164.308(a)(7),Contingency Plan,CIS 3.10,Encrypt Sensitive Data in Transit,Sec 8(3),Third-party data sharing safeguards
604,config_delegated_admin_and_org_aggregator_all_regions,AWS Config has a delegated administrator and an organization aggregator covering all AWS regions,A.8.9,Configuration management,164.308(a)(1),Security Management Process,CIS 4.1,Establish and Maintain a Secure Configuration Process,Sec 8(4),Reasonable security safeguards
605,organizations_scp_check_deny_regions,AWS Organization restricts operations to only the configured AWS Regions with SCP policies,A.8.3,Information access restriction,164.312(a)(1),Access Control,CIS 5.4,Restrict Administrator Privileges to Dedicated Admin Accounts,Sec 8(4),Reasonable security safeguards
606,vm_linux_enforce_ssh_authentication,Linux Virtual Machine has password authentication disabled (SSH key authentication enforced),A.5.17,Authentication information,164.312(d),Person or Entity Authentication,CIS 4.1,Establish and Maintain a Secure Configuration Process,Sec 8(4),Reasonable security safeguards
607,nsg_not_attached,Subnet Has No NSG Attached,A.8.20,Networks security,164.312(e)(1),Transmission Security,CIS 13.1,Centralize Security Event Alerting,Sec 8(4),Reasonable security safeguards
608,vm_password_auth_enabled,VM Allows SSH Password Authentication,A.5.17,Authentication information,164.312(d),Person or Entity Authentication,CIS 8.2,Collect Audit Logs,Sec 8(4),Reasonable security safeguards
609,vm_ensure_using_approved_images,Virtual Machine uses an approved custom machine image,A.8.24,Use of cryptography,164.308(a)(1),Security Management Process,CIS 3.3,Configure Data Access Control Lists,Sec 8(4),Reasonable security safeguards
610,nsg_not_attached,Subnet Has No NSG Attached,A.8.20,Networks security,164.312(e)(1),Transmission Security,CIS 13.1,Centralize Security Event Alerting,Sec 8(4),Reasonable security safeguards
611,vm_backup_enabled,Virtual Machine is protected by Azure Backup,A.8.13,Information backup,164.308(a)(7),Contingency Plan,CIS 11.1,Establish and Maintain a Data Recovery Process,Sec 8(6),Breach notification
612,sql_diagnostic_setting_missing,SQL database Diagnostic Logging Not Configured,A.8.15,Logging,164.308(a)(1),Security Management Process,CIS 8.2,Collect Audit Logs,Sec 8(4),Reasonable security safeguards
613,aad-users-create-security-groups-disabled,Users Can Create Security Group Enabled,A.8.9,Configuration management,164.308(a)(6),Security Incident Procedures,CIS 13.1,Centralize Security Event Alerting,Sec 8(4),Reasonable security safeguards
614,storage_diagnostic_setting_missing,Storage account Diagnostic Logging Not Configured,A.8.15,Logging,164.308(a)(1),Security Management Process,CIS 8.2,Collect Audit Logs,Sec 8(4),Reasonable security safeguards
615,vm_linux_enforce_ssh_authentication,Linux Virtual Machine has password authentication disabled (SSH key authentication enforced),A.5.17,Authentication information,164.312(d),Person or Entity Authentication,CIS 4.1,Establish and Maintain a Secure Configuration Process,Sec 8(4),Reasonable security safeguards
616,rbac-administering-resource-locks-assigned,No Administering Resource Locks Role,A.5.15,Access control,164.308(a)(1),Security Management Process,CIS 6.1,Establish an Access Granting Process,Sec 8(4),Reasonable security safeguards
617,vm_backup_enabled,Virtual Machine is protected by Azure Backup,A.8.13,Information backup,164.308(a)(7),Contingency Plan,CIS 11.1,Establish and Maintain a Data Recovery Process,Sec 8(6),Breach notification
618,vm_ensure_using_approved_images,Virtual Machine uses an approved custom machine image,A.8.24,Use of cryptography,164.308(a)(1),Security Management Process,CIS 3.3,Configure Data Access Control Lists,Sec 8(4),Reasonable security safeguards
619,iam_password_policy_lowercase,IAM password policy requires at least one lowercase letter,A.5.17,Authentication information,164.308(a)(5),Security Awareness and Training,CIS 3.3,Configure Data Access Control Lists,Sec 8(4),Reasonable security safeguards
620,entra_trusted_named_locations_exists,Entra tenant has a trusted named location with IP ranges defined,A.8.3,Information access restriction,164.312(a)(1),Access Control,CIS 6.2,Establish an Access Revoking Process,Sec 8(4),Reasonable security safeguards
621,entra_trusted_named_locations_exists,Entra tenant has a trusted named location with IP ranges defined,A.8.3,Information access restriction,164.312(a)(1),Access Control,CIS 6.2,Establish an Access Revoking Process,Sec 8(4),Reasonable security safeguards
622,iam_check_saml_providers_sts,IAM SAML provider exists in the account,A.5.15,Access control,164.308(a)(1),Security Management Process,CIS 6.1,Establish an Access Granting Process,Sec 8(4),Reasonable security safeguards
623,iam_support_role_created,At least one IAM role has the AWSSupportAccess managed policy attached,A.8.2,Privileged access rights,164.308(a)(1),Security Management Process,CIS 6.1,Establish an Access Granting Process,Sec 8(4),Reasonable security safeguards
624,iam_securityaudit_role_created,At least one IAM role has the SecurityAudit AWS managed policy attached,A.5.16,Identity management,164.308(a)(6),Security Incident Procedures,CIS 4.1,Establish and Maintain a Secure Configuration Process,Sec 8(4),Reasonable security safeguards
625,create_delete_firewall_rule_exist,Activity Log Alert Does Not Exist for Create/Update/Delete SQL Server Firewall Rule,A.5.15,Access control,164.312(b),Audit Controls,CIS 13.1,Centralize Security Event Alerting,Sec 8(4),Reasonable security safeguards
626,create_update_NSG_exist,Activity Log Alert Does Not Exist for Create/Update Network Security Group,A.8.20,Networks security,164.312(e)(1),Transmission Security,CIS 13.1,Centralize Security Event Alerting,Sec 8(4),Reasonable security safeguards
627,storageaccount-soft-delete-enabled,Storage Account Soft Delete Disabled,A.8.20,Networks security,164.308(a)(1),Security Management Process,CIS 12.2,Establish and Maintain a Secure Network Architecture,Sec 8(4),Reasonable security safeguards
628,create_update_NSG_rule_exist,Activity Log Alert Does Not Exist for Create/Update Network Security Group Rule,A.8.20,Networks security,164.312(e)(1),Transmission Security,CIS 13.1,Centralize Security Event Alerting,Sec 8(4),Reasonable security safeguards
629,create_update_security_solution_exist,Activity Log Alert Does Not Exist for Create/Update Security Solution,A.8.9,Configuration management,164.308(a)(6),Security Incident Procedures,CIS 13.1,Centralize Security Event Alerting,Sec 8(4),Reasonable security safeguards
630,delete_NSG_exist,Activity Log Alert Does Not Exist for Delete Network Security Group,A.8.20,Networks security,164.312(e)(1),Transmission Security,CIS 13.1,Centralize Security Event Alerting,Sec 8(4),Reasonable security safeguards
631,delete_NSG_rule_exist,Activity Log Alert Does Not Exist for Delete Network Security Group Rule,A.8.20,Networks security,164.312(e)(1),Transmission Security,CIS 13.1,Centralize Security Event Alerting,Sec 8(4),Reasonable security safeguards
632,sqldatabase-servers-vulnerability-send-scan-reports-to-not-configured,Send Scan Report to Is Not Configured on SQL Servers,A.5.15,Access control,164.308(a)(1),Security Management Process,CIS 3.11,Encrypt Sensitive Data at Rest,Sec 8(4),Reasonable security safeguards
633,delete_security_solution_exist,Activity Log Alert Does Not Exist for Delete Security Solution,A.8.9,Configuration management,164.308(a)(6),Security Incident Procedures,CIS 13.1,Centralize Security Event Alerting,Sec 8(4),Reasonable security safeguards
634,logging-monitoring-log-alert-not-exist-create-policy-assignment,Activity Log Alert Does Not Exist for Create Policy Assignment,A.8.3,Information access restriction,164.312(b),Audit Controls,CIS 13.1,Centralize Security Event Alerting,Sec 8(4),Reasonable security safeguards
635,storageaccount-encrypted-not-customer-managed,Storage Not Encrypted with Customer Managed Key,A.8.20,Networks security,164.308(a)(1),Security Management Process,CIS 5.1,Establish and Maintain an Inventory of Accounts,Sec 8(4),Reasonable security safeguards
636,securitycenter-security-contacts-not-set,No Security Contact Set,A.8.9,Configuration management,164.308(a)(6),Security Incident Procedures,CIS 13.1,Centralize Security Event Alerting,Sec 8(4),Reasonable security safeguards
637,storageaccount-account-allowing-clear-text,Secure Transfer (HTTPS) Not Enforced,A.8.5,Secure authentication,164.308(a)(1),Security Management Process,CIS 4.1,Establish and Maintain a Secure Configuration Process,Sec 8(4),Reasonable security safeguards
638,storageaccount-access-keys-not-rotated,Access Keys Not Rotated,A.8.3,Information access restriction,164.312(a)(1),Access Control,CIS 6.2,Establish an Access Revoking Process,Sec 8(4),Reasonable security safeguards
639,sqldatabase-servers-vulnerability-recurring-scans-disabled,Periodic Recurring Scans Is Disabled on SQL Servers,A.5.15,Access control,164.308(a)(1),Security Management Process,CIS 5.1,Establish and Maintain an Inventory of Accounts,Sec 8(4),Reasonable security safeguards
640,securitycenter-standard-tier-not-enabled,Standard Tier Not Enabled,A.5.15,Access control,164.308(a)(1),Security Management Process,CIS 8.2,Collect Audit Logs,Sec 8(4),Reasonable security safeguards
641,sqldatabase-servers-threat-detection-send-alerts-disabled,Send Advanced Threat Protection Alerts Disabled for SQL Servers,A.5.15,Access control,164.308(a)(1),Security Management Process,CIS 3.11,Encrypt Sensitive Data at Rest,Sec 8(6),Breach notification
642,securitycenter-standard-tier-not-enabled,Standard Tier Not Enabled,A.5.15,Access control,164.308(a)(1),Security Management Process,CIS 8.2,Collect Audit Logs,Sec 8(4),Reasonable security safeguards
643,securitycenter-standard-tier-not-enabled,Standard Tier Not Enabled,A.5.15,Access control,164.308(a)(1),Security Management Process,CIS 8.2,Collect Audit Logs,Sec 8(4),Reasonable security safeguards
644,securitycenter-standard-tier-not-enabled,Standard Tier Not Enabled,A.5.15,Access control,164.308(a)(1),Security Management Process,CIS 8.2,Collect Audit Logs,Sec 8(4),Reasonable security safeguards
645,securitycenter-standard-tier-not-enabled,Standard Tier Not Enabled,A.5.15,Access control,164.308(a)(1),Security Management Process,CIS 8.2,Collect Audit Logs,Sec 8(4),Reasonable security safeguards
646,securitycenter-standard-tier-not-enabled,Standard Tier Not Enabled,A.5.15,Access control,164.308(a)(1),Security Management Process,CIS 8.2,Collect Audit Logs,Sec 8(4),Reasonable security safeguards
647,securitycenter-standard-tier-not-enabled,Standard Tier Not Enabled,A.5.15,Access control,164.308(a)(1),Security Management Process,CIS 8.2,Collect Audit Logs,Sec 8(4),Reasonable security safeguards
648,securitycenter-standard-tier-not-enabled,Standard Tier Not Enabled,A.5.15,Access control,164.308(a)(1),Security Management Process,CIS 8.2,Collect Audit Logs,Sec 8(4),Reasonable security safeguards
649,securitycenter-standard-tier-not-enabled,Standard Tier Not Enabled,A.5.15,Access control,164.308(a)(1),Security Management Process,CIS 8.2,Collect Audit Logs,Sec 8(4),Reasonable security safeguards
650,securitycenter-standard-tier-not-enabled,Standard Tier Not Enabled,A.5.15,Access control,164.308(a)(1),Security Management Process,CIS 8.2,Collect Audit Logs,Sec 8(4),Reasonable security safeguards
651,securitycenter-standard-tier-not-enabled,Standard Tier Not Enabled,A.5.15,Access control,164.308(a)(1),Security Management Process,CIS 8.2,Collect Audit Logs,Sec 8(4),Reasonable security safeguards
652,sqldatabase-allow-any-ip,SQL Database Allow Ingress 0.0.0.0/0 (Any IP),A.5.15,Access control,164.312(a)(1),Access Control,CIS 3.3,Configure Data Access Control Lists,Sec 8(4),Reasonable security safeguards
653,sqldatabase-allow-any-ip,SQL Database Allow Ingress 0.0.0.0/0 (Any IP),A.5.15,Access control,164.312(a)(1),Access Control,CIS 3.3,Configure Data Access Control Lists,Sec 8(4),Reasonable security safeguards
654,sqldatabase-databases-no-auditing,Auditing Disabled for SQL Databases,A.8.20,Networks security,164.312(e)(1),Transmission Security,CIS 3.11,Encrypt Sensitive Data at Rest,Sec 8(4),Reasonable security safeguards
655,sqldatabase-servers-vulnerability-email-notif-to-admins-owners-not-set,Send Email Notifications to Admins and Subscription Owners Is Not Set on SQL Servers,A.5.15,Access control,164.308(a)(1),Security Management Process,CIS 3.11,Encrypt Sensitive Data at Rest,Sec 8(4),Reasonable security safeguards
656,sqldatabase-databases-no-threat-detection,Threat Detection Disabled for SQL Databases,A.8.20,Networks security,164.312(e)(1),Transmission Security,CIS 3.11,Encrypt Sensitive Data at Rest,Sec 8(4),Reasonable security safeguards
657,securitycenter-standard-tier-not-enabled,Standard Tier Not Enabled,A.5.15,Access control,164.308(a)(1),Security Management Process,CIS 8.2,Collect Audit Logs,Sec 8(4),Reasonable security safeguards
658,sqldatabase-databases-threat-detection-send-alerts-disabled,Send Threat Detection Alerts Disabled for SQL Databases,A.8.20,Networks security,164.312(e)(1),Transmission Security,CIS 3.11,Encrypt Sensitive Data at Rest,Sec 8(4),Reasonable security safeguards
659,sqldatabase-servers-TDE-not-encrypted-with-customer-managed-key,SQL Server TDE Protector Not Encrypted with Customer-Managed Key,A.8.2,Privileged access rights,164.308(a)(1),Security Management Process,CIS 5.1,Establish and Maintain an Inventory of Accounts,Sec 8(4),Reasonable security safeguards
660,sqldatabase-servers-no-ad-admin-configured,Azure Active Directory Admin Not Configured for SQL Servers,A.8.2,Privileged access rights,164.308(a)(1),Security Management Process,CIS 5.4,Restrict Administrator Privileges to Dedicated Admin Accounts,Sec 8(4),Reasonable security safeguards
661,sqldatabase-servers-no-auditing,Auditing Disabled for SQL Servers,A.5.15,Access control,164.308(a)(1),Security Management Process,CIS 3.11,Encrypt Sensitive Data at Rest,Sec 8(4),Reasonable security safeguards
662,sqldatabase-servers-no-threat-detection,Advanced Threat Protection (ATP) Disabled for SQL Servers,A.5.15,Access control,164.308(a)(1),Security Management Process,CIS 3.11,Encrypt Sensitive Data at Rest,Sec 8(6),Breach notification
663,securitycenter-standard-tier-not-enabled,Standard Tier Not Enabled,A.5.15,Access control,164.308(a)(1),Security Management Process,CIS 8.2,Collect Audit Logs,Sec 8(4),Reasonable security safeguards
664,securitycenter-standard-tier-not-enabled,Standard Tier Not Enabled,A.5.15,Access control,164.308(a)(1),Security Management Process,CIS 8.2,Collect Audit Logs,Sec 8(4),Reasonable security safeguards
665,securitycenter-standard-tier-not-enabled,Standard Tier Not Enabled,A.5.15,Access control,164.308(a)(1),Security Management Process,CIS 8.2,Collect Audit Logs,Sec 8(4),Reasonable security safeguards
666,securitycenter-standard-tier-not-enabled,Standard Tier Not Enabled,A.5.15,Access control,164.308(a)(1),Security Management Process,CIS 8.2,Collect Audit Logs,Sec 8(4),Reasonable security safeguards
667,virtual-machines-os-data-encrypted-cmk,OS and Data Disks Not Encrypted with CMK,A.8.12,Data leakage prevention,164.308(a)(7),Contingency Plan,CIS 3.10,Encrypt Sensitive Data in Transit,Sec 8(3),Third-party data sharing safeguards
668,account_maintain_different_contact_details_to_security_billing_and_operations,"AWS account has distinct Security, Billing, and Operations contact details, different from each other and from the root contact",A.8.2,Privileged access rights,164.308(a)(6),Security Incident Procedures,CIS 13.1,Centralize Security Event Alerting,Sec 8(4),Reasonable security safeguards
669,log_retention_short,Log Analytics Retention Below Recommended 90 Days,A.5.15,Access control,164.308(a)(1),Security Management Process,CIS 13.1,Centralize Security Event Alerting,Sec 8(5),Data retention limitation
670,vm_jit_access_enabled,Virtual Machine has Just-in-Time (JIT) access enabled,A.8.20,Networks security,164.308(a)(4),Information Access Management,CIS 12.2,Establish and Maintain a Secure Network Architecture,Sec 8(7),Grievance redressal
671,vm_ensure_attached_disks_encrypted_with_cmk,Virtual Machine OS or data disk is encrypted with a customer-managed key (CMK),A.8.24,Use of cryptography,164.312(a)(2)(iv),Encryption and Decryption,CIS 3.10,Encrypt Sensitive Data in Transit,Sec 8(4),Reasonable security safeguards
672,vm_desired_sku_size,Virtual Machine uses an organization-approved SKU size,A.5.15,Access control,164.308(a)(1),Security Management Process,CIS 3.10,Encrypt Sensitive Data in Transit,Sec 8(4),Reasonable security safeguards
673,vm_trusted_launch_enabled,Virtual Machine has Trusted Launch with Secure Boot and vTPM enabled,A.8.5,Secure authentication,164.308(a)(1),Security Management Process,CIS 4.1,Establish and Maintain a Secure Configuration Process,Sec 8(4),Reasonable security safeguards
674,vm_ensure_attached_disks_encrypted_with_cmk,Virtual Machine OS or data disk is encrypted with a customer-managed key (CMK),A.8.24,Use of cryptography,164.312(a)(2)(iv),Encryption and Decryption,CIS 3.10,Encrypt Sensitive Data in Transit,Sec 8(4),Reasonable security safeguards
675,vm_desired_sku_size,Virtual Machine uses an organization-approved SKU size,A.5.15,Access control,164.308(a)(1),Security Management Process,CIS 3.10,Encrypt Sensitive Data in Transit,Sec 8(4),Reasonable security safeguards
676,config-recorder-not-configured,AWS Config Not Enabled,A.5.15,Access control,164.308(a)(1),Security Management Process,CIS 8.2,Collect Audit Logs,Sec 8(4),Reasonable security safeguards
677,bedrock_guardrails_configured,Bedrock has at least one guardrail configured in the audited region,A.5.15,Access control,164.312(d),Person or Entity Authentication,CIS 3.3,Configure Data Access Control Lists,Sec 8(4),Reasonable security safeguards
678,ssmincidents_enabled_with_plans,SSM Incidents replication set is ACTIVE and has at least one response plan,A.5.15,Access control,164.308(a)(6),Security Incident Procedures,CIS 3.3,Configure Data Access Control Lists,Sec 8(4),Reasonable security safeguards
679,bedrock_model_invocation_logging_enabled,Amazon Bedrock model invocation logging is enabled,A.8.15,Logging,164.308(a)(1),Security Management Process,CIS 8.2,Collect Audit Logs,Sec 8(4),Reasonable security safeguards
680,organizations_opt_out_ai_services_policy,AWS Organization has opted out of all AI services and child accounts cannot override the policy,A.5.16,Identity management,164.308(a)(1),Security Management Process,CIS 8.2,Collect Audit Logs,Sec 8(4),Reasonable security safeguards
681,organizations_account_part_of_organizations,AWS account is a member of an active AWS Organization,A.5.15,Access control,164.308(a)(1),Security Management Process,CIS 3.3,Configure Data Access Control Lists,Sec 8(4),Reasonable security safeguards
682,networkfirewall_in_all_vpc,VPC has Network Firewall enabled,A.8.20,Networks security,164.312(e)(1),Transmission Security,CIS 12.2,Establish and Maintain a Secure Network Architecture,Sec 8(4),Reasonable security safeguards
683,fms_policy_compliant,All AWS FMS policies in the admin account are compliant for all accounts,A.8.24,Use of cryptography,164.312(c)(1),Integrity,CIS 5.4,Restrict Administrator Privileges to Dedicated Admin Accounts,Sec 8(7),Grievance redressal
684,config_recorder_all_regions_enabled,AWS Config recorder is enabled and not in failure state or disabled,A.8.2,Privileged access rights,164.308(a)(1),Security Management Process,CIS 5.1,Establish and Maintain an Inventory of Accounts,Sec 8(4),Reasonable security safeguards
685,vm_trusted_launch_enabled,Virtual Machine has Trusted Launch with Secure Boot and vTPM enabled,A.8.5,Secure authentication,164.308(a)(1),Security Management Process,CIS 4.1,Establish and Maintain a Secure Configuration Process,Sec 8(4),Reasonable security safeguards
686,vm_jit_access_enabled,Virtual Machine has Just-in-Time (JIT) access enabled,A.8.20,Networks security,164.308(a)(4),Information Access Management,CIS 12.2,Establish and Maintain a Secure Network Architecture,Sec 8(7),Grievance redressal
687,config-recorder-not-configured,AWS Config Not Enabled,A.5.15,Access control,164.308(a)(1),Security Management Process,CIS 8.2,Collect Audit Logs,Sec 8(4),Reasonable security safeguards
688,config-recorder-not-configured,AWS Config Not Enabled,A.5.15,Access control,164.308(a)(1),Security Management Process,CIS 8.2,Collect Audit Logs,Sec 8(4),Reasonable security safeguards
689,config-recorder-not-configured,AWS Config Not Enabled,A.5.15,Access control,164.308(a)(1),Security Management Process,CIS 8.2,Collect Audit Logs,Sec 8(4),Reasonable security safeguards
690,config-recorder-not-configured,AWS Config Not Enabled,A.5.15,Access control,164.308(a)(1),Security Management Process,CIS 8.2,Collect Audit Logs,Sec 8(4),Reasonable security safeguards
691,config-recorder-not-configured,AWS Config Not Enabled,A.5.15,Access control,164.308(a)(1),Security Management Process,CIS 8.2,Collect Audit Logs,Sec 8(4),Reasonable security safeguards
692,config-recorder-not-configured,AWS Config Not Enabled,A.5.15,Access control,164.308(a)(1),Security Management Process,CIS 8.2,Collect Audit Logs,Sec 8(4),Reasonable security safeguards
693,config-recorder-not-configured,AWS Config Not Enabled,A.5.15,Access control,164.308(a)(1),Security Management Process,CIS 8.2,Collect Audit Logs,Sec 8(4),Reasonable security safeguards
694,config-recorder-not-configured,AWS Config Not Enabled,A.5.15,Access control,164.308(a)(1),Security Management Process,CIS 8.2,Collect Audit Logs,Sec 8(4),Reasonable security safeguards
695,config-recorder-not-configured,AWS Config Not Enabled,A.5.15,Access control,164.308(a)(1),Security Management Process,CIS 8.2,Collect Audit Logs,Sec 8(4),Reasonable security safeguards
696,config-recorder-not-configured,AWS Config Not Enabled,A.5.15,Access control,164.308(a)(1),Security Management Process,CIS 8.2,Collect Audit Logs,Sec 8(4),Reasonable security safeguards
697,config-recorder-not-configured,AWS Config Not Enabled,A.5.15,Access control,164.308(a)(1),Security Management Process,CIS 8.2,Collect Audit Logs,Sec 8(4),Reasonable security safeguards
698,config-recorder-not-configured,AWS Config Not Enabled,A.5.15,Access control,164.308(a)(1),Security Management Process,CIS 8.2,Collect Audit Logs,Sec 8(4),Reasonable security safeguards
699,config-recorder-not-configured,AWS Config Not Enabled,A.5.15,Access control,164.308(a)(1),Security Management Process,CIS 8.2,Collect Audit Logs,Sec 8(4),Reasonable security safeguards
700,config-recorder-not-configured,AWS Config Not Enabled,A.5.15,Access control,164.308(a)(1),Security Management Process,CIS 8.2,Collect Audit Logs,Sec 8(4),Reasonable security safeguards
701,config-recorder-not-configured,AWS Config Not Enabled,A.5.15,Access control,164.308(a)(1),Security Management Process,CIS 8.2,Collect Audit Logs,Sec 8(4),Reasonable security safeguards
702,config-recorder-not-configured,AWS Config Not Enabled,A.5.15,Access control,164.308(a)(1),Security Management Process,CIS 8.2,Collect Audit Logs,Sec 8(4),Reasonable security safeguards
703,rds_instance_event_subscription_parameter_groups,RDS DB parameter group event subscription is enabled and subscribes to configuration change events or all categories,A.8.15,Logging,164.308(a)(1),Security Management Process,CIS 13.1,Centralize Security Event Alerting,Sec 8(6),Breach notification
704,ec2_securitygroup_not_used,Non-default EC2 security group is in use,A.8.20,Networks security,164.312(e)(1),Transmission Security,CIS 13.1,Centralize Security Event Alerting,Sec 8(4),Reasonable security safeguards
705,ec2_instance_detailed_monitoring_enabled,EC2 instance has detailed monitoring enabled,A.8.16,Monitoring activities,164.308(a)(1),Security Management Process,CIS 8.5,Collect Detailed Audit Logs,Sec 8(4),Reasonable security safeguards
706,cloudtrail_insights_exist,CloudTrail trail has Insights enabled,A.5.16,Identity management,164.308(a)(1),Security Management Process,CIS 8.5,Collect Detailed Audit Logs,Sec 8(6),Breach notification
707,rds_instance_copy_tags_to_snapshots,RDS DB instance has copy tags to snapshots enabled,A.5.15,Access control,164.308(a)(1),Security Management Process,CIS 3.10,Encrypt Sensitive Data in Transit,Sec 8(4),Reasonable security safeguards
708,rds_instance_enhanced_monitoring_enabled,RDS instance has enhanced monitoring enabled,A.8.16,Monitoring activities,164.312(e)(1),Transmission Security,CIS 8.2,Collect Audit Logs,Sec 8(4),Reasonable security safeguards
709,s3_bucket_object_lock,S3 bucket has Object Lock enabled,A.5.15,Access control,164.312(b),Audit Controls,CIS 3.10,Encrypt Sensitive Data in Transit,Sec 8(4),Reasonable security safeguards
710,rds_instance_non_default_port,RDS instance uses a non-default port for its engine,A.8.24,Use of cryptography,164.308(a)(1),Security Management Process,CIS 3.3,Configure Data Access Control Lists,Sec 8(4),Reasonable security safeguards
711,s3_bucket_cross_region_replication,S3 bucket has cross-region replication configured to a bucket in a different region,A.8.24,Use of cryptography,164.308(a)(1),Security Management Process,CIS 8.2,Collect Audit Logs,Sec 8(4),Reasonable security safeguards
712,s3_bucket_event_notifications_enabled,S3 bucket has event notifications enabled,A.8.15,Logging,164.308(a)(1),Security Management Process,CIS 4.1,Establish and Maintain a Secure Configuration Process,Sec 8(6),Breach notification
713,s3_bucket_lifecycle_enabled,S3 bucket has a lifecycle configuration enabled,A.8.9,Configuration management,164.308(a)(1),Security Management Process,CIS 3.3,Configure Data Access Control Lists,Sec 8(4),Reasonable security safeguards
714,cloudtrail_cloudwatch_logging_enabled,CloudTrail trail has delivered logs to CloudWatch Logs in the last 24 hours,A.8.15,Logging,164.308(a)(1),Security Management Process,CIS 8.2,Collect Audit Logs,Sec 8(4),Reasonable security safeguards
715,storage_infrastructure_encryption_is_enabled,Storage account has infrastructure encryption enabled,A.8.24,Use of cryptography,164.312(a)(2)(iv),Encryption and Decryption,CIS 3.10,Encrypt Sensitive Data in Transit,Sec 8(4),Reasonable security safeguards
716,cloudtrail_s3_dataevents_read_enabled,CloudTrail trail records S3 object-level read events for all S3 buckets,A.8.3,Information access restriction,164.312(a)(1),Access Control,CIS 3.10,Encrypt Sensitive Data in Transit,Sec 8(3),Third-party data sharing safeguards
717,storage_infrastructure_encryption_is_enabled,Storage account has infrastructure encryption enabled,A.8.24,Use of cryptography,164.312(a)(2)(iv),Encryption and Decryption,CIS 3.10,Encrypt Sensitive Data in Transit,Sec 8(4),Reasonable security safeguards
718,cloudtrail_s3_dataevents_write_enabled,CloudTrail trail records all S3 object-level API operations for all buckets,A.8.12,Data leakage prevention,164.308(a)(7),Contingency Plan,CIS 3.10,Encrypt Sensitive Data in Transit,Sec 8(3),Third-party data sharing safeguards
719,bedrock_prompt_management_exists,Amazon Bedrock Prompt Management prompts exist in the region,A.5.16,Identity management,164.308(a)(1),Security Management Process,CIS 5.4,Restrict Administrator Privileges to Dedicated Admin Accounts,Sec 8(4),Reasonable security safeguards
720,backup_vaults_exist,At least one AWS Backup vault exists,A.8.13,Information backup,164.308(a)(7),Contingency Plan,CIS 11.1,Establish and Maintain a Data Recovery Process,Sec 8(4),Reasonable security safeguards
721,appinsights_ensure_is_configured,Subscription has at least one Application Insights resource configured,A.8.3,Information access restriction,164.308(a)(1),Security Management Process,CIS 8.2,Collect Audit Logs,Sec 8(4),Reasonable security safeguards
722,organizations_tags_policies_enabled_and_attached,AWS Organization has tag policies enabled and attached,A.8.2,Privileged access rights,164.312(c)(1),Integrity,CIS 5.1,Establish and Maintain an Inventory of Accounts,Sec 8(4),Reasonable security safeguards
723,sagemaker_clarify_exists,Amazon SageMaker Clarify processing jobs exist in the region,A.8.2,Privileged access rights,164.312(b),Audit Controls,CIS 3.10,Encrypt Sensitive Data in Transit,Sec 8(1),Accuracy of data
724,sagemaker_models_monitor_enabled,Amazon SageMaker has a monitoring schedule scheduled,A.8.12,Data leakage prevention,164.308(a)(7),Contingency Plan,CIS 3.10,Encrypt Sensitive Data in Transit,Sec 8(3),Third-party data sharing safeguards
725,sagemaker_models_registry_in_use,Amazon SageMaker Model Registry should have at least one approved model package,A.8.24,Use of cryptography,164.312(d),Person or Entity Authentication,CIS 3.3,Configure Data Access Control Lists,Sec 8(4),Reasonable security safeguards
726,trustedadvisor_premium_support_plan_subscribed,AWS account is subscribed to an AWS Premium Support plan,A.5.15,Access control,164.308(a)(7),Contingency Plan,CIS 6.1,Establish an Access Granting Process,Sec 8(4),Reasonable security safeguards
727,appinsights_ensure_is_configured,Subscription has at least one Application Insights resource configured,A.8.3,Information access restriction,164.308(a)(1),Security Management Process,CIS 8.2,Collect Audit Logs,Sec 8(4),Reasonable security safeguards
728,accessanalyzer_enabled,IAM Access Analyzer is enabled,A.8.3,Information access restriction,164.312(a)(1),Access Control,CIS 6.2,Establish an Access Revoking Process,Sec 8(4),Reasonable security safeguards
